date,buy,sell
2009-07-22,21060000,21120000
2009-07-23,21140000,21190000
2009-07-24,21090000,21140000
2009-07-27,21130000,21190000
2009-08-26,21130000,21190000
2009-09-21,22090000,22140000
2009-09-22,22220000,22280000
2009-09-23,22270000,22320000
2009-09-24,22230000,22280000
2009-09-25,22070000,22130000
2009-09-26,22040000,22090000
2009-09-28,22070000,22120000
2009-09-29,22090000,22140000
2009-09-30,22190000,22240000
2009-10-01,22250000,22300000
2009-10-02,22180000,22230000
2009-10-03,22220000,22270000
2009-10-05,22270000,22320000
2009-10-06,22500000,22560000
2009-10-07,22920000,22990000
2009-10-08,23130000,23190000
2009-10-09,23040000,23090000
2009-10-10,23070000,23120000
2009-10-12,23150000,23200000
2009-10-13,23490000,23550000
2009-10-14,23760000,23840000
2009-10-15,23570000,23640000
2009-10-16,23470000,23520000
2009-10-17,23570000,23620000
2009-10-19,23650000,23700000
2009-10-20,23820000,23890000
2009-10-21,23740000,23790000
2009-10-22,23800000,23850000
2009-10-23,23890000,23940000
2009-10-26,23890000,23950000
2009-10-27,23800000,23860000
2009-10-28,23790000,23850000
2009-10-29,23720000,23780000
2009-10-30,23800000,23850000
2009-10-31,23820000,23880000
2009-11-02,23890000,23950000
2009-11-03,24000000,24060000
2009-11-04,24650000,24750000
2009-11-05,24670000,24750000
2009-11-06,25260000,25360000
2009-11-07,25300000,25400000
2009-11-09,26300000,26500000
2009-11-10,26550000,26750000
2009-11-11,26800000,27500000
2009-11-12,25500000,26000000
2009-11-13,25800000,26300000
2009-11-14,26300000,26800000
2009-11-16,26500000,26800000
2009-11-17,26700000,26900000
2009-11-18,26970000,27170000
2009-11-19,26900000,27100000
2009-11-20,27260000,27360000
2009-11-21,27480000,27580000
2009-11-23,28350000,28450000
2009-11-24,28470000,28570000
2009-11-25,28520000,28600000
2009-11-26,28600000,28680000
2009-11-27,27900000,28200000
2009-11-28,28150000,28250000
2009-11-30,27900000,28000000
2009-12-01,28350000,28420000
2009-12-02,28650000,28700000
2009-12-03,28550000,28600000
2009-12-04,28490000,28530000
2009-12-05,28000000,28150000
2009-12-07,27850000,27900000
2009-12-08,28000000,28060000
2009-12-09,27630000,27680000
2009-12-10,27320000,27370000
2009-12-11,27200000,27300000
2009-12-12,26750000,26900000
2009-12-14,26840000,26920000
2009-12-15,26940000,27000000
2009-12-16,27050000,27130000
2009-12-17,27160000,27220000
2009-12-18,26800000,26860000
2009-12-19,27000000,27100000
2009-12-21,26950000,27020000
2009-12-22,26610000,26680000
2009-12-23,26150000,26230000
2009-12-24,26430000,26500000
2009-12-25,26480000,26560000
2009-12-26,26550000,26600000
2009-12-28,26800000,26880000
2009-12-29,26600000,26650000
2009-12-30,26410000,26480000
2009-12-31,26540000,26740000
2010-01-02,26620000,26700000
2010-01-04,26690000,26760000
2010-01-05,26880000,26960000
2010-01-06,26810000,26880000
2010-01-07,26910000,26980000
2010-01-08,26760000,26830000
2010-01-09,26850000,26930000
2010-01-11,27120000,27180000
2010-01-12,27140000,27190000
2010-01-13,26870000,26930000
2010-01-14,26870000,26930000
2010-01-15,26820000,26880000
2010-01-16,26780000,26840000
2010-01-18,26800000,26860000
2010-01-19,26810000,26870000
2010-01-20,26760000,26820000
2010-01-21,26540000,26600000
2010-01-22,26330000,26380000
2010-01-23,26360000,26420000
2010-01-25,26450000,26500000
2010-01-26,26400000,26450000
2010-01-27,26390000,26440000
2010-01-28,26440000,26500000
2010-01-29,26380000,26430000
2010-01-30,26370000,26420000
2010-02-01,26320000,26380000
2010-02-02,26390000,26450000
2010-02-03,26480000,26540000
2010-02-04,26370000,26430000
2010-02-05,24900000,25000000
2010-02-06,25200000,25300000
2010-02-08,25080000,25180000
2010-02-09,25160000,25260000
2010-02-10,25660000,25760000
2010-02-11,26150000,26250000
2010-02-12,26320000,26420000
2010-02-14,26320000,26420000
2010-02-18,26550000,26650000
2010-02-19,26500000,26600000
2010-02-20,26650000,26750000
2010-02-22,26600000,26680000
2010-02-23,26550000,26620000
2010-02-24,26380000,26450000
2010-02-25,26260000,26320000
2010-02-26,26410000,26470000
2010-02-27,26540000,26600000
2010-03-01,26550000,26610000
2010-03-02,26520000,26580000
2010-03-03,26640000,26690000
2010-03-04,26700000,26760000
2010-03-05,26720000,26780000
2010-03-08,26770000,26820000
2010-03-09,26640000,26690000
2010-03-10,26620000,26670000
2010-03-11,26370000,26430000
2010-03-12,26500000,26570000
2010-03-13,26370000,26450000
2010-03-15,26390000,26450000
2010-03-16,26430000,26490000
2010-03-17,26570000,26630000
2010-03-18,26450000,26510000
2010-03-19,26460000,26510000
2010-03-20,26340000,26400000
2010-03-22,26340000,26400000
2010-03-23,26260000,26320000
2010-03-24,26050000,26100000
2010-03-25,25900000,25960000
2010-03-26,26100000,26170000
2010-03-27,26240000,26300000
2010-03-29,26200000,26250000
2010-03-30,26190000,26240000
2010-03-31,26080000,26130000
2010-04-01,26070000,26130000
2010-04-02,26100000,26150000
2010-04-03,26100000,26160000
2010-04-05,26120000,26170000
2010-04-06,26030000,26090000
2010-04-07,26090000,26150000
2010-04-08,26300000,26360000
2010-04-09,26470000,26530000
2010-04-10,26510000,26570000
2010-04-12,26600000,26670000
2010-04-13,26350000,26420000
2010-04-14,26430000,26490000
2010-04-15,26410000,26470000
2010-04-16,26420000,26480000
2010-04-17,26270000,26330000
2010-04-19,26150000,26210000
2010-04-20,26270000,26330000
2010-04-21,26300000,26360000
2010-04-22,26290000,26350000
2010-04-23,26250000,26310000
2010-04-24,26380000,26450000
2010-04-26,26400000,26450000
2010-04-27,26350000,26410000
2010-04-28,26450000,26500000
2010-04-29,26500000,26560000
2010-05-04,26750000,26810000
2010-05-05,26640000,26690000
2010-05-06,26720000,26780000
2010-05-07,27230000,27300000
2010-05-08,27300000,27400000
2010-05-10,27150000,27210000
2010-05-11,27470000,27540000
2010-05-12,28100000,28200000
2010-05-13,28070000,28170000
2010-05-14,28150000,28220000
2010-05-15,28050000,28150000
2010-05-17,28110000,28170000
2010-05-18,27860000,27930000
2010-05-19,27700000,27770000
2010-05-20,27430000,27490000
2010-05-21,27350000,27430000
2010-05-22,27300000,27370000
2010-05-24,27420000,27480000
2010-05-25,27530000,27600000
2010-05-26,27900000,27970000
2010-05-27,27760000,27820000
2010-05-28,27670000,27730000
2010-05-29,27680000,27740000
2010-05-31,27660000,27720000
2010-06-01,27820000,27880000
2010-06-02,27820000,27880000
2010-06-03,27790000,27850000
2010-06-04,27630000,27690000
2010-06-05,27750000,27820000
2010-06-07,27710000,27770000
2010-06-08,28250000,28350000
2010-06-09,28110000,28170000
2010-06-10,27900000,27970000
2010-06-11,27880000,27930000
2010-06-12,27950000,28010000
2010-06-14,28030000,28090000
2010-06-15,27930000,27990000
2010-06-16,28100000,28160000
2010-06-17,28070000,28130000
2010-06-18,28270000,28330000
2010-06-19,28450000,28520000
2010-06-21,28600000,28670000
2010-06-22,28260000,28320000
2010-06-23,28390000,28450000
2010-06-24,28350000,28400000
2010-06-25,28470000,28530000
2010-06-26,28600000,28660000
2010-06-28,28630000,28680000
2010-06-29,28440000,28500000
2010-06-30,28550000,28600000
2010-07-01,28530000,28580000
2010-07-02,28290000,28360000
2010-07-03,28300000,28350000
2010-07-05,28280000,28340000
2010-07-06,28300000,28350000
2010-07-07,28120000,28180000
2010-07-08,28240000,28290000
2010-07-09,28170000,28220000
2010-07-10,28270000,28330000
2010-07-12,28180000,28240000
2010-07-13,28190000,28250000
2010-07-14,28200000,28260000
2010-07-15,28210000,28260000
2010-07-16,28160000,28220000
2010-07-17,28060000,28130000
2010-07-19,28060000,28110000
2010-07-20,27920000,27980000
2010-07-21,27990000,28040000
2010-07-22,27960000,28010000
2010-07-23,28060000,28110000
2010-07-24,27980000,28040000
2010-07-26,27980000,28030000
2010-07-27,27930000,27990000
2010-07-28,27670000,27720000
2010-07-29,27630000,27680000
2010-07-30,27630000,27680000
2010-07-31,27710000,27770000
2010-08-02,27730000,27780000
2010-08-03,27740000,27790000
2010-08-04,27920000,27970000
2010-08-05,27980000,28020000
2010-08-06,27990000,28030000
2010-08-07,28100000,28150000
2010-08-09,28130000,28170000
2010-08-10,28050000,28080000
2010-08-11,28020000,28060000
2010-08-12,28000000,28040000
2010-08-13,28150000,28190000
2010-08-14,28130000,28170000
2010-08-16,28250000,28290000
2010-08-17,28420000,28460000
2010-08-18,28520000,28560000
2010-08-19,28730000,28770000
2010-08-20,28780000,28820000
2010-08-21,28700000,28750000
2010-08-23,28720000,28760000
2010-08-24,28560000,28600000
2010-08-25,28870000,28910000
2010-08-26,28990000,29030000
2010-08-27,28920000,28960000
2010-08-28,28940000,28980000
2010-08-30,28920000,28960000
2010-08-31,28910000,28950000
2010-09-01,29200000,29240000
2010-09-02,29150000,29190000
2010-09-03,29250000,29300000
2010-09-04,29200000,29240000
2010-09-06,29220000,29260000
2010-09-07,29210000,29250000
2010-09-08,29450000,29490000
2010-09-09,29370000,29410000
2010-09-10,29260000,29300000
2010-09-11,29250000,29290000
2010-09-13,29230000,29270000
2010-09-14,29330000,29370000
2010-09-15,29720000,29760000
2010-09-16,29700000,29740000
2010-09-17,29960000,30000000
2010-09-18,29860000,29900000
2010-09-20,30000000,30040000
2010-09-21,30040000,30080000
2010-09-22,30250000,30290000
2010-09-23,30290000,30330000
2010-09-24,30420000,30460000
2010-09-25,30420000,30460000
2010-09-27,30680000,30720000
2010-09-28,30570000,30610000
2010-09-29,31150000,31200000
2010-09-30,31210000,31250000
2010-10-01,31280000,31340000
2010-10-02,31430000,31480000
2010-10-04,31540000,31580000
2010-10-05,31700000,31750000
2010-10-06,32700000,32800000
2010-10-07,32770000,32830000
2010-10-08,32000000,32100000
2010-10-09,32320000,32420000
2010-10-11,32500000,32570000
2010-10-12,32430000,32490000
2010-10-13,32660000,32720000
2010-10-14,33080000,33140000
2010-10-15,33150000,33210000
2010-10-16,33100000,33150000
2010-10-18,33090000,33150000
2010-10-19,33300000,33360000
2010-10-20,32920000,32970000
2010-10-21,33050000,33100000
2010-10-22,32670000,32740000
2010-10-23,32770000,32830000
2010-10-25,32910000,32960000
2010-10-26,32840000,32890000
2010-10-27,32830000,32880000
2010-10-28,32800000,32850000
2010-10-29,32980000,33030000
2010-10-30,33350000,33400000
2010-11-01,33500000,33550000
2010-11-02,33670000,33730000
2010-11-03,33750000,33800000
2010-11-04,34080000,34180000
2010-11-05,34750000,34900000
2010-11-06,35100000,35200000
2010-11-08,35660000,35750000
2010-11-09,36500000,36700000
2010-11-10,36400000,36550000
2010-11-11,36150000,36300000
2010-11-12,35750000,35850000
2010-11-13,34900000,35100000
2010-11-15,34920000,35000000
2010-11-16,34890000,34940000
2010-11-17,34370000,34440000
2010-11-18,35450000,35550000
2010-11-19,35550000,35650000
2010-11-20,35450000,35550000
2010-11-22,35650000,35710000
2010-11-23,35620000,35670000
2010-11-24,35850000,35950000
2010-11-25,35730000,35780000
2010-11-26,35700000,35770000
2010-11-27,35670000,35710000
2010-11-29,35730000,35780000
2010-11-30,35880000,35950000
2010-12-01,36250000,36330000
2010-12-02,36200000,36270000
2010-12-03,36100000,36160000
2010-12-04,36400000,36500000
2010-12-06,36510000,36580000
2010-12-07,36500000,36570000
2010-12-08,35840000,35920000
2010-12-09,35730000,35790000
2010-12-10,35800000,35860000
2010-12-11,35770000,35840000
2010-12-13,36020000,36100000
2010-12-14,36160000,36220000
2010-12-15,35860000,35940000
2010-12-16,35860000,35920000
2010-12-17,35750000,35800000
2010-12-18,35820000,35900000
2010-12-20,35830000,35900000
2010-12-21,35770000,35840000
2010-12-22,35790000,35850000
2010-12-23,35750000,35810000
2010-12-24,35750000,35810000
2010-12-25,35780000,35850000
2010-12-27,35750000,35810000
2010-12-28,35830000,35900000
2010-12-29,35960000,36020000
2010-12-30,36040000,36100000
2010-12-31,35900000,36000000
2011-01-04,36080000,36140000
2011-01-05,35790000,35860000
2011-01-06,35760000,35830000
2011-01-07,35400000,35450000
2011-01-10,35650000,35710000
2011-01-11,35730000,35790000
2011-01-12,35780000,35840000
2011-01-13,35700000,35760000
2011-01-14,35570000,35630000
2011-01-15,35530000,35600000
2011-01-17,35480000,35550000
2011-01-18,35570000,35640000
2011-01-19,35600000,35660000
2011-01-20,35500000,35560000
2011-01-21,35200000,35260000
2011-01-22,35200000,35260000
2011-01-24,35310000,35370000
2011-01-25,35030000,35090000
2011-01-26,35110000,35180000
2011-01-27,35260000,35320000
2011-01-28,35070000,35140000
2011-01-29,35340000,35400000
2011-01-30,35450000,35540000
2011-02-08,35800000,35900000
2011-02-09,35870000,35930000
2011-02-10,35740000,35810000
2011-02-11,35900000,35960000
2011-02-12,35910000,35980000
2011-02-14,36060000,36130000
2011-02-15,36350000,36430000
2011-02-16,36670000,36750000
2011-02-17,36880000,36950000
2011-02-18,37480000,37580000
2011-02-19,38000000,38200000
2011-02-21,37780000,37850000
2011-02-22,37700000,37800000
2011-02-23,37550000,37610000
2011-02-24,37750000,37830000
2011-02-25,37600000,37680000
2011-02-26,37640000,37710000
2011-02-28,37520000,37590000
2011-03-01,37300000,37380000
2011-03-02,37600000,37700000
2011-03-03,37670000,37750000
2011-03-04,37560000,37640000
2011-03-05,37660000,37740000
2011-03-07,37650000,37730000
2011-03-08,37570000,37630000
2011-03-09,37470000,37550000
2011-03-10,37370000,37450000
2011-03-11,36850000,36950000
2011-03-12,36950000,37050000
2011-03-14,37220000,37300000
2011-03-15,37050000,37150000
2011-03-16,36880000,36950000
2011-03-17,36900000,36980000
2011-03-18,37080000,37150000
2011-03-19,37070000,37140000
2011-03-21,37120000,37190000
2011-03-22,37050000,37120000
2011-03-23,36970000,37050000
2011-03-24,36970000,37040000
2011-03-25,36920000,36990000
2011-03-26,36920000,36990000
2011-03-28,36680000,36730000
2011-03-29,36450000,36510000
2011-03-30,36550000,36620000
2011-03-31,36850000,36930000
2011-04-01,36910000,36980000
2011-04-02,36820000,36890000
2011-04-04,36690000,36760000
2011-04-05,36640000,36710000
2011-04-06,36850000,36920000
2011-04-07,36860000,36940000
2011-04-08,37120000,37200000
2011-04-09,37250000,37330000
2011-04-13,36970000,37050000
2011-04-14,36980000,37050000
2011-04-15,37120000,37190000
2011-04-16,37220000,37300000
2011-04-18,37190000,37260000
2011-04-19,37300000,37370000
2011-04-20,37500000,37560000
2011-04-21,37610000,37680000
2011-04-22,37520000,37580000
2011-04-23,37500000,37570000
2011-04-25,37570000,37630000
2011-04-26,37420000,37480000
2011-04-27,37410000,37480000
2011-04-28,37570000,37640000
2011-04-29,37720000,37790000
2011-05-04,37910000,37980000
2011-05-05,37650000,37730000
2011-05-06,37300000,37380000
2011-05-07,37430000,37500000
2011-05-09,37550000,37630000
2011-05-10,37560000,37640000
2011-05-11,37600000,37670000
2011-05-12,37300000,37370000
2011-05-13,37450000,37520000
2011-05-14,37370000,37450000
2011-05-16,37310000,37380000
2011-05-17,37340000,37410000
2011-05-18,37320000,37390000
2011-05-19,37310000,37370000
2011-05-20,37350000,37430000
2011-05-21,37440000,37510000
2011-05-23,37400000,37470000
2011-05-24,37490000,37550000
2011-05-25,37610000,37670000
2011-05-26,37530000,37600000
2011-05-27,37540000,37610000
2011-05-28,37640000,37710000
2011-05-30,37690000,37760000
2011-05-31,37800000,37870000
2011-06-01,37680000,37750000
2011-06-02,37810000,37880000
2011-06-03,37710000,37780000
2011-06-04,37790000,37860000
2011-06-06,37960000,38020000
2011-06-07,38000000,38070000
2011-06-08,37860000,37930000
2011-06-09,37810000,37880000
2011-06-10,37950000,38010000
2011-06-11,37820000,37870000
2011-06-13,37730000,37810000
2011-06-14,37680000,37740000
2011-06-15,37690000,37750000
2011-06-16,37780000,37840000
2011-06-17,37850000,37910000
2011-06-18,38020000,38080000
2011-06-20,38030000,38090000
2011-06-21,38070000,38130000
2011-06-22,38100000,38160000
2011-06-23,38050000,38120000
2011-06-24,37820000,37890000
2011-06-25,37610000,37690000
2011-06-27,37660000,37730000
2011-06-28,37630000,37690000
2011-06-29,37730000,37790000
2011-06-30,37750000,37810000
2011-07-01,37570000,37650000
2011-07-02,37580000,37640000
2011-07-04,37560000,37620000
2011-07-05,37540000,37600000
2011-07-06,37680000,37740000
2011-07-07,37780000,37840000
2011-07-08,37760000,37820000
2011-07-09,37920000,37980000
2011-07-11,38020000,38080000
2011-07-12,38080000,38150000
2011-07-13,38580000,38650000
2011-07-14,38960000,39030000
2011-07-15,38850000,38920000
2011-07-16,39040000,39100000
2011-07-18,39360000,39420000
2011-07-19,39570000,39640000
2011-07-20,39200000,39270000
2011-07-21,39460000,39530000
2011-07-22,39260000,39320000
2011-07-23,39420000,39490000
2011-07-25,39840000,39900000
2011-07-26,39750000,39810000
2011-07-27,39980000,40050000
2011-07-28,39910000,39970000
2011-07-29,39940000,40000000
2011-07-30,40060000,40160000
2011-08-01,39860000,39920000
2011-08-02,40070000,40130000
2011-08-03,41100000,41200000
2011-08-04,41270000,41350000
2011-08-05,41430000,41500000
2011-08-06,41700000,41800000
2011-08-08,43600000,44100000
2011-08-09,45000000,45600000
2011-08-10,43900000,44400000
2011-08-11,45000000,45500000
2011-08-12,44500000,44750000
2011-08-13,44250000,44550000
2011-08-15,44000000,44150000
2011-08-16,44800000,45000000
2011-08-17,45300000,45500000
2011-08-18,45350000,45550000
2011-08-19,47000000,47250000
2011-08-20,46800000,47150000
2011-08-22,48150000,48350000
2011-08-23,48150000,48450000
2011-08-24,47250000,47450000
2011-08-25,44400000,44800000
2011-08-26,46450000,46950000
2011-08-27,47500000,47800000
2011-08-29,46650000,46950000
2011-08-30,45900000,46200000
2011-08-31,46630000,46930000
2011-09-01,46350000,46650000
2011-09-03,47800000,48100000
2011-09-05,47700000,47900000
2011-09-06,47600000,47900000
2011-09-07,46930000,47230000
2011-09-08,46850000,47150000
2011-09-09,47450000,47650000
2011-09-10,47300000,47500000
2011-09-12,47250000,47450000
2011-09-13,46920000,47120000
2011-09-14,47100000,47300000
2011-09-15,47000000,47200000
2011-09-16,46450000,46650000
2011-09-17,47050000,47250000
2011-09-19,46750000,47050000
2011-09-20,46800000,46950000
2011-09-21,47020000,47100000
2011-09-22,46650000,46800000
2011-09-23,46450000,46650000
2011-09-24,45350000,45750000
2011-09-26,44800000,45500000
2011-09-27,45250000,45650000
2011-09-28,44300000,44700000
2011-09-29,43900000,44200000
2011-09-30,44000000,44200000
2011-10-01,44050000,44250000
2011-10-03,44380000,44530000
2011-10-04,45000000,45200000
2011-10-05,44150000,44350000
2011-10-06,43650000,44050000
2011-10-07,43050000,43450000
2011-10-08,43000000,43400000
2011-10-09,43000000,43400000
2011-10-10,42890000,43290000
2011-10-11,43400000,43700000
2011-10-12,43800000,44100000
2011-10-13,43850000,44150000
2011-10-14,43950000,44150000
2011-10-15,44050000,44250000
2011-10-17,44200000,44400000
2011-10-18,43700000,43900000
2011-10-19,43300000,43500000
2011-10-20,42800000,43100000
2011-10-21,43200000,43500000
2011-10-22,43800000,44050000
2011-10-24,43800000,44100000
2011-10-25,43800000,44050000
2011-10-26,44600000,44900000
2011-10-27,44650000,44900000
2011-10-28,44950000,45250000
2011-10-29,45000000,45300000
2011-10-31,44550000,44850000
2011-11-01,44650000,44850000
2011-11-02,45000000,45200000
2011-11-03,44950000,45200000
2011-11-04,45400000,45700000
2011-11-05,45300000,45600000
2011-11-07,45600000,45850000
2011-11-08,46350000,46550000
2011-11-09,46350000,46550000
2011-11-10,46100000,46300000
2011-11-11,45950000,46150000
2011-11-12,46250000,46450000
2011-11-14,46400000,46600000
2011-11-15,46100000,46300000
2011-11-16,46150000,46350000
2011-11-17,46080000,46280000
2011-11-18,45750000,45950000
2011-11-19,45750000,45950000
2011-11-21,45550000,45750000
2011-11-22,44150000,44550000
2011-11-23,44450000,44750000
2011-11-24,44250000,44550000
2011-11-25,44250000,44450000
2011-11-26,44400000,44600000
2011-11-28,44870000,45020000
2011-11-29,44700000,44850000
2011-11-30,44550000,44750000
2011-12-01,45150000,45350000
2011-12-02,45080000,45280000
2011-12-03,45070000,45270000
2011-12-05,45050000,45200000
2011-12-06,44500000,44750000
2011-12-07,44760000,44960000
2011-12-08,44890000,45090000
2011-12-09,44570000,44820000
2011-12-10,44650000,44850000
2011-12-12,44350000,44600000
2011-12-13,43900000,44150000
2011-12-14,43790000,44040000
2011-12-15,43000000,43400000
2011-12-16,43350000,43750000
2011-12-17,43600000,44000000
2011-12-19,43350000,43750000
2011-12-20,43100000,43500000
2011-12-21,43100000,43500000
2011-12-29,41620000,42120000
2011-12-30,40800000,41800000
2012-01-03,43200000,43500000
2012-01-04,43550000,43850000
2012-01-12,43550000,43850000
2012-01-13,43450000,43750000
2012-01-14,43400000,43700000
2012-01-16,43200000,43500000
2012-01-17,43650000,43950000
2012-01-18,43550000,43850000
2012-01-19,43900000,44200000
2012-02-03,45100000,45400000
2012-02-04,44650000,44950000
2012-02-06,44550000,44850000
2012-02-07,44700000,44900000
2012-02-08,44850000,45050000
2012-02-09,44580000,44880000
2012-02-10,44450000,44750000
2012-02-11,44530000,44830000
2012-02-13,44620000,44820000
2012-02-14,44500000,44700000
2012-02-15,44600000,44800000
2012-02-16,44480000,44680000
2012-02-17,44550000,44750000
2012-02-28,44900000,45050000
2012-02-29,45120000,45270000
2012-03-01,44640000,44790000
2012-03-02,44600000,44750000
2012-03-03,44500000,44700000
2012-03-05,44480000,44630000
2012-03-06,44500000,44650000
2012-03-09,44490000,44690000
2012-03-10,44650000,44800000
2012-03-12,44560000,44760000
2012-03-13,44610000,44710000
2012-03-14,44380000,44530000
2012-03-19,43890000,44140000
2012-03-20,43500000,43700000
2012-03-21,43520000,43720000
2012-03-27,44230000,44380000
2012-03-28,44070000,44220000
2012-03-29,43780000,43930000
2012-03-30,43850000,44000000
2012-04-03,43780000,43980000
2012-04-05,43400000,43600000
2012-04-06,43340000,43540000
2012-04-07,43320000,43520000
2012-04-09,43300000,43500000
2012-04-10,43200000,43400000
2012-04-11,43230000,43430000
2012-04-17,42700000,42900000
2012-04-18,42610000,42810000
2012-04-19,42400000,42600000
2012-04-20,42400000,42600000
2012-04-25,42760000,42960000
2012-04-26,42770000,42970000
2012-04-27,42750000,42950000
2012-04-28,42800000,43000000
2012-05-02,42680000,42880000
2012-05-03,42670000,42870000
2012-05-08,41570000,41920000
2012-05-09,41270000,41420000
2012-05-10,41510000,41660000
2012-05-14,41310000,41460000
2012-05-15,41150000,41300000
2012-05-16,40780000,40980000
2012-05-17,40900000,41100000
2012-05-18,41750000,41950000
2012-05-19,41900000,42100000
2012-05-21,42000000,42200000
2012-05-22,41740000,41940000
2012-05-24,41160000,41360000
2012-05-25,41170000,41370000
2012-05-28,41400000,41600000
2012-05-29,41350000,41550000
2012-05-30,41080000,41280000
2012-05-31,41200000,41400000
2012-06-05,41970000,42170000
2012-06-06,42420000,42620000
2012-06-07,42230000,42430000
2012-06-11,41780000,41980000
2012-06-12,41700000,41900000
2012-06-13,41920000,42120000
2012-06-14,42010000,42210000
2012-06-15,42000000,42280000
2012-06-20,42050000,42200000
2012-06-21,41890000,42040000
2012-06-22,41670000,41820000
2012-06-23,41680000,41830000
2012-06-25,41680000,41830000
2012-06-29,41570000,41720000
2012-06-30,41780000,41930000
2012-07-02,41800000,41950000
2012-07-03,41890000,42040000
2012-07-04,42100000,42250000
2012-07-07,41650000,41800000
2012-07-09,41630000,41780000
2012-07-10,41750000,41900000
2012-07-11,41600000,41750000
2012-07-12,41520000,41670000
2012-07-17,41740000,41890000
2012-07-18,41620000,41770000
2012-07-19,41610000,41760000
2012-07-20,41630000,41780000
2012-07-21,41620000,41770000
2012-07-23,41540000,41690000
2012-07-30,41910000,42060000
2012-07-31,41940000,42090000
2012-08-01,41840000,41990000
2012-08-02,41810000,41960000
2012-08-03,41820000,41970000
2012-08-04,41880000,42030000
2012-08-06,41920000,42070000
2012-08-08,42090000,42240000
2012-08-09,42130000,42280000
2012-08-10,42120000,42270000
2012-08-11,42200000,42350000
2012-08-13,42440000,42510000
2012-08-15,42260000,42300000
2012-08-16,42330000,42380000
2012-08-17,42490000,42540000
2012-08-18,42480000,42530000
2012-08-20,42540000,42600000
2012-08-21,42880000,42980000
2012-08-22,43600000,43700000
2012-08-23,44200000,44500000
2012-08-24,44000000,44200000
2012-08-25,44050000,44250000
2012-08-27,44300000,44500000
2012-08-28,44270000,44470000
2012-08-29,44370000,44570000
2012-09-06,45900000,46100000
2012-09-07,45300000,45600000
2012-09-08,45900000,46250000
2012-09-10,45920000,46220000
2012-09-11,45920000,46220000
2012-09-12,46030000,46330000
2012-09-17,46500000,46850000
2012-09-18,46300000,46650000
2012-09-19,46900000,47250000
2012-09-20,46570000,46920000
2012-09-21,46700000,47050000
2012-09-28,47110000,47460000
2012-09-29,47050000,47400000
2012-10-01,47200000,47550000
2012-10-02,47550000,47850000
2012-10-03,47500000,47800000
2012-10-04,47730000,48030000
2012-10-08,47540000,47840000
2012-10-09,47540000,47790000
2012-10-10,47380000,47580000
2012-10-15,47010000,47210000
2012-10-16,46530000,46730000
2012-10-17,46850000,47050000
2012-10-19,46670000,46870000
2012-10-20,46420000,46620000
2012-10-22,46020000,46220000
2012-10-23,46250000,46450000
2012-10-25,46250000,46400000
2012-10-26,46140000,46290000
2012-10-27,46200000,46350000
2012-10-29,46130000,46280000
2012-10-30,46090000,46240000
2012-10-31,45880000,46030000
2012-11-03,45750000,45950000
2012-11-05,45820000,46020000
2012-11-06,46100000,46300000
2012-11-07,46700000,46900000
2012-11-12,46850000,47050000
2012-11-13,46780000,46980000
2012-11-14,46890000,47090000
2012-11-15,46880000,47080000
2012-11-16,46780000,46980000
2012-11-17,46780000,46980000
2012-11-19,46930000,47130000
2012-11-20,47150000,47350000
2012-11-21,47060000,47210000
2012-11-29,47000000,47150000
2012-11-30,46970000,47120000
2012-12-01,46820000,46970000
2012-12-03,46830000,46980000
2012-12-04,46720000,46870000
2012-12-05,46730000,46880000
2012-12-06,46590000,46740000
2012-12-12,46590000,46740000
2012-12-18,46580000,46730000
2012-12-19,46310000,46460000
2012-12-20,46330000,46480000
2012-12-21,46150000,46300000
2012-12-22,46200000,46350000
2012-12-24,46420000,46620000
2012-12-29,45700000,46300000
2013-01-02,46340000,46740000
2013-01-03,46420000,46720000
2013-01-04,46060000,46360000
2013-01-05,46230000,46530000
2013-01-11,45450000,45750000
2013-01-12,44800000,45300000
2013-01-14,44100000,44600000
2013-01-15,44550000,44850000
2013-01-18,45500000,45800000
2013-01-19,45400000,45700000
2013-01-21,45600000,45900000
2013-01-22,45900000,46200000
2013-01-23,45670000,45970000
2013-01-24,45400000,45800000
2013-01-28,44930000,45230000
2013-01-29,45100000,45400000
2013-01-30,45200000,45500000
2013-01-31,45320000,45620000
2013-02-01,45150000,45450000
2013-02-02,45200000,45500000
2013-02-04,45250000,45550000
2013-02-05,45350000,45550000
2013-02-19,45100000,45400000
2013-02-20,44970000,45170000
2013-02-21,44700000,44900000
2013-02-22,44930000,45080000
2013-02-23,44920000,45070000
2013-02-25,44950000,45100000
2013-02-27,43400000,43700000
2013-02-28,42900000,43200000
2013-03-01,43350000,43500000
2013-03-02,43450000,43650000
2013-03-04,43580000,43730000
2013-03-05,43530000,43680000
2013-03-07,43920000,44020000
2013-03-08,43900000,44000000
2013-03-09,43850000,43950000
2013-03-11,43810000,43890000
2013-03-12,43820000,43900000
2013-03-19,44010000,44080000
2013-03-20,43980000,44050000
2013-03-21,43870000,43950000
2013-03-22,43870000,43940000
2013-03-23,43800000,43930000
2013-03-27,43350000,43450000
2013-03-28,43700000,43850000
2013-03-29,43720000,43820000
2013-04-03,43610000,43680000
2013-04-04,43200000,43350000
2013-04-05,43320000,43400000
2013-04-06,43500000,43700000
2013-04-09,43260000,43340000
2013-04-10,43230000,43330000
2013-04-11,42960000,43060000
2013-04-12,42820000,42980000
2013-04-13,41900000,42200000
2013-04-15,41400000,41700000
2013-04-16,40700000,41400000
2013-04-17,41000000,41350000
2013-04-18,39900000,40900000
2013-04-25,42180000,42380000
2013-04-26,42700000,42900000
2013-04-27,42700000,42900000
2013-05-02,42200000,42350000
2013-05-03,42180000,42380000
2013-05-04,42050000,42250000
2013-05-07,41330000,41450000
2013-05-08,41270000,41400000
2013-05-09,41530000,41640000
2013-05-10,41260000,41410000
2013-05-11,41200000,41400000
2013-05-15,41000000,41150000
2013-05-16,40630000,40830000
2013-05-17,40700000,40900000
2013-05-18,40500000,40750000
2013-05-20,40450000,40650000
2013-05-21,40800000,41000000
2013-05-23,40650000,40850000
2013-05-24,40650000,40830000
2013-05-25,40650000,40850000
2013-05-27,40880000,41000000
2013-05-28,40650000,40870000
2013-05-29,40750000,40900000
2013-05-30,40850000,41000000
2013-05-31,40950000,41100000
2013-06-02,40950000,41100000
2013-06-07,40660000,40890000
2013-06-08,40570000,40770000
2013-06-10,40650000,40800000
2013-06-11,40470000,40670000
2013-06-12,40480000,40680000
2013-06-13,40430000,40680000
2013-06-14,40250000,40460000
2013-06-15,40300000,40500000
2013-06-17,40280000,40430000
2013-06-20,39050000,39350000
2013-06-21,38800000,39200000
2013-06-22,39000000,39400000
2013-06-26,37150000,37500000
2013-06-27,36000000,36650000
2013-06-28,34400000,35200000
2013-07-02,36850000,37550000
2013-07-03,36800000,37600000
2013-07-04,37500000,38000000
2013-07-06,37600000,38200000
2013-07-08,37250000,37650000
2013-07-09,37300000,37700000
2013-07-10,37300000,37600000
2013-07-11,37250000,37850000
2013-07-15,37280000,37580000
2013-07-16,37150000,37450000
2013-07-17,37320000,37620000
2013-07-18,37440000,37740000
2013-07-19,37700000,38000000
2013-07-23,38300000,38700000
2013-07-24,38350000,38850000
2013-07-25,37900000,38300000
2013-07-26,38050000,38450000
2013-07-27,38100000,38500000
2013-07-29,38150000,38450000
2013-08-01,37380000,37780000
2013-08-02,37270000,37570000
2013-08-03,37550000,37850000
2013-08-05,37500000,37800000
2013-08-08,37350000,37650000
2013-08-09,37550000,37850000
2013-08-10,37600000,37900000
2013-08-12,37670000,37970000
2013-08-13,37650000,37950000
2013-08-19,38010000,38260000
2013-08-20,37780000,38080000
2013-08-21,37780000,38030000
2013-08-22,37700000,37900000
2013-08-23,37680000,37880000
2013-08-24,37800000,38100000
2013-08-26,37920000,38120000
2013-08-27,37920000,38120000
2013-08-28,38500000,38800000
2013-08-29,38300000,38550000
2013-08-30,38200000,38450000
2013-08-31,38250000,38450000
2013-09-03,38180000,38330000
2013-09-04,38350000,38550000
2013-09-05,38270000,38470000
2013-09-06,38130000,38330000
2013-09-07,38270000,38470000
2013-09-09,38270000,38470000
2013-09-10,38220000,38370000
2013-09-11,37900000,38150000
2013-09-12,37600000,37850000
2013-09-13,37300000,37550000
2013-09-14,37500000,37700000
2013-09-16,37440000,37640000
2013-09-17,37370000,37570000
2013-09-18,37270000,37470000
2013-09-19,37750000,38050000
2013-09-20,37680000,37830000
2013-09-21,37350000,37550000
2013-09-23,37420000,37620000
2013-09-24,37330000,37530000
2013-09-25,37340000,37500000
2013-09-26,37360000,37560000
2013-09-27,37300000,37480000
2013-09-28,37400000,37580000
2013-09-30,37410000,37560000
2013-10-01,37350000,37500000
2013-10-02,37220000,37420000
2013-10-03,37350000,37500000
2013-10-04,37350000,37500000
2013-10-05,37300000,37500000
2013-10-07,37400000,37500000
2013-10-08,37450000,37550000
2013-10-09,37400000,37500000
2013-10-10,37340000,37410000
2013-10-11,37250000,37350000
2013-10-12,37100000,37300000
2013-10-14,37170000,37270000
2013-10-15,37000000,37100000
2013-10-16,37150000,37250000
2013-10-17,37150000,37320000
2013-10-18,37160000,37360000
2013-10-19,37250000,37350000
2013-10-21,37260000,37340000
2013-10-22,37210000,37270000
2013-10-23,37310000,37370000
2013-10-24,37280000,37340000
2013-10-25,37260000,37340000
2013-10-26,37300000,37400000
2013-10-28,37260000,37320000
2013-10-29,37220000,37300000
2013-10-31,37100000,37160000
2013-11-01,36900000,36970000
2013-11-02,36820000,36920000
2013-11-04,36750000,36820000
2013-11-05,36660000,36710000
2013-11-06,36650000,36720000
2013-11-07,36730000,36800000
2013-11-08,36600000,36700000
2013-11-09,36500000,36600000
2013-11-11,36480000,36540000
2013-11-12,36450000,36510000
2013-11-13,36380000,36440000
2013-11-14,36470000,36530000
2013-11-15,36430000,36530000
2013-11-16,36440000,36540000
2013-11-18,36460000,36510000
2013-11-19,36400000,36450000
2013-11-20,36380000,36430000
2013-11-21,35970000,36070000
2013-11-22,35930000,35990000
2013-11-23,35870000,35940000
2013-11-25,35130000,35230000
2013-11-26,35350000,35500000
2013-11-27,35330000,35400000
2013-11-28,35160000,35280000
2013-11-29,35370000,35450000
2013-11-30,35450000,35550000
2013-12-02,35370000,35450000
2013-12-03,35170000,35240000
2013-12-04,35130000,35200000
2013-12-05,35330000,35380000
2013-12-06,35240000,35320000
2013-12-07,35290000,35360000
2013-12-09,35300000,35360000
2013-12-10,35450000,35500000
2013-12-11,35700000,35760000
2013-12-12,35630000,35700000
2013-12-13,35290000,35420000
2013-12-14,35440000,35540000
2013-12-16,35350000,35410000
2013-12-17,35430000,35500000
2013-12-18,35370000,35470000
2013-12-19,35200000,35300000
2013-12-20,34900000,35120000
2013-12-21,35110000,35260000
2013-12-23,35050000,35150000
2013-12-24,34940000,35060000
2013-12-25,34900000,35080000
2013-12-26,34920000,35120000
2013-12-27,34900000,35150000
2013-12-28,34830000,35080000
2013-12-30,34620000,34920000
2013-12-31,34700000,34780000
2014-01-02,34950000,35020000
2014-01-03,35040000,35090000
2014-01-04,35070000,35130000
2014-01-06,35190000,35250000
2014-01-08,34990000,35040000
2014-01-09,35010000,35060000
2014-01-10,35050000,35090000
2014-01-11,35180000,35250000
2014-01-13,35180000,35230000
2014-01-14,35160000,35220000
2014-01-15,34980000,35030000
2014-01-16,34980000,35030000
2014-01-17,35030000,35090000
2014-01-18,35130000,35190000
2014-01-20,35020000,35070000
2014-01-21,34970000,35020000
2014-01-22,34870000,34920000
2014-01-23,34960000,35020000
2014-01-24,35020000,35070000
2014-01-25,35180000,35260000
2014-01-27,35280000,35360000
2014-02-06,35230000,35300000
2014-02-07,35310000,35370000
2014-02-08,35390000,35440000
2014-02-09,35380000,35480000
2014-02-10,35410000,35460000
2014-02-11,35490000,35540000
2014-02-12,35480000,35530000
2014-02-13,35490000,35540000
2014-02-14,35880000,35940000
2014-02-15,36110000,36190000
2014-02-17,36680000,36780000
2014-02-18,36460000,36520000
2014-02-19,36330000,36400000
2014-02-20,36070000,36130000
2014-02-21,36110000,36160000
2014-02-22,36110000,36210000
2014-02-24,36280000,36350000
2014-02-25,36370000,36430000
2014-02-26,36370000,36430000
2014-02-27,36130000,36180000
2014-02-28,36120000,36170000
2014-03-01,36090000,36160000
2014-03-03,36280000,36340000
2014-03-04,36160000,36220000
2014-03-05,36070000,36130000
2014-03-06,36060000,36120000
2014-03-07,36160000,36220000
2014-03-08,36100000,36160000
2014-03-10,36050000,36110000
2014-03-11,36130000,36190000
2014-03-12,36210000,36260000
2014-03-13,36260000,36320000
2014-03-14,36210000,36270000
2014-03-15,36340000,36400000
2014-03-17,36330000,36390000
2014-03-18,36180000,36240000
2014-03-19,36100000,36160000
2014-03-20,35910000,35970000
2014-03-21,35980000,36040000
2014-03-22,35980000,36040000
2014-03-24,35850000,35910000
2014-03-25,35700000,35760000
2014-03-26,35700000,35750000
2014-03-27,35510000,35560000
2014-03-28,35500000,35550000
2014-03-29,35510000,35570000
2014-03-31,35500000,35550000
2014-04-01,35360000,35420000
2014-04-02,35340000,35390000
2014-04-03,35360000,35420000
2014-04-04,35400000,35450000
2014-04-07,35570000,35630000
2014-04-08,35680000,35740000
2014-04-10,35800000,35860000
2014-04-11,35730000,35790000
2014-04-12,35730000,35790000
2014-04-14,35850000,35910000
2014-04-15,35650000,35710000
2014-04-16,35450000,35510000
2014-04-17,35430000,35490000
2014-04-18,35400000,35460000
2014-04-19,35400000,35500000
2014-04-21,35340000,35400000
2014-04-22,35360000,35410000
2014-04-24,35350000,35410000
2014-04-25,35440000,35500000
2014-04-26,35590000,35650000
2014-04-28,35550000,35610000
2014-04-29,35400000,35460000
2014-05-05,35530000,35590000
2014-05-06,35460000,35500000
2014-05-07,35470000,35510000
2014-05-08,35380000,35420000
2014-05-09,35440000,35480000
2014-05-10,35520000,35600000
2014-05-12,35620000,35660000
2014-05-13,35690000,35720000
2014-05-14,36200000,36450000
2014-05-15,36300000,36500000
2014-05-16,36250000,36500000
2014-05-17,36350000,36550000
2014-05-19,36670000,36830000
2014-05-20,37000000,37150000
2014-05-21,36420000,36620000
2014-05-22,36350000,36550000
2014-05-23,36500000,36740000
2014-05-24,36600000,36850000
2014-05-26,36550000,36750000
2014-05-27,36550000,36730000
2014-05-28,36400000,36550000
2014-05-29,36350000,36450000
2014-05-30,36400000,36520000
2014-05-31,36360000,36460000
2014-06-02,36240000,36320000
2014-06-03,36180000,36250000
2014-06-04,35940000,36060000
2014-06-05,35900000,35980000
2014-06-06,36100000,36320000
2014-06-07,36150000,36330000
2014-06-09,36200000,36350000
2014-06-10,36220000,36360000
2014-06-11,36550000,36700000
2014-06-12,36580000,36680000
2014-06-13,36750000,36900000
2014-06-14,36680000,36780000
2014-06-16,36620000,36720000
2014-06-17,36380000,36500000
2014-06-18,36450000,36570000
2014-06-19,36650000,36800000
2014-06-20,36750000,37000000
2014-06-21,36750000,37000000
2014-06-23,36650000,36800000
2014-06-24,36750000,36900000
2014-06-25,36680000,36810000
2014-06-26,36660000,36780000
2014-06-27,36700000,36820000
2014-06-28,36700000,36820000
2014-06-30,36700000,36820000
2014-07-01,36820000,36950000
2014-07-02,36800000,36930000
2014-07-03,36780000,36880000
2014-07-04,36720000,36840000
2014-07-05,36720000,36820000
2014-07-07,36640000,36760000
2014-07-08,36710000,36830000
2014-07-09,36740000,36860000
2014-07-10,36870000,37000000
2014-07-11,36840000,36960000
2014-07-12,36840000,36960000
2014-07-14,36750000,36870000
2014-07-15,36740000,36860000
2014-07-16,36660000,36780000
2014-07-17,36700000,36820000
2014-07-18,36740000,36860000
2014-07-19,36730000,36850000
2014-07-20,36730000,36850000
2014-07-21,36730000,36850000
2014-07-22,36650000,36770000
2014-07-23,36650000,36770000
2014-07-24,36600000,36720000
2014-07-25,36560000,36680000
2014-07-26,36620000,36820000
2014-07-28,36610000,36730000
2014-07-29,36620000,36740000
2014-07-30,36570000,36690000
2014-07-31,36570000,36690000
2014-08-01,36490000,36610000
2014-08-02,36550000,36700000
2014-08-03,36550000,36700000
2014-08-04,36520000,36640000
2014-08-05,36510000,36630000
2014-08-06,36510000,36630000
2014-08-07,36590000,36710000
2014-08-08,36640000,36760000
2014-08-09,36580000,36730000
2014-08-11,36600000,36720000
2014-08-12,36610000,36730000
2014-08-13,36590000,36710000
2014-08-19,36510000,36630000
2014-08-20,36480000,36600000
2014-08-21,36370000,36490000
2014-08-22,36340000,36520000
2014-08-23,36370000,36520000
2014-08-25,36340000,36460000
2014-08-26,36380000,36500000
2014-08-27,36380000,36500000
2014-08-28,36420000,36540000
2014-08-29,36400000,36520000
2014-08-30,36410000,36530000
2014-09-03,36240000,36360000
2014-09-04,36280000,36400000
2014-09-05,36220000,36340000
2014-09-06,36230000,36350000
2014-09-08,36250000,36370000
2014-09-09,36130000,36250000
2014-09-10,36020000,36140000
2014-09-11,35950000,36070000
2014-09-12,35880000,36000000
2014-09-13,35830000,35950000
2014-09-15,35910000,36030000
2014-09-16,35990000,36110000
2014-09-17,36000000,36120000
2014-09-18,35890000,36010000
2014-09-19,35980000,36100000
2014-09-20,35960000,36080000
2014-09-22,35830000,35950000
2014-09-23,35870000,35990000
2014-09-24,35890000,36010000
2014-09-25,35820000,35940000
2014-09-26,35890000,36010000
2014-09-27,35860000,35980000
2014-09-29,35820000,35940000
2014-09-30,35680000,35800000
2014-10-01,35570000,35690000
2014-10-02,35660000,35780000
2014-10-03,35640000,35760000
2014-10-04,35490000,35610000
2014-10-05,35500000,35620000
2014-10-06,35530000,35650000
2014-10-07,35620000,35740000
2014-10-08,35680000,35800000
2014-10-09,35760000,35880000
2014-10-10,35700000,35820000
2014-10-11,35710000,35830000
2014-10-13,35720000,35840000
2014-10-14,35710000,35830000
2014-10-15,35650000,35770000
2014-10-16,35760000,35880000
2014-10-17,35770000,35890000
2014-10-18,35780000,35900000
2014-10-20,35740000,35860000
2014-10-21,35760000,35880000
2014-10-22,35710000,35830000
2014-10-23,35660000,35780000
2014-10-24,35600000,35720000
2014-10-25,35600000,35720000
2014-10-27,35580000,35700000
2014-10-28,35570000,35690000
2014-10-29,35590000,35710000
2014-10-30,35460000,35580000
2014-10-31,35290000,35410000
2014-11-01,35290000,35410000
2014-11-03,35250000,35370000
2014-11-05,35000000,35120000
2014-11-06,34880000,35000000
2014-11-07,34870000,34990000
2014-11-08,35130000,35250000
2014-11-10,35120000,35240000
2014-11-11,34950000,35070000
2014-11-12,35050000,35170000
2014-11-13,35040000,35160000
2014-11-14,35020000,35140000
2014-11-15,35250000,35370000
2014-11-17,35230000,35350000
2014-11-18,35300000,35420000
2014-11-19,35320000,35440000
2014-11-20,35240000,35360000
2014-11-21,35270000,35390000
2014-11-22,35330000,35450000
2014-11-24,35300000,35420000
2014-11-25,35290000,35410000
2014-11-26,35280000,35400000
2014-11-27,35140000,35260000
2014-11-28,35030000,35150000
2014-11-29,34960000,35080000
2014-12-01,35040000,35160000
2014-12-02,35150000,35270000
2014-12-03,35140000,35260000
2014-12-04,35120000,35240000
2014-12-05,35060000,35200000
2014-12-06,35010000,35150000
2014-12-08,35020000,35160000
2014-12-09,35060000,35200000
2014-12-10,35170000,35320000
2014-12-11,35100000,35250000
2014-12-12,35140000,35290000
2014-12-13,35140000,35290000
2014-12-15,35130000,35280000
2014-12-16,35040000,35190000
2014-12-18,35110000,35260000
2014-12-19,35120000,35270000
2014-12-20,35120000,35270000
2014-12-22,35070000,35230000
2014-12-23,34980000,35140000
2014-12-24,34980000,35140000
2014-12-25,34970000,35130000
2014-12-26,35020000,35180000
2014-12-27,35030000,35190000
2014-12-29,35000000,35180000
2014-12-30,34940000,35120000
2014-12-31,34830000,35130000
2015-01-01,34950000,35150000
2015-01-05,35090000,35190000
2015-01-06,35150000,35250000
2015-01-07,35200000,35300000
2015-01-08,35120000,35220000
2015-01-09,35110000,35210000
2015-01-10,35170000,35270000
2015-01-12,35170000,35270000
2015-01-13,35200000,35300000
2015-01-14,35200000,35300000
2015-01-15,35200000,35300000
2015-01-16,35360000,35460000
2015-01-17,35500000,35600000
2015-01-19,35460000,35560000
2015-01-20,35460000,35560000
2015-01-21,35720000,35820000
2015-01-22,35610000,35710000
2015-01-23,35590000,35690000
2015-01-24,35570000,35670000
2015-01-25,35570000,35670000
2015-01-26,35380000,35480000
2015-01-27,35270000,35370000
2015-01-28,35360000,35460000
2015-01-29,35310000,35410000
2015-01-30,35240000,35340000
2015-01-31,35330000,35430000
2015-02-02,35240000,35340000
2015-02-03,35280000,35380000
2015-02-04,35210000,35310000
2015-02-05,35230000,35330000
2015-02-06,35230000,35330000
2015-02-07,35120000,35220000
2015-02-09,35190000,35290000
2015-02-10,35200000,35300000
2015-02-11,35210000,35310000
2015-02-12,35230000,35330000
2015-02-13,35300000,35420000
2015-02-14,35360000,35480000
2015-02-16,35600000,35800000
2015-02-24,35250000,35350000
2015-02-25,35380000,35480000
2015-02-26,35590000,35690000
2015-02-27,35420000,35550000
2015-02-28,35400000,35650000
2015-03-02,35420000,35520000
2015-03-03,35380000,35480000
2015-03-04,35320000,35420000
2015-03-05,35290000,35390000
2015-03-06,35290000,35390000
2015-03-07,35120000,35250000
2015-03-09,35210000,35310000
2015-03-10,35170000,35270000
2015-03-11,35180000,35280000
2015-03-12,35200000,35300000
2015-03-13,35240000,35340000
2015-03-14,35320000,35420000
2015-03-16,35250000,35350000
2015-03-17,35200000,35300000
2015-03-18,35180000,35280000
2015-03-19,35230000,35330000
2015-03-20,35240000,35340000
2015-03-23,35260000,35360000
2015-03-24,35260000,35360000
2015-03-25,35230000,35330000
2015-03-26,35300000,35400000
2015-03-27,35230000,35330000
2015-03-28,35230000,35330000
2015-03-30,35160000,35240000
2015-03-31,35090000,35170000
2015-04-01,35120000,35200000
2015-04-02,35170000,35270000
2015-04-03,35160000,35260000
2015-04-04,35210000,35310000
2015-04-06,35260000,35360000
2015-04-07,35180000,35280000
2015-04-08,35160000,35260000
2015-04-09,35120000,35220000
2015-04-11,35170000,35270000
2015-04-13,35120000,35220000
2015-04-14,35090000,35190000
2015-04-15,35090000,35190000
2015-04-16,35130000,35230000
2015-04-17,35090000,35190000
2015-04-18,35100000,35200000
2015-04-20,35030000,35130000
2015-04-21,35010000,35110000
2015-04-22,35040000,35140000
2015-04-23,34980000,35080000
2015-04-24,35000000,35100000
2015-04-25,34960000,35060000
2015-04-27,34970000,35070000
2015-05-02,35000000,35130000
2015-05-04,34980000,35030000
2015-05-05,34950000,35010000
2015-05-06,34980000,35040000
2015-05-07,34970000,35030000
2015-05-08,34990000,35040000
2015-05-09,35000000,35060000
2015-05-12,34960000,35020000
2015-05-13,34970000,35030000
2015-05-14,35030000,35090000
2015-05-15,35020000,35080000
2015-05-16,35040000,35100000
2015-05-18,35030000,35090000
2015-05-19,34980000,35040000
2015-05-20,34950000,35010000
2015-05-21,34950000,35010000
2015-05-22,34950000,35010000
2015-05-23,34930000,34990000
2015-05-25,34910000,34970000
2015-05-26,34880000,34940000
2015-05-27,34840000,34900000
2015-05-28,34860000,34920000
2015-05-29,34880000,34940000
2015-05-30,34890000,34950000
2015-06-01,34870000,34930000
2015-06-02,34850000,34910000
2015-06-03,34870000,34930000
2015-06-04,34820000,34880000
2015-06-05,34760000,34820000
2015-06-06,34750000,34810000
2015-06-08,34720000,34780000
2015-06-10,34680000,34740000
2015-06-11,34660000,34720000
2015-06-12,34670000,34730000
2015-06-13,34680000,34740000
2015-06-15,34660000,34720000
2015-06-16,34670000,34730000
2015-06-17,34650000,34710000
2015-06-18,34680000,34740000
2015-06-19,34660000,34760000
2015-06-22,34630000,34690000
2015-06-23,34520000,34580000
2015-06-24,34390000,34450000
2015-06-25,34330000,34400000
2015-06-26,34340000,34400000
2015-06-27,34350000,34430000
2015-06-29,34390000,34460000
2015-06-30,34390000,34460000
2015-07-01,34340000,34420000
2015-07-02,34270000,34340000
2015-07-03,34270000,34340000
2015-07-04,34270000,34350000
2015-07-06,34250000,34320000
2015-07-07,34230000,34310000
2015-07-08,34050000,34130000
2015-07-09,33980000,34060000
2015-07-10,33950000,34040000
2015-07-11,33980000,34070000
2015-07-13,33930000,34000000
2015-07-14,33870000,33940000
2015-07-15,33650000,33730000
2015-07-16,32820000,33020000
2015-07-17,33250000,33500000
2015-07-18,33000000,33300000
2015-07-20,32900000,33200000
2015-07-21,32930000,33180000
2015-07-22,32920000,33100000
2015-07-23,33050000,33200000
2015-07-24,32880000,33060000
2015-07-25,32980000,33180000
2015-07-27,32960000,33090000
2015-07-28,32930000,33050000
2015-07-29,32980000,33080000
2015-07-30,32950000,33050000
2015-07-31,32940000,33040000
2015-08-01,32980000,33120000
2015-08-03,32930000,33030000
2015-08-04,32860000,32960000
2015-08-05,32800000,32920000
2015-08-06,32750000,32870000
2015-08-07,32780000,32900000
2015-08-08,32780000,32900000
2015-08-10,32820000,32920000
2015-08-11,32920000,33060000
2015-08-12,33370000,33720000
2015-08-13,34100000,34800000
2015-08-14,33700000,34200000
2015-08-15,33750000,34250000
2015-08-17,33850000,34150000
2015-08-19,33900000,34600000
2015-08-20,33900000,34550000
2015-08-21,34400000,35300000
2015-08-22,34600000,35300000
2015-08-24,34700000,35300000
2015-08-25,34600000,35150000
2015-08-26,33950000,34500000
2015-08-27,33750000,34250000
2015-08-28,33980000,34450000
2015-08-29,34050000,34550000
2015-08-31,34000000,34400000
2015-09-01,34150000,34450000
2015-09-03,34080000,34380000
2015-09-04,33890000,34210000
2015-09-05,33890000,34210000
2015-09-07,33920000,34180000
2015-09-08,33880000,34130000
2015-09-09,33920000,34170000
2015-09-10,33900000,34100000
2015-09-11,33930000,34130000
2015-09-12,33880000,34130000
2015-09-14,33860000,34060000
2015-09-15,33850000,34070000
2015-09-16,33850000,34080000
2015-09-17,33940000,34160000
2015-09-18,34050000,34270000
2015-09-19,34050000,34290000
2015-09-21,34020000,34250000
2015-09-22,33920000,34140000
2015-09-23,33830000,34050000
2015-09-24,33880000,34100000
2015-09-25,33920000,34140000
2015-09-26,33900000,34150000
2015-09-28,33760000,33980000
2015-09-29,33640000,33870000
2015-10-01,33620000,33840000
2015-10-02,33590000,33810000
2015-10-03,33750000,34000000
2015-10-05,33690000,33910000
2015-10-06,33650000,33870000
2015-10-07,33700000,33920000
2015-10-08,33650000,33870000
2015-10-09,33720000,33940000
2015-10-10,33730000,33960000
2015-10-12,33820000,34040000
2015-10-13,33750000,33970000
2015-10-14,33840000,34060000
2015-10-15,33940000,34170000
2015-10-16,33890000,34120000
2015-10-17,33850000,34080000
2015-10-19,33760000,33980000
2015-10-20,33740000,33960000
2015-10-21,33760000,33980000
2015-10-22,33700000,33920000
2015-10-23,33780000,34000000
2015-10-24,33710000,33960000
2015-10-26,33730000,33950000
2015-10-27,33730000,33950000
2015-10-28,33730000,33950000
2015-10-29,33650000,33870000
2015-10-30,33570000,33800000
2015-10-31,33560000,33790000
2015-11-02,33560000,33780000
2015-11-03,33520000,33730000
2015-11-04,33330000,33560000
2015-11-05,33150000,33380000
2015-11-06,33280000,33500000
2015-11-07,33210000,33440000
2015-11-09,33220000,33440000
2015-11-10,33250000,33470000
2015-11-11,33220000,33440000
2015-11-12,33200000,33420000
2015-11-13,33140000,33360000
2015-11-16,33260000,33490000
2015-11-17,33190000,33420000
2015-11-18,33070000,33300000
2015-11-19,33140000,33370000
2015-11-20,33170000,33400000
2015-11-21,33150000,33380000
2015-11-23,33060000,33300000
2015-11-24,33060000,33290000
2015-11-25,33050000,33290000
2015-11-26,33050000,33290000
2015-11-27,33000000,33250000
2015-11-28,32940000,33210000
2015-11-30,32840000,33080000
2015-12-01,32890000,33130000
2015-12-02,32850000,33090000
2015-12-03,32710000,32950000
2015-12-04,32770000,33010000
2015-12-08,32950000,33200000
2015-12-09,32990000,33240000
2015-12-10,32930000,33180000
2015-12-11,32890000,33140000
2015-12-12,32920000,33170000
2015-12-14,32870000,33120000
2015-12-15,32800000,33050000
2015-12-16,32830000,33080000
2015-12-17,32790000,33060000
2015-12-18,32710000,32990000
2015-12-19,32780000,33050000
2015-12-21,32810000,33080000
2015-12-22,32810000,33080000
2015-12-23,32770000,33050000
2015-12-24,32800000,33080000
2015-12-25,32770000,33050000
2015-12-26,32760000,33040000
2015-12-28,32600000,32950000
2015-12-29,32470000,32870000
2015-12-30,32420000,32800000
2015-12-31,32200000,32700000
2016-01-01,32550000,32900000
2016-01-02,32580000,32880000
2016-01-04,32670000,32920000
2016-01-05,32610000,32890000
2016-01-06,32610000,32890000
2016-01-07,32740000,33020000
2016-01-08,32780000,33080000
2016-01-09,32840000,33140000
2016-01-11,32850000,33150000
2016-01-12,32760000,33060000
2016-01-13,32620000,32880000
2016-01-14,32660000,32920000
2016-01-15,32610000,32870000
2016-01-16,32650000,32920000
2016-01-18,32570000,32830000
2016-01-19,32590000,32850000
2016-01-20,32580000,32840000
2016-01-21,32640000,32900000
2016-01-22,32600000,32860000
2016-01-23,32640000,32910000
2016-01-25,32590000,32860000
2016-01-26,32660000,32920000
2016-01-27,32680000,32950000
2016-01-28,32690000,32950000
2016-01-29,32620000,32890000
2016-01-30,32650000,32920000
2016-02-01,32670000,32940000
2016-02-02,32730000,33000000
2016-02-03,32800000,33070000
2016-02-04,32970000,33250000
2016-02-05,33080000,33380000
2016-02-12,33500000,34400000
2016-02-15,33380000,33730000
2016-02-16,33450000,33800000
2016-02-17,33100000,33550000
2016-02-18,33130000,33450000
2016-02-19,33270000,33630000
2016-02-20,33300000,33650000
2016-02-22,33120000,33420000
2016-02-23,33220000,33520000
2016-02-24,33360000,33660000
2016-02-25,33400000,33700000
2016-02-26,33300000,33600000
2016-02-27,33200000,33500000
2016-02-29,33290000,33590000
2016-03-01,33370000,33670000
2016-03-02,33240000,33540000
2016-03-03,33310000,33610000
2016-03-04,33820000,34070000
2016-03-05,33730000,34030000
2016-03-07,33800000,34050000
2016-03-08,33900000,34150000
2016-03-09,33680000,33930000
2016-03-10,33550000,33800000
2016-03-11,33730000,34030000
2016-03-12,33620000,33920000
2016-03-14,33680000,33960000
2016-03-15,33480000,33780000
2016-03-16,33400000,33700000
2016-03-17,33580000,33850000
2016-03-18,33650000,33870000
2016-03-19,33660000,33880000
2016-03-21,33470000,33720000
2016-03-22,33500000,33750000
2016-03-23,33390000,33640000
2016-03-24,33150000,33400000
2016-03-25,33150000,33400000
2016-03-26,33150000,33420000
2016-03-28,33040000,33290000
2016-03-29,33010000,33260000
2016-03-30,33110000,33360000
2016-03-31,33090000,33340000
2016-04-01,33080000,33330000
2016-04-02,33000000,33270000
2016-04-04,32990000,33240000
2016-04-05,33030000,33280000
2016-04-06,32980000,33230000
2016-04-07,33080000,33330000
2016-04-08,33050000,33250000
2016-04-09,33050000,33280000
2016-04-11,33200000,33430000
2016-04-12,33370000,33620000
2016-04-13,33200000,33450000
2016-04-14,33120000,33370000
2016-04-15,33050000,33300000
2016-04-18,33100000,33400000
2016-04-19,33120000,33340000
2016-04-20,33210000,33430000
2016-04-21,33300000,33520000
2016-04-22,33200000,33430000
2016-04-23,33120000,33370000
2016-04-25,33070000,33320000
2016-04-26,33050000,33300000
2016-04-27,33170000,33340000
2016-04-28,33250000,33500000
2016-04-29,33680000,33880000
2016-04-30,33950000,34350000
2016-05-04,33780000,33980000
2016-05-05,33740000,33940000
2016-05-06,33830000,34030000
2016-05-07,33950000,34170000
2016-05-09,33820000,34020000
2016-05-10,33680000,33880000
2016-05-11,33830000,34030000
2016-05-12,33800000,34000000
2016-05-13,33900000,34100000
2016-05-14,33840000,34070000
2016-05-16,33970000,34200000
2016-05-17,33990000,34220000
2016-05-18,33920000,34150000
2016-05-19,33740000,33970000
2016-05-20,33780000,34010000
2016-05-21,33730000,33960000
2016-05-23,33660000,33890000
2016-05-24,33520000,33740000
2016-05-25,33190000,33440000
2016-05-26,33270000,33500000
2016-05-27,33200000,33430000
2016-05-28,33140000,33390000
2016-05-30,33080000,33330000
2016-05-31,33110000,33350000
2016-06-01,33220000,33460000
2016-06-02,33220000,33460000
2016-06-03,33160000,33400000
2016-06-04,33430000,33680000
2016-06-06,33390000,33630000
2016-06-07,33340000,33580000
2016-06-08,33430000,33670000
2016-06-09,33560000,33800000
2016-06-10,33690000,33930000
2016-06-11,33810000,34060000
2016-06-13,34020000,34270000
2016-06-14,33900000,34150000
2016-06-15,33990000,34240000
2016-06-16,34510000,34810000
2016-06-17,34080000,34380000
2016-06-18,34370000,34670000
2016-06-20,34170000,34470000
2016-06-21,34060000,34360000
2016-06-22,33690000,33990000
2016-06-23,33800000,34100000
2016-06-24,34650000,35150000
2016-06-27,34850000,35350000
2016-06-28,34640000,35040000
2016-06-29,34900000,35220000
2016-06-30,34900000,35220000
2016-07-01,35230000,35580000
2016-07-02,35450000,35850000
2016-07-04,36350000,36900000
2016-07-05,36350000,36900000
2016-07-06,38700000,39700000
2016-07-07,36500000,37500000
2016-07-08,36600000,37300000
2016-07-09,36900000,37600000
2016-07-11,36900000,37500000
2016-07-12,36700000,37300000
2016-07-13,36650000,37050000
2016-07-14,36570000,37050000
2016-07-15,36490000,36870000
2016-07-16,36680000,37100000
2016-07-18,36450000,36830000
2016-07-19,36440000,36820000
2016-07-20,36420000,36780000
2016-07-21,36330000,36660000
2016-07-22,36350000,36680000
2016-07-23,36310000,36650000
2016-07-25,36220000,36530000
2016-07-26,36300000,36580000
2016-07-27,36240000,36500000
2016-07-28,36460000,36720000
2016-07-29,36310000,36560000
2016-08-01,36470000,36740000
2016-08-02,36590000,36850000
2016-08-03,36700000,36970000
2016-08-04,36600000,36850000
2016-08-05,36660000,36910000
2016-08-06,36330000,36620000
2016-08-08,36320000,36580000
2016-08-09,36380000,36630000
2016-08-10,36540000,36800000
2016-08-11,36460000,36720000
2016-08-12,36400000,36660000
2016-08-15,36450000,36700000
2016-08-16,36540000,36780000
2016-08-17,36460000,36710000
2016-08-18,36490000,36750000
2016-08-19,36480000,36730000
2016-08-20,36400000,36670000
2016-08-22,36350000,36610000
2016-08-23,36390000,36650000
2016-08-24,36370000,36630000
2016-08-25,36300000,36560000
2016-08-26,36330000,36580000
2016-08-27,36290000,36550000
2016-08-29,36240000,36500000
2016-08-30,36220000,36490000
2016-08-31,36130000,36390000
2016-09-01,35930000,36200000
2016-09-05,36150000,36380000
2016-09-06,36150000,36390000
2016-09-07,36310000,36570000
2016-09-08,36300000,36550000
2016-09-10,36090000,36360000
2016-09-12,36060000,36310000
2016-09-13,36080000,36330000
2016-09-14,36050000,36290000
2016-09-15,36010000,36250000
2016-09-16,35960000,36210000
2016-09-17,35950000,36200000
2016-09-18,35950000,36200000
2016-09-19,36000000,36250000
2016-09-20,35990000,36240000
2016-09-21,36050000,36300000
2016-09-22,36100000,36360000
2016-09-23,36100000,36340000
2016-09-24,36100000,36350000
2016-09-26,36040000,36280000
2016-09-27,36020000,36240000
2016-09-28,35920000,36140000
2016-09-29,35910000,36130000
2016-09-30,35980000,36230000
2016-10-01,35920000,36170000
2016-10-03,35900000,36120000
2016-10-04,35830000,36050000
2016-10-05,35230000,35480000
2016-10-08,35340000,35590000
2016-10-10,35500000,35750000
2016-10-11,35450000,35700000
2016-10-12,35400000,35640000
2016-10-13,35420000,35660000
2016-10-19,35500000,35730000
2016-10-20,35480000,35710000
2016-10-21,35450000,35670000
2016-10-22,35470000,35700000
2016-10-24,35470000,35700000
2016-10-25,35510000,35750000
2016-10-26,35550000,35780000
2016-10-27,35520000,35750000
2016-11-02,36200000,36650000
2016-11-03,35900000,36400000
2016-11-04,36200000,36750000
2016-11-08,35900000,36280000
2016-11-09,36450000,37100000
2016-11-10,36150000,36500000
2016-11-14,35700000,35950000
2016-11-15,35750000,36000000
2016-11-16,35750000,36000000
2016-11-17,35730000,35960000
2016-11-18,35600000,35800000
2016-11-19,35650000,35850000
2016-11-21,35660000,35840000
2016-11-24,35430000,35620000
2016-11-25,35450000,35630000
2016-11-26,35510000,35710000
2016-11-28,35630000,35830000
2016-11-29,35590000,35790000
2016-11-30,35620000,35820000
2016-12-01,35540000,35740000
2016-12-05,36100000,36350000
2016-12-06,36250000,36650000
2016-12-07,36050000,36450000
2016-12-08,36080000,36480000
2016-12-09,36070000,36470000
2016-12-13,36000000,36500000
2016-12-14,36100000,36600000
2016-12-15,35600000,36200000
2016-12-16,35550000,36150000
2016-12-17,35700000,36300000
2016-12-19,35850000,36500000
2016-12-20,35830000,36480000
2016-12-21,35850000,36500000
2016-12-22,35750000,36450000
2016-12-28,35670000,36420000
2016-12-29,35600000,36400000
2016-12-30,35730000,36450000
2016-12-31,35000000,36100000
2017-01-03,36000000,36400000
2017-01-04,36220000,36520000
2017-01-05,36370000,36670000
2017-01-11,36320000,36620000
2017-01-12,36470000,36770000
2017-01-13,36420000,36720000
2017-01-14,36430000,36730000
2017-01-16,36450000,36750000
2017-01-17,36450000,36750000
2017-01-18,36430000,36730000
2017-01-23,36370000,36740000
2017-01-24,36520000,36920000
2017-01-25,36100000,36800000
2017-02-03,37230000,37630000
2017-02-04,37250000,37650000
2017-02-05,37250000,37750000
2017-02-06,36400000,37250000
2017-02-09,36970000,37270000
2017-02-10,36720000,37020000
2017-02-11,36800000,37100000
2017-02-13,36640000,36940000
2017-02-14,36660000,36960000
2017-02-15,36670000,36970000
2017-02-16,36760000,37060000
2017-02-22,36680000,36950000
2017-02-23,36650000,36920000
2017-02-24,36750000,37030000
2017-02-25,36720000,37020000
2017-02-27,36680000,36950000
2017-02-28,36650000,36910000
2017-03-01,36630000,36900000
2017-03-02,36650000,36920000
2017-03-03,36580000,36830000
2017-03-09,36360000,36610000
2017-03-10,36330000,36580000
2017-03-11,36400000,36650000
2017-03-13,36430000,36680000
2017-03-14,36400000,36650000
2017-03-15,36420000,36670000
2017-03-16,36550000,36800000
2017-03-17,36551000,36800000
2017-03-22,36520000,36720000
2017-03-23,36450000,36650000
2017-03-24,36430000,36630000
2017-03-25,36460000,36660000
2017-03-27,36450000,36650000
2017-03-28,36440000,36640000
2017-03-29,36440000,36640000
2017-03-30,36400000,36600000
2017-04-07,36400000,36600000
2017-04-08,36400000,36600000
2017-04-10,36400000,36600000
2017-04-11,36400000,36600000
2017-04-12,36520000,36720000
2017-04-13,36690000,36890000
2017-04-14,36880000,37080000
2017-04-17,36700000,36970000
2017-04-18,36630000,36880000
2017-04-19,36570000,36800000
2017-04-20,36540000,36760000
2017-04-21,36650000,36850000
2017-04-22,36650000,36880000
2017-04-24,36560000,36760000
2017-04-25,36530000,36720000
2017-05-04,36310000,36540000
2017-05-05,36430000,36650000
2017-05-06,36300000,36630000
2017-05-08,36420000,36620000
2017-05-09,36400000,36600000
2017-05-10,36340000,36540000
2017-05-11,36330000,36530000
2017-05-12,36400000,36600000
2017-05-13,36400000,36620000
2017-05-15,36430000,36630000
2017-05-24,36310000,36510000
2017-05-25,36340000,36540000
2017-05-26,36380000,36580000
2017-05-27,36380000,36600000
2017-05-29,36330000,36530000
2017-05-30,36280000,36480000
2017-05-31,36200000,36400000
2017-06-01,36230000,36430000
2017-06-02,36200000,36400000
2017-06-03,36200000,36400000
2017-06-08,36340000,36540000
2017-06-09,36270000,36470000
2017-06-10,36220000,36440000
2017-06-12,36240000,36440000
2017-06-13,36200000,36400000
2017-06-14,36240000,36440000
2017-06-15,36230000,36430000
2017-06-16,36160000,36360000
2017-06-19,36150000,36350000
2017-06-20,36140000,36340000
2017-06-21,36130000,36330000
2017-06-22,36170000,36370000
2017-06-28,36190000,36390000
2017-06-29,36160000,36360000
2017-06-30,36170000,36370000
2017-07-01,36180000,36380000
2017-07-03,36110000,36310000
2017-07-04,36030000,36250000
2017-07-05,36070000,36290000
2017-07-06,36070000,36290000
2017-07-07,36070000,36290000
2017-07-08,36040000,36270000
2017-07-10,36020000,36240000
2017-07-19,36180000,36380000
2017-07-20,36160000,36360000
2017-07-21,36200000,36400000
2017-07-22,36230000,36430000
2017-07-24,36190000,36390000
2017-07-25,36130000,36330000
2017-07-26,36060000,36260000
2017-07-27,36150000,36350000
2017-07-28,36100000,36300000
2017-07-29,36160000,36360000
2017-07-31,36130000,36330000
2017-08-01,36120000,36320000
2017-08-11,36330000,36530000
2017-08-12,36350000,36550000
2017-08-14,36280000,36480000
2017-08-15,36190000,36390000
2017-08-16,36130000,36330000
2017-08-17,36250000,36450000
2017-08-18,36320000,36520000
2017-08-19,36300000,36500000
2017-08-21,36280000,36480000
2017-08-22,36250000,36450000
2017-08-23,36230000,36430000
2017-08-24,36220000,36420000
2017-08-25,36250000,36450000
2017-08-26,36280000,36480000
2017-08-28,36280000,36480000
2017-08-31,36360000,36560000
2017-09-01,36450000,36650000
2017-09-04,36600000,36850000
2017-09-05,36580000,36780000
2017-09-06,36850000,37050000
2017-09-07,36830000,37030000
2017-09-08,37060000,37280000
2017-09-09,36940000,37160000
2017-09-11,36780000,36980000
2017-09-12,36540000,36740000
2017-09-13,36580000,36780000
2017-09-14,36500000,36700000
2017-09-15,36560000,36760000
2017-09-21,36480000,36680000
2017-09-22,36500000,36700000
2017-09-23,36530000,36730000
2017-09-25,36500000,36700000
2017-09-26,36520000,36720000
2017-09-27,36400000,36600000
2017-09-28,36370000,36570000
2017-10-05,36400000,36600000
2017-10-06,36370000,36570000
2017-10-07,36410000,36610000
2017-10-09,36410000,36610000
2017-10-10,36440000,36640000
2017-10-11,36430000,36630000
2017-10-12,36490000,36690000
2017-10-13,36460000,36660000
2017-10-14,36530000,36730000
2017-10-16,36500000,36700000
2017-10-25,36270000,36470000
2017-10-26,36270000,36470000
2017-10-27,36290000,36490000
2017-10-28,36340000,36540000
2017-10-30,36300000,36500000
2017-10-31,36380000,36580000
2017-11-01,36420000,36620000
2017-11-02,36420000,36620000
2017-11-03,36400000,36600000
2017-11-04,36380000,36580000
2017-11-06,36370000,36570000
2017-11-14,36350000,36550000
2017-11-15,36420000,36620000
2017-11-16,36360000,36560000
2017-11-17,36350000,36550000
2017-11-18,36430000,36630000
2017-11-20,36370000,36570000
2017-11-21,36400000,36600000
2017-11-22,36420000,36620000
2017-11-23,36400000,36600000
2017-11-24,36400000,36600000
2017-12-05,36320000,36520000
2017-12-06,36320000,36520000
2017-12-07,36250000,36450000
2017-12-08,36180000,36380000
2017-12-09,36200000,36400000
2017-12-11,36270000,36470000
2017-12-12,36300000,36500000
2017-12-13,36260000,36460000
2017-12-14,36300000,36500000
2017-12-15,36300000,36500000
2017-12-16,36320000,36520000
2017-12-18,36320000,36520000
2017-12-19,36340000,36540000
2017-12-28,36370000,36590000
2017-12-29,36340000,36560000
2017-12-30,35500000,36440000
2018-01-01,36470000,36670000
2018-01-02,36550000,36750000
2018-01-03,36500000,36700000
2018-01-04,36440000,36640000
2018-01-05,36490000,36690000
2018-01-06,36480000,36680000
2018-01-08,36400000,36600000
2018-01-09,36400000,36600000
2018-01-10,36410000,36610000
2018-01-16,36670000,36870000
2018-01-17,36670000,36870000
2018-01-18,36570000,36770000
2018-01-19,36690000,36860000
2018-01-20,36680000,36850000
2018-01-22,36700000,36870000
2018-01-23,36710000,36880000
2018-01-24,36810000,36980000
2018-01-25,37000000,37170000
2018-01-29,36800000,36980000
2018-01-30,36690000,36890000
2018-01-31,36680000,36880000
2018-02-01,36670000,36870000
2018-02-02,36760000,36920000
2018-02-03,36710000,36880000
2018-02-05,36670000,36840000
2018-02-06,36750000,36920000
2018-02-07,36650000,36820000
2018-02-12,36820000,37040000
2018-02-13,36920000,37120000
2018-02-16,36920000,37120000
2018-02-21,36870000,37120000
2018-02-22,36880000,37010000
2018-02-23,36860000,36990000
2018-02-24,36800000,36980000
2018-02-25,36750000,37050000
2018-02-26,36800000,36940000
2018-03-05,36680000,36860000
2018-03-06,36640000,36820000
2018-03-07,36660000,36840000
2018-03-08,36640000,36820000
2018-03-09,36580000,36760000
2018-03-13,36550000,36800000
2018-03-19,36550000,36800000
2018-03-22,36600000,36780000
2018-03-23,36710000,36890000
2018-03-24,36840000,37040000
2018-03-26,36840000,37020000
2018-03-30,36640000,36820000
2018-03-31,36620000,36800000
2018-04-02,36620000,36800000
2018-04-03,36680000,36860000
2018-04-04,36740000,36920000
2018-04-05,36570000,36750000
2018-04-10,36670000,36850000
2018-04-11,36730000,36910000
2018-04-12,36840000,37040000
2018-04-13,36780000,36960000
2018-04-14,36950000,37170000
2018-04-16,36830000,37030000
2018-04-17,36900000,37080000
2018-04-23,36650000,36830000
2018-04-24,36640000,36840000
2018-04-26,36610000,36790000
2018-04-27,36620000,36820000
2018-04-28,36670000,36870000
2018-05-02,36540000,36720000
2018-05-03,36570000,36750000
2018-05-04,36570000,36750000
2018-05-05,36600000,36780000
2018-05-07,36550000,36730000
2018-05-08,36560000,36740000
2018-05-13,36560000,36740000
2018-05-16,36480000,36680000
2018-05-17,36460000,36660000
2018-05-18,36480000,36680000
2018-05-19,36550000,36750000
2018-05-21,36490000,36690000
2018-05-22,36500000,36700000
2018-05-23,36500000,36700000
2018-05-24,36510000,36710000
2018-05-30,36550000,36700000
2018-05-31,36570000,36720000
2018-06-01,36570000,36720000
2018-06-02,36560000,36710000
2018-06-04,36550000,36700000
2018-06-05,36560000,36710000
2018-06-06,36560000,36720000
2018-06-07,36590000,36750000
2018-06-08,36610000,36770000
2018-06-13,36770000,36970000
2018-06-14,36800000,37000000
2018-06-15,36770000,36970000
2018-06-16,36690000,36890000
2018-06-18,36740000,36920000
2018-06-19,36760000,36940000
2018-06-20,36740000,36920000
2018-06-21,36650000,36830000
2018-06-22,36770000,36960000
2018-06-27,36690000,36860000
2018-06-28,36640000,36810000
2018-06-29,36610000,36780000
2018-06-30,36640000,36820000
2018-07-02,36700000,36880000
2018-07-03,36670000,36860000
2018-07-04,36680000,36870000
2018-07-05,36690000,36880000
2018-07-06,36710000,36900000
2018-07-13,36820000,37000000
2018-07-14,36830000,37010000
2018-07-16,36780000,36960000
2018-07-17,36760000,36940000
2018-07-18,36590000,36770000
2018-07-19,36570000,36750000
2018-07-24,36740000,36920000
2018-07-25,36770000,36950000
2018-07-26,36700000,36880000
2018-07-27,36700000,36880000
2018-07-28,36720000,36900000
2018-07-30,36710000,36890000
2018-07-31,36690000,36870000
2018-08-06,36650000,36830000
2018-08-07,36680000,36860000
2018-08-08,36630000,36810000
2018-08-09,36610000,36780000
2018-08-10,36620000,36790000
2018-08-11,36640000,36820000
2018-08-13,36590000,36770000
2018-08-14,36580000,36760000
2018-08-20,36590000,36770000
2018-08-21,36560000,36740000
2018-08-22,36580000,36760000
2018-08-23,36560000,36740000
2018-08-24,36570000,36750000
2018-08-25,36640000,36820000
2018-08-27,36620000,36800000
2018-08-28,36600000,36780000
2018-08-29,36560000,36730000
2018-08-30,36570000,36740000
2018-09-11,36530000,36700000
2018-09-12,36520000,36690000
2018-09-13,36540000,36710000
2018-09-14,36550000,36710000
2018-09-15,36520000,36680000
2018-09-17,36530000,36690000
2018-09-18,36520000,36680000
2018-09-19,36530000,36680000
2018-09-20,36510000,36660000
2018-09-21,36540000,36690000
2018-09-22,36520000,36670000
2018-09-24,36470000,36620000
2018-09-25,36410000,36560000
2018-09-26,36420000,36570000
2018-10-05,36380000,36520000
2018-10-06,36400000,36540000
2018-10-08,36380000,36520000
2018-10-09,36360000,36500000
2018-10-10,36360000,36500000
2018-10-11,36390000,36530000
2018-10-12,36460000,36600000
2018-10-13,36470000,36610000
2018-10-15,36530000,36670000
2018-10-16,36490000,36630000
2018-10-17,36520000,36660000
2018-10-18,36490000,36630000
2018-10-19,36500000,36640000
2018-10-26,36500000,36640000
2018-10-27,36480000,36620000
2018-10-29,36430000,36570000
2018-10-30,36380000,36520000
2018-10-31,36360000,36500000
2018-11-01,36410000,36560000
2018-11-02,36440000,36600000
2018-11-03,36450000,36600000
2018-11-05,36440000,36590000
2018-11-06,36370000,36530000
2018-11-14,36360000,36500000
2018-11-15,36420000,36580000
2018-11-16,36480000,36640000
2018-11-17,36520000,36680000
2018-11-19,36490000,36650000
2018-11-20,36460000,36620000
2018-11-21,36430000,36590000
2018-11-22,36410000,36570000
2018-11-23,36380000,36540000
2018-11-24,36380000,36540000
2018-11-26,36360000,36520000
2018-12-05,36300000,36460000
2018-12-06,36260000,36420000
2018-12-07,36270000,36430000
2018-12-08,36330000,36490000
2018-12-10,36350000,36510000
2018-12-11,36310000,36470000
2018-12-12,36260000,36420000
2018-12-13,36220000,36380000
2018-12-14,36250000,36410000
2018-12-15,36280000,36440000
2018-12-17,36250000,36430000
2018-12-18,36240000,36420000
2018-12-19,36230000,36410000
2018-12-27,36270000,36450000
2018-12-28,36340000,36540000
2018-12-29,36330000,36550000
2018-12-31,36270000,36570000
2019-01-02,36490000,36670000
2019-01-03,36540000,36740000
2019-01-04,36590000,36790000
2019-01-05,36540000,36740000
2019-01-07,36610000,36790000
2019-01-12,36540000,36720000
2019-01-14,36530000,36710000
2019-01-15,36500000,36680000
2019-01-16,36470000,36650000
2019-01-17,36540000,36720000
2019-01-18,36560000,36740000
2019-01-19,36520000,36700000
2019-01-21,36410000,36590000
2019-01-22,36380000,36560000
2019-01-26,36380000,36560000
2019-01-28,36580000,36780000
2019-01-29,36650000,36850000
2019-01-30,36720000,36920000
2019-01-31,36900000,37100000
2019-02-01,36880000,37100000
2019-02-11,36930000,37130000
2019-02-12,36970000,37170000
2019-02-13,36780000,37020000
2019-02-14,36500000,37000000
2019-02-15,36600000,36820000
2019-02-20,36950000,37150000
2019-02-21,36930000,37130000
2019-02-22,36900000,37100000
2019-02-23,36900000,37100000
2019-02-25,36870000,37070000
2019-02-26,36860000,37060000
2019-02-27,36850000,37050000
2019-02-28,36800000,37000000
2019-03-01,36720000,36920000
2019-03-07,36450000,36620000
2019-03-08,36470000,36640000
2019-03-09,36510000,36680000
2019-03-11,36480000,36650000
2019-03-12,36470000,36630000
2019-03-13,36570000,36730000
2019-03-14,36510000,36670000
2019-03-15,36500000,36650000
2019-03-16,36480000,36630000
2019-03-18,36500000,36650000
2019-03-19,36520000,36670000
2019-03-20,36520000,36670000
2019-03-28,36610000,36730000
2019-03-29,36400000,36520000
2019-03-30,36440000,36550000
2019-04-01,36370000,36530000
2019-04-02,36330000,36490000
2019-04-03,36330000,36490000
2019-04-04,36350000,36500000
2019-04-05,36330000,36480000
2019-04-06,36330000,36480000
2019-04-08,36370000,36520000
2019-04-09,36370000,36520000
2019-04-10,36410000,36560000
2019-04-11,36420000,36570000
2019-04-12,36340000,36490000
2019-04-13,36340000,36490000
2019-04-16,36290000,36440000
2019-04-17,36180000,36330000
2019-04-22,36180000,36330000
2019-04-27,36300000,36500000
2019-05-02,36100000,36270000
2019-05-03,36070000,36240000
2019-05-04,36180000,36350000
2019-05-06,36200000,36370000
2019-05-07,36160000,36330000
2019-05-08,36200000,36370000
2019-05-09,36180000,36350000
2019-05-10,36240000,36410000
2019-05-11,36260000,36430000
2019-05-13,36200000,36370000
2019-05-14,36380000,36550000
2019-05-15,36340000,36510000
2019-05-16,36340000,36510000
2019-05-17,36260000,36430000
2019-05-30,36150000,36340000
2019-05-31,36330000,36500000
2019-06-01,36500000,36700000
2019-06-03,36640000,36810000
2019-06-04,36820000,37020000
2019-06-05,36900000,37150000
2019-06-06,36950000,37200000
2019-06-07,37000000,37200000
2019-06-08,37150000,37450000
2019-06-13,37200000,37400000
2019-06-14,37400000,37800000
2019-06-15,37300000,37600000
2019-06-17,37300000,37500000
2019-06-18,37500000,37700000
2019-06-19,37400000,37600000
2019-06-20,38230000,38480000
2019-06-22,38600000,38850000
2019-06-24,38600000,38850000
2019-06-25,39100000,39400000
2019-06-26,38800000,39050000
2019-06-29,38650000,38900000
2019-07-01,38100000,38350000
2019-07-02,38250000,38450000
2019-07-03,38850000,39150000
2019-07-04,38750000,39000000
2019-07-05,38850000,39100000
2019-07-06,38550000,38800000
2019-07-08,38800000,39050000
2019-07-12,38920000,39150000
2019-07-13,39000000,39250000
2019-07-15,39100000,39300000
2019-07-16,39050000,39250000
2019-07-17,38950000,39150000
2019-07-18,39170000,39420000
2019-07-19,39600000,39900000
2019-07-20,39400000,39700000
2019-07-22,39500000,39750000
2019-07-23,39350000,39600000
2019-07-25,39550000,39800000
2019-07-26,39370000,39620000
2019-07-27,39420000,39670000
2019-07-29,39400000,39620000
2019-07-30,39530000,39730000
2019-07-31,39600000,39800000
2019-08-01,39210000,39440000
2019-08-02,39650000,39900000
2019-08-03,39700000,39950000
2019-08-05,40250000,40550000
2019-08-06,40500000,40800000
2019-08-07,40800000,41100000
2019-08-08,41850000,42250000
2019-08-09,41650000,42050000
2019-08-10,41450000,41850000
2019-08-12,41350000,41700000
2019-08-13,41850000,42200000
2019-08-14,41200000,41600000
2019-08-15,41600000,42000000
2019-08-16,41500000,41850000
2019-08-17,41500000,41900000
2019-08-19,41300000,41650000
2019-08-20,41450000,41750000
2019-08-21,41300000,41600000
2019-08-22,41430000,41730000
2019-08-23,41450000,41750000
2019-08-24,42050000,42400000
2019-08-26,42450000,42850000
2019-08-28,42400000,42800000
2019-08-29,42550000,42900000
2019-08-30,42300000,42650000
2019-08-31,42250000,42600000
2019-09-03,42350000,42650000
2019-09-04,42400000,42750000
2019-09-05,42550000,42900000
2019-09-06,42100000,42450000
2019-09-07,42100000,42450000
2019-09-09,41750000,42100000
2019-09-10,41500000,41800000
2019-09-12,41600000,41950000
2019-09-13,41800000,42150000
2019-09-14,41550000,41900000
2019-09-16,41600000,41950000
2019-09-17,41550000,41850000
2019-09-18,41650000,41950000
2019-09-19,41650000,41950000
2019-09-20,41650000,41950000
2019-09-21,41900000,42200000
2019-09-23,41980000,42280000
2019-09-24,42050000,42350000
2019-09-25,42250000,42600000
2019-09-26,41950000,42250000
2019-09-27,41700000,42000000
2019-09-28,41700000,42000000
2019-09-30,41500000,41800000
2019-10-01,41200000,41500000
2019-10-02,41200000,41550000
2019-10-03,41650000,41950000
2019-10-04,41750000,42050000
2019-10-05,41750000,42050000
2019-10-07,41650000,41950000
2019-10-08,41600000,41850000
2019-10-09,41790000,42040000
2019-10-10,41800000,42050000
2019-10-11,41770000,42020000
2019-10-12,41500000,41800000
2019-10-14,41560000,41830000
2019-10-15,41470000,41740000
2019-10-16,41420000,41690000
2019-10-17,41430000,41700000
2019-10-18,41480000,41750000
2019-10-19,41470000,41750000
2019-10-21,41480000,41750000
2019-10-23,41550000,41820000
2019-10-24,41500000,41760000
2019-10-25,41650000,41930000
2019-10-26,41670000,41950000
2019-10-28,41720000,41980000
2019-10-29,41630000,41910000
2019-10-30,41530000,41810000
2019-10-31,41680000,41960000
2019-11-01,41860000,42140000
2019-11-02,41880000,42160000
2019-11-04,41790000,42050000
2019-11-05,41710000,41980000
2019-11-06,41570000,41840000
2019-11-07,41600000,41870000
2019-11-08,41370000,41650000
2019-11-09,41260000,41540000
2019-11-13,41160000,41420000
2019-11-14,41240000,41500000
2019-11-15,41230000,41480000
2019-11-16,41240000,41520000
2019-11-18,41190000,41410000
2019-11-19,41260000,41480000
2019-11-20,41420000,41640000
2019-11-21,41410000,41630000
2019-11-22,41390000,41620000
2019-11-23,41280000,41520000
2019-11-25,41170000,41400000
2019-11-26,41170000,41400000
2019-11-27,41170000,41400000
2019-11-28,41080000,41310000
2019-12-03,41220000,41440000
2019-12-04,41350000,41580000
2019-12-05,41360000,41580000
2019-12-06,41330000,41550000
2019-12-07,41220000,41450000
2019-12-09,41200000,41420000
2019-12-10,41230000,41450000
2019-12-11,41220000,41440000
2019-12-12,41300000,41530000
2019-12-13,41290000,41520000
2019-12-14,41300000,41530000
2019-12-16,41380000,41600000
2019-12-17,41410000,41630000
2019-12-18,41420000,41640000
2019-12-19,41360000,41580000
2019-12-20,41400000,41630000
2019-12-21,41420000,41650000
2019-12-23,41480000,41700000
2019-12-24,41670000,41890000
2019-12-25,41850000,42120000
2019-12-26,41900000,42200000
2019-12-27,42020000,42370000
2019-12-28,42050000,42450000
2019-12-30,42130000,42530000
2019-12-31,42250000,42750000
2020-01-02,42290000,42640000
2020-01-03,42710000,43030000
2020-01-04,42920000,43300000
2020-01-05,42920000,43300000
2020-01-06,43800000,44300000
2020-01-08,44000000,44500000
2020-01-09,42950000,43450000
2020-01-10,42950000,43350000
2020-01-11,43200000,43650000
2020-01-13,42900000,43300000
2020-01-14,42850000,43250000
2020-01-15,42950000,43300000
2020-01-16,43000000,43350000
2020-01-17,43100000,43450000
2020-01-18,43150000,43550000
2020-01-20,43450000,43850000
2020-01-21,43400000,43850000
2020-01-22,43300000,43750000
2020-01-30,44050000,44450000
2020-02-01,44500000,44950000
2020-02-02,44350000,44850000
2020-02-03,43800000,44500000
2020-02-04,43550000,43950000
2020-02-05,43450000,43900000
2020-02-06,43500000,43950000
2020-02-07,43600000,44000000
2020-02-08,43750000,44200000
2020-02-10,43900000,44350000
2020-02-11,43850000,44200000
2020-02-12,43850000,44200000
2020-02-17,44150000,44450000
2020-02-18,44330000,44630000
2020-02-19,44700000,45050000
2020-02-20,44650000,45000000
2020-02-21,45250000,45650000
2020-02-22,45600000,46050000
2020-02-24,47200000,48000000
2020-02-25,46500000,47400000
2020-02-26,46150000,46950000
2020-02-27,46000000,46700000
2020-02-28,45850000,46500000
2020-02-29,45000000,45800000
2020-03-02,45900000,46350000
2020-03-04,46350000,47000000
2020-03-05,46450000,46950000
2020-03-06,46800000,47300000
2020-03-07,46800000,47300000
2020-03-09,47150000,47850000
2020-03-10,46900000,47550000
2020-03-13,46450000,47150000
2020-03-14,45600000,46700000
2020-03-16,45900000,46800000
2020-03-17,45000000,45900000
2020-03-18,45400000,46200000
2020-03-19,45800000,46600000
2020-03-20,45850000,46650000
2020-03-21,45750000,46550000
2020-03-23,45800000,46500000
2020-03-24,46500000,47200000
2020-03-25,46650000,47350000
2020-03-26,46700000,47400000
2020-03-27,46950000,47750000
2020-03-28,47100000,47900000
2020-03-30,47250000,48350000
2020-03-31,47000000,48200000
2020-04-01,47050000,48050000
2020-04-03,47050000,48050000
2020-04-06,47100000,48100000
2020-04-07,47250000,48250000
2020-04-08,47150000,48000000
2020-04-09,47250000,48100000
2020-04-10,47400000,48250000
2020-04-13,47550000,48400000
2020-04-14,47750000,48550000
2020-04-15,47500000,48300000
2020-04-16,47600000,48350000
2020-04-17,47500000,48250000
2020-04-20,47250000,48000000
2020-04-21,47450000,48100000
2020-04-22,47500000,48150000
2020-04-23,47800000,48450000
2020-04-24,47850000,48500000
2020-04-25,47900000,48550000
2020-04-27,47900000,48550000
2020-04-28,47950000,48600000
2020-04-29,47850000,48500000
2020-05-04,47900000,48500000
2020-05-05,47850000,48450000
2020-05-06,47850000,48450000
2020-05-07,47800000,48250000
2020-05-08,48050000,48500000
2020-05-12,47950000,48350000
2020-05-13,48000000,48400000
2020-05-14,48170000,48550000
2020-05-15,48300000,48670000
2020-05-16,48350000,48750000
2020-05-18,48900000,49400000
2020-05-19,48580000,49030000
2020-05-20,48650000,49100000
2020-05-21,48500000,48950000
2020-05-22,48500000,48950000
2020-05-23,48450000,48900000
2020-05-27,48320000,48700000
2020-05-28,48430000,48800000
2020-05-29,48500000,48870000
2020-05-30,48520000,48900000
2020-06-01,48650000,49000000
2020-06-02,48620000,48970000
2020-06-03,48480000,48830000
2020-06-04,48450000,48800000
2020-06-05,48480000,48820000
2020-06-06,48250000,48650000
2020-06-08,48280000,48630000
2020-06-09,48370000,48720000
2020-06-10,48420000,48770000
2020-06-11,48450000,48800000
2020-06-12,48450000,48800000
2020-06-13,48420000,48770000
2020-06-15,48380000,48720000
2020-06-16,48320000,48670000
2020-06-17,48250000,48600000
2020-06-18,48370000,48700000
2020-06-19,48390000,48720000
2020-06-20,48500000,48850000
2020-06-22,48550000,48900000
2020-06-23,48680000,49030000
2020-06-25,48820000,49200000
2020-06-26,48850000,49200000
2020-06-27,48900000,49270000
2020-06-29,48970000,49320000
2020-06-30,49040000,49390000
2020-07-01,49450000,49850000
2020-07-02,49260000,49640000
2020-07-03,49480000,49850000
2020-07-04,49500000,49880000
2020-07-06,49640000,50020000
2020-07-07,49800000,50250000
2020-07-08,49950000,50350000
2020-07-09,50400000,50800000
2020-07-10,50250000,50700000
2020-07-11,50150000,50600000
2020-07-13,50200000,50600000
2020-07-14,50170000,50530000
2020-07-15,50300000,50670000
2020-07-16,50320000,50690000
2020-07-17,50320000,50690000
2020-07-18,50380000,50780000
2020-07-20,50550000,50930000
2020-07-21,51050000,51500000
2020-07-22,52100000,53050000
2020-07-23,53500000,54800000
2020-07-24,53800000,55400000
2020-07-27,55450000,56900000
2020-07-28,55900000,57400000
2020-07-29,56300000,57700000
2020-07-30,56550000,57800000
2020-07-31,56680000,57980000
2020-08-01,56630000,57930000
2020-08-03,56750000,57900000
2020-08-04,56780000,57930000
2020-08-05,57900000,59100000
2020-08-06,59600000,61400000
2020-08-07,60750000,62400000
2020-08-08,59800000,61700000
2020-08-10,56650000,58280000
2020-08-11,53580000,55480000
2020-08-12,51360000,55180000
2020-08-13,53180000,55780000
2020-08-14,54430000,56170000
2020-08-15,54180000,56180000
2020-08-17,55100000,56500000
2020-08-18,56750000,58400000
2020-08-19,55550000,56950000
2020-08-20,55050000,56450000
2020-08-21,55350000,56750000
2020-08-22,55350000,56750000
2020-08-24,55450000,56550000
2020-08-25,55100000,56150000
2020-08-26,54950000,56000000
2020-08-27,55100000,56100000
2020-08-28,55800000,56750000
2020-08-29,55800000,56900000
2020-08-31,56450000,57400000
2020-09-01,56750000,57700000
2020-09-03,55850000,56800000
2020-09-04,55850000,56800000
2020-09-05,55750000,56700000
2020-09-07,55650000,56500000
2020-09-08,55650000,56450000
2020-09-10,56050000,56750000
2020-09-11,55950000,56650000
2020-09-12,55850000,56550000
2020-09-14,55950000,56500000
2020-09-15,56150000,56700000
2020-09-16,56250000,56750000
2020-09-17,56050000,56500000
2020-09-18,56100000,56550000
2020-09-19,56000000,56500000
2020-09-21,56100000,56550000
2020-09-22,55700000,56150000
2020-09-23,55420000,55870000
2020-09-24,54450000,55000000
2020-09-25,55150000,55650000
2020-09-26,55100000,55600000
2020-09-28,54650000,55300000
2020-09-29,55050000,55550000
2020-09-30,55100000,55600000
2020-10-01,55550000,56050000
2020-10-02,56050000,56550000
2020-10-03,55950000,56450000
2020-10-05,55850000,56350000
2020-10-06,55850000,56350000
2020-10-07,55700000,56200000
2020-10-08,55650000,56150000
2020-10-09,55800000,56300000
2020-10-10,55950000,56450000
2020-10-12,55900000,56400000
2020-10-13,56000000,56500000
2020-10-14,55800000,56300000
2020-10-15,55750000,56250000
2020-10-19,55900000,56400000
2020-10-20,55900000,56400000
2020-10-21,55950000,56450000
2020-10-22,55950000,56450000
2020-10-23,55900000,56400000
2020-10-24,55850000,56350000
2020-10-26,55850000,56350000
2020-10-27,55900000,56350000
2020-10-28,55950000,56400000
2020-10-29,55800000,56300000
2020-10-30,55850000,56350000
2020-10-31,55950000,56450000
2020-11-02,56100000,56600000
2020-11-03,56200000,56700000
2020-11-04,55850000,56350000
2020-11-05,55950000,56450000
2020-11-06,56250000,56750000
2020-11-07,56300000,56800000
2020-11-09,56500000,57000000
2020-11-10,55850000,56350000
2020-11-11,55930000,56430000
2020-11-12,55850000,56350000
2020-11-13,55850000,56350000
2020-11-14,55900000,56400000
2020-11-16,55900000,56400000
2020-11-17,55800000,56300000
2020-11-18,55800000,56300000
2020-11-19,55650000,56100000
2020-11-20,55700000,56150000
2020-11-21,55750000,56200000
2020-11-23,55700000,56150000
2020-11-25,54250000,54800000
2020-11-26,54500000,55000000
2020-11-27,54400000,54900000
2020-11-28,54000000,54550000
2020-11-30,53300000,53850000
2020-12-01,53700000,54300000
2020-12-02,54450000,55100000
2020-12-03,54850000,55500000
2020-12-04,54700000,55350000
2020-12-05,54600000,55250000
2020-12-07,54650000,55200000
2020-12-08,55050000,55600000
2020-12-09,54750000,55300000
2020-12-10,54450000,55050000
2020-12-11,54750000,55250000
2020-12-12,54750000,55250000
2020-12-14,54600000,55100000
2020-12-15,54750000,55250000
2020-12-16,54900000,55400000
2020-12-17,55050000,55550000
2020-12-18,55000000,55500000
2020-12-19,55000000,55500000
2020-12-21,55250000,55800000
2020-12-22,55050000,55550000
2020-12-23,55100000,55600000
2020-12-24,55300000,55800000
2020-12-29,55400000,55900000
2020-12-30,55400000,55900000
2020-12-31,55550000,56100000
2021-01-02,55600000,56150000
2021-01-04,56250000,56800000
2021-01-05,56600000,57150000
2021-01-06,56750000,57300000
2021-01-07,56300000,56800000
2021-01-08,55750000,56350000
2021-01-11,55850000,56450000
2021-01-12,56050000,56650000
2021-01-13,55900000,56500000
2021-01-14,55850000,56450000
2021-01-15,56050000,56600000
2021-01-16,55800000,56400000
2021-01-18,55900000,56450000
2021-01-19,55850000,56400000
2021-01-21,56000000,56550000
2021-01-22,55900000,56450000
2021-01-23,55850000,56400000
2021-01-25,56000000,56550000
2021-01-26,56100000,56600000
2021-01-27,56150000,56650000
2021-01-28,56150000,56650000
2021-01-29,56250000,56750000
2021-01-30,56250000,56750000
2021-02-01,56600000,57100000
2021-02-02,56350000,56850000
2021-02-03,56350000,56850000
2021-02-04,56350000,56850000
2021-02-05,56350000,56900000
2021-02-06,56350000,56900000
2021-02-08,56500000,57050000
2021-02-09,56750000,57350000
2021-02-17,56350000,56900000
2021-02-18,56050000,56500000
2021-02-19,55750000,56300000
2021-02-20,55700000,56350000
2021-02-23,56100000,56600000
2021-02-24,56050000,56500000
2021-02-25,56050000,56450000
2021-02-26,55950000,56350000
2021-02-27,55700000,56200000
2021-03-01,55850000,56250000
2021-03-02,55700000,56100000
2021-03-03,55600000,56000000
2021-03-04,55600000,56000000
2021-03-05,55100000,55500000
2021-03-06,55100000,55600000
2021-03-08,55100000,55500000
2021-03-09,54700000,55150000
2021-03-10,54980000,55380000
2021-03-11,55500000,55800000
2021-03-12,55200000,55600000
2021-03-13,55350000,55850000
2021-03-15,55300000,55700000
2021-03-17,55250000,55650000
2021-03-18,55100000,55500000
2021-03-19,55100000,55500000
2021-03-20,55150000,55650000
2021-03-22,55050000,55450000
2021-03-23,55200000,55600000
2021-03-24,55100000,55500000
2021-03-25,55080000,55480000
2021-03-26,54870000,55270000
2021-03-30,54450000,54850000
2021-03-31,54100000,54500000
2021-04-01,54500000,54900000
2021-04-02,54950000,55350000
2021-04-03,54920000,55420000
2021-04-05,54700000,55100000
2021-04-06,54850000,55250000
2021-04-07,54850000,55250000
2021-04-08,54850000,55250000
2021-04-09,55030000,55430000
2021-04-12,54850000,55250000
2021-04-13,54800000,55200000
2021-04-14,54900000,55300000
2021-04-15,54930000,55300000
2021-04-16,55080000,55450000
2021-04-17,55180000,55620000
2021-04-18,55180000,55620000
2021-04-19,55630000,55980000
2021-04-20,55460000,55830000
2021-04-22,55480000,55830000
2021-04-23,55400000,55750000
2021-04-24,55100000,55600000
2021-04-26,55150000,55500000
2021-04-27,55300000,55650000
2021-04-28,55300000,55650000
2021-04-29,55300000,55650000
2021-05-03,55370000,55750000
2021-05-04,55400000,55750000
2021-05-05,55310000,55660000
2021-05-06,55350000,55700000
2021-05-07,55620000,55970000
2021-05-08,55730000,56180000
2021-05-10,55900000,56300000
2021-05-11,55880000,56230000
2021-05-12,55780000,56130000
2021-05-13,55720000,56070000
2021-05-14,55900000,56250000
2021-05-15,55920000,56370000
2021-05-17,56020000,56370000
2021-05-19,55900000,56250000
2021-05-20,55980000,56330000
2021-05-21,56080000,56430000
2021-05-22,56080000,56480000
2021-05-24,56050000,56400000
2021-05-25,56070000,56420000
2021-05-26,56150000,56550000
2021-05-27,56140000,56540000
2021-05-28,56300000,56700000
2021-05-29,56390000,56870000
2021-05-31,56900000,57400000
2021-06-01,56950000,57650000
2021-06-02,56950000,57550000
2021-06-03,56750000,57350000
2021-06-04,56600000,57250000
2021-06-05,56800000,57450000
2021-06-07,56600000,57200000
2021-06-08,56750000,57350000
2021-06-09,56650000,57250000
2021-06-10,56700000,57300000
2021-06-11,56900000,57500000
2021-06-12,56700000,57300000
2021-06-14,56600000,57200000
2021-06-16,56650000,57250000
2021-06-17,56250000,56850000
2021-06-18,56200000,56800000
2021-06-19,56200000,56800000
2021-06-21,56350000,56950000
2021-06-22,56450000,57000000
2021-06-23,56550000,57100000
2021-06-24,56500000,57050000
2021-06-25,56500000,57050000
2021-06-26,56500000,57100000
2021-06-28,56500000,57000000
2021-06-29,56400000,56900000
2021-06-30,56250000,56850000
2021-07-01,56300000,56900000
2021-07-02,56600000,57150000
2021-07-03,56600000,57200000
2021-07-07,56850000,57450000
2021-07-08,56900000,57550000
2021-07-09,56800000,57500000
2021-07-10,56750000,57500000
2021-07-12,56600000,57350000
2021-07-13,56600000,57350000
2021-07-14,56650000,57400000
2021-07-15,56850000,57600000
2021-07-16,56750000,57500000
2021-07-17,56850000,57500000
2021-07-19,56900000,57550000
2021-07-20,56900000,57550000
2021-07-21,56800000,57450000
2021-07-22,56800000,57450000
2021-07-23,56850000,57500000
2021-07-24,56800000,57450000
2021-07-26,56800000,57450000
2021-07-27,56600000,57300000
2021-07-28,56500000,57200000
2021-07-29,56650000,57350000
2021-07-30,56700000,57400000
2021-07-31,56550000,57250000
2021-08-02,56500000,57200000
2021-08-03,56600000,57300000
2021-08-04,56650000,57350000
2021-08-05,56550000,57250000
2021-08-06,56550000,57250000
2021-08-07,56300000,57000000
2021-08-09,56200000,56900000
2021-08-10,56250000,56950000
2021-08-11,56200000,56900000
2021-08-12,56400000,57100000
2021-08-13,56400000,57100000
2021-08-14,56550000,57250000
2021-08-16,56550000,57250000
2021-08-17,56650000,57350000
2021-08-18,56650000,57350000
2021-08-19,56550000,57250000
2021-08-20,56450000,57150000
2021-08-21,56450000,57150000
2021-08-23,56400000,57100000
2021-08-29,56400000,57100000
2021-09-03,56650000,57350000
2021-09-04,56750000,57450000
2021-09-06,56750000,57450000
2021-09-07,56750000,57450000
2021-09-08,56500000,57200000
2021-09-09,56550000,57250000
2021-09-10,56600000,57300000
2021-09-11,56600000,57300000
2021-09-13,56600000,57300000
2021-09-14,56550000,57250000
2021-09-15,56650000,57350000
2021-09-16,56500000,57200000
2021-09-17,56000000,56650000
2021-09-18,56000000,56650000
2021-09-20,56150000,56800000
2021-09-21,56450000,57100000
2021-09-22,56500000,57150000
2021-09-23,56700000,57350000
2021-09-24,56400000,57050000
2021-09-25,56350000,57000000
2021-09-27,56350000,57000000
2021-09-28,56450000,57100000
2021-09-29,56350000,56950000
2021-09-30,56250000,56850000
2021-10-01,56600000,57200000
2021-10-02,56550000,57150000
2021-10-04,56700000,57400000
2021-10-05,56750000,57450000
2021-10-06,56750000,57450000
2021-10-07,57150000,57850000
2021-10-08,57150000,57850000
2021-10-09,57250000,57950000
2021-10-12,57350000,58050000
2021-10-13,57350000,58050000
2021-10-14,57300000,58000000
2021-10-15,57100000,57800000
2021-10-16,57000000,57700000
2021-10-18,57100000,57800000
2021-10-19,57300000,58000000
2021-10-20,57350000,58050000
2021-10-21,57350000,58050000
2021-10-26,57900000,58600000
2021-10-27,58000000,58700000
2021-10-28,57800000,58500000
2021-10-29,57800000,58500000
2021-10-30,57750000,58450000
2021-11-01,57600000,58300000
2021-11-02,57850000,58550000
2021-11-03,57900000,58600000
2021-11-04,57800000,58500000
2021-11-05,58050000,58750000
2021-11-06,58050000,58750000
2021-11-08,58300000,59000000
2021-11-09,58600000,59300000
2021-11-10,58700000,59400000
2021-11-11,58850000,59550000
2021-11-12,60000000,60700000
2021-11-13,60150000,60850000
2021-11-15,60100000,60800000
2021-11-16,61100000,61800000
2021-11-17,61100000,61800000
2021-11-18,61000000,61750000
2021-11-19,60100000,60800000
2021-11-20,59300000,60500000
2021-11-21,59500000,60200000
2021-11-22,59300000,60000000
2021-11-23,59250000,60050000
2021-11-24,59400000,60100000
2021-11-25,59450000,60150000
2021-11-27,60000000,60850000
2021-11-29,59950000,60650000
2021-11-30,60000000,60700000
2021-12-01,59950000,60650000
2021-12-02,60000000,60700000
2021-12-03,60150000,60850000
2021-12-04,60400000,61100000
2021-12-06,60800000,61500000
2021-12-07,60650000,61350000
2021-12-08,60700000,61400000
2021-12-09,60550000,61250000
2021-12-10,60550000,61250000
2021-12-11,60600000,61400000
2021-12-13,60850000,61550000
2021-12-14,60900000,61600000
2021-12-15,60700000,61400000
2021-12-16,60850000,61550000
2021-12-17,61050000,61750000
2021-12-18,60900000,61600000
2021-12-20,61000000,61700000
2021-12-21,60850000,61550000
2021-12-22,60850000,61550000
2021-12-23,60950000,61650000
2021-12-28,60800000,61500000
2021-12-29,60600000,61300000
2021-12-30,60600000,61300000
2021-12-31,60950000,61650000
2022-01-03,60850000,61600000
2022-01-04,60900000,61600000
2022-01-05,61000000,61700000
2022-01-06,60750000,61450000
2022-01-07,60900000,61600000
2022-01-08,61000000,61750000
2022-01-10,60900000,61500000
2022-01-11,61000000,61650000
2022-01-13,61050000,61700000
2022-01-14,61050000,61700000
2022-01-15,61000000,61700000
2022-01-17,61100000,61700000
2022-01-18,61100000,61700000
2022-01-19,61150000,61750000
2022-01-20,61100000,61700000
2022-01-21,61150000,61750000
2022-01-22,61230000,61930000
2022-01-24,61500000,62100000
2022-01-25,61900000,62550000
2022-01-26,61950000,62600000
2022-01-27,61950000,62550000
2022-01-28,61800000,62500000
2022-02-07,62800000,63450000
2022-02-08,61800000,62500000
2022-02-09,61350000,62150000
2022-02-10,61650000,62650000
2022-02-11,61650000,62350000
2022-02-12,61900000,62700000
2022-02-14,62250000,62950000
2022-02-15,62250000,62950000
2022-02-16,62200000,62900000
2022-02-17,62550000,63150000
2022-02-22,63000000,63600000
2022-02-23,63300000,63900000
2022-02-24,64950000,65650000
2022-02-25,64800000,65800000
2022-02-26,64550000,65750000
2022-02-28,65150000,65950000
2022-03-01,65250000,66000000
2022-03-02,66600000,67400000
2022-03-03,66600000,67350000
2022-03-04,66950000,67700000
2022-03-05,67750000,69000000
2022-03-07,71700000,73500000
2022-03-08,70200000,72000000
2022-03-09,70850000,72650000
2022-03-10,67800000,69600000
2022-03-11,68400000,70200000
2022-03-12,68000000,69800000
2022-03-14,67800000,69600000
2022-03-15,67400000,68700000
2022-03-16,67000000,68200000
2022-03-17,67700000,68700000
2022-03-18,68100000,69100000
2022-03-19,67800000,68900000
2022-03-21,67550000,68550000
2022-03-24,68200000,68900000
2022-03-25,68550000,69250000
2022-03-26,68700000,69450000
2022-03-28,68600000,69300000
2022-03-29,68400000,69100000
2022-03-30,68200000,68900000
2022-04-01,68400000,69100000
2022-04-02,68300000,69050000
2022-04-04,68300000,69000000
2022-04-05,68200000,68850000
2022-04-06,68150000,68800000
2022-04-07,68200000,68850000
2022-04-08,68400000,69050000
2022-04-09,68650000,69450000
2022-04-12,68900000,69550000
2022-04-13,69200000,69800000
2022-04-14,68950000,69550000
2022-04-15,69100000,69700000
2022-04-16,69200000,69850000
2022-04-18,70350000,71000000
2022-04-19,70150000,70900000
2022-04-21,69700000,70400000
2022-04-22,69800000,70500000
2022-04-23,69550000,70350000
2022-04-25,69550000,70250000
2022-04-26,69450000,70150000
2022-04-27,69350000,70050000
2022-04-28,69250000,69950000
2022-05-05,69650000,70350000
2022-05-06,69750000,70450000
2022-05-07,69750000,70450000
2022-05-09,69600000,70300000
2022-05-10,69450000,70150000
2022-05-11,69500000,70200000
2022-05-12,69700000,70300000
2022-05-13,69400000,70050000
2022-05-14,69400000,70050000
2022-05-20,68900000,69800000
2022-05-21,68950000,69850000
2022-05-23,69050000,69950000
2022-05-24,69000000,69900000
2022-05-25,68100000,69100000
2022-05-26,68300000,69300000
2022-05-27,68550000,69550000
2022-05-28,68500000,69500000
2022-05-30,68300000,69300000
2022-05-31,68300000,69300000
2022-06-01,68300000,69300000
2022-06-02,68550000,69450000
2022-06-08,68700000,69600000
2022-06-09,68800000,69700000
2022-06-10,68550000,69450000
2022-06-11,68750000,69650000
2022-06-13,67750000,68650000
2022-06-14,67600000,68400000
2022-06-15,67650000,68450000
2022-06-16,67650000,68450000
2022-06-24,67800000,68600000
2022-06-25,67850000,68650000
2022-06-27,67900000,68600000
2022-06-28,68050000,68750000
2022-06-29,68200000,68900000
2022-06-30,68300000,68900000
2022-07-01,68150000,68750000
2022-07-02,68200000,68800000
2022-07-04,68100000,68700000
2022-07-05,68200000,68800000
2022-07-06,67850000,68450000
2022-07-07,67850000,68450000
2022-07-08,68000000,68600000
2022-07-09,67950000,68550000
2022-07-11,67900000,68500000
2022-07-16,67350000,67950000
2022-07-18,63500000,64500000
2022-07-19,62000000,64000000
2022-07-21,63200000,65200000
2022-07-22,64900000,66400000
2022-07-23,64700000,66200000
2022-07-25,65300000,66500000
2022-07-26,65000000,66000000
2022-07-27,65100000,66100000
2022-07-28,65000000,66000000
2022-07-29,65700000,66700000
2022-07-30,66100000,67100000
2022-08-01,66600000,67600000
2022-08-04,66400000,67400000
2022-08-05,66600000,67600000
2022-08-06,66300000,67300000
2022-08-08,66300000,67300000
2022-08-09,66200000,67200000
2022-08-10,66000000,67000000
2022-08-11,66200000,67200000
2022-08-12,66300000,67300000
2022-08-13,66600000,67600000
2022-08-15,66100000,67100000
2022-08-16,66000000,67000000
2022-08-17,66200000,67200000
2022-08-26,66100000,66900000
2022-08-27,66000000,66800000
2022-08-29,65750000,66550000
2022-08-30,65900000,66700000
2022-08-31,65850000,66650000
2022-09-03,65700000,66700000
2022-09-05,65900000,66700000
2022-09-06,66000000,66800000
2022-09-07,66000000,66800000
2022-09-08,66150000,66950000
2022-09-09,66200000,67000000
2022-09-10,66150000,66950000
2022-09-12,66200000,67000000
2022-09-13,66250000,67050000
2022-09-14,66050000,66850000
2022-09-22,65800000,66600000
2022-09-23,65800000,66600000
2022-09-24,65800000,66600000
2022-09-26,65600000,66400000
2022-09-27,64600000,65600000
2022-09-28,64200000,65200000
2022-09-29,64550000,65550000
2022-09-30,64900000,65900000
2022-10-05,65400000,66400000
2022-10-06,64700000,65700000
2022-10-07,64900000,65900000
2022-10-08,65500000,66500000
2022-10-10,66200000,67200000
2022-10-11,65900000,66900000
2022-10-13,66000000,67000000
2022-10-14,66200000,67200000
2022-10-15,65900000,66900000
2022-10-17,66000000,67000000
2022-10-18,66100000,67100000
2022-10-19,66000000,67000000
2022-10-20,66200000,67200000
2022-10-21,66300000,67300000
2022-10-22,66500000,67500000
2022-10-24,66300000,67300000
2022-10-25,66200000,67200000
2022-11-02,66200000,67200000
2022-11-07,66300000,67300000
2022-11-08,66200000,67200000
2022-11-09,66500000,67500000
2022-11-10,66300000,67300000
2022-11-11,66600000,67600000
2022-11-12,66600000,67600000
2022-11-14,66500000,67500000
2022-11-15,66700000,67700000
2022-11-16,66700000,67700000
2022-11-17,66700000,67700000
2022-11-18,66600000,67600000
2022-11-19,66600000,67600000
2022-11-21,66500000,67500000
2022-11-22,66500000,67500000
2022-11-23,66500000,67500000
2022-11-24,66600000,67600000
2022-12-01,66350000,67150000
2022-12-02,66200000,67000000
2022-12-03,66150000,66950000
2022-12-05,66250000,67050000
2022-12-06,66350000,67150000
2022-12-07,66100000,66900000
2022-12-08,66350000,67150000
2022-12-09,66300000,67100000
2022-12-10,66450000,67250000
2022-12-15,66000000,66800000
2022-12-16,66100000,66900000
2022-12-17,66200000,67000000
2022-12-19,66200000,67000000
2022-12-20,66400000,67200000
2022-12-21,66000000,66800000
2022-12-22,66100000,66900000
2022-12-23,66100000,66900000
2022-12-24,66150000,66950000
2022-12-26,66100000,66900000
2022-12-27,65800000,66600000
2022-12-28,65900000,66700000
2022-12-29,65900000,66700000
2022-12-30,65900000,66700000
2023-01-06,66300000,67100000
2023-01-07,66450000,67250000
2023-01-09,66000000,66800000
2023-01-10,66100000,66900000
2023-01-11,66150000,66950000
2023-01-12,66200000,67000000
2023-01-13,66500000,67300000
2023-01-14,66400000,67400000
2023-01-16,66400000,67200000
2023-01-17,66500000,67300000
2023-01-27,66500000,67300000
2023-01-30,66300000,67700000
2023-01-31,66200000,67600000
2023-02-01,66600000,67400000
2023-02-02,67000000,67800000
2023-02-03,66700000,67500000
2023-02-04,66400000,67400000
2023-02-06,66400000,67200000
2023-02-07,66550000,67350000
2023-02-08,66700000,67500000
2023-02-09,66550000,67350000
2023-02-10,66500000,67300000
2023-02-11,66600000,67400000
2023-02-13,66450000,67250000
2023-02-14,66600000,67400000
2023-02-15,66500000,67300000
2023-02-22,66300000,67100000
2023-02-23,66300000,67000000
2023-02-24,66300000,67000000
2023-02-25,66100000,66900000
2023-02-27,66050000,66750000
2023-02-28,66100000,66800000
2023-03-01,66250000,66950000
2023-03-02,66150000,66850000
2023-03-03,66100000,66800000
2023-03-04,66200000,66900000
2023-03-06,66150000,66850000
2023-03-07,66000000,66700000
2023-03-08,65850000,66550000
2023-03-09,65850000,66550000
2023-03-10,65850000,66550000
2023-03-11,66000000,66800000
2023-03-13,66250000,66950000
2023-03-17,66450000,67150000
2023-03-18,66600000,67500000
2023-03-20,66900000,67600000
2023-03-21,66600000,67300000
2023-03-22,66450000,67150000
2023-03-23,66550000,67250000
2023-03-24,66650000,67350000
2023-03-25,66600000,67300000
2023-03-27,66650000,67350000
2023-03-28,66600000,67300000
2023-04-04,66450000,67050000
2023-04-05,66550000,67150000
2023-04-06,66500000,67100000
2023-04-07,66450000,67050000
2023-04-08,66400000,67100000
2023-04-10,66450000,67050000
2023-04-11,66400000,67000000
2023-04-12,66400000,67000000
2023-04-13,66500000,67100000
2023-04-14,66500000,67100000
2023-04-15,66300000,67000000
2023-04-17,66600000,67200000
2023-04-18,66500000,67100000
2023-04-19,66350000,66950000
2023-04-20,66400000,67000000
2023-04-21,66350000,66950000
2023-04-23,66350000,66950000
2023-05-05,66500000,67100000
2023-05-06,66350000,67050000
2023-05-08,66500000,67100000
2023-05-09,66600000,67200000
2023-05-10,66500000,67100000
2023-05-11,66650000,67250000
2023-05-12,66550000,67150000
2023-05-13,66550000,67250000
2023-05-15,66650000,67250000
2023-05-16,66550000,67150000
2023-05-17,66500000,67100000
2023-05-18,66550000,67150000
2023-05-19,66650000,67250000
2023-05-20,66700000,67400000
2023-05-22,66600000,67200000
2023-06-03,66350000,67050000
2023-06-05,66550000,67150000
2023-06-06,66400000,67000000
2023-06-07,66450000,67050000
2023-06-08,66400000,67000000
2023-06-09,66500000,67100000
2023-06-10,66550000,67150000
2023-06-12,66500000,67100000
2023-06-13,66500000,67100000
2023-06-14,66550000,67150000
2023-06-15,66550000,67150000
2023-06-16,66550000,67150000
2023-06-17,66500000,67100000
2023-06-19,66450000,67050000
2023-06-20,66500000,67100000
2023-06-21,66400000,67000000
2023-06-22,66400000,67000000
2023-07-05,66350000,66950000
2023-07-06,66450000,67050000
2023-07-07,66450000,67050000
2023-07-08,66450000,67150000
2023-07-10,66500000,67100000
2023-07-11,66600000,67200000
2023-07-12,66600000,67200000
2023-07-13,66750000,67350000
2023-07-14,66650000,67250000
2023-07-15,66500000,67200000
2023-07-17,66600000,67200000
2023-07-18,66600000,67200000
2023-07-19,66600000,67200000
2023-07-20,66600000,67200000
2023-07-21,66450000,67050000
2023-07-22,66400000,67100000
2023-07-24,66600000,67200000
2023-07-25,66650000,67250000
2023-08-01,66750000,67350000
2023-08-02,66600000,67200000
2023-08-03,66600000,67200000
2023-08-04,66600000,67200000
2023-08-05,66600000,67300000
2023-08-07,66800000,67400000
2023-08-08,66700000,67300000
2023-08-09,66650000,67250000
2023-08-10,66700000,67300000
2023-08-11,66900000,67500000
2023-08-12,66800000,67500000
2023-08-14,66900000,67500000
2023-08-15,67000000,67600000
2023-08-16,66950000,67550000
2023-08-17,67000000,67600000
2023-08-28,67500000,68100000
2023-08-29,67550000,68150000
2023-08-30,67500000,68100000
2023-08-31,67650000,68250000
2023-09-01,67550000,68250000
2023-09-05,67750000,68350000
2023-09-06,67800000,68400000
2023-09-07,68050000,68650000
2023-09-08,68050000,68750000
2023-09-09,68100000,68800000
2023-09-11,68200000,68900000
2023-09-12,68050000,68750000
2023-09-13,67950000,68650000
2023-09-14,67800000,68500000
2023-09-15,68000000,68700000
2023-09-21,68350000,69050000
2023-09-22,68350000,69050000
2023-09-23,68450000,69150000
2023-09-25,68250000,68950000
2023-09-26,68100000,68800000
2023-09-27,68100000,68800000
2023-09-28,68150000,68850000
2023-09-29,68200000,68900000
2023-09-30,68250000,68950000
2023-10-02,68200000,68900000
2023-10-03,68200000,68900000
2023-10-04,68150000,68850000
2023-10-05,68300000,69000000
2023-10-06,68450000,69150000
2023-10-07,68500000,69300000
2023-10-09,68900000,69600000
2023-10-10,69050000,69750000
2023-10-11,69050000,69750000
2023-10-12,69050000,69750000
2023-10-17,69300000,70000000
2023-10-20,70250000,70950000
2023-10-30,69800000,70500000
2023-10-31,69850000,70550000
2023-11-01,70050000,70750000
2023-11-02,69950000,70650000
2023-11-03,69650000,70350000
2023-11-06,68500000,69800000
2023-11-07,68900000,69900000
2023-11-08,69300000,70300000
2023-11-09,69100000,70100000
2023-11-10,69300000,70300000
2023-11-13,69500000,70300000
2023-11-14,69550000,70350000
2023-11-15,69800000,70600000
2023-11-16,69800000,70600000
2023-11-17,70000000,70800000
2023-11-20,70150000,70850000
2023-11-21,70500000,71200000
2023-11-22,71100000,71800000
2023-11-23,70800000,71600000
2023-11-24,71000000,71800000
2023-11-27,71700000,72500000
2023-11-28,72500000,73500000
2023-11-29,72400000,73600000
2023-11-30,72400000,73600000
2023-12-01,72300000,73500000
2023-12-04,73000000,74200000
2023-12-05,73200000,74400000
2023-12-06,73000000,74200000
2023-12-07,72900000,74100000
2023-12-08,73100000,74100000
2023-12-11,72750000,73750000
2023-12-12,72600000,73600000
2023-12-13,72800000,73800000
2023-12-14,73300000,74300000
2023-12-15,73500000,74500000
2023-12-18,73400000,74400000
2023-12-19,73900000,74900000
2023-12-20,74600000,75600000
2023-12-21,74800000,75800000
2023-12-22,75800000,76800000
2023-12-23,75700000,76900000
2023-12-25,77400000,78400000
2023-12-26,77400000,79200000
2023-12-27,77800000,79500000
2023-12-28,74500000,77500000
2023-12-29,73000000,76000000
2023-12-30,71000000,74000000
2024-01-02,72000000,75000000
2024-01-03,72500000,75500000
2024-01-04,72000000,75000000
2024-01-05,72000000,75000000
2024-01-06,72000000,75000000
2024-01-08,71000000,74000000
2024-01-09,71500000,74500000
2024-01-10,71500000,74500000
2024-01-11,72800000,75300000
2024-01-12,73500000,76000000
2024-01-13,74000000,77000000
2024-01-15,74000000,76500000
2024-01-16,74000000,76500000
2024-01-17,73700000,76200000
2024-01-18,74000000,76500000
2024-01-19,74300000,76800000
2024-01-20,73700000,76700000
2024-01-22,73500000,76000000
2024-01-23,74000000,76500000
2024-01-24,74200000,76700000
2024-01-25,74000000,76500000
2024-01-26,74300000,76800000
2024-01-27,74200000,76700000
2024-01-29,74300000,76800000
2024-01-30,74900000,77400000
2024-01-31,75400000,77900000
2024-02-01,76000000,78300000
2024-02-02,76200000,78500000
2024-02-03,75600000,78100000
2024-02-05,76200000,78400000
2024-02-06,76300000,78500000
2024-02-07,76700000,78900000
2024-02-15,76500000,78800000
2024-02-16,76200000,78400000
2024-02-17,76100000,78600000
2024-02-18,75800000,78400000
2024-02-19,75000000,78000000
2024-02-20,75900000,78200000
2024-02-21,75800000,78000000
2024-02-22,76500000,78700000
2024-02-23,76300000,78500000
2024-02-24,76600000,78800000
2024-02-26,76800000,79000000
2024-02-27,76900000,78900000
2024-02-28,77300000,79300000
2024-02-29,77500000,79500000
2024-03-01,77800000,79800000
2024-03-02,77800000,80300000
2024-03-04,78400000,80400000
2024-03-05,78800000,80800000
2024-03-06,79000000,81000000
2024-03-07,79800000,81800000
2024-03-08,79900000,81900000
2024-03-09,79500000,82000000
2024-03-11,80200000,82200000
2024-03-12,80500000,82500000
2024-03-13,78200000,80700000
2024-03-14,79500000,81500000
2024-03-15,79700000,81700000
2024-03-16,79200000,81700000
2024-03-18,79400000,81400000
2024-03-19,79500000,81500000
2024-03-20,79400000,81400000
2024-03-21,78800000,80800000
2024-03-22,78000000,80000000
2024-03-23,78000000,80300000
2024-03-25,77900000,79900000
2024-03-26,78300000,80300000
2024-03-27,78900000,80900000
2024-03-28,79000000,81000000
2024-03-29,79000000,81000000
2024-03-30,78300000,80800000
2024-04-01,78600000,81100000
2024-04-02,79300000,81300000
2024-04-03,79100000,81100000
2024-04-04,79300000,81300000
2024-04-05,79500000,81500000
2024-04-06,79500000,81900000
2024-04-08,80400000,82400000
2024-04-09,82800000,84800000
2024-04-10,82400000,84400000
2024-04-11,82200000,84200000
2024-04-12,82500000,84500000
2024-04-13,80600000,83100000
2024-04-15,82100000,84100000
2024-04-16,81700000,83700000
2024-04-17,82100000,84100000
2024-04-19,81800000,83800000
2024-04-20,82000000,84000000
2024-04-22,81000000,83500000
2024-04-23,81000000,83300000
2024-04-24,82200000,84200000
2024-04-25,82000000,84300000
2024-04-26,83000000,85200000
2024-05-02,82900000,85100000
2024-05-03,83500000,85800000
2024-05-04,83500000,85900000
2024-05-06,84300000,86500000
2024-05-07,85300000,87500000
2024-05-08,85300000,87500000
2024-05-09,87200000,89500000
2024-05-10,90100000,92400000
2024-05-11,88800000,91300000
2024-05-13,87500000,90000000
2024-05-14,86000000,89000000
2024-05-15,87700000,90200000
2024-05-16,87500000,90000000
2024-05-17,87500000,90000000
2024-05-18,87700000,90400000
2024-05-20,89000000,91000000
2024-05-21,88400000,90400000
2024-05-22,88900000,90900000
2024-05-23,87800000,89800000
2024-05-24,87500000,89500000
2024-05-25,87500000,89500000
2024-05-27,87900000,89900000
2024-05-28,88500000,90500000
2024-05-29,88300000,90300000
2024-05-30,86300000,88800000
2024-05-31,83000000,87000000
2024-06-01,81000000,83000000
2024-06-03,77980000,79980000
2024-06-04,77480000,78980000
2024-06-05,76780000,77980000
2024-06-06,74980000,76980000
2024-06-07,74980000,76980000
2024-06-10,74980000,76980000
2024-06-11,74980000,76980000
2024-06-12,74980000,76980000
2024-06-13,74980000,76980000
2024-06-14,74980000,76980000
2024-06-17,74980000,76980000
2024-06-18,74980000,76980000
2024-06-19,74980000,76980000
2024-06-20,74980000,76980000
2024-06-21,74980000,76980000
2024-06-24,74980000,76980000
2024-06-25,74980000,76980000
2024-06-26,74980000,76980000
2024-06-27,74980000,76980000
2024-06-28,74980000,76980000
2024-07-01,74980000,76980000
2024-07-02,74980000,76980000
2024-07-03,74980000,76980000
2024-07-04,74980000,76980000
2024-07-05,74980000,76980000
2024-07-08,74980000,76980000
2024-07-09,74980000,76980000
2024-07-10,74980000,76980000
2024-07-11,74980000,76980000
2024-07-12,75480000,76980000
2024-07-15,75480000,76980000
2024-07-16,75480000,76980000
2024-07-17,75980000,76980000
2024-07-18,78500000,80000000
2024-07-19,78500000,80000000
2024-07-20,78000000,80000000
2024-07-22,78000000,80000000
2024-07-23,77500000,79500000
2024-07-24,77500000,79500000
2024-07-25,77500000,79500000
2024-07-26,77500000,79500000
2024-07-27,77500000,79500000
2024-07-29,77500000,79500000
2024-07-30,77000000,79000000
2024-07-31,77000000,79000000
2024-08-01,77800000,79800000
2024-08-02,78300000,79800000
2024-08-03,78300000,79800000
2024-08-05,78300000,79800000
2024-08-06,77000000,79000000
2024-08-07,77000000,79000000
2024-08-08,76500000,78500000
2024-08-09,76500000,78500000
2024-08-12,76500000,78500000
2024-08-13,78000000,80000000
2024-08-14,78000000,80000000
2024-08-15,78000000,80000000
2024-08-16,78000000,80000000
2024-08-19,78000000,80000000
2024-08-20,79000000,81000000
2024-08-21,79000000,81000000
2024-08-22,79000000,81000000
2024-08-23,79000000,81000000
2024-08-26,79000000,81000000
2024-08-27,79000000,81000000
2024-08-28,79000000,81000000
2024-08-29,79000000,81000000
2024-08-30,79000000,81000000
2024-09-04,79000000,81000000
2024-09-05,78500000,80500000
2024-09-06,78500000,80500000
2024-09-09,78500000,80500000
2024-09-10,78500000,80500000
2024-09-11,78500000,80500000
2024-09-12,78500000,80500000
2024-09-17,80000000,82000000
2024-09-18,80000000,82000000
2024-09-19,79800000,81800000
2024-09-20,79800000,81800000
2024-10-08,83000000,85000000
2024-10-09,83000000,85000000
2024-10-10,82500000,84500000
2024-10-11,82500000,84500000
2024-10-12,82500000,84500000
2024-10-14,83000000,85000000
2024-10-15,83000000,85000000
2024-10-16,84000000,86000000
2024-10-18,84000000,86000000
2024-10-19,84000000,86000000
2024-10-21,86000000,88000000
2024-10-22,87000000,89000000
2024-10-23,87000000,89000000
2024-10-24,87000000,89000000
2024-10-25,87000000,89000000
2024-10-28,87000000,89000000
2024-10-29,87000000,89000000
2024-10-30,88000000,90000000
2024-10-31,88000000,90000000
2024-11-01,87500000,89500000
2024-11-04,87000000,89000000
2024-11-05,87000000,89000000
2024-11-06,87000000,89000000
2024-11-07,81000000,85500000
2024-11-08,82000000,86000000
2024-11-09,82000000,85800000
2024-11-11,81900000,85400000
2024-11-12,80500000,84000000
2024-11-13,80500000,84000000
2024-11-14,80000000,83500000
2024-11-15,80000000,83500000
2024-11-18,81000000,84000000
2024-11-19,82000000,85000000
2024-11-20,82700000,85700000
2024-11-21,83700000,86200000
2024-11-22,85000000,87000000
2024-11-25,84600000,86600000
2024-11-26,82700000,85200000
2024-11-27,83000000,85500000
2024-11-28,82900000,85400000
2024-11-29,83300000,85800000
2024-12-02,82800000,85300000
2024-12-03,83000000,85500000
2024-12-04,83000000,85500000
2024-12-05,83000000,85500000
2024-12-06,82700000,85200000
2024-12-09,82700000,85200000
2024-12-10,83600000,85600000
2024-12-11,84400000,86900000
2024-12-12,84600000,87100000
2024-12-13,83800000,86300000
2024-12-15,83800000,86300000
2024-12-16,82600000,85100000
2024-12-17,82600000,85100000
2024-12-18,83100000,85100000
2024-12-19,82100000,84100000
2024-12-20,81800000,83800000
2024-12-23,82500000,84500000
2024-12-24,82300000,84300000
2024-12-25,82300000,84300000
2024-12-26,82500000,84500000
2024-12-27,82700000,84700000
2024-12-30,82500000,84500000
2024-12-31,82200000,84200000
2025-01-02,83500000,85000000
2025-01-03,84000000,85500000
2025-01-06,83500000,85000000
2025-01-07,83800000,85300000
2025-01-08,84000000,85500000
2025-01-09,84500000,86000000
2025-01-10,84700000,86200000
2025-01-11,84800000,86800000
2025-01-13,84800000,86800000
2025-01-14,84400000,86400000
2025-01-15,84600000,86600000
2025-01-16,85000000,87000000
2025-01-17,85300000,87300000
2025-01-18,84900000,86900000
2025-01-20,84900000,86900000
2025-01-21,85500000,87500000
2025-01-22,86200000,88200000
2025-01-23,86100000,88100000
2025-01-24,86800000,88800000
2025-02-03,87800000,89800000
2025-02-04,87600000,90100000
2025-02-05,88000000,91000000
2025-02-06,86400000,89600000
2025-02-07,86800000,90300000
2025-02-08,86800000,90300000
2025-02-10,88300000,91300000
2025-02-11,88000000,90500000
2025-02-12,86700000,90200000
2025-02-13,87700000,90700000
2025-02-14,88300000,91300000
2025-02-15,87300000,90300000
2025-02-17,87600000,90600000
2025-02-18,88600000,91100000
2025-02-19,89600000,91900000
2025-02-20,90000000,92300000
2025-02-21,89400000,91700000
2025-02-22,89400000,91700000
2025-02-24,89700000,92000000
2025-02-25,89700000,92000000
2025-02-26,89000000,91300000
2025-02-27,88900000,91200000
2025-02-28,88500000,90500000
2025-03-01,88500000,90500000
2025-03-03,89000000,91000000
2025-03-04,90700000,92700000
2025-03-05,90700000,92700000
2025-03-06,90700000,92700000
2025-03-07,91100000,93100000
2025-03-08,90900000,92900000
2025-03-10,90900000,92900000
2025-03-11,91000000,93000000
2025-03-12,91800000,93500000
2025-03-13,92900000,94400000
2025-03-14,94300000,95800000
2025-03-15,94300000,95800000
2025-03-17,94800000,96100000
2025-03-18,96700000,98200000
2025-03-19,98000000,99500000
2025-03-20,97800000,99800000
2025-03-21,94700000,97700000
2025-03-22,94400000,97400000
2025-03-24,95100000,97600000
2025-03-25,95900000,97900000
2025-03-26,96700000,98400000
2025-03-27,97400000,98900000
2025-03-28,98200000,100200000
2025-03-29,98400000,100700000
2025-03-31,99500000,101800000
2025-04-01,99400000,102100000
2025-04-02,99100000,101800000
2025-04-03,99500000,102200000
2025-04-04,98800000,101300000
2025-04-05,97100000,100100000
2025-04-08,97700000,100200000
2025-04-09,99700000,101900000
2025-04-10,100600000,103600000
2025-04-11,102200000,105200000
2025-04-12,103000000,106500000
2025-04-14,105000000,107500000
2025-04-15,105500000,108000000
2025-04-16,113000000,115500000
2025-04-17,115500000,118000000
2025-04-18,117000000,120000000
2025-04-19,112000000,114000000
2025-04-21,116000000,118000000
2025-04-22,122000000,124000000
2025-04-23,116500000,119500000
2025-04-24,118500000,121000000
2025-04-25,118500000,120500000
2025-04-26,119000000,121000000
2025-04-28,117500000,119500000
2025-04-29,119300000,121300000
2025-05-05,117800000,119800000
2025-05-06,120200000,122200000
2025-05-07,120200000,122200000
2025-05-08,118500000,120500000
2025-05-09,119500000,121500000
2025-05-10,120000000,122000000
2025-05-12,117200000,119200000
2025-05-13,118500000,120500000
2025-05-14,118000000,120000000
2025-05-15,115500000,118200000
2025-05-16,115700000,118700000
2025-05-17,115500000,118500000
2025-05-19,116800000,119300000
2025-05-20,116800000,119300000
2025-05-21,118500000,121000000
2025-05-22,118500000,120500000
2025-05-23,118500000,120500000
2025-05-24,119000000,121000000
2025-05-26,116500000,119000000
2025-05-27,115500000,118000000
2025-05-28,116200000,118700000
2025-05-29,115500000,118000000
2025-05-30,116000000,118500000
2025-05-31,115700000,118200000
2025-06-02,115800000,117800000
2025-06-03,114900000,117200000
2025-06-04,114900000,117200000
2025-06-05,115400000,117700000
2025-06-06,116000000,118000000
2025-06-07,114900000,117200000
2025-06-09,115700000,117700000
2025-06-10,116500000,118500000
2025-06-11,116800000,118800000
2025-06-12,117000000,119000000
2025-06-13,117500000,120000000
2025-06-14,117800000,120300000
2025-06-16,117600000,119600000
2025-06-17,117600000,119600000
2025-06-18,117600000,119600000
2025-06-19,117400000,119400000
2025-06-20,117400000,119400000
2025-06-21,117700000,119700000
2025-06-23,117700000,119700000
2025-06-24,117500000,119500000
2025-06-25,117500000,119500000
2025-06-26,118000000,120000000
2025-06-27,117700000,119700000
2025-06-28,117200000,119200000
2025-06-30,117500000,119500000
2025-07-01,118700000,120700000
2025-07-02,118700000,120700000
2025-07-03,119300000,121300000
2025-07-04,118900000,120900000
2025-07-05,118900000,120900000
2025-07-07,118500000,120500000
2025-07-08,119000000,121000000
2025-07-09,118600000,120600000
2025-07-10,118800000,120800000
2025-07-11,119000000,121000000
2025-07-12,119500000,121500000
2025-07-14,119500000,121500000
2025-07-15,119100000,121100000
2025-07-16,118600000,120600000
2025-07-17,118600000,120600000
2025-07-18,119500000,121000000
2025-07-19,119700000,121200000
2025-07-21,120000000,121500000
2025-07-22,120000000,122000000
2025-07-23,120700000,122700000
2025-07-24,119700000,121700000
2025-07-25,119700000,121700000
2025-07-26,119600000,121100000
2025-07-28,119600000,121100000
2025-07-29,119700000,121200000
2025-07-30,120000000,121500000
2025-07-31,119900000,121400000
2025-08-01,119900000,121400000
2025-08-02,121500000,123500000
2025-08-04,121700000,123300000
2025-08-05,122200000,123800000
2025-08-06,122400000,123800000
2025-08-07,122400000,123800000
2025-08-08,123200000,124400000
2025-08-09,123200000,124400000
2025-08-11,122700000,123900000
2025-08-12,122700000,123900000
2025-08-13,123000000,124200000
2025-08-14,123700000,124700000
2025-08-15,123500000,124500000
2025-08-16,123500000,124500000
2025-08-18,124000000,125000000
2025-08-19,124000000,125000000
2025-08-20,123800000,124800000
2025-08-21,124400000,125400000
2025-08-22,124400000,125400000
2025-08-23,125600000,126600000
2025-08-25,125600000,127100000
2025-08-26,125700000,127700000
2025-08-27,126000000,128000000
2025-08-28,127000000,128500000
2025-08-29,127800000,129300000
2025-08-30,129100000,130600000
2025-09-03,131900000,133400000
2025-09-04,132400000,133900000
2025-09-05,132900000,134400000
2025-09-06,133900000,135400000
2025-09-08,133100000,135100000
2025-09-09,133800000,135800000
2025-09-10,133300000,135300000
2025-09-11,130300000,133300000
2025-09-12,128400000,131400000
2025-09-13,128100000,131100000
2025-09-15,128600000,131100000
2025-09-16,130300000,132300000
2025-09-17,130300000,132300000
2025-09-18,130000000,132000000
2025-09-19,130000000,132000000
2025-09-20,131000000,133000000
2025-09-22,131600000,133600000
2025-09-23,133000000,135000000
2025-09-24,133100000,135100000
2025-09-25,132500000,134500000
2025-09-26,132500000,134500000
2025-09-27,133000000,135000000
2025-09-29,134500000,136500000
2025-09-30,134800000,136800000
2025-10-01,136400000,138400000
2025-10-02,136000000,138000000
2025-10-03,135800000,137800000
2025-10-04,136600000,138600000
2025-10-06,138100000,140100000
2025-10-07,138600000,140600000
2025-10-08,140500000,142500000
2025-10-09,140500000,142500000
2025-10-10,140200000,142200000
2025-10-11,140800000,142800000
2025-10-13,142100000,144100000
2025-10-14,144100000,146100000
2025-10-15,146000000,148000000
2025-10-16,147100000,149100000
2025-10-17,151500000,153000000
2025-10-18,149500000,151000000
2025-10-20,150500000,151500000
2025-10-21,151500000,152500000
2025-10-22,146600000,148600000
2025-10-23,147500000,149500000
2025-10-24,146500000,148500000
2025-10-25,147200000,149200000
2025-10-27,146900000,148400000
2025-10-28,143100000,145100000
2025-10-29,146100000,148100000
2025-10-30,145800000,147800000
2025-10-31,146400000,148400000
2025-11-01,146400000,148400000
2025-11-03,147000000,149000000
2025-11-04,146200000,148200000
2025-11-05,145500000,147500000
2025-11-06,146400000,148400000
2025-11-07,146400000,148400000
2025-11-08,146400000,148400000
2025-11-10,148200000,150200000
2025-11-11,150000000,152000000
2025-11-12,149500000,151500000
2025-11-13,152500000,154500000
2025-11-14,151200000,153200000
2025-11-15,149000000,151000000
2025-11-17,149000000,151000000
2025-11-18,147300000,149300000
2025-11-19,149000000,151000000
2025-11-20,148300000,150300000
2025-11-21,147800000,149800000
2025-11-22,148400000,150400000
2025-11-24,148400000,150400000
2025-11-25,150900000,152900000
2025-11-26,151400000,153400000
2025-11-27,151400000,153400000
2025-11-28,152200000,154200000
2025-11-29,152900000,154900000
2025-12-01,153200000,155200000
2025-12-02,152500000,154500000
2025-12-03,152500000,154500000
2025-12-04,151800000,153800000
2025-12-05,152900000,154900000
2025-12-06,152200000,154200000
2025-12-08,152500000,154500000
2025-12-09,151700000,153700000
2025-12-10,152700000,154700000
2025-12-11,152500000,154500000
2025-12-12,153600000,155600000
2025-12-13,154300000,156300000
2025-12-15,155200000,157200000
2025-12-16,153600000,155600000
2025-12-17,154200000,156200000
2025-12-18,154400000,156400000
2025-12-19,154400000,156400000
2025-12-20,154600000,156600000
2025-12-22,155500000,157500000
2025-12-23,157000000,159000000
2025-12-24,157200000,159200000
2025-12-25,156800000,158800000
2025-12-26,157400000,159400000
2025-12-27,157700000,159700000
2025-12-29,156000000,158000000
2025-12-30,152700000,154700000
2025-12-31,150800000,152800000
2026-01-05,155100000,157100000
2026-01-06,156000000,158000000
2026-01-07,156100000,158100000
2026-01-08,155200000,157200000
2026-01-09,156300000,158300000
2026-01-10,157800000,159800000
2026-01-12,160000000,162000000
2026-01-13,160000000,162000000
2026-01-14,161500000,163500000
2026-01-15,160800000,162800000
2026-01-16,160800000,162800000
2026-01-17,160800000,162800000
2026-01-19,163000000,165000000
2026-01-20,164100000,166100000
2026-01-21,168500000,170500000
2026-01-22,167300000,169300000
2026-01-23,170200000,172200000
2026-01-24,172300000,174300000
2026-01-26,175000000,177000000
2026-01-27,175300000,177300000
2026-01-28,181700000,184200000
2026-01-29,186600000,189600000
2026-01-30,178000000,181000000
2026-01-31,169000000,172000000
2026-02-02,163000000,166000000
2026-02-03,173500000,176500000
2026-02-04,177200000,180200000
2026-02-05,174200000,177200000
2026-02-06,173500000,176500000
2026-02-07,176300000,179300000
2026-02-09,177400000,180400000
2026-02-10,178000000,181000000
2026-02-11,178000000,181000000
2026-02-12,178000000,181000000
2026-02-13,176000000,179000000
2026-02-14,178000000,181000000
2026-02-18,178000000,181000000
2026-02-23,181600000,184600000
2026-02-24,181600000,184600000
2026-02-25,182300000,185300000
2026-02-26,181000000,184000000
2026-02-27,181000000,184000000
2026-02-28,184000000,187000000
2026-03-02,187900000,190900000
2026-03-03,185200000,188200000
2026-03-04,181200000,184200000
2026-03-05,181700000,184700000
2026-03-06,180800000,183800000
2026-03-07,182000000,185000000
2026-03-09,181100000,184100000
2026-03-10,183100000,186100000
2026-03-11,184200000,187200000
2026-03-12,183300000,186300000
2026-03-13,181800000,184800000
2026-03-14,179600000,182600000
2026-03-16,180100000,183100000
2026-03-17,180000000,183000000
2026-03-18,180000000,183000000
2026-03-19,172500000,175500000
2026-03-20,173100000,176100000
2026-03-21,168000000,171000000
2026-03-23,163000000,166000000
2026-03-24,167200000,170200000
2026-03-25,170500000,173500000
2026-03-26,168500000,171500000
2026-03-27,168600000,171600000
2026-03-28,169800000,172800000
2026-03-30,170800000,173800000
2026-03-31,171900000,174900000
2026-04-01,173700000,176700000
2026-04-02,170000000,173500000
2026-04-03,171000000,174500000
2026-04-04,171500000,174500000
2026-04-06,170100000,173100000
2026-04-07,169500000,172500000
2026-04-08,171000000,175000000
2026-04-09,168500000,171500000
2026-04-10,169700000,172700000
2026-04-11,169400000,172400000
2026-04-13,168500000,171500000
2026-04-14,170500000,173000000
2026-04-15,170000000,173500000
2026-04-16,167700000,171200000
2026-04-17,167500000,171000000
2026-04-18,168500000,172000000
2026-04-20,168300000,171300000
2026-04-21,168100000,170600000
2026-04-22,167500000,170000000
2026-04-23,166700000,169200000
2026-04-24,165500000,168000000
2026-04-25,166300000,168800000
2026-04-28,164500000,167500000
2026-04-29,163000000,166000000
2026-05-04,163300000,166300000
2026-05-05,162000000,165000000
2026-05-06,163000000,166000000
2026-05-07,164500000,167500000
2026-05-08,164500000,167500000
2026-05-09,164500000,167500000
2026-05-11,162200000,165200000
2026-05-12,162500000,165500000
2026-05-13,162000000,165000000
2026-05-14,162000000,165000000
2026-05-15,161000000,164000000
2026-05-16,160500000,163500000
2026-05-18,161300000,163800000
2026-05-19,161000000,163500000
2026-05-20,159000000,162000000
2026-05-21,159400000,162400000
2026-05-22,159000000,162000000
2026-05-23,158500000,161500000
2026-05-25,159000000,162000000
2026-05-26,158500000,161500000
2026-05-27,157700000,160700000
2026-05-28,154500000,157500000
2026-05-29,155500000,158500000
2026-05-30,156000000,159000000
2026-06-01,155500000,158500000
2026-06-02,154500000,157500000
2026-06-03,154000000,157000000
2026-06-04,153000000,156000000
2026-06-05,149200000,153200000
2026-06-06,146200000,150200000
2026-06-08,138800000,143800000
2026-06-09,138800000,143800000
2026-06-10,133300000,138300000
2026-06-11,133400000,138400000
2026-06-12,142400000,145400000
2026-06-13,144000000,147000000
2026-06-15,148000000,150500000
2026-06-16,149500000,151500000
2026-06-17,148800000,151300000
2026-06-18,148800000,151300000
2026-06-19,143700000,146700000
2026-06-20,144200000,147200000
2026-06-22,145600000,148600000
2026-06-23,144000000,147000000
2026-06-24,144000000,147000000
2026-06-25,143200000,146200000
2026-06-26,144000000,147000000
2026-06-27,145500000,148500000
2026-06-29,145000000,148000000
2026-06-30,144000000,147000000
2026-07-01,143400000,146400000
2026-07-02,145400000,148400000
2026-07-03,148400000,151400000
2026-07-04,148400000,151400000
2026-07-06,148000000,151000000
2026-07-07,147000000,150000000
2026-07-08,145500000,148500000
2026-07-09,146000000,149000000
2026-07-10,146900000,149900000
2026-07-11,146900000,149900000
2026-07-13,145400000,148400000
2026-07-14,144500000,147500000
2026-07-15,145500000,148500000
2026-07-16,145200000,148200000
2026-07-17,143600000,146600000
2026-07-18,144500000,147500000
2026-07-20,143000000,146000000
2026-07-21,143600000,146600000
2026-07-22,142000000,146000000
2026-07-23,135000000,140000000
2026-07-24,135500000,140500000
2026-07-25,137500000,141500000
2026-07-27,139000000,143000000
2026-07-28,137500000,141500000
2026-07-29,137500000,141500000
2026-07-30,137700000,141700000
2026-07-31,137900000,141900000
2026-08-01,137000000,141000000
2026-08-03,137500000,141000000
2026-08-04,137500000,140500000
2026-08-05,138800000,141800000
2026-08-06,139700000,142700000
2026-08-07,139200000,142200000
2026-08-08,141000000,144000000
2026-08-10,141100000,144100000
2026-08-11,142000000,145000000
2026-08-12,141300000,144300000
2026-08-13,141300000,144300000
2026-08-14,140300000,143300000
2026-08-16,141000000,144000000
2026-08-17,141800000,144800000
2026-08-20,143000000,146000000
2026-08-21,144000000,147000000
2026-08-22,144600000,147600000
2026-08-24,147000000,150000000
2026-08-25,147600000,150600000
2026-08-26,147300000,150300000
