date,stock_code,industry,weight_pct,asset_value,type_asset
2018-12-01,MWG,Bán lẻ,12.36,137832360000,STOCK
2018-12-01,PNJ,Bán lẻ,5.63,62766472000,STOCK
2018-12-01,ACB,Ngân hàng,4.81,53565699200,STOCK
2018-12-01,TCB,Ngân hàng,4.61,51334998000,STOCK
2018-12-01,FPT,Công nghệ và thông tin,4.27,47601304600,STOCK
2018-12-01,VHM,Bất động sản,4.18,46561290000,STOCK
2018-12-01,HPG,Vật liệu xây dựng,3.89,43310130100,STOCK
2018-12-01,BID,Ngân hàng,3.82,42579976000,STOCK
2018-12-01,VCB,Ngân hàng,3.66,40793482500,STOCK
2018-12-01,MBB,Ngân hàng,3.2,35673906300,STOCK
2018-12-01,VNM,Thực phẩm - Đồ uống,2.92,32503560000,STOCK
2018-12-01,VJC,Vận tải - kho bãi,2.04,22731720000,STOCK
2018-12-01,KDH,Bất động sản,1.99,22139733000,STOCK
2018-12-01,GAS,Tiện ích,1.63,18224104000,STOCK
2018-12-01,MSN,Thực phẩm - Đồ uống,1.61,17914900000,STOCK
2018-12-01,SAB,Thực phẩm - Đồ uống,1.48,16456600000,STOCK
2018-12-01,SSI,Chứng khoán,1.37,15258990500,STOCK
2018-12-01,VPB,Ngân hàng,1.32,14752286850,STOCK
2018-12-01,VCI,Chứng khoán,1.26,14054376000,STOCK
2018-12-01,CTG,Ngân hàng,1.13,12612550000,STOCK
2018-12-01,PME,Chăm sóc sức khỏe,1.1,12312967500,STOCK
2018-12-01,ACV,Vận tải - kho bãi,1.06,11826000000,STOCK
2018-12-01,CTD,Xây dựng,1.04,11592000000,STOCK
2018-12-01,DXG,Bất động sản,0.86,9612820000,STOCK
2018-12-01,POW,Tiện ích,0.54,6059200000,STOCK
2018-12-01,PLX,Bán buôn,0.54,6026100000,STOCK
2018-12-01,NLG,Bất động sản,0.34,3766155000,STOCK
2018-12-01,VTP,Vận tải - kho bãi,0.24,2684180000,STOCK
2018-12-01,KBC,Bất động sản,0.22,2498500000,STOCK
2018-12-01,VIC,Bất động sản,0.21,2382785900,STOCK
2018-12-01,BOND,,7.19,80147300000,BOND
2018-12-01,CASH,,17.84,198883445853,CASH
2018-12-01,OTHER,,1.64,18295043671,OTHER
2019-01-01,MWG,Bán lẻ,8.13,87814830000,STOCK
2019-01-01,PNJ,Bán lẻ,5.92,63978700000,STOCK
2019-01-01,VHM,Bất động sản,4.7,50748000000,STOCK
2019-01-01,FPT,Công nghệ và thông tin,4.51,48729297600,STOCK
2019-01-01,TCB,Ngân hàng,4.15,44834820000,STOCK
2019-01-01,ACB,Ngân hàng,4.1,44236768800,STOCK
2019-01-01,VCB,Ngân hàng,4.01,43309716000,STOCK
2019-01-01,BID,Ngân hàng,3.61,38990385000,STOCK
2019-01-01,MBB,Ngân hàng,3.48,37539534600,STOCK
2019-01-01,VNM,Thực phẩm - Đồ uống,3.39,36566505000,STOCK
2019-01-01,HPG,Vật liệu xây dựng,3.22,34745716600,STOCK
2019-01-01,KDH,Bất động sản,1.87,20194120100,STOCK
2019-01-01,GAS,Tiện ích,1.71,18476632000,STOCK
2019-01-01,MSN,Thực phẩm - Đồ uống,1.66,17961132000,STOCK
2019-01-01,VJC,Vận tải - kho bãi,1.56,16849228500,STOCK
2019-01-01,SSI,Chứng khoán,1.38,14944077000,STOCK
2019-01-01,VPB,Ngân hàng,1.38,14937152600,STOCK
2019-01-01,SAB,Thực phẩm - Đồ uống,1.33,14334160000,STOCK
2019-01-01,CTG,Ngân hàng,1.19,12873950000,STOCK
2019-01-01,ACV,Vận tải - kho bãi,1.02,11050740000,STOCK
2019-01-01,VCI,Chứng khoán,1.01,10899312000,STOCK
2019-01-01,PME,Chăm sóc sức khỏe,0.99,10703556000,STOCK
2019-01-01,CTD,Xây dựng,0.9,9766260000,STOCK
2019-01-01,DXG,Bất động sản,0.87,9350285000,STOCK
2019-01-01,VIC,Bất động sản,0.64,6961611700,STOCK
2019-01-01,POW,Tiện ích,0.58,6229615000,STOCK
2019-01-01,PLX,Bán buôn,0.57,6128430000,STOCK
2019-01-01,KBC,Bất động sản,0.53,5752800000,STOCK
2019-01-01,VTP,Vận tải - kho bãi,0.39,4224000000,STOCK
2019-01-01,NLG,Bất động sản,0.35,3817246250,STOCK
2019-01-01,VRE,Bất động sản,0.08,831032000,STOCK
2019-01-01,BOND,,14.52,156803550000,BOND
2019-01-01,CASH,,15.37,165924601596,CASH
2019-01-01,OTHER,,0.88,9561654204,OTHER
2019-02-01,MWG,Bán lẻ,8.18,91835268000,STOCK
2019-02-01,PNJ,Bán lẻ,5.78,64921544000,STOCK
2019-02-01,VHM,Bất động sản,4.94,55505625000,STOCK
2019-02-01,FPT,Công nghệ và thông tin,4.82,54078390600,STOCK
2019-02-01,VCB,Ngân hàng,4.11,46130947500,STOCK
2019-02-01,TCB,Ngân hàng,3.99,44834820000,STOCK
2019-02-01,HPG,Vật liệu xây dựng,3.99,44834428800,STOCK
2019-02-01,ACB,Ngân hàng,3.98,44688164400,STOCK
2019-02-01,VIC,Bất động sản,3.64,40847682000,STOCK
2019-02-01,BID,Ngân hàng,3.58,40228175000,STOCK
2019-02-01,VNM,Thực phẩm - Đồ uống,3.4,38218769300,STOCK
2019-02-01,MBB,Ngân hàng,3.28,36853881000,STOCK
2019-02-01,GAS,Tiện ích,1.93,21647208000,STOCK
2019-02-01,KDH,Bất động sản,1.84,20663750800,STOCK
2019-02-01,MSN,Thực phẩm - Đồ uống,1.83,20550124000,STOCK
2019-02-01,VPB,Ngân hàng,1.55,17376884100,STOCK
2019-02-01,VJC,Vận tải - kho bãi,1.45,16235289000,STOCK
2019-02-01,SSI,Chứng khoán,1.42,15974703000,STOCK
2019-02-01,SAB,Thực phẩm - Đồ uống,1.31,14764800000,STOCK
2019-02-01,CTG,Ngân hàng,1.21,13592800000,STOCK
2019-02-01,VCI,Chứng khoán,1.18,13284480000,STOCK
2019-02-01,VRE,Bất động sản,1.04,11690910000,STOCK
2019-02-01,ACV,Vận tải - kho bãi,1.03,11563200000,STOCK
2019-02-01,PME,Chăm sóc sức khỏe,0.98,10955632500,STOCK
2019-02-01,DXG,Bất động sản,0.88,9895550000,STOCK
2019-02-01,CTD,Xây dựng,0.86,9693810000,STOCK
2019-02-01,KBC,Bất động sản,0.85,9573900000,STOCK
2019-02-01,VTP,Vận tải - kho bãi,0.57,6435600000,STOCK
2019-02-01,PLX,Bán buôn,0.57,6424050000,STOCK
2019-02-01,POW,Tiện ích,0.54,6097070000,STOCK
2019-02-01,NLG,Bất động sản,0.34,3853740000,STOCK
2019-02-01,BOND,,7.14,80147300000,BOND
2019-02-01,CASH,,17.18,192890826677,CASH
2019-02-01,OTHER,,0.59,6583739442,OTHER
2019-03-01,MWG,Bán lẻ,8.2,89719248000,STOCK
2019-03-01,PNJ,Bán lẻ,6.12,67009270000,STOCK
2019-03-01,VHM,Bất động sản,5.3,58043025000,STOCK
2019-03-01,FPT,Công nghệ và thông tin,5.26,57534431500,STOCK
2019-03-01,HPG,Vật liệu xây dựng,4.71,51595927600,STOCK
2019-03-01,VCB,Ngân hàng,4.64,50777513500,STOCK
2019-03-01,BID,Ngân hàng,4.05,44312882000,STOCK
2019-03-01,ACB,Ngân hàng,4.0,43803255600,STOCK
2019-03-01,TCB,Ngân hàng,3.91,42774528000,STOCK
2019-03-01,VIC,Bất động sản,3.79,41528476700,STOCK
2019-03-01,MBB,Ngân hàng,3.51,38396601600,STOCK
2019-03-01,VNM,Thực phẩm - Đồ uống,3.34,36512332400,STOCK
2019-03-01,GAS,Tiện ích,2.34,25575208000,STOCK
2019-03-01,KDH,Bất động sản,1.91,20950561700,STOCK
2019-03-01,MSN,Thực phẩm - Đồ uống,1.89,20666988000,STOCK
2019-03-01,VPB,Ngân hàng,1.44,15765352600,STOCK
2019-03-01,SAB,Thực phẩm - Đồ uống,1.4,15361544000,STOCK
2019-03-01,KBC,Bất động sản,1.35,14817600000,STOCK
2019-03-01,CTG,Ngân hàng,1.28,14020025000,STOCK
2019-03-01,VJC,Vận tải - kho bãi,1.12,12282711500,STOCK
2019-03-01,VRE,Bất động sản,1.12,12257742000,STOCK
2019-03-01,ACV,Vận tải - kho bãi,1.02,11129580000,STOCK
2019-03-01,BVH,Bảo hiểm,0.99,10887000000,STOCK
2019-03-01,VTP,Vận tải - kho bãi,0.94,10335600000,STOCK
2019-03-01,CTD,Xây dựng,0.92,10102530000,STOCK
2019-03-01,PME,Chăm sóc sức khỏe,0.89,9738490000,STOCK
2019-03-01,VCI,Chứng khoán,0.88,9598176000,STOCK
2019-03-01,SSI,Chứng khoán,0.88,9589904000,STOCK
2019-03-01,DXG,Bất động sản,0.81,8917770000,STOCK
2019-03-01,PLX,Bán buôn,0.62,6753780000,STOCK
2019-03-01,POW,Tiện ích,0.52,5737305000,STOCK
2019-03-01,NLG,Bất động sản,0.37,4014312500,STOCK
2019-03-01,BOND,,7.32,80147300000,BOND
2019-03-01,CASH,,12.53,137122604245,CASH
2019-03-01,OTHER,,0.61,6694097180,OTHER
2019-04-01,MWG,Bán lẻ,8.43,89060949000,STOCK
2019-04-01,PNJ,Bán lẻ,6.38,67413346000,STOCK
2019-04-01,FPT,Công nghệ và thông tin,5.93,62655628150,STOCK
2019-04-01,VCB,Ngân hàng,4.9,51730633500,STOCK
2019-04-01,HPG,Vật liệu xây dựng,4.88,51520828800,STOCK
2019-04-01,VHM,Bất động sản,4.83,51000200000,STOCK
2019-04-01,MBB,Ngân hàng,4.57,48253951200,STOCK
2019-04-01,BID,Ngân hàng,4.08,43075092000,STOCK
2019-04-01,ACB,Ngân hàng,3.92,41407125200,STOCK
2019-04-01,VNM,Thực phẩm - Đồ uống,3.33,35158017400,STOCK
2019-04-01,VIC,Bất động sản,3.27,34486688100,STOCK
2019-04-01,TCB,Ngân hàng,3.09,32623752000,STOCK
2019-04-01,GAS,Tiện ích,2.78,29377632000,STOCK
2019-04-01,KDH,Bất động sản,1.94,20487931000,STOCK
2019-04-01,MSN,Thực phẩm - Đồ uống,1.93,20348504000,STOCK
2019-04-01,SAB,Thực phẩm - Đồ uống,1.39,14715584000,STOCK
2019-04-01,KBC,Bất động sản,1.38,14565600000,STOCK
2019-04-01,CTG,Ngân hàng,1.26,13270625000,STOCK
2019-04-01,VRE,Bất động sản,1.21,12753720000,STOCK
2019-04-01,VJC,Vận tải - kho bãi,1.16,12219452900,STOCK
2019-04-01,ACV,Vận tải - kho bãi,1.03,10906200000,STOCK
2019-04-01,VPB,Ngân hàng,0.97,10238670150,STOCK
2019-04-01,BVH,Bảo hiểm,0.96,10153560000,STOCK
2019-04-01,VTP,Vận tải - kho bãi,0.96,10126800000,STOCK
2019-04-01,PME,Chăm sóc sức khỏe,0.87,9178425000,STOCK
2019-04-01,DXG,Bất động sản,0.81,8517870000,STOCK
2019-04-01,SSI,Chứng khoán,0.76,8064306000,STOCK
2019-04-01,VCI,Chứng khoán,0.75,7904376000,STOCK
2019-04-01,PLX,Bán buôn,0.67,7083510000,STOCK
2019-04-01,POW,Tiện ích,0.53,5604760000,STOCK
2019-04-01,NLG,Bất động sản,0.41,4313561250,STOCK
2019-04-01,VEA,SX Thiết bị - máy móc,0.15,1574400000,STOCK
2019-04-01,LHG,Bất động sản,0.08,795012000,STOCK
2019-04-01,BOND,,7.59,80147300000,BOND
2019-04-01,CASH,,10.75,113525177273,CASH
2019-04-01,OTHER,,2.06,21798496859,OTHER
2019-05-01,MWG,Bán lẻ,9.02,89889261000,STOCK
2019-05-01,PNJ,Bán lẻ,6.92,68919257000,STOCK
2019-05-01,VCB,Ngân hàng,5.14,51197328000,STOCK
2019-05-01,FPT,Công nghệ và thông tin,5.06,50425792200,STOCK
2019-05-01,MBB,Ngân hàng,4.84,48236141400,STOCK
2019-05-01,VHM,Bất động sản,4.56,45456700000,STOCK
2019-05-01,HPG,Vật liệu xây dựng,4.3,42800791800,STOCK
2019-05-01,BID,Ngân hàng,3.91,38990385000,STOCK
2019-05-01,VNM,Thực phẩm - Đồ uống,3.52,35076758500,STOCK
2019-05-01,VIC,Bất động sản,3.49,34759669800,STOCK
2019-05-01,ACB,Ngân hàng,3.42,34093908000,STOCK
2019-05-01,GAS,Tiện ích,3.05,30377375000,STOCK
2019-05-01,TCB,Ngân hàng,2.52,25151088000,STOCK
2019-05-01,KDH,Bất động sản,2.06,20487931000,STOCK
2019-05-01,MSN,Thực phẩm - Đồ uống,2.02,20090928000,STOCK
2019-05-01,SAB,Thực phẩm - Đồ uống,1.65,16425840000,STOCK
2019-05-01,KBC,Bất động sản,1.49,14803200000,STOCK
2019-05-01,VJC,Vận tải - kho bãi,1.32,13126159500,STOCK
2019-05-01,CTG,Ngân hàng,1.27,12677350000,STOCK
2019-05-01,VRE,Bất động sản,1.24,12328596000,STOCK
2019-05-01,ACV,Vận tải - kho bãi,1.15,11426990000,STOCK
2019-05-01,VTP,Vận tải - kho bãi,0.98,9797940000,STOCK
2019-05-01,PHR,SX Nhựa - Hóa chất,0.98,9786972000,STOCK
2019-05-01,VHC,Chế biến Thủy sản,0.91,9100000000,STOCK
2019-05-01,BVH,Bảo hiểm,0.88,8801280000,STOCK
2019-05-01,VPB,Ngân hàng,0.87,8685094600,STOCK
2019-05-01,DXG,Bất động sản,0.73,7318170000,STOCK
2019-05-01,PLX,Bán buôn,0.72,7174470000,STOCK
2019-05-01,POW,Tiện ích,0.58,5775175000,STOCK
2019-05-01,NLG,Bất động sản,0.43,4313561250,STOCK
2019-05-01,SSI,Chứng khoán,0.39,3878588000,STOCK
2019-05-01,MSR,Khai khoáng,0.34,3351180000,STOCK
2019-05-01,VCI,Chứng khoán,0.29,2927586000,STOCK
2019-05-01,VEA,SX Thiết bị - máy móc,0.17,1680000000,STOCK
2019-05-01,LHG,Bất động sản,0.08,786816000,STOCK
2019-05-01,CTD,Xây dựng,0.0,11100000,STOCK
2019-05-01,NVL,Bất động sản,0.0,6020000,STOCK
2019-05-01,REE,Xây dựng,0.0,3250000,STOCK
2019-05-01,ROS,Xây dựng,0.0,2995000,STOCK
2019-05-01,HDB,Ngân hàng,0.0,2730000,STOCK
2019-05-01,GMD,Vận tải - kho bãi,0.0,2610000,STOCK
2019-05-01,CII,Xây dựng,0.0,2305000,STOCK
2019-05-01,SBT,Thực phẩm - Đồ uống,0.0,1805000,STOCK
2019-05-01,DPM,SX Nhựa - Hóa chất,0.0,1785000,STOCK
2019-05-01,EIB,Ngân hàng,0.0,1770000,STOCK
2019-05-01,DHG,Chăm sóc sức khỏe,0.0,1155000,STOCK
2019-05-01,PME,Chăm sóc sức khỏe,0.0,244500,STOCK
2019-05-01,BOND,,8.04,80147300000,BOND
2019-05-01,CASH,,9.78,97451613383,CASH
2019-05-01,OTHER,,1.88,18700874027,OTHER
2019-06-01,MWG,Bán lẻ,8.87,89796992000,STOCK
2019-06-01,PNJ,Bán lẻ,5.97,60403339000,STOCK
2019-06-01,VCB,Ngân hàng,5.31,53711482500,STOCK
2019-06-01,FPT,Công nghệ và thông tin,5.14,52026611000,STOCK
2019-06-01,MBB,Ngân hàng,4.78,48351815600,STOCK
2019-06-01,VHM,Bất động sản,4.34,43959955000,STOCK
2019-06-01,BID,Ngân hàng,3.88,39237943000,STOCK
2019-06-01,HPG,Vật liệu xây dựng,3.64,36786077500,STOCK
2019-06-01,VIC,Bất động sản,3.47,35093314100,STOCK
2019-06-01,VNM,Thực phẩm - Đồ uống,3.29,33316149000,STOCK
2019-06-01,GAS,Tiện ích,2.93,29664375000,STOCK
2019-06-01,ACB,Ngân hàng,2.82,28577822800,STOCK
2019-06-01,TCB,Ngân hàng,2.24,22647108000,STOCK
2019-06-01,KDH,Bất động sản,2.07,20963772400,STOCK
2019-06-01,MSN,Thực phẩm - Đồ uống,1.92,19435280000,STOCK
2019-06-01,SAB,Thực phẩm - Đồ uống,1.67,16918000000,STOCK
2019-06-01,KBC,Bất động sản,1.55,15726500000,STOCK
2019-06-01,ACV,Vận tải - kho bãi,1.35,13667300000,STOCK
2019-06-01,VJC,Vận tải - kho bãi,1.33,13495168000,STOCK
2019-06-01,PHR,SX Nhựa - Hóa chất,1.31,13210020000,STOCK
2019-06-01,CTG,Ngân hàng,1.2,12177750000,STOCK
2019-06-01,VRE,Bất động sản,1.18,11974326000,STOCK
2019-06-01,BVH,Bảo hiểm,0.92,9259680000,STOCK
2019-06-01,VPB,Ngân hàng,0.89,9019136700,STOCK
2019-06-01,VTP,Vận tải - kho bãi,0.89,8965305000,STOCK
2019-06-01,VHC,Chế biến Thủy sản,0.87,8800000000,STOCK
2019-06-01,DXG,Bất động sản,0.74,7458135000,STOCK
2019-06-01,PLX,Bán buôn,0.67,6765150000,STOCK
2019-06-01,NLG,Bất động sản,0.59,5993872500,STOCK
2019-06-01,POW,Tiện ích,0.57,5756240000,STOCK
2019-06-01,MSR,Khai khoáng,0.44,4426770000,STOCK
2019-06-01,SSI,Chứng khoán,0.38,3870784000,STOCK
2019-06-01,VEA,SX Thiết bị - máy móc,0.18,1849600000,STOCK
2019-06-01,LHG,Bất động sản,0.07,758130000,STOCK
2019-06-01,CTD,Xây dựng,0.0,10700000,STOCK
2019-06-01,NVL,Bất động sản,0.0,5960000,STOCK
2019-06-01,REE,Xây dựng,0.0,3175000,STOCK
2019-06-01,ROS,Xây dựng,0.0,2980000,STOCK
2019-06-01,HDB,Ngân hàng,0.0,2750000,STOCK
2019-06-01,GMD,Vận tải - kho bãi,0.0,2600000,STOCK
2019-06-01,CII,Xây dựng,0.0,2250000,STOCK
2019-06-01,EIB,Ngân hàng,0.0,1880000,STOCK
2019-06-01,SBT,Thực phẩm - Đồ uống,0.0,1720000,STOCK
2019-06-01,DPM,SX Nhựa - Hóa chất,0.0,1515000,STOCK
2019-06-01,DHG,Chăm sóc sức khỏe,0.0,1090000,STOCK
2019-06-01,PME,Chăm sóc sức khỏe,0.0,252500,STOCK
2019-06-01,BOND,,7.92,80147300000,BOND
2019-06-01,CASH,,13.63,137915864453,CASH
2019-06-01,OTHER,,0.95,9640075795,OTHER
2019-07-01,MWG,Bán lẻ,9.31,87959412000,STOCK
2019-07-01,VCB,Ngân hàng,6.25,59064493000,STOCK
2019-07-01,PNJ,Bán lẻ,5.56,52488422400,STOCK
2019-07-01,FPT,Công nghệ và thông tin,5.55,52472472800,STOCK
2019-07-01,VHM,Bất động sản,4.99,47182590000,STOCK
2019-07-01,MBB,Ngân hàng,4.95,46735084800,STOCK
2019-07-01,BID,Ngân hàng,3.9,36827345000,STOCK
2019-07-01,GAS,Tiện ích,3.51,33193675000,STOCK
2019-07-01,VIC,Bất động sản,3.45,32636586000,STOCK
2019-07-01,VNM,Thực phẩm - Đồ uống,3.37,31842641600,STOCK
2019-07-01,ACB,Ngân hàng,2.4,22714659600,STOCK
2019-07-01,TCB,Ngân hàng,2.29,21677784000,STOCK
2019-07-01,KDH,Bất động sản,2.02,19073596200,STOCK
2019-07-01,MSN,Thực phẩm - Đồ uống,1.89,17892800000,STOCK
2019-07-01,KBC,Bất động sản,1.73,16335625000,STOCK
2019-07-01,SAB,Thực phẩm - Đồ uống,1.67,15769080000,STOCK
2019-07-01,PHR,SX Nhựa - Hóa chất,1.59,15023160000,STOCK
2019-07-01,HPG,Vật liệu xây dựng,1.5,14203455750,STOCK
2019-07-01,ACV,Vận tải - kho bãi,1.24,11722880000,STOCK
2019-07-01,VRE,Bất động sản,1.22,11564241500,STOCK
2019-07-01,CTG,Ngân hàng,1.18,11111625000,STOCK
2019-07-01,SZC,Bất động sản,1.16,10946508000,STOCK
2019-07-01,BVH,Bảo hiểm,1.02,9626400000,STOCK
2019-07-01,VHC,Chế biến Thủy sản,0.94,8890000000,STOCK
2019-07-01,VPB,Ngân hàng,0.94,8852115650,STOCK
2019-07-01,PLX,Bán buôn,0.79,7447350000,STOCK
2019-07-01,DXG,Bất động sản,0.73,6938265000,STOCK
2019-07-01,NLG,Bất động sản,0.66,6251341250,STOCK
2019-07-01,SIP,Tiện ích,0.56,5255000000,STOCK
2019-07-01,POW,Tiện ích,0.55,5212770000,STOCK
2019-07-01,MSR,Khai khoáng,0.43,4039730000,STOCK
2019-07-01,SSI,Chứng khoán,0.33,3157056000,STOCK
2019-07-01,VEA,SX Thiết bị - máy móc,0.21,1952000000,STOCK
2019-07-01,VJC,Vận tải - kho bãi,0.2,1885075400,STOCK
2019-07-01,VTP,Vận tải - kho bãi,0.16,1516643000,STOCK
2019-07-01,LHG,Bất động sản,0.08,719199000,STOCK
2019-07-01,CTD,Xây dựng,0.0,11300000,STOCK
2019-07-01,NVL,Bất động sản,0.0,5770000,STOCK
2019-07-01,REE,Xây dựng,0.0,3275000,STOCK
2019-07-01,ROS,Xây dựng,0.0,2715000,STOCK
2019-07-01,GMD,Vận tải - kho bãi,0.0,2610000,STOCK
2019-07-01,HDB,Ngân hàng,0.0,2595000,STOCK
2019-07-01,CII,Xây dựng,0.0,2190000,STOCK
2019-07-01,EIB,Ngân hàng,0.0,1795000,STOCK
2019-07-01,SBT,Thực phẩm - Đồ uống,0.0,1665000,STOCK
2019-07-01,DPM,SX Nhựa - Hóa chất,0.0,1440000,STOCK
2019-07-01,DHG,Chăm sóc sức khỏe,0.0,990000,STOCK
2019-07-01,PME,Chăm sóc sức khỏe,0.0,240500,STOCK
2019-07-01,BOND,,12.78,120719700000,BOND
2019-07-01,CASH,,6.72,63464426325,CASH
2019-07-01,OTHER,,2.15,20284543945,OTHER
2019-08-01,MWG,Bán lẻ,9.86,87568621000,STOCK
2019-08-01,FPT,Công nghệ và thông tin,6.48,57567940200,STOCK
2019-08-01,VCB,Ngân hàng,6.38,56679430500,STOCK
2019-08-01,PNJ,Bán lẻ,5.88,52233414600,STOCK
2019-08-01,MBB,Ngân hàng,5.47,48629750400,STOCK
2019-08-01,VHM,Bất động sản,4.99,44334610000,STOCK
2019-08-01,BID,Ngân hàng,4.34,38590737500,STOCK
2019-08-01,VIC,Bất động sản,3.58,31802855500,STOCK
2019-08-01,VNM,Thực phẩm - Đồ uống,3.48,30929949000,STOCK
2019-08-01,GAS,Tiện ích,3.44,30607550000,STOCK
2019-08-01,TCB,Ngân hàng,2.53,22507920000,STOCK
2019-08-01,KDH,Bất động sản,2.33,20663062550,STOCK
2019-08-01,ACB,Ngân hàng,2.01,17865605400,STOCK
2019-08-01,KBC,Bất động sản,2.0,17775375000,STOCK
2019-08-01,MSN,Thực phẩm - Đồ uống,1.9,16863964000,STOCK
2019-08-01,PHR,SX Nhựa - Hóa chất,1.68,14893650000,STOCK
2019-08-01,SAB,Thực phẩm - Đồ uống,1.56,13843830000,STOCK
2019-08-01,VHC,Chế biến Thủy sản,1.49,13233000000,STOCK
2019-08-01,HPG,Vật liệu xây dựng,1.46,12984003000,STOCK
2019-08-01,ACV,Vận tải - kho bãi,1.31,11624250000,STOCK
2019-08-01,SZC,Bất động sản,1.3,11556398000,STOCK
2019-08-01,CTG,Ngân hàng,1.2,10655500000,STOCK
2019-08-01,VRE,Bất động sản,1.18,10506216500,STOCK
2019-08-01,SIP,Tiện ích,1.11,9840000000,STOCK
2019-08-01,BVH,Bảo hiểm,0.98,8709600000,STOCK
2019-08-01,DXG,Bất động sản,0.85,7562109000,STOCK
2019-08-01,KSB,Khai khoáng,0.8,7082522000,STOCK
2019-08-01,PLX,Bán buôn,0.79,6992550000,STOCK
2019-08-01,NLG,Bất động sản,0.7,6220445000,STOCK
2019-08-01,VPB,Ngân hàng,0.63,5586620900,STOCK
2019-08-01,POW,Tiện ích,0.54,4769130000,STOCK
2019-08-01,MSR,Khai khoáng,0.44,3918780000,STOCK
2019-08-01,SSI,Chứng khoán,0.33,2925720000,STOCK
2019-08-01,VEA,SX Thiết bị - máy móc,0.2,1766400000,STOCK
2019-08-01,LHG,Bất động sản,0.08,747885000,STOCK
2019-08-01,CTD,Xây dựng,0.0,9470000,STOCK
2019-08-01,NVL,Bất động sản,0.0,6230000,STOCK
2019-08-01,REE,Xây dựng,0.0,3665000,STOCK
2019-08-01,GMD,Vận tải - kho bãi,0.0,2860000,STOCK
2019-08-01,ROS,Xây dựng,0.0,2800000,STOCK
2019-08-01,HDB,Ngân hàng,0.0,2600000,STOCK
2019-08-01,EIB,Ngân hàng,0.0,1690000,STOCK
2019-08-01,SBT,Thực phẩm - Đồ uống,0.0,1650000,STOCK
2019-08-01,DPM,SX Nhựa - Hóa chất,0.0,1370000,STOCK
2019-08-01,PME,Chăm sóc sức khỏe,0.0,282500,STOCK
2019-08-01,VJC,Vận tải - kho bãi,0.0,132000,STOCK
2019-08-01,BOND,,10.2,90610000000,BOND
2019-08-01,CASH,,5.78,51381496600,CASH
2019-08-01,OTHER,,0.72,6416578468,OTHER
2019-09-01,MWG,Bán lẻ,10.6,92568749000,STOCK
2019-09-01,FPT,Công nghệ và thông tin,7.17,62554993400,STOCK
2019-09-01,VCB,Ngân hàng,6.86,59889076500,STOCK
2019-09-01,PNJ,Bán lẻ,5.85,51089617200,STOCK
2019-09-01,MBB,Ngân hàng,5.81,50698034400,STOCK
2019-09-01,VHM,Bất động sản,4.84,42234435000,STOCK
2019-09-01,BID,Ngân hàng,4.45,38844066000,STOCK
2019-09-01,GAS,Tiện ích,3.56,31066175000,STOCK
2019-09-01,VNM,Thực phẩm - Đồ uống,3.56,31058351100,STOCK
2019-09-01,VIC,Bất động sản,3.42,29891657400,STOCK
2019-09-01,TCB,Ngân hàng,2.77,24211148000,STOCK
2019-09-01,KDH,Bất động sản,2.3,20072860500,STOCK
2019-09-01,ACB,Ngân hàng,2.08,18176113800,STOCK
2019-09-01,KBC,Bất động sản,1.9,16612500000,STOCK
2019-09-01,MSN,Thực phẩm - Đồ uống,1.74,15202310000,STOCK
2019-09-01,VHC,Chế biến Thủy sản,1.54,13431000000,STOCK
2019-09-01,PHR,SX Nhựa - Hóa chất,1.51,13166850000,STOCK
2019-09-01,SAB,Thực phẩm - Đồ uống,1.47,12839956000,STOCK
2019-09-01,HPG,Vật liệu xây dựng,1.44,12552436750,STOCK
2019-09-01,CTG,Ngân hàng,1.21,10606725000,STOCK
2019-09-01,ACV,Vận tải - kho bãi,1.21,10533600000,STOCK
2019-09-01,VRE,Bất động sản,1.16,10094507000,STOCK
2019-09-01,SZC,Bất động sản,1.11,9701013000,STOCK
2019-09-01,DXG,Bất động sản,1.11,9699634850,STOCK
2019-09-01,BVH,Bảo hiểm,0.98,8572080000,STOCK
2019-09-01,SIP,Tiện ích,0.85,7384000000,STOCK
2019-09-01,PLX,Bán buôn,0.79,6878850000,STOCK
2019-09-01,KSB,Khai khoáng,0.73,6400052000,STOCK
2019-09-01,NLG,Bất động sản,0.68,5947142800,STOCK
2019-09-01,VPB,Ngân hàng,0.63,5516976150,STOCK
2019-09-01,POW,Tiện ích,0.5,4395030000,STOCK
2019-09-01,SSI,Chứng khoán,0.32,2761840000,STOCK
2019-09-01,MSR,Khai khoáng,0.31,2689680000,STOCK
2019-09-01,VEA,SX Thiết bị - máy móc,0.2,1756800000,STOCK
2019-09-01,CTD,Xây dựng,0.0,9500000,STOCK
2019-09-01,NVL,Bất động sản,0.0,6380000,STOCK
2019-09-01,REE,Xây dựng,0.0,3815000,STOCK
2019-09-01,HDB,Ngân hàng,0.0,2770000,STOCK
2019-09-01,GMD,Vận tải - kho bãi,0.0,2740000,STOCK
2019-09-01,ROS,Xây dựng,0.0,2640000,STOCK
2019-09-01,SBT,Thực phẩm - Đồ uống,0.0,1785000,STOCK
2019-09-01,EIB,Ngân hàng,0.0,1650000,STOCK
2019-09-01,DPM,SX Nhựa - Hóa chất,0.0,1335000,STOCK
2019-09-01,PME,Chăm sóc sức khỏe,0.0,274500,STOCK
2019-09-01,VJC,Vận tải - kho bãi,0.0,137700,STOCK
2019-09-01,BOND,,10.37,90496800000,BOND
2019-09-01,CASH,,4.57,39858023375,CASH
2019-09-01,OTHER,,0.4,3532149315,OTHER
2019-10-01,MWG,Bán lẻ,10.4,89598614000,STOCK
2019-10-01,VCB,Ngân hàng,7.42,63974080500,STOCK
2019-10-01,FPT,Công nghệ và thông tin,7.28,62771821800,STOCK
2019-10-01,MBB,Ngân hàng,5.87,50613754000,STOCK
2019-10-01,PNJ,Bán lẻ,4.84,41686901900,STOCK
2019-10-01,VHM,Bất động sản,4.65,40054450000,STOCK
2019-10-01,BID,Ngân hàng,4.64,40027134000,STOCK
2019-10-01,VNM,Thực phẩm - Đồ uống,3.57,30792190000,STOCK
2019-10-01,VIC,Bất động sản,3.41,29394547000,STOCK
2019-10-01,GAS,Tiện ích,3.08,26511525000,STOCK
2019-10-01,TCB,Ngân hàng,2.82,24287286000,STOCK
2019-10-01,KDH,Bất động sản,2.37,20409040200,STOCK
2019-10-01,ACB,Ngân hàng,2.14,18421003700,STOCK
2019-10-01,KBC,Bất động sản,1.88,16169500000,STOCK
2019-10-01,VHC,Chế biến Thủy sản,1.55,13332000000,STOCK
2019-10-01,PHR,SX Nhựa - Hóa chất,1.48,12713565000,STOCK
2019-10-01,SAB,Thực phẩm - Đồ uống,1.47,12688955000,STOCK
2019-10-01,MSN,Thực phẩm - Đồ uống,1.43,12343912000,STOCK
2019-10-01,HPG,Vật liệu xây dựng,1.43,12298797000,STOCK
2019-10-01,ACV,Vận tải - kho bãi,1.27,10944000000,STOCK
2019-10-01,CTG,Ngân hàng,1.26,10887800000,STOCK
2019-10-01,VRE,Bất động sản,1.1,9494204000,STOCK
2019-10-01,SZC,Bất động sản,1.1,9488969000,STOCK
2019-10-01,SIP,Tiện ích,0.99,8552000000,STOCK
2019-10-01,DXG,Bất động sản,0.98,8453513850,STOCK
2019-10-01,BVH,Bảo hiểm,0.96,8262660000,STOCK
2019-10-01,NLG,Bất động sản,0.71,6107587300,STOCK
2019-10-01,KSB,Khai khoáng,0.67,5742180000,STOCK
2019-10-01,PLX,Bán buôn,0.62,5301420000,STOCK
2019-10-01,VPB,Ngân hàng,0.61,5293364500,STOCK
2019-10-01,POW,Tiện ích,0.52,4446135000,STOCK
2019-10-01,VEA,SX Thiết bị - máy móc,0.18,1568000000,STOCK
2019-10-01,SSI,Chứng khoán,0.14,1175958000,STOCK
2019-10-01,CTD,Xây dựng,0.0,7900000,STOCK
2019-10-01,NVL,Bất động sản,0.0,5950000,STOCK
2019-10-01,REE,Xây dựng,0.0,3750000,STOCK
2019-10-01,HDB,Ngân hàng,0.0,2945000,STOCK
2019-10-01,GMD,Vận tải - kho bãi,0.0,2670000,STOCK
2019-10-01,ROS,Xây dựng,0.0,2510000,STOCK
2019-10-01,SBT,Thực phẩm - Đồ uống,0.0,1875000,STOCK
2019-10-01,EIB,Ngân hàng,0.0,1650000,STOCK
2019-10-01,DPM,SX Nhựa - Hóa chất,0.0,1365000,STOCK
2019-10-01,PME,Chăm sóc sức khỏe,0.0,267000,STOCK
2019-10-01,VJC,Vận tải - kho bãi,0.0,145000,STOCK
2019-10-01,BOND,,6.98,60135800000,BOND
2019-10-01,CASH,,9.77,84227230731,CASH
2019-10-01,OTHER,,0.42,3618099315,OTHER
2019-11-01,MWG,Bán lẻ,9.44,78380810000,STOCK
2019-11-01,VCB,Ngân hàng,7.5,62223364500,STOCK
2019-11-01,FPT,Công nghệ và thông tin,7.37,61145608800,STOCK
2019-11-01,MBB,Ngân hàng,5.87,48743245700,STOCK
2019-11-01,VHM,Bất động sản,4.98,41359595000,STOCK
2019-11-01,PNJ,Bán lẻ,4.9,40635971600,STOCK
2019-11-01,BID,Ngân hàng,4.81,39928545000,STOCK
2019-11-01,VNM,Thực phẩm - Đồ uống,3.47,28778854500,STOCK
2019-11-01,VIC,Bất động sản,3.44,28579404100,STOCK
2019-11-01,GAS,Tiện ích,3.1,25743075000,STOCK
2019-11-01,VRE,Bất động sản,2.85,23631666500,STOCK
2019-11-01,TCB,Ngân hàng,2.83,23467462000,STOCK
2019-11-01,KDH,Bất động sản,2.48,20564834400,STOCK
2019-11-01,ACB,Ngân hàng,2.13,17656646700,STOCK
2019-11-01,KBC,Bất động sản,2.05,17000125000,STOCK
2019-11-01,HPG,Vật liệu xây dựng,1.55,12891170250,STOCK
2019-11-01,VHC,Chế biến Thủy sản,1.51,12556500000,STOCK
2019-11-01,PHR,SX Nhựa - Hóa chất,1.48,12260280000,STOCK
2019-11-01,MSN,Thực phẩm - Đồ uống,1.4,11645200000,STOCK
2019-11-01,SAB,Thực phẩm - Đồ uống,1.33,11008460000,STOCK
2019-11-01,ACV,Vận tải - kho bãi,1.23,10205280000,STOCK
2019-11-01,CTG,Ngân hàng,1.22,10120705000,STOCK
2019-11-01,SZC,Bất động sản,1.09,9064881000,STOCK
2019-11-01,BVH,Bảo hiểm,0.97,8056380000,STOCK
2019-11-01,SIP,Tiện ích,0.96,7976000000,STOCK
2019-11-01,DXG,Bất động sản,0.93,7742214950,STOCK
2019-11-01,NLG,Bất động sản,0.71,5904357600,STOCK
2019-11-01,PLX,Bán buôn,0.62,5149440000,STOCK
2019-11-01,KSB,Khai khoáng,0.62,5137740000,STOCK
2019-11-01,VPB,Ngân hàng,0.6,4960990450,STOCK
2019-11-01,POW,Tiện ích,0.53,4360960000,STOCK
2019-11-01,VEA,SX Thiết bị - máy móc,0.18,1497600000,STOCK
2019-11-01,SSI,Chứng khoán,0.05,437184000,STOCK
2019-11-01,CTD,Xây dựng,0.0,6350000,STOCK
2019-11-01,NVL,Bất động sản,0.0,5680000,STOCK
2019-11-01,REE,Xây dựng,0.0,3615000,STOCK
2019-11-01,HDB,Ngân hàng,0.0,2650000,STOCK
2019-11-01,ROS,Xây dựng,0.0,2430000,STOCK
2019-11-01,GMD,Vận tải - kho bãi,0.0,2375000,STOCK
2019-11-01,SBT,Thực phẩm - Đồ uống,0.0,1870000,STOCK
2019-11-01,EIB,Ngân hàng,0.0,1710000,STOCK
2019-11-01,DPM,SX Nhựa - Hóa chất,0.0,1295000,STOCK
2019-11-01,PME,Chăm sóc sức khỏe,0.0,262500,STOCK
2019-11-01,VJC,Vận tải - kho bãi,0.0,144900,STOCK
2019-11-01,BOND,,7.24,60120100000,BOND
2019-11-01,CASH,,8.22,68273414461,CASH
2019-11-01,OTHER,,0.34,2845979698,OTHER
2019-12-01,MWG,Bán lẻ,9.87,82546260000,STOCK
2019-12-01,FPT,Công nghệ và thông tin,7.91,66120478600,STOCK
2019-12-01,VCB,Ngân hàng,7.87,65797743000,STOCK
2019-12-01,PNJ,Bán lẻ,5.42,45274098000,STOCK
2019-12-01,BID,Ngân hàng,4.93,41253023500,STOCK
2019-12-01,VHM,Bất động sản,4.3,35959440000,STOCK
2019-12-01,VNM,Thực phẩm - Đồ uống,3.3,27594539500,STOCK
2019-12-01,VIC,Bất động sản,2.99,24956495000,STOCK
2019-12-01,TCB,Ngân hàng,2.89,24133569000,STOCK
2019-12-01,GAS,Tiện ích,2.65,22127255000,STOCK
2019-12-01,KDH,Bất động sản,2.51,20954319900,STOCK
2019-12-01,VRE,Bất động sản,2.18,18222980000,STOCK
2019-12-01,ACB,Ngân hàng,2.08,17427339600,STOCK
2019-12-01,KBC,Bất động sản,2.05,17110875000,STOCK
2019-12-01,MBB,Ngân hàng,1.89,15820438400,STOCK
2019-12-01,HPG,Vật liệu xây dựng,1.73,14432877500,STOCK
2019-12-01,VHC,Chế biến Thủy sản,1.57,13084500000,STOCK
2019-12-01,SAB,Thực phẩm - Đồ uống,1.33,11105880000,STOCK
2019-12-01,CTG,Ngân hàng,1.24,10343410000,STOCK
2019-12-01,ACV,Vận tải - kho bãi,1.23,10260000000,STOCK
2019-12-01,SZC,Bất động sản,1.12,9382947000,STOCK
2019-12-01,PHR,SX Nhựa - Hóa chất,0.99,8245470000,STOCK
2019-12-01,DXG,Bất động sản,0.95,7933718500,STOCK
2019-12-01,BVH,Bảo hiểm,0.94,7861560000,STOCK
2019-12-01,SIP,Tiện ích,0.91,7640000000,STOCK
2019-12-01,NLG,Bất động sản,0.7,5882965000,STOCK
2019-12-01,KSB,Khai khoáng,0.61,5137740000,STOCK
2019-12-01,PLX,Bán buôn,0.6,5006400000,STOCK
2019-12-01,VPB,Ngân hàng,0.59,4924060000,STOCK
2019-12-01,POW,Tiện ích,0.47,3901015000,STOCK
2019-12-01,DHC,SX Phụ trợ,0.44,3663793000,STOCK
2019-12-01,VEA,SX Thiết bị - máy móc,0.17,1440000000,STOCK
2019-12-01,BOND,,7.2,60163100000,BOND
2019-12-01,CASH,,13.82,115529311786,CASH
2019-12-01,OTHER,,0.57,4796538048,OTHER
2020-01-01,VCB,Ngân hàng,7.9,64703545500,STOCK
2020-01-01,FPT,Công nghệ và thông tin,7.2,58975384000,STOCK
2020-01-01,BID,Ngân hàng,5.62,46035335000,STOCK
2020-01-01,MWG,Bán lẻ,5.49,44961532000,STOCK
2020-01-01,VHM,Bất động sản,4.53,37104375000,STOCK
2020-01-01,PNJ,Bán lẻ,3.87,31734144900,STOCK
2020-01-01,VNM,Thực phẩm - Đồ uống,3.14,25699635500,STOCK
2020-01-01,VIC,Bất động sản,3.04,24913092400,STOCK
2020-01-01,HPG,Vật liệu xây dựng,2.98,24441376500,STOCK
2020-01-01,TCB,Ngân hàng,2.7,22135248000,STOCK
2020-01-01,KDH,Bất động sản,2.38,19474275000,STOCK
2020-01-01,GAS,Tiện ích,2.18,17831975000,STOCK
2020-01-01,ACB,Ngân hàng,2.15,17580211000,STOCK
2020-01-01,VPB,Ngân hàng,2.13,17446411350,STOCK
2020-01-01,VRE,Bất động sản,1.97,16105898500,STOCK
2020-01-01,KBC,Bất động sản,1.96,16058750000,STOCK
2020-01-01,MBB,Ngân hàng,1.93,15820438400,STOCK
2020-01-01,CTG,Ngân hàng,1.75,14338904000,STOCK
2020-01-01,SAB,Thực phẩm - Đồ uống,1.26,10326520000,STOCK
2020-01-01,VHC,Chế biến Thủy sản,1.19,9737100000,STOCK
2020-01-01,PHR,SX Nhựa - Hóa chất,0.96,7846147500,STOCK
2020-01-01,SZC,Bất động sản,0.95,7792617000,STOCK
2020-01-01,BVH,Bảo hiểm,0.82,6738480000,STOCK
2020-01-01,ACV,Vận tải - kho bãi,0.81,6602120000,STOCK
2020-01-01,DXG,Bất động sản,0.77,6319617150,STOCK
2020-01-01,SIP,Tiện ích,0.75,6160000000,STOCK
2020-01-01,NLG,Bất động sản,0.69,5669039000,STOCK
2020-01-01,KSB,Khai khoáng,0.59,4835520000,STOCK
2020-01-01,PLX,Bán buôn,0.58,4738200000,STOCK
2020-01-01,DHC,SX Phụ trợ,0.54,4383315000,STOCK
2020-01-01,POW,Tiện ích,0.44,3577350000,STOCK
2020-01-01,VEA,SX Thiết bị - máy móc,0.17,1408000000,STOCK
2020-01-01,BOND,,7.34,60141800000,BOND
2020-01-01,CASH,,17.98,147275434944,CASH
2020-01-01,OTHER,,1.26,10350820915,OTHER
2020-02-01,MWG,Bán lẻ,12.12,96466635000,STOCK
2020-02-01,FPT,Công nghệ và thông tin,10.28,81845099200,STOCK
2020-02-01,VCB,Ngân hàng,7.55,60107916000,STOCK
2020-02-01,PNJ,Bán lẻ,4.99,39742393100,STOCK
2020-02-01,BID,Ngân hàng,4.47,35589645000,STOCK
2020-02-01,VHM,Bất động sản,4.28,34093620000,STOCK
2020-02-01,VNM,Thực phẩm - Đồ uống,3.11,24752183500,STOCK
2020-02-01,VPB,Ngân hàng,3.08,24537745600,STOCK
2020-02-01,VIC,Bất động sản,2.87,22873170200,STOCK
2020-02-01,TCB,Ngân hàng,2.86,22801355000,STOCK
2020-02-01,HPG,Vật liệu xây dựng,2.85,22666587750,STOCK
2020-02-01,ACB,Ngân hàng,2.42,19261796400,STOCK
2020-02-01,KDH,Bất động sản,2.4,19123738050,STOCK
2020-02-01,CTG,Ngân hàng,2.3,18350995000,STOCK
2020-02-01,MBB,Ngân hàng,1.95,15516199200,STOCK
2020-02-01,KBC,Bất động sản,1.95,15505000000,STOCK
2020-02-01,VRE,Bất động sản,1.92,15275145000,STOCK
2020-02-01,GAS,Tiện ích,1.54,12290970000,STOCK
2020-02-01,PHR,SX Nhựa - Hóa chất,1.28,10188120000,STOCK
2020-02-01,SZC,Bất động sản,1.19,9462463500,STOCK
2020-02-01,VHC,Chế biến Thủy sản,1.09,8649000000,STOCK
2020-02-01,DXG,Bất động sản,0.81,6483763050,STOCK
2020-02-01,BVH,Bảo hiểm,0.79,6291540000,STOCK
2020-02-01,SIP,Tiện ích,0.77,6120000000,STOCK
2020-02-01,KSB,Khai khoáng,0.75,5938623000,STOCK
2020-02-01,NLG,Bất động sản,0.67,5348150000,STOCK
2020-02-01,ACV,Vận tải - kho bãi,0.66,5242860000,STOCK
2020-02-01,PLX,Bán buôn,0.58,4613040000,STOCK
2020-02-01,DHC,SX Phụ trợ,0.5,4000468500,STOCK
2020-02-01,POW,Tiện ích,0.42,3355895000,STOCK
2020-02-01,VEA,SX Thiết bị - máy móc,0.16,1280000000,STOCK
2020-02-01,VJC,Vận tải - kho bãi,0.0,12190000,STOCK
2020-02-01,CTD,Xây dựng,0.0,6230000,STOCK
2020-02-01,NVL,Bất động sản,0.0,5350000,STOCK
2020-02-01,REE,Xây dựng,0.0,3410000,STOCK
2020-02-01,HDB,Ngân hàng,0.0,2780000,STOCK
2020-02-01,SBT,Thực phẩm - Đồ uống,0.0,2165000,STOCK
2020-02-01,EIB,Ngân hàng,0.0,1720000,STOCK
2020-02-01,SSI,Chứng khoán,0.0,1590000,STOCK
2020-02-01,STB,Ngân hàng,0.0,1160000,STOCK
2020-02-01,ROS,Xây dựng,0.0,726000,STOCK
2020-02-01,BOND,,7.55,60118000000,BOND
2020-02-01,CASH,,9.32,74172526121,CASH
2020-02-01,OTHER,,0.52,4148253151,OTHER
2020-03-01,FPT,Công nghệ và thông tin,9.16,51428101200,STOCK
2020-03-01,MWG,Bán lẻ,8.83,49596156000,STOCK
2020-03-01,VCB,Ngân hàng,6.78,38047230000,STOCK
2020-03-01,BID,Ngân hàng,3.71,20832696500,STOCK
2020-03-01,PNJ,Bán lẻ,3.59,20140876700,STOCK
2020-03-01,VHM,Bất động sản,3.51,19725750000,STOCK
2020-03-01,VNM,Thực phẩm - Đồ uống,3.13,17568733000,STOCK
2020-03-01,VIC,Bất động sản,2.72,15279964200,STOCK
2020-03-01,HPG,Vật liệu xây dựng,2.56,14372460250,STOCK
2020-03-01,VPB,Ngân hàng,2.39,13399364850,STOCK
2020-03-01,TCB,Ngân hàng,2.31,12953700000,STOCK
2020-03-01,KDH,Bất động sản,2.16,12142863500,STOCK
2020-03-01,ACB,Ngân hàng,2.04,11441074600,STOCK
2020-03-01,KBC,Bất động sản,1.9,10665990000,STOCK
2020-03-01,CTG,Ngân hàng,1.84,10331352000,STOCK
2020-03-01,VRE,Bất động sản,1.55,8683950500,STOCK
2020-03-01,MBB,Ngân hàng,1.54,8658422900,STOCK
2020-03-01,GAS,Tiện ích,1.26,7066460000,STOCK
2020-03-01,PHR,SX Nhựa - Hóa chất,1.07,6007650000,STOCK
2020-03-01,SZC,Bất động sản,1.0,5620986000,STOCK
2020-03-01,VHC,Chế biến Thủy sản,0.87,4895400000,STOCK
2020-03-01,SIP,Tiện ích,0.78,4377600000,STOCK
2020-03-01,BVH,Bảo hiểm,0.66,3729600000,STOCK
2020-03-01,NLG,Bất động sản,0.64,3602520000,STOCK
2020-03-01,DXG,Bất động sản,0.63,3559985750,STOCK
2020-03-01,ACV,Vận tải - kho bãi,0.57,3198760000,STOCK
2020-03-01,KSB,Khai khoáng,0.55,3086844000,STOCK
2020-03-01,DHC,SX Phụ trợ,0.53,2994240000,STOCK
2020-03-01,PLX,Bán buôn,0.42,2356805000,STOCK
2020-03-01,POW,Tiện ích,0.31,1739177000,STOCK
2020-03-01,VEA,SX Thiết bị - máy móc,0.13,733600000,STOCK
2020-03-01,SAB,Thực phẩm - Đồ uống,0.0,12300000,STOCK
2020-03-01,VJC,Vận tải - kho bãi,0.0,9720000,STOCK
2020-03-01,NVL,Bất động sản,0.0,5190000,STOCK
2020-03-01,MSN,Thực phẩm - Đồ uống,0.0,4900000,STOCK
2020-03-01,CTD,Xây dựng,0.0,4495000,STOCK
2020-03-01,REE,Xây dựng,0.0,2730000,STOCK
2020-03-01,HDB,Ngân hàng,0.0,1780000,STOCK
2020-03-01,EIB,Ngân hàng,0.0,1465000,STOCK
2020-03-01,SBT,Thực phẩm - Đồ uống,0.0,1270000,STOCK
2020-03-01,SSI,Chứng khoán,0.0,1160000,STOCK
2020-03-01,STB,Ngân hàng,0.0,730000,STOCK
2020-03-01,ROS,Xây dựng,0.0,326000,STOCK
2020-03-01,BOND,,10.7,60083900000,BOND
2020-03-01,CASH,,19.44,109152589750,CASH
2020-03-01,OTHER,,0.69,3848588356,OTHER
2020-04-01,MWG,Bán lẻ,10.59,68794668000,STOCK
2020-04-01,FPT,Công nghệ và thông tin,6.66,43255793600,STOCK
2020-04-01,VCB,Ngân hàng,6.42,41729220000,STOCK
2020-04-01,PNJ,Bán lẻ,3.76,24435306700,STOCK
2020-04-01,BID,Ngân hàng,3.7,24040324000,STOCK
2020-04-01,VHM,Bất động sản,3.51,22810140000,STOCK
2020-04-01,VNM,Thực phẩm - Đồ uống,2.94,19113237000,STOCK
2020-04-01,HPG,Vật liệu xây dựng,2.82,18338747500,STOCK
2020-04-01,VIC,Bất động sản,2.59,16837274700,STOCK
2020-04-01,VPB,Ngân hàng,2.49,16205721500,STOCK
2020-04-01,TCB,Ngân hàng,2.29,14853576000,STOCK
2020-04-01,ACB,Ngân hàng,2.03,13176518500,STOCK
2020-04-01,KDH,Bất động sản,1.92,12493972450,STOCK
2020-04-01,KBC,Bất động sản,1.88,12203430000,STOCK
2020-04-01,CTG,Ngân hàng,1.85,12013200000,STOCK
2020-04-01,VRE,Bất động sản,1.61,10475157000,STOCK
2020-04-01,MBB,Ngân hàng,1.57,10192018100,STOCK
2020-04-01,PHR,SX Nhựa - Hóa chất,1.54,10036660000,STOCK
2020-04-01,GAS,Tiện ích,1.26,8175430000,STOCK
2020-04-01,SZC,Bất động sản,1.24,8029980000,STOCK
2020-04-01,VHC,Chế biến Thủy sản,1.09,7092360000,STOCK
2020-04-01,DHC,SX Phụ trợ,0.95,6156000000,STOCK
2020-04-01,KSB,Khai khoáng,0.92,5948120000,STOCK
2020-04-01,SIP,Tiện ích,0.83,5403600000,STOCK
2020-04-01,BVH,Bảo hiểm,0.72,4656960000,STOCK
2020-04-01,DXG,Bất động sản,0.7,4543001170,STOCK
2020-04-01,ACV,Vận tải - kho bãi,0.69,4494940000,STOCK
2020-04-01,NLG,Bất động sản,0.62,4052835000,STOCK
2020-04-01,NTC,Bất động sản,0.42,2715120000,STOCK
2020-04-01,PLX,Bán buôn,0.4,2602171000,STOCK
2020-04-01,POW,Tiện ích,0.4,2587915000,STOCK
2020-04-01,VEA,SX Thiết bị - máy móc,0.15,995600000,STOCK
2020-04-01,SAB,Thực phẩm - Đồ uống,0.0,16300000,STOCK
2020-04-01,VJC,Vận tải - kho bãi,0.0,11550000,STOCK
2020-04-01,CTD,Xây dựng,0.0,6270000,STOCK
2020-04-01,MSN,Thực phẩm - Đồ uống,0.0,5880000,STOCK
2020-04-01,NVL,Bất động sản,0.0,5320000,STOCK
2020-04-01,REE,Xây dựng,0.0,3000000,STOCK
2020-04-01,HDB,Ngân hàng,0.0,2065000,STOCK
2020-04-01,SSI,Chứng khoán,0.0,1508000,STOCK
2020-04-01,EIB,Ngân hàng,0.0,1500000,STOCK
2020-04-01,SBT,Thực phẩm - Đồ uống,0.0,1375000,STOCK
2020-04-01,STB,Ngân hàng,0.0,910000,STOCK
2020-04-01,ROS,Xây dựng,0.0,376000,STOCK
2020-04-01,BOND,,9.24,60037400000,BOND
2020-04-01,CASH,,19.41,126136334261,CASH
2020-04-01,OTHER,,0.77,5012814111,OTHER
2020-05-01,MWG,Bán lẻ,9.26,61084584000,STOCK
2020-05-01,VCB,Ngân hàng,7.93,52284258000,STOCK
2020-05-01,FPT,Công nghệ và thông tin,7.9,52107984250,STOCK
2020-05-01,HPG,Vật liệu xây dựng,4.58,30221241000,STOCK
2020-05-01,BID,Ngân hàng,4.11,27079129000,STOCK
2020-05-01,VHM,Bất động sản,3.34,22033990000,STOCK
2020-05-01,PNJ,Bán lẻ,3.32,21860553300,STOCK
2020-05-01,PHR,SX Nhựa - Hóa chất,2.98,19632639000,STOCK
2020-05-01,VNM,Thực phẩm - Đồ uống,2.86,18867245000,STOCK
2020-05-01,VIC,Bất động sản,2.49,16413661000,STOCK
2020-05-01,TCB,Ngân hàng,2.43,16013106000,STOCK
2020-05-01,VPB,Ngân hàng,2.3,15189712050,STOCK
2020-05-01,ACB,Ngân hàng,2.23,14719135300,STOCK
2020-05-01,KSB,Khai khoáng,2.14,14096500000,STOCK
2020-05-01,NTC,Bất động sản,2.07,13626360000,STOCK
2020-05-01,KBC,Bất động sản,2.05,13500645000,STOCK
2020-05-01,CTG,Ngân hàng,1.88,12367350000,STOCK
2020-05-01,KDH,Bất động sản,1.77,11646162000,STOCK
2020-05-01,SZC,Bất động sản,1.63,10729532000,STOCK
2020-05-01,MBB,Ngân hàng,1.61,10612365600,STOCK
2020-05-01,VRE,Bất động sản,1.52,10050425000,STOCK
2020-05-01,GAS,Tiện ích,1.45,9593880000,STOCK
2020-05-01,DHC,SX Phụ trợ,1.36,8981408000,STOCK
2020-05-01,VHC,Chế biến Thủy sản,1.22,8023680000,STOCK
2020-05-01,SIP,Tiện ích,1.14,7491890000,STOCK
2020-05-01,ACV,Vận tải - kho bãi,0.68,4472200000,STOCK
2020-05-01,DXG,Bất động sản,0.68,4456188900,STOCK
2020-05-01,NLG,Bất động sản,0.57,3761323200,STOCK
2020-05-01,BVH,Bảo hiểm,0.01,49950000,STOCK
2020-05-01,SAB,Thực phẩm - Đồ uống,0.0,17640000,STOCK
2020-05-01,VJC,Vận tải - kho bãi,0.0,11300000,STOCK
2020-05-01,POW,Tiện ích,0.0,10250000,STOCK
2020-05-01,CTD,Xây dựng,0.0,7600000,STOCK
2020-05-01,MSN,Thực phẩm - Đồ uống,0.0,6270000,STOCK
2020-05-01,NVL,Bất động sản,0.0,5370000,STOCK
2020-05-01,PLX,Bán buôn,0.0,4615000,STOCK
2020-05-01,REE,Xây dựng,0.0,3125000,STOCK
2020-05-01,HDB,Ngân hàng,0.0,2420000,STOCK
2020-05-01,EIB,Ngân hàng,0.0,1730000,STOCK
2020-05-01,SSI,Chứng khoán,0.0,1716800,STOCK
2020-05-01,SBT,Thực phẩm - Đồ uống,0.0,1490000,STOCK
2020-05-01,STB,Ngân hàng,0.0,1030000,STOCK
2020-05-01,ROS,Xây dựng,0.0,350000,STOCK
2020-05-01,BOND,,1.52,10037400000,BOND
2020-05-01,CASH,,20.26,133576546130,CASH
2020-05-01,OTHER,,0.72,4748313096,OTHER
2020-06-01,FPT,Công nghệ và thông tin,8.74,45417869750,STOCK
2020-06-01,VCB,Ngân hàng,8.16,42371499500,STOCK
2020-06-01,MWG,Bán lẻ,7.48,38868032000,STOCK
2020-06-01,HPG,Vật liệu xây dựng,5.51,28621462000,STOCK
2020-06-01,BID,Ngân hàng,4.47,23224741000,STOCK
2020-06-01,VHM,Bất động sản,4.38,22736825000,STOCK
2020-06-01,PHR,SX Nhựa - Hóa chất,3.07,15939287000,STOCK
2020-06-01,PNJ,Bán lẻ,2.96,15379928200,STOCK
2020-06-01,VNM,Thực phẩm - Đồ uống,2.94,15277950100,STOCK
2020-06-01,NTC,Bất động sản,2.48,12876160000,STOCK
2020-06-01,VIC,Bất động sản,2.42,12567957000,STOCK
2020-06-01,ACB,Ngân hàng,2.41,12513939600,STOCK
2020-06-01,TCB,Ngân hàng,2.39,12406039000,STOCK
2020-06-01,KBC,Bất động sản,2.35,12215700000,STOCK
2020-06-01,KSB,Khai khoáng,2.17,11290125000,STOCK
2020-06-01,VPB,Ngân hàng,2.1,10930995350,STOCK
2020-06-01,KDH,Bất động sản,2.04,10611007200,STOCK
2020-06-01,CTG,Ngân hàng,1.86,9657848000,STOCK
2020-06-01,SZC,Bất động sản,1.77,9220424000,STOCK
2020-06-01,DHC,SX Phụ trợ,1.62,8432273000,STOCK
2020-06-01,VHC,Chế biến Thủy sản,1.49,7757100000,STOCK
2020-06-01,GAS,Tiện ích,1.47,7655550000,STOCK
2020-06-01,VRE,Bất động sản,1.46,7588056000,STOCK
2020-06-01,MBB,Ngân hàng,1.44,7469966800,STOCK
2020-06-01,SIP,Tiện ích,1.31,6781100000,STOCK
2020-06-01,DXG,Bất động sản,1.07,5536753600,STOCK
2020-06-01,ACV,Vận tải - kho bãi,0.79,4127640000,STOCK
2020-06-01,NLG,Bất động sản,0.59,3082737000,STOCK
2020-06-01,BVH,Bảo hiểm,0.01,45500000,STOCK
2020-06-01,SAB,Thực phẩm - Đồ uống,0.0,15700000,STOCK
2020-06-01,VJC,Vận tải - kho bãi,0.0,10800000,STOCK
2020-06-01,POW,Tiện ích,0.0,9700000,STOCK
2020-06-01,CTD,Xây dựng,0.0,6960000,STOCK
2020-06-01,NVL,Bất động sản,0.0,6150000,STOCK
2020-06-01,MSN,Thực phẩm - Đồ uống,0.0,5410000,STOCK
2020-06-01,PLX,Bán buôn,0.0,4450000,STOCK
2020-06-01,REE,Xây dựng,0.0,3065000,STOCK
2020-06-01,HDB,Ngân hàng,0.0,2480000,STOCK
2020-06-01,EIB,Ngân hàng,0.0,1780000,STOCK
2020-06-01,SSI,Chứng khoán,0.0,1716800,STOCK
2020-06-01,SBT,Thực phẩm - Đồ uống,0.0,1335000,STOCK
2020-06-01,STB,Ngân hàng,0.0,1075000,STOCK
2020-06-01,ROS,Xây dựng,0.0,297000,STOCK
2020-06-01,BOND,,1.93,10037400000,BOND
2020-06-01,CASH,,16.63,86411691180,CASH
2020-06-01,OTHER,,0.46,2373721212,OTHER
2020-07-01,FPT,Công nghệ và thông tin,9.05,44273717500,STOCK
2020-07-01,VCB,Ngân hàng,8.24,40313606000,STOCK
2020-07-01,MWG,Bán lẻ,7.32,35837480000,STOCK
2020-07-01,HPG,Vật liệu xây dựng,5.68,27809808600,STOCK
2020-07-01,VHM,Bất động sản,4.78,23399355000,STOCK
2020-07-01,BID,Ngân hàng,4.59,22458753500,STOCK
2020-07-01,PHR,SX Nhựa - Hóa chất,3.28,16035500000,STOCK
2020-07-01,VNM,Thực phẩm - Đồ uống,2.96,14505241000,STOCK
2020-07-01,PNJ,Bán lẻ,2.83,13825858800,STOCK
2020-07-01,NTC,Bất động sản,2.74,13421760000,STOCK
2020-07-01,VIC,Bất động sản,2.53,12356137500,STOCK
2020-07-01,ACB,Ngân hàng,2.52,12349282500,STOCK
2020-07-01,SZC,Bất động sản,2.48,12151917500,STOCK
2020-07-01,TCB,Ngân hàng,2.35,11517627000,STOCK
2020-07-01,VRE,Bất động sản,2.34,11444847000,STOCK
2020-07-01,KBC,Bất động sản,2.24,10936800000,STOCK
2020-07-01,VPB,Ngân hàng,2.21,10797364600,STOCK
2020-07-01,KSB,Khai khoáng,2.17,10626000000,STOCK
2020-07-01,KDH,Bất động sản,2.14,10450927350,STOCK
2020-07-01,DHC,SX Phụ trợ,2.01,9835618000,STOCK
2020-07-01,CTG,Ngân hàng,1.94,9500992000,STOCK
2020-07-01,VHC,Chế biến Thủy sản,1.54,7536100000,STOCK
2020-07-01,GAS,Tiện ích,1.49,7267225000,STOCK
2020-07-01,MBB,Ngân hàng,1.45,7087468500,STOCK
2020-07-01,SIP,Tiện ích,1.38,6764760000,STOCK
2020-07-01,DXG,Bất động sản,0.89,4340419340,STOCK
2020-07-01,ACV,Vận tải - kho bãi,0.75,3660360000,STOCK
2020-07-01,NLG,Bất động sản,0.64,3145650000,STOCK
2020-07-01,BVH,Bảo hiểm,0.01,40400000,STOCK
2020-07-01,SAB,Thực phẩm - Đồ uống,0.0,16800000,STOCK
2020-07-01,VJC,Vận tải - kho bãi,0.0,9450000,STOCK
2020-07-01,POW,Tiện ích,0.0,9150000,STOCK
2020-07-01,CTD,Xây dựng,0.0,6680000,STOCK
2020-07-01,NVL,Bất động sản,0.0,6510000,STOCK
2020-07-01,MSN,Thực phẩm - Đồ uống,0.0,5050000,STOCK
2020-07-01,PLX,Bán buôn,0.0,4220000,STOCK
2020-07-01,REE,Xây dựng,0.0,3245000,STOCK
2020-07-01,HDB,Ngân hàng,0.0,2395000,STOCK
2020-07-01,EIB,Ngân hàng,0.0,1655000,STOCK
2020-07-01,SSI,Chứng khoán,0.0,1571800,STOCK
2020-07-01,SBT,Thực phẩm - Đồ uống,0.0,1320000,STOCK
2020-07-01,STB,Ngân hàng,0.0,1010000,STOCK
2020-07-01,ROS,Xây dựng,0.0,209000,STOCK
2020-07-01,BOND,,2.05,10037400000,BOND
2020-07-01,CASH,,12.56,61451672982,CASH
2020-07-01,OTHER,,0.84,4088782706,OTHER
2020-08-01,FPT,Công nghệ và thông tin,9.04,48604792500,STOCK
2020-08-01,MWG,Bán lẻ,8.21,44181936000,STOCK
2020-08-01,VCB,Ngân hàng,8.02,43132195000,STOCK
2020-08-01,HPG,Vật liệu xây dựng,5.67,30480248900,STOCK
2020-08-01,BID,Ngân hàng,4.67,25093750500,STOCK
2020-08-01,PHR,SX Nhựa - Hóa chất,3.14,16877115000,STOCK
2020-08-01,PNJ,Bán lẻ,2.99,16076580000,STOCK
2020-08-01,VNM,Thực phẩm - Đồ uống,2.96,15919123000,STOCK
2020-08-01,VHM,Bất động sản,2.91,15670955000,STOCK
2020-08-01,ACB,Ngân hàng,2.74,14713096800,STOCK
2020-08-01,NTC,Bất động sản,2.7,14526600000,STOCK
2020-08-01,KSB,Khai khoáng,2.61,14048100000,STOCK
2020-08-01,TCB,Ngân hàng,2.51,13516554000,STOCK
2020-08-01,VIC,Bất động sản,2.36,12709170000,STOCK
2020-08-01,KBC,Bất động sản,2.25,12083400000,STOCK
2020-08-01,KDH,Bất động sản,2.17,11693819650,STOCK
2020-08-01,VPB,Ngân hàng,2.1,11313612050,STOCK
2020-08-01,CTG,Ngân hàng,2.06,11106512000,STOCK
2020-08-01,DHC,SX Phụ trợ,1.99,10689828000,STOCK
2020-08-01,SZC,Bất động sản,1.83,9837904500,STOCK
2020-08-01,VRE,Bất động sản,1.76,9452430000,STOCK
2020-08-01,VHC,Chế biến Thủy sản,1.54,8305800000,STOCK
2020-08-01,MBB,Ngân hàng,1.5,8077464100,STOCK
2020-08-01,GAS,Tiện ích,1.49,7999095000,STOCK
2020-08-01,SIP,Tiện ích,1.38,7426530000,STOCK
2020-08-01,DXG,Bất động sản,0.89,4785337040,STOCK
2020-08-01,ACV,Vận tải - kho bãi,0.76,4106400000,STOCK
2020-08-01,NLG,Bất động sản,0.58,3113997600,STOCK
2020-08-01,BVH,Bảo hiểm,0.01,49900000,STOCK
2020-08-01,SAB,Thực phẩm - Đồ uống,0.0,19150000,STOCK
2020-08-01,VJC,Vận tải - kho bãi,0.0,10300000,STOCK
2020-08-01,POW,Tiện ích,0.0,10050000,STOCK
2020-08-01,NVL,Bất động sản,0.0,6380000,STOCK
2020-08-01,MSN,Thực phẩm - Đồ uống,0.0,5500000,STOCK
2020-08-01,PLX,Bán buôn,0.0,5250000,STOCK
2020-08-01,REE,Xây dựng,0.0,3690000,STOCK
2020-08-01,HDB,Ngân hàng,0.0,2835000,STOCK
2020-08-01,TCH,Bất động sản,0.0,2080000,STOCK
2020-08-01,SSI,Chứng khoán,0.0,1728400,STOCK
2020-08-01,EIB,Ngân hàng,0.0,1725000,STOCK
2020-08-01,SBT,Thực phẩm - Đồ uống,0.0,1435000,STOCK
2020-08-01,STB,Ngân hàng,0.0,1120000,STOCK
2020-08-01,ROS,Xây dựng,0.0,222000,STOCK
2020-08-01,BOND,,1.87,10037400000,BOND
2020-08-01,CASH,,14.4,77475520078,CASH
2020-08-01,OTHER,,0.88,4719151938,OTHER
2020-09-01,MWG,Bán lẻ,8.94,37894276000,STOCK
2020-09-01,FPT,Công nghệ và thông tin,8.89,37708750000,STOCK
2020-09-01,VCB,Ngân hàng,7.92,33566412500,STOCK
2020-09-01,HPG,Vật liệu xây dựng,6.31,26770867200,STOCK
2020-09-01,BID,Ngân hàng,3.83,16245336000,STOCK
2020-09-01,NTC,Bất động sản,3.28,13892340000,STOCK
2020-09-01,PHR,SX Nhựa - Hóa chất,3.15,13374603000,STOCK
2020-09-01,VNM,Thực phẩm - Đồ uống,3.11,13200313500,STOCK
2020-09-01,PNJ,Bán lẻ,2.96,12532184700,STOCK
2020-09-01,ACB,Ngân hàng,2.87,12172815000,STOCK
2020-09-01,KSB,Khai khoáng,2.86,12126342500,STOCK
2020-09-01,VHM,Bất động sản,2.73,11576415000,STOCK
2020-09-01,TCB,Ngân hàng,2.6,11014562000,STOCK
2020-09-01,VIC,Bất động sản,2.34,9923449500,STOCK
2020-09-01,KDH,Bất động sản,2.11,8944103250,STOCK
2020-09-01,VPB,Ngân hàng,2.08,8836733750,STOCK
2020-09-01,CTG,Ngân hàng,2.08,8811679500,STOCK
2020-09-01,DHC,SX Phụ trợ,2.01,8524880000,STOCK
2020-09-01,SZC,Bất động sản,1.81,7671012000,STOCK
2020-09-01,SIP,Tiện ích,1.76,7469422500,STOCK
2020-09-01,VRE,Bất động sản,1.75,7419432000,STOCK
2020-09-01,VHC,Chế biến Thủy sản,1.73,7331682000,STOCK
2020-09-01,MBB,Ngân hàng,1.61,6826153000,STOCK
2020-09-01,KBC,Bất động sản,1.48,6266744000,STOCK
2020-09-01,GAS,Tiện ích,1.39,5907918000,STOCK
2020-09-01,ACV,Vận tải - kho bãi,1.12,4736520000,STOCK
2020-09-01,DXG,Bất động sản,0.9,3834899300,STOCK
2020-09-01,NLG,Bất động sản,0.58,2442670750,STOCK
2020-09-01,TIP,Bất động sản,0.57,2425450000,STOCK
2020-09-01,BVH,Bảo hiểm,0.01,48700000,STOCK
2020-09-01,SAB,Thực phẩm - Đồ uống,0.0,18330000,STOCK
2020-09-01,VJC,Vận tải - kho bãi,0.0,10460000,STOCK
2020-09-01,POW,Tiện ích,0.0,10250000,STOCK
2020-09-01,NVL,Bất động sản,0.0,6390000,STOCK
2020-09-01,MSN,Thực phẩm - Đồ uống,0.0,5460000,STOCK
2020-09-01,PLX,Bán buôn,0.0,5030000,STOCK
2020-09-01,REE,Xây dựng,0.0,4020000,STOCK
2020-09-01,HDB,Ngân hàng,0.0,3130000,STOCK
2020-09-01,TCH,Bất động sản,0.0,2155000,STOCK
2020-09-01,SSI,Chứng khoán,0.0,1966200,STOCK
2020-09-01,EIB,Ngân hàng,0.0,1700000,STOCK
2020-09-01,SBT,Thực phẩm - Đồ uống,0.0,1480000,STOCK
2020-09-01,STB,Ngân hàng,0.0,1380000,STOCK
2020-09-01,ROS,Xây dựng,0.0,217000,STOCK
2020-09-01,BOND,,2.37,10037400000,BOND
2020-09-01,CASH,,12.04,51042246025,CASH
2020-09-01,OTHER,,0.78,3310522233,OTHER
2020-10-01,MWG,Bán lẻ,8.28,35945604000,STOCK
2020-10-01,FPT,Công nghệ và thông tin,7.93,34437792500,STOCK
2020-10-01,VCB,Ngân hàng,7.15,31045735000,STOCK
2020-10-01,HPG,Vật liệu xây dựng,7.13,30979166400,STOCK
2020-10-01,NTC,Bất động sản,3.64,15801940000,STOCK
2020-10-01,BID,Ngân hàng,3.07,13339095000,STOCK
2020-10-01,ACB,Ngân hàng,3.0,13038437400,STOCK
2020-10-01,PNJ,Bán lẻ,2.97,12911918500,STOCK
2020-10-01,VNM,Thực phẩm - Đồ uống,2.73,11835180000,STOCK
2020-10-01,VHM,Bất động sản,2.68,11653080000,STOCK
2020-10-01,CTG,Ngân hàng,2.62,11364810000,STOCK
2020-10-01,SAB,Thực phẩm - Đồ uống,2.55,11076430000,STOCK
2020-10-01,KSB,Khai khoáng,2.53,10979634000,STOCK
2020-10-01,PHR,SX Nhựa - Hóa chất,2.42,10499856000,STOCK
2020-10-01,TCB,Ngân hàng,2.4,10405349500,STOCK
2020-10-01,VIC,Bất động sản,2.32,10077349500,STOCK
2020-10-01,KDH,Bất động sản,2.12,9220725000,STOCK
2020-10-01,VPB,Ngân hàng,2.02,8780922800,STOCK
2020-10-01,DHC,SX Phụ trợ,2.0,8693504000,STOCK
2020-10-01,SIP,Tiện ích,1.94,8418368000,STOCK
2020-10-01,MSN,Thực phẩm - Đồ uống,1.94,8408400000,STOCK
2020-10-01,MBB,Ngân hàng,1.63,7075001600,STOCK
2020-10-01,VHC,Chế biến Thủy sản,1.58,6846251000,STOCK
2020-10-01,VRE,Bất động sản,1.57,6801146000,STOCK
2020-10-01,SZC,Bất động sản,1.56,6768540000,STOCK
2020-10-01,GAS,Tiện ích,1.34,5833344000,STOCK
2020-10-01,KBC,Bất động sản,1.12,4877970000,STOCK
2020-10-01,ACV,Vận tải - kho bãi,1.0,4361280000,STOCK
2020-10-01,DXG,Bất động sản,0.67,2925519500,STOCK
2020-10-01,NLG,Bất động sản,0.59,2580219200,STOCK
2020-10-01,TIP,Bất động sản,0.57,2465725000,STOCK
2020-10-01,DRC,Sản phẩm cao su,0.39,1681125000,STOCK
2020-10-01,GIL,SX Hàng gia dụng,0.35,1537500000,STOCK
2020-10-01,BVH,Bảo hiểm,0.01,50500000,STOCK
2020-10-01,VJC,Vận tải - kho bãi,0.0,10120000,STOCK
2020-10-01,POW,Tiện ích,0.0,9400000,STOCK
2020-10-01,NVL,Bất động sản,0.0,6200000,STOCK
2020-10-01,PLX,Bán buôn,0.0,4900000,STOCK
2020-10-01,REE,Xây dựng,0.0,4190000,STOCK
2020-10-01,HDB,Ngân hàng,0.0,3146000,STOCK
2020-10-01,SSI,Chứng khoán,0.0,1983600,STOCK
2020-10-01,TCH,Bất động sản,0.0,1850000,STOCK
2020-10-01,EIB,Ngân hàng,0.0,1720000,STOCK
2020-10-01,SBT,Thực phẩm - Đồ uống,0.0,1470000,STOCK
2020-10-01,STB,Ngân hàng,0.0,1330000,STOCK
2020-10-01,ROS,Xây dựng,0.0,220000,STOCK
2020-10-01,BOND,,2.31,10037400000,BOND
2020-10-01,CASH,,11.23,48787822369,CASH
2020-10-01,OTHER,,0.62,2713103424,OTHER
2020-11-01,MWG,Bán lẻ,7.87,38676720000,STOCK
2020-11-01,FPT,Công nghệ và thông tin,7.32,35970943000,STOCK
2020-11-01,HPG,Vật liệu xây dựng,7.18,35288704000,STOCK
2020-11-01,VCB,Ngân hàng,6.88,33781785000,STOCK
2020-11-01,NTC,Bất động sản,4.43,21779800000,STOCK
2020-11-01,ACB,Ngân hàng,3.46,17008540800,STOCK
2020-11-01,PNJ,Bán lẻ,2.95,14472495700,STOCK
2020-11-01,BID,Ngân hàng,2.86,14030799000,STOCK
2020-11-01,TCB,Ngân hàng,2.79,13719407000,STOCK
2020-11-01,KSB,Khai khoáng,2.62,12849528000,STOCK
2020-11-01,CTG,Ngân hàng,2.59,12746415000,STOCK
2020-11-01,VHM,Bất động sản,2.5,12301618000,STOCK
2020-11-01,SIP,Tiện ích,2.47,12136915000,STOCK
2020-11-01,VNM,Thực phẩm - Đồ uống,2.41,11857097000,STOCK
2020-11-01,PHR,SX Nhựa - Hóa chất,2.39,11732804000,STOCK
2020-11-01,DHC,SX Phụ trợ,2.19,10753836000,STOCK
2020-11-01,KDH,Bất động sản,2.01,9866175750,STOCK
2020-11-01,VPB,Ngân hàng,1.97,9682116400,STOCK
2020-11-01,VIC,Bất động sản,1.94,9550799700,STOCK
2020-11-01,SAB,Thực phẩm - Đồ uống,1.92,9421800000,STOCK
2020-11-01,SZC,Bất động sản,1.67,8182944000,STOCK
2020-11-01,MSN,Thực phẩm - Đồ uống,1.62,7970400000,STOCK
2020-11-01,MBB,Ngân hàng,1.6,7854530200,STOCK
2020-11-01,VHC,Chế biến Thủy sản,1.51,7398638000,STOCK
2020-11-01,VRE,Bất động sản,1.5,7360764000,STOCK
2020-11-01,GAS,Tiện ích,1.37,6718410000,STOCK
2020-11-01,ACV,Vận tải - kho bãi,1.01,4974240000,STOCK
2020-11-01,KBC,Bất động sản,0.81,3997370000,STOCK
2020-11-01,DXG,Bất động sản,0.7,3433202700,STOCK
2020-11-01,TIP,Bất động sản,0.58,2854665000,STOCK
2020-11-01,NLG,Bất động sản,0.56,2731996800,STOCK
2020-11-01,GIL,SX Hàng gia dụng,0.38,1886650000,STOCK
2020-11-01,DRC,Sản phẩm cao su,0.37,1810848000,STOCK
2020-11-01,LHG,Bất động sản,0.24,1182930000,STOCK
2020-11-01,BVH,Bảo hiểm,0.01,55000000,STOCK
2020-11-01,VJC,Vận tải - kho bãi,0.0,11750000,STOCK
2020-11-01,POW,Tiện ích,0.0,10100000,STOCK
2020-11-01,NVL,Bất động sản,0.0,6060000,STOCK
2020-11-01,PLX,Bán buôn,0.0,5080000,STOCK
2020-11-01,REE,Xây dựng,0.0,4860000,STOCK
2020-11-01,HDB,Ngân hàng,0.0,3630000,STOCK
2020-11-01,SSI,Chứng khoán,0.0,2233000,STOCK
2020-11-01,TCH,Bất động sản,0.0,1950000,STOCK
2020-11-01,SBT,Thực phẩm - Đồ uống,0.0,1805000,STOCK
2020-11-01,EIB,Ngân hàng,0.0,1720000,STOCK
2020-11-01,STB,Ngân hàng,0.0,1465000,STOCK
2020-11-01,ROS,Xây dựng,0.0,218000,STOCK
2020-11-01,BOND,,2.04,9997200000,BOND
2020-11-01,CASH,,12.59,61867175908,CASH
2020-11-01,OTHER,,0.67,3294414931,OTHER
2020-12-01,HPG,Vật liệu xây dựng,9.21,49903644600,STOCK
2020-12-01,MWG,Bán lẻ,7.31,39643638000,STOCK
2020-12-01,VCB,Ngân hàng,6.42,34798065500,STOCK
2020-12-01,FPT,Công nghệ và thông tin,5.98,32416645500,STOCK
2020-12-01,NTC,Bất động sản,4.19,22727380000,STOCK
2020-12-01,TCB,Ngân hàng,3.84,20800080000,STOCK
2020-12-01,SIP,Tiện ích,2.94,15960499500,STOCK
2020-12-01,BID,Ngân hàng,2.83,15328958000,STOCK
2020-12-01,KSB,Khai khoáng,2.81,15222855000,STOCK
2020-12-01,PNJ,Bán lẻ,2.78,15048423000,STOCK
2020-12-01,CTG,Ngân hàng,2.33,12655319500,STOCK
2020-12-01,VHM,Bất động sản,2.31,12519260000,STOCK
2020-12-01,VPB,Ngân hàng,2.09,11343247500,STOCK
2020-12-01,VNM,Thực phẩm - Đồ uống,2.08,11275488000,STOCK
2020-12-01,SZC,Bất động sản,2.0,10851840000,STOCK
2020-12-01,PHR,SX Nhựa - Hóa chất,1.98,10713780000,STOCK
2020-12-01,ACB,Ngân hàng,1.95,10546323400,STOCK
2020-12-01,DHC,SX Phụ trợ,1.93,10438869000,STOCK
2020-12-01,VIC,Bất động sản,1.83,9946068600,STOCK
2020-12-01,KDH,Bất động sản,1.74,9412009700,STOCK
2020-12-01,MBB,Ngân hàng,1.64,8877356000,STOCK
2020-12-01,STB,Ngân hàng,1.48,8027500000,STOCK
2020-12-01,MSN,Thực phẩm - Đồ uống,1.44,7823200000,STOCK
2020-12-01,VRE,Bất động sản,1.36,7393758000,STOCK
2020-12-01,TIP,Bất động sản,1.11,6026880000,STOCK
2020-12-01,ACV,Vận tải - kho bãi,1.03,5572800000,STOCK
2020-12-01,GAS,Tiện ích,1.0,5400376000,STOCK
2020-12-01,SAB,Thực phẩm - Đồ uống,0.9,4894500000,STOCK
2020-12-01,LHG,Bất động sản,0.74,4014815000,STOCK
2020-12-01,DXG,Bất động sản,0.73,3939538350,STOCK
2020-12-01,ASM,Chế biến Thủy sản,0.62,3380000000,STOCK
2020-12-01,CTR,Công nghệ và thông tin,0.55,3001400000,STOCK
2020-12-01,NLG,Bất động sản,0.52,2798399500,STOCK
2020-12-01,HAH,Vận tải - kho bãi,0.47,2559700000,STOCK
2020-12-01,GIL,SX Hàng gia dụng,0.38,2037000000,STOCK
2020-12-01,DRC,Sản phẩm cao su,0.18,998554500,STOCK
2020-12-01,HDB,Ngân hàng,0.0,118750,STOCK
2020-12-01,CASH,,16.88,91497927740,CASH
2020-12-01,OTHER,,0.41,2234411093,OTHER
2021-01-01,HPG,Vật liệu xây dựng,9.01,48074164200,STOCK
2021-01-01,MWG,Bán lẻ,8.5,45346244000,STOCK
2021-01-01,FPT,Công nghệ và thông tin,6.63,35400733500,STOCK
2021-01-01,VCB,Ngân hàng,6.37,33995685000,STOCK
2021-01-01,TCB,Ngân hàng,3.96,21130240000,STOCK
2021-01-01,SIP,Tiện ích,3.62,19336934500,STOCK
2021-01-01,NTC,Bất động sản,3.17,16938480000,STOCK
2021-01-01,PNJ,Bán lẻ,2.89,15438567300,STOCK
2021-01-01,SZC,Bất động sản,2.67,14243040000,STOCK
2021-01-01,VHM,Bất động sản,2.35,12564530000,STOCK
2021-01-01,TIP,Bất động sản,2.23,11904144000,STOCK
2021-01-01,BID,Ngân hàng,2.15,11456088000,STOCK
2021-01-01,CTG,Ngân hàng,2.09,11171845000,STOCK
2021-01-01,MBB,Ngân hàng,2.07,11057542650,STOCK
2021-01-01,VPB,Ngân hàng,1.96,10470690000,STOCK
2021-01-01,DHC,SX Phụ trợ,1.94,10353164000,STOCK
2021-01-01,KDH,Bất động sản,1.92,10247205100,STOCK
2021-01-01,ACB,Ngân hàng,1.88,10058415200,STOCK
2021-01-01,KBC,Bất động sản,1.87,9986350000,STOCK
2021-01-01,VNM,Thực phẩm - Đồ uống,1.73,9214478000,STOCK
2021-01-01,KSB,Khai khoáng,1.64,8754540000,STOCK
2021-01-01,VIC,Bất động sản,1.61,8570566200,STOCK
2021-01-01,STB,Ngân hàng,1.5,8027500000,STOCK
2021-01-01,NVL,Bất động sản,1.5,8020000000,STOCK
2021-01-01,VRE,Bất động sản,1.41,7546813500,STOCK
2021-01-01,MSN,Thực phẩm - Đồ uống,1.41,7524000000,STOCK
2021-01-01,ASM,Chế biến Thủy sản,1.19,6339190000,STOCK
2021-01-01,LHG,Bất động sản,1.02,5438475000,STOCK
2021-01-01,DXG,Bất động sản,0.91,4841062800,STOCK
2021-01-01,GAS,Tiện ích,0.89,4758068000,STOCK
2021-01-01,GIL,SX Hàng gia dụng,0.8,4245800000,STOCK
2021-01-01,CTR,Công nghệ và thông tin,0.78,4176400000,STOCK
2021-01-01,SAB,Thực phẩm - Đồ uống,0.76,4058670000,STOCK
2021-01-01,HDC,Bất động sản,0.67,3555000000,STOCK
2021-01-01,NLG,Bất động sản,0.58,3082982500,STOCK
2021-01-01,ACV,Vận tải - kho bãi,0.5,2663800000,STOCK
2021-01-01,DRC,Sản phẩm cao su,0.42,2231060000,STOCK
2021-01-01,HAH,Vận tải - kho bãi,0.42,2216500000,STOCK
2021-01-01,SMC,Bán buôn,0.38,2025000000,STOCK
2021-01-01,PHR,SX Nhựa - Hóa chất,0.0,3504000,STOCK
2021-01-01,CASH,,10.04,53612257111,CASH
2021-01-01,OTHER,,2.57,13707185018,OTHER
2021-02-01,HPG,Vật liệu xây dựng,10.39,65114428800,STOCK
2021-02-01,MWG,Bán lẻ,6.88,43121700000,STOCK
2021-02-01,FPT,Công nghệ và thông tin,6.87,43022901000,STOCK
2021-02-01,VCB,Ngân hàng,5.73,35896519000,STOCK
2021-02-01,TCB,Ngân hàng,5.11,31989535000,STOCK
2021-02-01,MBB,Ngân hàng,2.96,18567998050,STOCK
2021-02-01,NTC,Bất động sản,2.81,17602200000,STOCK
2021-02-01,SIP,Tiện ích,2.71,16965007500,STOCK
2021-02-01,VPB,Ngân hàng,2.48,15564920000,STOCK
2021-02-01,SZC,Bất động sản,2.2,13802184000,STOCK
2021-02-01,VHM,Bất động sản,2.18,13653008000,STOCK
2021-02-01,PNJ,Bán lẻ,2.18,13633496700,STOCK
2021-02-01,DHC,SX Phụ trợ,2.12,13284275000,STOCK
2021-02-01,ACB,Ngân hàng,1.98,12404127700,STOCK
2021-02-01,TIP,Bất động sản,1.8,11260032000,STOCK
2021-02-01,KBC,Bất động sản,1.69,10569000000,STOCK
2021-02-01,KDH,Bất động sản,1.64,10247205100,STOCK
2021-02-01,CTG,Ngân hàng,1.58,9919302500,STOCK
2021-02-01,STB,Ngân hàng,1.39,8716250000,STOCK
2021-02-01,BID,Ngân hàng,1.33,8363352000,STOCK
2021-02-01,VIC,Bất động sản,1.28,8035807000,STOCK
2021-02-01,NVL,Bất động sản,1.27,7960000000,STOCK
2021-02-01,MSN,Thực phẩm - Đồ uống,1.27,7946400000,STOCK
2021-02-01,VNM,Thực phẩm - Đồ uống,1.05,6564148000,STOCK
2021-02-01,LHG,Bất động sản,1.03,6468715000,STOCK
2021-02-01,NLG,Bất động sản,1.03,6449428200,STOCK
2021-02-01,GIL,SX Hàng gia dụng,1.02,6414850000,STOCK
2021-02-01,ASM,Chế biến Thủy sản,1.02,6382395000,STOCK
2021-02-01,SAB,Thực phẩm - Đồ uống,0.97,6053600000,STOCK
2021-02-01,CTR,Công nghệ và thông tin,0.96,6038200000,STOCK
2021-02-01,DXG,Bất động sản,0.93,5804335500,STOCK
2021-02-01,HDC,Bất động sản,0.9,5627920000,STOCK
2021-02-01,GAS,Tiện ích,0.89,5568748000,STOCK
2021-02-01,VRE,Bất động sản,0.87,5447124000,STOCK
2021-02-01,DRC,Sản phẩm cao su,0.73,4565237000,STOCK
2021-02-01,VCS,Vật liệu xây dựng,0.69,4310000000,STOCK
2021-02-01,MSB,Ngân hàng,0.6,3750000000,STOCK
2021-02-01,HAH,Vận tải - kho bãi,0.5,3103100000,STOCK
2021-02-01,SMC,Bán buôn,0.41,2565000000,STOCK
2021-02-01,PHR,SX Nhựa - Hóa chất,0.0,3660000,STOCK
2021-02-01,KSB,Khai khoáng,0.0,2052000,STOCK
2021-02-01,CASH,,15.78,98844987125,CASH
2021-02-01,OTHER,,0.79,4974827521,OTHER
2021-03-01,HPG,Vật liệu xây dựng,11.11,69167966400,STOCK
2021-03-01,FPT,Công nghệ và thông tin,6.49,40427698500,STOCK
2021-03-01,VCB,Ngân hàng,6.28,39071346000,STOCK
2021-03-01,TCB,Ngân hàng,6.07,37762688000,STOCK
2021-03-01,MWG,Bán lẻ,5.85,36409384000,STOCK
2021-03-01,MBB,Ngân hàng,3.72,23126266550,STOCK
2021-03-01,VPB,Ngân hàng,2.79,17374341950,STOCK
2021-03-01,STB,Ngân hàng,2.77,17267250000,STOCK
2021-03-01,NTC,Bất động sản,2.59,16138910000,STOCK
2021-03-01,MSN,Thực phẩm - Đồ uống,2.54,15817500000,STOCK
2021-03-01,SIP,Tiện ích,2.39,14890915000,STOCK
2021-03-01,DHC,SX Phụ trợ,2.3,14312735000,STOCK
2021-03-01,SZC,Bất động sản,2.1,13073076000,STOCK
2021-03-01,ACB,Ngân hàng,2.01,12497956200,STOCK
2021-03-01,PNJ,Bán lẻ,1.97,12267963500,STOCK
2021-03-01,KBC,Bất động sản,1.93,12021065000,STOCK
2021-03-01,TIP,Bất động sản,1.81,11295816000,STOCK
2021-03-01,CTG,Ngân hàng,1.72,10691543500,STOCK
2021-03-01,VIC,Bất động sản,1.4,8691941700,STOCK
2021-03-01,NVL,Bất động sản,1.39,8683132500,STOCK
2021-03-01,BID,Ngân hàng,1.32,8238669000,STOCK
2021-03-01,CTR,Công nghệ và thông tin,1.3,8113700000,STOCK
2021-03-01,VHM,Bất động sản,1.16,7217714000,STOCK
2021-03-01,KDH,Bất động sản,1.14,7068328050,STOCK
2021-03-01,GIL,SX Hàng gia dụng,1.06,6627140000,STOCK
2021-03-01,LHG,Bất động sản,1.02,6372740000,STOCK
2021-03-01,ASM,Chế biến Thủy sản,1.01,6258465000,STOCK
2021-03-01,NLG,Bất động sản,1.0,6235635000,STOCK
2021-03-01,SMC,Bán buôn,0.97,6040000000,STOCK
2021-03-01,DPM,SX Nhựa - Hóa chất,0.96,5955000000,STOCK
2021-03-01,DXG,Bất động sản,0.95,5927832000,STOCK
2021-03-01,HDC,Bất động sản,0.95,5887460000,STOCK
2021-03-01,GAS,Tiện ích,0.9,5593692000,STOCK
2021-03-01,VRE,Bất động sản,0.86,5365089000,STOCK
2021-03-01,VCS,Vật liệu xây dựng,0.78,4860000000,STOCK
2021-03-01,DRC,Sản phẩm cao su,0.76,4746528000,STOCK
2021-03-01,MSB,Ngân hàng,0.7,4370000000,STOCK
2021-03-01,HAH,Vận tải - kho bãi,0.57,3560700000,STOCK
2021-03-01,SAB,Thực phẩm - Đồ uống,0.5,3114000000,STOCK
2021-03-01,VNM,Thực phẩm - Đồ uống,0.0,3444000,STOCK
2021-03-01,BOND,,3.21,19993424600,BOND
2021-03-01,CASH,,9.41,58601078113,CASH
2021-03-01,OTHER,,0.22,1360117932,OTHER
2021-04-01,HPG,Vật liệu xây dựng,12.98,85868778800,STOCK
2021-04-01,VCB,Ngân hàng,6.23,41214500000,STOCK
2021-04-01,MWG,Bán lẻ,5.98,39553448000,STOCK
2021-04-01,TCB,Ngân hàng,5.79,38323520000,STOCK
2021-04-01,FPT,Công nghệ và thông tin,5.35,35377974500,STOCK
2021-04-01,STB,Ngân hàng,3.98,26290000000,STOCK
2021-04-01,MBB,Ngân hàng,2.94,19470647950,STOCK
2021-04-01,DHC,SX Phụ trợ,2.36,15632592000,STOCK
2021-04-01,MSN,Thực phẩm - Đồ uống,2.22,14700000000,STOCK
2021-04-01,NVL,Bất động sản,2.09,13805541000,STOCK
2021-04-01,GIL,SX Hàng gia dụng,2.01,13260800000,STOCK
2021-04-01,PNJ,Bán lẻ,1.71,11287934000,STOCK
2021-04-01,VPB,Ngân hàng,1.58,10478695500,STOCK
2021-04-01,SZC,Bất động sản,1.56,10319640000,STOCK
2021-04-01,CTG,Ngân hàng,1.52,10048632000,STOCK
2021-04-01,VIC,Bất động sản,1.46,9657713000,STOCK
2021-04-01,SIP,Tiện ích,1.45,9565156500,STOCK
2021-04-01,ACB,Ngân hàng,1.44,9539630100,STOCK
2021-04-01,SMC,Bán buôn,1.44,9525000000,STOCK
2021-04-01,NTC,Bất động sản,1.43,9448450000,STOCK
2021-04-01,TIP,Bất động sản,1.41,9339120000,STOCK
2021-04-01,DXG,Bất động sản,1.3,8605985850,STOCK
2021-04-01,VCS,Vật liệu xây dựng,1.16,7650000000,STOCK
2021-04-01,VHM,Bất động sản,1.11,7366074000,STOCK
2021-04-01,KBC,Bất động sản,1.09,7231595000,STOCK
2021-04-01,LHG,Bất động sản,1.04,6900602500,STOCK
2021-04-01,HAH,Vận tải - kho bãi,1.03,6838000000,STOCK
2021-04-01,AGG,Bất động sản,1.01,6660000000,STOCK
2021-04-01,VND,Chứng khoán,0.99,6516000000,STOCK
2021-04-01,NLG,Bất động sản,0.98,6467244300,STOCK
2021-04-01,HSG,Vật liệu xây dựng,0.96,6350000000,STOCK
2021-04-01,ASM,Chế biến Thủy sản,0.89,5907330000,STOCK
2021-04-01,DPM,SX Nhựa - Hóa chất,0.86,5715000000,STOCK
2021-04-01,HDC,Bất động sản,0.82,5395700000,STOCK
2021-04-01,GAS,Tiện ích,0.79,5207060000,STOCK
2021-04-01,CTR,Công nghệ và thông tin,0.72,4774250000,STOCK
2021-04-01,DRC,Sản phẩm cao su,0.66,4342743500,STOCK
2021-04-01,MSB,Ngân hàng,0.66,4340000000,STOCK
2021-04-01,VNM,Thực phẩm - Đồ uống,0.0,3272500,STOCK
2021-04-01,VRE,Bất động sản,0.0,2240000,STOCK
2021-04-01,KDH,Bất động sản,0.0,1019350,STOCK
2021-04-01,BID,Ngân hàng,0.0,820000,STOCK
2021-04-01,BOND,,3.02,19993424600,BOND
2021-04-01,CASH,,12.7,83995330784,CASH
2021-04-01,OTHER,,1.27,8392983561,OTHER
2021-05-01,HPG,Vật liệu xây dựng,13.11,105148568300,STOCK
2021-05-01,TCB,Ngân hàng,7.03,56369964000,STOCK
2021-05-01,STB,Ngân hàng,5.73,45968000000,STOCK
2021-05-01,FPT,Công nghệ và thông tin,5.34,42812159500,STOCK
2021-05-01,MWG,Bán lẻ,4.85,38879720000,STOCK
2021-05-01,VPB,Ngân hàng,4.39,35231311600,STOCK
2021-05-01,VCB,Ngân hàng,4.33,34721497000,STOCK
2021-05-01,MBB,Ngân hàng,3.89,31218406000,STOCK
2021-05-01,DHC,SX Phụ trợ,2.43,19504679000,STOCK
2021-05-01,SMC,Bán buôn,1.94,15600000000,STOCK
2021-05-01,VND,Chứng khoán,1.86,14910000000,STOCK
2021-05-01,HSG,Vật liệu xây dựng,1.81,14487000000,STOCK
2021-05-01,NVL,Bất động sản,1.76,14141749000,STOCK
2021-05-01,MSN,Thực phẩm - Đồ uống,1.72,13762500000,STOCK
2021-05-01,HAH,Vận tải - kho bãi,1.66,13300000000,STOCK
2021-05-01,CTG,Ngân hàng,1.63,13077999000,STOCK
2021-05-01,PNJ,Bán lẻ,1.45,11621964700,STOCK
2021-05-01,ACB,Ngân hàng,1.42,11397999600,STOCK
2021-05-01,DXG,Bất động sản,1.28,10275804000,STOCK
2021-05-01,AGG,Bất động sản,1.21,9720000000,STOCK
2021-05-01,DRC,Sản phẩm cao su,1.19,9516756000,STOCK
2021-05-01,TPB,Ngân hàng,1.17,9362500000,STOCK
2021-05-01,SIP,Tiện ích,1.15,9239626500,STOCK
2021-05-01,PET,Bán buôn,1.13,9100000000,STOCK
2021-05-01,SZC,Bất động sản,1.08,8671754000,STOCK
2021-05-01,VCS,Vật liệu xây dựng,1.02,8160000000,STOCK
2021-05-01,LHG,Bất động sản,1.01,8129082500,STOCK
2021-05-01,NTC,Bất động sản,1.01,8120000000,STOCK
2021-05-01,VHM,Bất động sản,0.95,7610868000,STOCK
2021-05-01,TIP,Bất động sản,0.9,7242972000,STOCK
2021-05-01,HDC,Bất động sản,0.89,7157840000,STOCK
2021-05-01,NKG,Vật liệu xây dựng,0.82,6590000000,STOCK
2021-05-01,DPM,SX Nhựa - Hóa chất,0.71,5670000000,STOCK
2021-05-01,MSB,Ngân hàng,0.68,5490000000,STOCK
2021-05-01,GIL,SX Hàng gia dụng,0.44,3521700000,STOCK
2021-05-01,GAS,Tiện ích,0.0,4956000,STOCK
2021-05-01,VNM,Thực phẩm - Đồ uống,0.0,3167500,STOCK
2021-05-01,VIC,Bất động sản,0.0,2702500,STOCK
2021-05-01,NLG,Bất động sản,0.0,2379000,STOCK
2021-05-01,VRE,Bất động sản,0.0,2058000,STOCK
2021-05-01,KDH,Bất động sản,0.0,1144050,STOCK
2021-05-01,BID,Ngân hàng,0.0,974000,STOCK
2021-05-01,BOND,,2.49,19993424600,BOND
2021-05-01,CASH,,13.65,109518175497,CASH
2021-05-01,OTHER,,0.86,6914311669,OTHER
2021-06-01,HPG,Vật liệu xây dựng,9.42,87319743500,STOCK
2021-06-01,VPB,Ngân hàng,6.64,61547627100,STOCK
2021-06-01,TCB,Ngân hàng,6.54,60590244000,STOCK
2021-06-01,MBB,Ngân hàng,5.48,50786128950,STOCK
2021-06-01,VCB,Ngân hàng,4.93,45645678000,STOCK
2021-06-01,FPT,Công nghệ và thông tin,3.8,35200000000,STOCK
2021-06-01,MWG,Bán lẻ,3.62,33549440000,STOCK
2021-06-01,STB,Ngân hàng,3.37,31212000000,STOCK
2021-06-01,NVL,Bất động sản,3.17,29348187000,STOCK
2021-06-01,DHC,SX Phụ trợ,2.17,20098050000,STOCK
2021-06-01,SMC,Bán buôn,2.16,20025000000,STOCK
2021-06-01,CTG,Ngân hàng,2.08,19303483000,STOCK
2021-06-01,HSG,Vật liệu xây dựng,1.99,18436000000,STOCK
2021-06-01,HAH,Vận tải - kho bãi,1.97,18300000000,STOCK
2021-06-01,NKG,Vật liệu xây dựng,1.92,17750000000,STOCK
2021-06-01,VND,Chứng khoán,1.68,15540000000,STOCK
2021-06-01,VHM,Bất động sản,1.58,14653240000,STOCK
2021-06-01,DRC,Sản phẩm cao su,1.45,13455502500,STOCK
2021-06-01,PNJ,Bán lẻ,1.42,13131418300,STOCK
2021-06-01,VCS,Vật liệu xây dựng,1.41,13056000000,STOCK
2021-06-01,MSN,Thực phẩm - Đồ uống,1.39,12888980000,STOCK
2021-06-01,TPB,Ngân hàng,1.39,12862500000,STOCK
2021-06-01,ACB,Ngân hàng,1.33,12285869400,STOCK
2021-06-01,MSB,Ngân hàng,1.3,12080000000,STOCK
2021-06-01,PET,Bán buôn,1.18,10925000000,STOCK
2021-06-01,DPM,SX Nhựa - Hóa chất,1.03,9520000000,STOCK
2021-06-01,LHG,Bất động sản,1.0,9308087500,STOCK
2021-06-01,SIP,Tiện ích,1.0,9277605000,STOCK
2021-06-01,OCB,Ngân hàng,0.99,9210000000,STOCK
2021-06-01,SZC,Bất động sản,0.96,8878772000,STOCK
2021-06-01,NTC,Bất động sản,0.9,8356000000,STOCK
2021-06-01,TIP,Bất động sản,0.86,8008200000,STOCK
2021-06-01,AGG,Bất động sản,0.83,7680000000,STOCK
2021-06-01,HDC,Bất động sản,0.62,5747925000,STOCK
2021-06-01,KDH,Bất động sản,0.0,75100,STOCK
2021-06-01,BOND,,5.39,49993424600,BOND
2021-06-01,CASH,,10.62,98372321195,CASH
2021-06-01,OTHER,,2.41,22355673514,OTHER
2021-07-01,HPG,Vật liệu xây dựng,10.34,89559191700,STOCK
2021-07-01,TCB,Ngân hàng,7.66,66333932000,STOCK
2021-07-01,VPB,Ngân hàng,6.13,53077503000,STOCK
2021-07-01,MBB,Ngân hàng,4.83,41792839100,STOCK
2021-07-01,VND,Chứng khoán,3.73,32270000000,STOCK
2021-07-01,VCB,Ngân hàng,3.52,30443210000,STOCK
2021-07-01,STB,Ngân hàng,3.45,29900000000,STOCK
2021-07-01,HAH,Vận tải - kho bãi,3.06,26490000000,STOCK
2021-07-01,FPT,Công nghệ và thông tin,2.93,25380000000,STOCK
2021-07-01,NKG,Vật liệu xây dựng,2.72,23590000000,STOCK
2021-07-01,SMC,Bán buôn,2.56,22175000000,STOCK
2021-07-01,DHC,SX Phụ trợ,2.29,19858746000,STOCK
2021-07-01,MWG,Bán lẻ,2.27,19695282000,STOCK
2021-07-01,ACB,Ngân hàng,2.21,19164633300,STOCK
2021-07-01,VHM,Bất động sản,2.18,18863694000,STOCK
2021-07-01,DRC,Sản phẩm cao su,1.97,17065809500,STOCK
2021-07-01,MSN,Thực phẩm - Đồ uống,1.86,16080000000,STOCK
2021-07-01,OCB,Ngân hàng,1.73,15000000000,STOCK
2021-07-01,HSG,Vật liệu xây dựng,1.72,14920000000,STOCK
2021-07-01,NTL,Bất động sản,1.68,14550000000,STOCK
2021-07-01,VCS,Vật liệu xây dựng,1.64,14244000000,STOCK
2021-07-01,DPM,SX Nhựa - Hóa chất,1.62,14052500000,STOCK
2021-07-01,TPB,Ngân hàng,1.62,14000000000,STOCK
2021-07-01,CTG,Ngân hàng,1.52,13155248000,STOCK
2021-07-01,MSB,Ngân hàng,1.37,11860000000,STOCK
2021-07-01,PET,Bán buôn,1.36,11742500000,STOCK
2021-07-01,VDS,Chứng khoán,1.09,9440000000,STOCK
2021-07-01,PNJ,Bán lẻ,1.06,9214331400,STOCK
2021-07-01,LHG,Bất động sản,1.03,8902700000,STOCK
2021-07-01,SIP,Tiện ích,1.01,8713990000,STOCK
2021-07-01,SZC,Bất động sản,0.86,7420959000,STOCK
2021-07-01,NTC,Bất động sản,0.8,6937200000,STOCK
2021-07-01,TIP,Bất động sản,0.43,3717229000,STOCK
2021-07-01,HDC,Bất động sản,0.24,2035340000,STOCK
2021-07-01,NVL,Bất động sản,0.0,4888000,STOCK
2021-07-01,KDH,Bất động sản,0.0,81400,STOCK
2021-07-01,BOND,,5.77,49993424600,BOND
2021-07-01,CASH,,9.51,82325286212,CASH
2021-07-01,OTHER,,0.24,2102392398,OTHER
2021-08-01,HPG,Vật liệu xây dựng,14.08,142971429700,STOCK
2021-08-01,TCB,Ngân hàng,7.64,77600970000,STOCK
2021-08-01,VPB,Ngân hàng,4.85,49281416800,STOCK
2021-08-01,STB,Ngân hàng,4.04,41025000000,STOCK
2021-08-01,MBB,Ngân hàng,3.7,37556720100,STOCK
2021-08-01,NKG,Vật liệu xây dựng,3.41,34605000000,STOCK
2021-08-01,VND,Chứng khoán,2.99,30360000000,STOCK
2021-08-01,VCB,Ngân hàng,2.94,29824473000,STOCK
2021-08-01,KBC,Bất động sản,2.52,25560000000,STOCK
2021-08-01,FPT,Công nghệ và thông tin,2.46,24948000000,STOCK
2021-08-01,HAH,Vận tải - kho bãi,2.36,24000000000,STOCK
2021-08-01,MWG,Bán lẻ,2.3,23313330000,STOCK
2021-08-01,SMC,Bán buôn,2.12,21487500000,STOCK
2021-08-01,HSG,Vật liệu xây dựng,1.96,19950000000,STOCK
2021-08-01,VCS,Vật liệu xây dựng,1.79,18225000000,STOCK
2021-08-01,ACB,Ngân hàng,1.67,16964544000,STOCK
2021-08-01,NTL,Bất động sản,1.65,16713350000,STOCK
2021-08-01,DRC,Sản phẩm cao su,1.64,16656347000,STOCK
2021-08-01,VHM,Bất động sản,1.26,12776512000,STOCK
2021-08-01,TPB,Ngân hàng,1.24,12617000000,STOCK
2021-08-01,VDS,Chứng khoán,1.22,12420000000,STOCK
2021-08-01,PET,Bán buôn,1.22,12375000000,STOCK
2021-08-01,LHG,Bất động sản,1.02,10313590000,STOCK
2021-08-01,OCB,Ngân hàng,0.89,9060000000,STOCK
2021-08-01,SZC,Bất động sản,0.86,8771048000,STOCK
2021-08-01,DHC,SX Phụ trợ,0.84,8525282400,STOCK
2021-08-01,SIP,Tiện ích,0.78,7930710000,STOCK
2021-08-01,DPM,SX Nhựa - Hóa chất,0.72,7360000000,STOCK
2021-08-01,PC1,Xây dựng,0.68,6940000000,STOCK
2021-08-01,PNJ,Bán lẻ,0.68,6887138000,STOCK
2021-08-01,REE,Xây dựng,0.65,6600000000,STOCK
2021-08-01,MSN,Thực phẩm - Đồ uống,0.4,4050000000,STOCK
2021-08-01,NVL,Bất động sản,0.0,4906800,STOCK
2021-08-01,HDC,Bất động sản,0.0,3295000,STOCK
2021-08-01,TIP,Bất động sản,0.0,2628000,STOCK
2021-08-01,CTG,Ngân hàng,0.0,636000,STOCK
2021-08-01,KDH,Bất động sản,0.0,79500,STOCK
2021-08-01,BOND,,4.92,49993424600,BOND
2021-08-01,CASH,,15.91,161539399257,CASH
2021-08-01,OTHER,,2.6,26365036780,OTHER
2021-09-01,HPG,Vật liệu xây dựng,15.49,174571534100,STOCK
2021-09-01,TCB,Ngân hàng,7.7,86800992000,STOCK
2021-09-01,VPB,Ngân hàng,4.68,52721515700,STOCK
2021-09-01,NKG,Vật liệu xây dựng,3.93,44250000000,STOCK
2021-09-01,STB,Ngân hàng,3.88,43690000000,STOCK
2021-09-01,MBB,Ngân hàng,2.96,33420529150,STOCK
2021-09-01,VND,Chứng khoán,2.71,30600000000,STOCK
2021-09-01,VCB,Ngân hàng,2.59,29164374000,STOCK
2021-09-01,HSG,Vật liệu xây dựng,2.47,27900000000,STOCK
2021-09-01,MWG,Bán lẻ,2.27,25563834000,STOCK
2021-09-01,FPT,Công nghệ và thông tin,2.23,25110000000,STOCK
2021-09-01,SMC,Bán buôn,2.22,24975000000,STOCK
2021-09-01,KBC,Bất động sản,2.12,23925000000,STOCK
2021-09-01,MSN,Thực phẩm - Đồ uống,1.83,20677000000,STOCK
2021-09-01,VCS,Vật liệu xây dựng,1.83,20624000000,STOCK
2021-09-01,DRC,Sản phẩm cao su,1.57,17710322000,STOCK
2021-09-01,VDS,Chứng khoán,1.55,17490000000,STOCK
2021-09-01,ACB,Ngân hàng,1.48,16725980100,STOCK
2021-09-01,NTL,Bất động sản,1.47,16550000000,STOCK
2021-09-01,HAH,Vận tải - kho bãi,1.4,15825000000,STOCK
2021-09-01,LHG,Bất động sản,1.3,14672445000,STOCK
2021-09-01,PET,Bán buôn,1.19,13400000000,STOCK
2021-09-01,SHS,Chứng khoán,1.13,12705000000,STOCK
2021-09-01,TPB,Ngân hàng,1.11,12480000000,STOCK
2021-09-01,VHM,Bất động sản,1.08,12222943200,STOCK
2021-09-01,PC1,Xây dựng,1.03,11610000000,STOCK
2021-09-01,OCB,Ngân hàng,0.95,10755000000,STOCK
2021-09-01,REE,Xây dựng,0.87,9780000000,STOCK
2021-09-01,SZC,Bất động sản,0.83,9400940000,STOCK
2021-09-01,VHC,Chế biến Thủy sản,0.69,7755000000,STOCK
2021-09-01,DPM,SX Nhựa - Hóa chất,0.65,7360000000,STOCK
2021-09-01,DHC,SX Phụ trợ,0.37,4155146000,STOCK
2021-09-01,SIP,Tiện ích,0.09,1009827000,STOCK
2021-09-01,PNJ,Bán lẻ,0.0,8192100,STOCK
2021-09-01,NVL,Bất động sản,0.0,4794000,STOCK
2021-09-01,HDC,Bất động sản,0.0,3680000,STOCK
2021-09-01,TIP,Bất động sản,0.0,2451000,STOCK
2021-09-01,CTG,Ngân hàng,0.0,608000,STOCK
2021-09-01,KDH,Bất động sản,0.0,83200,STOCK
2021-09-01,BOND,,6.21,69993424600,BOND
2021-09-01,CASH,,15.49,174609893639,CASH
2021-09-01,OTHER,,0.63,7061718631,OTHER
2021-10-01,HPG,Vật liệu xây dựng,16.64,222691655900,STOCK
2021-10-01,TCB,Ngân hàng,7.13,95461032000,STOCK
2021-10-01,VPB,Ngân hàng,4.09,54792951250,STOCK
2021-10-01,NKG,Vật liệu xây dựng,4.07,54400000000,STOCK
2021-10-01,MWG,Bán lẻ,3.44,45993942000,STOCK
2021-10-01,VND,Chứng khoán,3.41,45600000000,STOCK
2021-10-01,DPM,SX Nhựa - Hóa chất,2.93,39200000000,STOCK
2021-10-01,MBB,Ngân hàng,2.77,37050541500,STOCK
2021-10-01,HSG,Vật liệu xây dựng,2.13,28440000000,STOCK
2021-10-01,SMC,Bán buôn,2.01,26850000000,STOCK
2021-10-01,STB,Ngân hàng,1.99,26600000000,STOCK
2021-10-01,FPT,Công nghệ và thông tin,1.96,26163000000,STOCK
2021-10-01,NTL,Bất động sản,1.83,24530000000,STOCK
2021-10-01,VCB,Ngân hàng,1.83,24504410000,STOCK
2021-10-01,VCS,Vật liệu xây dựng,1.63,21811000000,STOCK
2021-10-01,VDS,Chứng khoán,1.58,21190000000,STOCK
2021-10-01,ACB,Ngân hàng,1.31,17494686000,STOCK
2021-10-01,CSC,Bất động sản,1.3,17424000000,STOCK
2021-10-01,KBC,Bất động sản,1.27,17027500000,STOCK
2021-10-01,PET,Bán buôn,1.16,15500000000,STOCK
2021-10-01,SHS,Chứng khoán,1.15,15400000000,STOCK
2021-10-01,KDH,Bất động sản,1.14,15300102000,STOCK
2021-10-01,PVS,Khai khoáng,1.13,15150000000,STOCK
2021-10-01,MSN,Thực phẩm - Đồ uống,1.13,15090000000,STOCK
2021-10-01,REE,Xây dựng,1.12,14960000000,STOCK
2021-10-01,BSR,SX Phụ trợ,1.11,14880000000,STOCK
2021-10-01,SZC,Bất động sản,1.02,13663242000,STOCK
2021-10-01,VHM,Bất động sản,1.0,13346892000,STOCK
2021-10-01,VHC,Chế biến Thủy sản,0.94,12600000000,STOCK
2021-10-01,PC1,Xây dựng,0.94,12525000000,STOCK
2021-10-01,LHG,Bất động sản,0.86,11462865000,STOCK
2021-10-01,BSI,Chứng khoán,0.78,10470000000,STOCK
2021-10-01,PVD,Khai khoáng,0.73,9817500000,STOCK
2021-10-01,OCB,Ngân hàng,0.65,8645000000,STOCK
2021-10-01,HDB,Ngân hàng,0.57,7575000000,STOCK
2021-10-01,PNJ,Bán lẻ,0.0,8632000,STOCK
2021-10-01,DHC,SX Phụ trợ,0.0,5797000,STOCK
2021-10-01,HDC,Bất động sản,0.0,5330000,STOCK
2021-10-01,NVL,Bất động sản,0.0,5137100,STOCK
2021-10-01,TIP,Bất động sản,0.0,2994000,STOCK
2021-10-01,CTG,Ngân hàng,0.0,630000,STOCK
2021-10-01,DRC,Sản phẩm cao su,0.0,330000,STOCK
2021-10-01,BOND,,5.23,69993424600,BOND
2021-10-01,CASH,,14.11,188862388709,CASH
2021-10-01,OTHER,,1.92,25740094748,OTHER
2021-11-01,PNJ,Bán lẻ,8.32,134681036000,STOCK
2021-11-01,KBC,Bất động sản,6.86,111124167000,STOCK
2021-11-01,DRC,Sản phẩm cao su,5.29,85663919550,STOCK
2021-11-01,VCB,Ngân hàng,5.22,84448942500,STOCK
2021-11-01,CSC,Bất động sản,4.67,75600000000,STOCK
2021-11-01,TIP,Bất động sản,4.39,71100000000,STOCK
2021-11-01,HPG,Vật liệu xây dựng,3.58,58000551000,STOCK
2021-11-01,PC1,Xây dựng,3.57,57800000000,STOCK
2021-11-01,REE,Xây dựng,3.45,55860000000,STOCK
2021-11-01,NTL,Bất động sản,2.36,38220000000,STOCK
2021-11-01,HSG,Vật liệu xây dựng,2.3,37300000000,STOCK
2021-11-01,FPT,Công nghệ và thông tin,2.16,35000000000,STOCK
2021-11-01,OCB,Ngân hàng,2.07,33540000000,STOCK
2021-11-01,TCB,Ngân hàng,1.95,31500000000,STOCK
2021-11-01,SMC,Bán buôn,1.85,30000000000,STOCK
2021-11-01,HDB,Ngân hàng,1.72,27870092900,STOCK
2021-11-01,MBB,Ngân hàng,1.7,27500000000,STOCK
2021-11-01,CTG,Ngân hàng,1.62,26217000000,STOCK
2021-11-01,PVS,Khai khoáng,1.53,24729450500,STOCK
2021-11-01,BSR,SX Phụ trợ,1.53,24700000000,STOCK
2021-11-01,MSN,Thực phẩm - Đồ uống,1.47,23715000000,STOCK
2021-11-01,SHS,Chứng khoán,1.27,20553000000,STOCK
2021-11-01,PVD,Khai khoáng,1.13,18300000000,STOCK
2021-11-01,ACB,Ngân hàng,1.09,17653728600,STOCK
2021-11-01,NKG,Vật liệu xây dựng,0.93,15050000000,STOCK
2021-11-01,BSI,Chứng khoán,0.92,14850000000,STOCK
2021-11-01,DHC,SX Phụ trợ,0.89,14380000000,STOCK
2021-11-01,LHG,Bất động sản,0.87,14070000000,STOCK
2021-11-01,DPM,SX Nhựa - Hóa chất,0.85,13725000000,STOCK
2021-11-01,MWG,Bán lẻ,0.84,13644000000,STOCK
2021-11-01,SZC,Bất động sản,0.82,13206398400,STOCK
2021-11-01,PET,Bán buôn,0.8,12959178000,STOCK
2021-11-01,STB,Ngân hàng,0.76,12240000000,STOCK
2021-11-01,KDH,Bất động sản,0.69,11160000000,STOCK
2021-11-01,NVL,Bất động sản,0.61,9810000000,STOCK
2021-11-01,HDC,Bất động sản,0.0,2490000,STOCK
2021-11-01,BOND,,4.32,69993424600,BOND
2021-11-01,CASH,,12.5,202319982103,CASH
2021-11-01,OTHER,,3.1,50261673858,OTHER
2021-12-01,TCB,Ngân hàng,8.06,135001000000,STOCK
2021-12-01,MWG,Bán lẻ,6.49,108724077000,STOCK
2021-12-01,VPB,Ngân hàng,6.41,107400895000,STOCK
2021-12-01,HPG,Vật liệu xây dựng,4.43,74241345600,STOCK
2021-12-01,VND,Chứng khoán,3.92,65600000000,STOCK
2021-12-01,STB,Ngân hàng,3.76,63000000000,STOCK
2021-12-01,DPM,SX Nhựa - Hóa chất,3.73,62500000000,STOCK
2021-12-01,MBB,Ngân hàng,3.28,54910549100,STOCK
2021-12-01,VCI,Chứng khoán,2.61,43680000000,STOCK
2021-12-01,KBC,Bất động sản,2.54,42560000000,STOCK
2021-12-01,KDH,Bất động sản,2.44,40800102000,STOCK
2021-12-01,HAH,Vận tải - kho bãi,2.43,40680000000,STOCK
2021-12-01,MSN,Thực phẩm - Đồ uống,2.04,34200000000,STOCK
2021-12-01,VIC,Bất động sản,1.99,33285000000,STOCK
2021-12-01,SHS,Chứng khoán,1.96,32890000000,STOCK
2021-12-01,TNG,SX Hàng gia dụng,1.96,32800000000,STOCK
2021-12-01,NVL,Bất động sản,1.9,31850000000,STOCK
2021-12-01,VCB,Ngân hàng,1.8,30169131600,STOCK
2021-12-01,FPT,Công nghệ và thông tin,1.67,27900000000,STOCK
2021-12-01,VDS,Chứng khoán,1.58,26437500000,STOCK
2021-12-01,SSI,Chứng khoán,1.55,25900000000,STOCK
2021-12-01,NLG,Bất động sản,1.53,25680000000,STOCK
2021-12-01,CSC,Bất động sản,1.5,25180000000,STOCK
2021-12-01,OCB,Ngân hàng,1.47,24570000000,STOCK
2021-12-01,VCS,Vật liệu xây dựng,1.4,23400000000,STOCK
2021-12-01,SZC,Bất động sản,1.22,20401360000,STOCK
2021-12-01,HDB,Ngân hàng,1.11,18510000000,STOCK
2021-12-01,ACB,Ngân hàng,1.09,18289899000,STOCK
2021-12-01,PET,Bán buôn,1.09,18275000000,STOCK
2021-12-01,NTL,Bất động sản,1.0,16680000000,STOCK
2021-12-01,VHM,Bất động sản,0.98,16400328000,STOCK
2021-12-01,PC1,Xây dựng,0.94,15740000000,STOCK
2021-12-01,VHC,Chế biến Thủy sản,0.75,12560000000,STOCK
2021-12-01,BSI,Chứng khoán,0.63,10600000000,STOCK
2021-12-01,BOND,,5.37,89993424600,BOND
2021-12-01,CASH,,12.13,203198936965,CASH
2021-12-01,OTHER,,1.23,20522452858,OTHER
2022-01-01,TCB,Ngân hàng,9.48,163681056000,STOCK
2022-01-01,VPB,Ngân hàng,7.01,120945916250,STOCK
2022-01-01,MWG,Bán lẻ,6.14,106003975000,STOCK
2022-01-01,STB,Ngân hàng,4.94,85320000000,STOCK
2022-01-01,MBB,Ngân hàng,4.21,72603920300,STOCK
2022-01-01,KDH,Bất động sản,4.05,70000100000,STOCK
2022-01-01,HPG,Vật liệu xây dựng,3.91,67521223800,STOCK
2022-01-01,VND,Chứng khoán,2.6,44850000000,STOCK
2022-01-01,KBC,Bất động sản,2.18,37590000000,STOCK
2022-01-01,VCB,Ngân hàng,1.97,34074273000,STOCK
2022-01-01,VIC,Bất động sản,1.97,33950000000,STOCK
2022-01-01,TNG,SX Hàng gia dụng,1.95,33600000000,STOCK
2022-01-01,VCI,Chứng khoán,1.78,30794400000,STOCK
2022-01-01,HAH,Vận tải - kho bãi,1.68,28980000000,STOCK
2022-01-01,NVL,Bất động sản,1.61,27709320000,STOCK
2022-01-01,FPT,Công nghệ và thông tin,1.56,26850000000,STOCK
2022-01-01,SZC,Bất động sản,1.45,25091544000,STOCK
2022-01-01,NLG,Bất động sản,1.45,25000000000,STOCK
2022-01-01,OCB,Ngân hàng,1.44,24885000000,STOCK
2022-01-01,SHS,Chứng khoán,1.39,23940000000,STOCK
2022-01-01,BCM,Bất động sản,1.38,23760000000,STOCK
2022-01-01,VDS,Chứng khoán,1.32,22750000000,STOCK
2022-01-01,SSI,Chứng khoán,1.3,22434900000,STOCK
2022-01-01,CTG,Ngân hàng,1.28,22140000000,STOCK
2022-01-01,DIG,Bất động sản,1.28,22080000000,STOCK
2022-01-01,CSC,Bất động sản,1.26,21800000000,STOCK
2022-01-01,MSN,Thực phẩm - Đồ uống,1.24,21450000000,STOCK
2022-01-01,VCS,Vật liệu xây dựng,1.21,20840000000,STOCK
2022-01-01,VHM,Bất động sản,1.16,20075321200,STOCK
2022-01-01,HDB,Ngân hàng,1.07,18540000000,STOCK
2022-01-01,ACB,Ngân hàng,1.06,18316406100,STOCK
2022-01-01,PET,Bán buôn,1.02,17550000000,STOCK
2022-01-01,PC1,Xây dựng,0.78,13520000000,STOCK
2022-01-01,NTL,Bất động sản,0.78,13440000000,STOCK
2022-01-01,VHC,Chế biến Thủy sản,0.71,12200000000,STOCK
2022-01-01,BSI,Chứng khoán,0.56,9750000000,STOCK
2022-01-01,DPM,SX Nhựa - Hóa chất,0.47,8040000000,STOCK
2022-01-01,BOND,,5.21,89993424600,BOND
2022-01-01,CASH,,13.98,241354201081,CASH
2022-01-01,OTHER,,0.17,2971828765,OTHER
2022-02-01,TCB,Ngân hàng,8.54,156241008000,STOCK
2022-02-01,VPB,Ngân hàng,6.86,125400950000,STOCK
2022-02-01,MWG,Bán lẻ,5.95,108804080000,STOCK
2022-02-01,STB,Ngân hàng,4.31,78840000000,STOCK
2022-02-01,MBB,Ngân hàng,4.26,77944173600,STOCK
2022-02-01,KDH,Bất động sản,4.05,74060105800,STOCK
2022-02-01,HPG,Vật liệu xây dựng,3.61,66081368800,STOCK
2022-02-01,VND,Chứng khoán,2.59,47280000000,STOCK
2022-02-01,TNG,SX Hàng gia dụng,2.3,42000000000,STOCK
2022-02-01,KBC,Bất động sản,2.2,40180000000,STOCK
2022-02-01,HAH,Vận tải - kho bãi,1.8,33000000000,STOCK
2022-02-01,VCB,Ngân hàng,1.77,32351416500,STOCK
2022-02-01,VCI,Chứng khoán,1.71,31200000000,STOCK
2022-02-01,PET,Bán buôn,1.53,28050000000,STOCK
2022-02-01,FPT,Công nghệ và thông tin,1.53,27990000000,STOCK
2022-02-01,NLG,Bất động sản,1.48,27100000000,STOCK
2022-02-01,VDS,Chứng khoán,1.45,26480730000,STOCK
2022-02-01,SZC,Bất động sản,1.43,26196612000,STOCK
2022-02-01,NVL,Bất động sản,1.43,26114040000,STOCK
2022-02-01,DIG,Bất động sản,1.41,25800000000,STOCK
2022-02-01,SHS,Chứng khoán,1.33,24255000000,STOCK
2022-02-01,OCB,Ngân hàng,1.31,23895000000,STOCK
2022-02-01,BCM,Bất động sản,1.3,23700000000,STOCK
2022-02-01,MSN,Thực phẩm - Đồ uống,1.28,23400000000,STOCK
2022-02-01,VIC,Bất động sản,1.26,23100000000,STOCK
2022-02-01,VCS,Vật liệu xây dựng,1.17,21480000000,STOCK
2022-02-01,SSI,Chứng khoán,1.12,20565000000,STOCK
2022-02-01,CSC,Bất động sản,1.09,20020000000,STOCK
2022-02-01,CTG,Ngân hàng,1.09,19890000000,STOCK
2022-02-01,VHM,Bất động sản,1.06,19375310000,STOCK
2022-02-01,ACB,Ngân hàng,0.98,17971813800,STOCK
2022-02-01,HDB,Ngân hàng,0.94,17280000000,STOCK
2022-02-01,PC1,Xây dựng,0.85,15520000000,STOCK
2022-02-01,VHC,Chế biến Thủy sản,0.84,15300000000,STOCK
2022-02-01,NTL,Bất động sản,0.78,14200000000,STOCK
2022-02-01,BSI,Chứng khoán,0.59,10762500000,STOCK
2022-02-01,DPM,SX Nhựa - Hóa chất,0.31,5760000000,STOCK
2022-02-01,ASM,Chế biến Thủy sản,0.28,5067315000,STOCK
2022-02-01,BOND,,4.92,89993424600,BOND
2022-02-01,CASH,,17.09,312566302337,CASH
2022-02-01,OTHER,,0.2,3658184931,OTHER
2022-03-01,TCB,Ngân hàng,7.99,148650991000,STOCK
2022-03-01,MWG,Bán lẻ,6.27,116644374000,STOCK
2022-03-01,MBB,Ngân hàng,5.32,98850626050,STOCK
2022-03-01,HPG,Vật liệu xây dựng,4.85,90201307900,STOCK
2022-03-01,VPB,Ngân hàng,4.8,89280930000,STOCK
2022-03-01,STB,Ngân hàng,4.26,79250000000,STOCK
2022-03-01,KDH,Bất động sản,4.26,79200105600,STOCK
2022-03-01,TNG,SX Hàng gia dụng,2.5,46440000000,STOCK
2022-03-01,ASM,Chế biến Thủy sản,2.4,44640000000,STOCK
2022-03-01,KBC,Bất động sản,2.28,42480000000,STOCK
2022-03-01,NKG,Vật liệu xây dựng,2.03,37720000000,STOCK
2022-03-01,DIG,Bất động sản,1.99,37000000000,STOCK
2022-03-01,HSG,Vật liệu xây dựng,1.88,35000000000,STOCK
2022-03-01,FPT,Công nghệ và thông tin,1.73,32100000000,STOCK
2022-03-01,SZC,Bất động sản,1.65,30601530000,STOCK
2022-03-01,HAH,Vận tải - kho bãi,1.56,29040000000,STOCK
2022-03-01,PC1,Xây dựng,1.52,28290000000,STOCK
2022-03-01,NLG,Bất động sản,1.52,28200000000,STOCK
2022-03-01,VCI,Chứng khoán,1.51,28050000000,STOCK
2022-03-01,DXG,Bất động sản,1.5,27960000000,STOCK
2022-03-01,VND,Chứng khoán,1.48,27450000000,STOCK
2022-03-01,CII,Xây dựng,1.32,24480000000,STOCK
2022-03-01,NVL,Bất động sản,1.29,24030000000,STOCK
2022-03-01,VCS,Vật liệu xây dựng,1.26,23500000000,STOCK
2022-03-01,CSC,Bất động sản,1.23,22880000000,STOCK
2022-03-01,VDS,Chứng khoán,1.23,22872650000,STOCK
2022-03-01,OCB,Ngân hàng,1.23,22860000000,STOCK
2022-03-01,SHS,Chứng khoán,1.2,22275000000,STOCK
2022-03-01,BSR,SX Phụ trợ,1.12,20880000000,STOCK
2022-03-01,TCH,Bất động sản,1.09,20200000000,STOCK
2022-03-01,CTG,Ngân hàng,1.05,19470000000,STOCK
2022-03-01,VHC,Chế biến Thủy sản,1.02,18960000000,STOCK
2022-03-01,SSI,Chứng khoán,1.02,18900000000,STOCK
2022-03-01,ACB,Ngân hàng,0.94,17521193100,STOCK
2022-03-01,HDB,Ngân hàng,0.91,17010000000,STOCK
2022-03-01,NTL,Bất động sản,0.77,14360000000,STOCK
2022-03-01,VCB,Ngân hàng,0.66,12319679700,STOCK
2022-03-01,PVS,Khai khoáng,0.56,10410000000,STOCK
2022-03-01,PVD,Khai khoáng,0.55,10260000000,STOCK
2022-03-01,VHM,Bất động sản,0.41,7580303200,STOCK
2022-03-01,BSI,Chứng khoán,0.4,7480000000,STOCK
2022-03-01,BOND,,4.84,89993424600,BOND
2022-03-01,CASH,,11.84,220287546454,CASH
2022-03-01,OTHER,,0.77,14237630136,OTHER
2022-04-01,MBB,Ngân hàng,6.69,128140566200,STOCK
2022-04-01,VPB,Ngân hàng,6.13,117440917500,STOCK
2022-04-01,TCB,Ngân hàng,5.75,110000880000,STOCK
2022-04-01,MWG,Bán lẻ,5.1,97730476000,STOCK
2022-04-01,HPG,Vật liệu xây dựng,4.52,86601255700,STOCK
2022-04-01,KDH,Bất động sản,3.5,67060095800,STOCK
2022-04-01,STB,Ngân hàng,3.33,63710000000,STOCK
2022-04-01,NLG,Bất động sản,2.96,56640000000,STOCK
2022-04-01,ASM,Chế biến Thủy sản,2.95,56550000000,STOCK
2022-04-01,DXG,Bất động sản,2.87,54900000000,STOCK
2022-04-01,KBC,Bất động sản,2.29,43800000000,STOCK
2022-04-01,PC1,Xây dựng,2.06,39400000000,STOCK
2022-04-01,TNG,SX Hàng gia dụng,1.8,34400000000,STOCK
2022-04-01,VND,Chứng khoán,1.75,33480000000,STOCK
2022-04-01,FPT,Công nghệ và thông tin,1.65,31500000000,STOCK
2022-04-01,GIL,SX Hàng gia dụng,1.53,29330000000,STOCK
2022-04-01,DGC,SX Nhựa - Hóa chất,1.26,24090000000,STOCK
2022-04-01,OCB,Ngân hàng,1.12,21510000000,STOCK
2022-04-01,VHC,Chế biến Thủy sản,1.09,20800000000,STOCK
2022-04-01,VCS,Vật liệu xây dựng,1.07,20440000000,STOCK
2022-04-01,DPM,SX Nhựa - Hóa chất,1.06,20220000000,STOCK
2022-04-01,CII,Xây dựng,0.99,18880000000,STOCK
2022-04-01,ANV,Chế biến Thủy sản,0.96,18400000000,STOCK
2022-04-01,SZC,Bất động sản,0.92,17581172000,STOCK
2022-04-01,ACB,Ngân hàng,0.91,17335643400,STOCK
2022-04-01,HDG,Bất động sản,0.9,17280000000,STOCK
2022-04-01,CSC,Bất động sản,0.88,16800000000,STOCK
2022-04-01,TCH,Bất động sản,0.84,16100000000,STOCK
2022-04-01,NKG,Vật liệu xây dựng,0.78,14940000000,STOCK
2022-04-01,NTL,Bất động sản,0.66,12600000000,STOCK
2022-04-01,VCB,Ngân hàng,0.63,12139611300,STOCK
2022-04-01,DCM,SX Nhựa - Hóa chất,0.61,11595000000,STOCK
2022-04-01,HSG,Vật liệu xây dựng,0.59,11320000000,STOCK
2022-04-01,PTB,SX Phụ trợ,0.58,11050000000,STOCK
2022-04-01,SHS,Chứng khoán,0.51,9700000000,STOCK
2022-04-01,VDS,Chứng khoán,0.48,9222500000,STOCK
2022-04-01,NVL,Bất động sản,0.43,8200000000,STOCK
2022-04-01,HAH,Vận tải - kho bãi,0.42,7970000000,STOCK
2022-04-01,CTG,Ngân hàng,0.29,5550000000,STOCK
2022-04-01,HDB,Ngân hàng,0.26,5060000000,STOCK
2022-04-01,VHM,Bất động sản,0.0,260000,STOCK
2022-04-01,BOND,,8.87,169855824600,BOND
2022-04-01,CASH,,17.63,337565222396,CASH
2022-04-01,OTHER,,0.4,7742739726,OTHER
2022-05-01,MBB,Ngân hàng,8.51,141525527250,STOCK
2022-05-01,MWG,Bán lẻ,6.63,110128347000,STOCK
2022-05-01,VPB,Ngân hàng,6.53,108500775000,STOCK
2022-05-01,TCB,Ngân hàng,5.81,96590743000,STOCK
2022-05-01,HPG,Vật liệu xây dựng,4.51,74953006300,STOCK
2022-05-01,KDH,Bất động sản,3.21,53319484100,STOCK
2022-05-01,NLG,Bất động sản,3.16,52525000000,STOCK
2022-05-01,ASM,Chế biến Thủy sản,2.82,46800000000,STOCK
2022-05-01,DGC,SX Nhựa - Hóa chất,2.56,42484000000,STOCK
2022-05-01,HDG,Bất động sản,2.54,42148000000,STOCK
2022-05-01,DXG,Bất động sản,2.5,41475000000,STOCK
2022-05-01,FPT,Công nghệ và thông tin,2.1,34948200000,STOCK
2022-05-01,GIL,SX Hàng gia dụng,2.03,33777000000,STOCK
2022-05-01,PC1,Xây dựng,2.01,33345000000,STOCK
2022-05-01,BSR,SX Phụ trợ,1.92,31920000000,STOCK
2022-05-01,TNG,SX Hàng gia dụng,1.81,30100000000,STOCK
2022-05-01,VHC,Chế biến Thủy sản,1.66,27550400000,STOCK
2022-05-01,VND,Chứng khoán,1.64,27270000000,STOCK
2022-05-01,ANV,Chế biến Thủy sản,1.59,26400000000,STOCK
2022-05-01,KBC,Bất động sản,1.55,25810000000,STOCK
2022-05-01,HAH,Vận tải - kho bãi,1.5,24900000000,STOCK
2022-05-01,STB,Ngân hàng,1.48,24585000000,STOCK
2022-05-01,PTB,SX Phụ trợ,1.32,21951000000,STOCK
2022-05-01,VCS,Vật liệu xây dựng,1.12,18600000000,STOCK
2022-05-01,DPM,SX Nhựa - Hóa chất,1.08,17880000000,STOCK
2022-05-01,CII,Xây dựng,1.07,17760000000,STOCK
2022-05-01,ACB,Ngân hàng,1.01,16725980100,STOCK
2022-05-01,CSC,Bất động sản,0.89,14726100000,STOCK
2022-05-01,VCB,Ngân hàng,0.71,11839497300,STOCK
2022-05-01,DCM,SX Nhựa - Hóa chất,0.67,11175000000,STOCK
2022-05-01,SHS,Chứng khoán,0.6,10010000000,STOCK
2022-05-01,VHM,Bất động sản,0.42,6960278400,STOCK
2022-05-01,DGW,Bán buôn,0.38,6272000000,STOCK
2022-05-01,SZC,Bất động sản,0.38,6255060000,STOCK
2022-05-01,GAS,Tiện ích,0.35,5885000000,STOCK
2022-05-01,DPG,Xây dựng,0.34,5590000000,STOCK
2022-05-01,NTL,Bất động sản,0.25,4200000000,STOCK
2022-05-01,CNG,Tiện ích,0.11,1839240000,STOCK
2022-05-01,BOND,,10.22,169803324600,BOND
2022-05-01,CASH,,4.78,79509297517,CASH
2022-05-01,OTHER,,6.26,104050856014,OTHER
2022-06-01,PNJ,Bán lẻ,6.89,112758750000,STOCK
2022-06-01,TCB,Ngân hàng,6.44,105470451000,STOCK
2022-06-01,MBB,Ngân hàng,5.88,96338239800,STOCK
2022-06-01,HDG,Bất động sản,4.72,77292000000,STOCK
2022-06-01,FPT,Công nghệ và thông tin,4.17,68235920000,STOCK
2022-06-01,GAS,Tiện ích,3.63,59470950000,STOCK
2022-06-01,BSR,SX Phụ trợ,3.56,58225500000,STOCK
2022-06-01,VHC,Chế biến Thủy sản,3.01,49255800000,STOCK
2022-06-01,MWG,Bán lẻ,2.87,46979790000,STOCK
2022-06-01,VPB,Ngân hàng,2.83,46406525000,STOCK
2022-06-01,DGC,SX Nhựa - Hóa chất,2.25,36802350000,STOCK
2022-06-01,GIL,SX Hàng gia dụng,1.87,30676800000,STOCK
2022-06-01,STB,Ngân hàng,1.81,29670000000,STOCK
2022-06-01,HDC,Bất động sản,1.74,28416000000,STOCK
2022-06-01,VGC,Vật liệu xây dựng,1.66,27246800000,STOCK
2022-06-01,VSH,Tiện ích,1.56,25506000000,STOCK
2022-06-01,DXG,Bất động sản,1.55,25350000000,STOCK
2022-06-01,REE,Xây dựng,1.54,25170400000,STOCK
2022-06-01,IDI,Chế biến Thủy sản,1.39,22748400000,STOCK
2022-06-01,DPG,Xây dựng,1.35,22056230000,STOCK
2022-06-01,HPG,Vật liệu xây dựng,1.29,21194745100,STOCK
2022-06-01,KDH,Bất động sản,1.28,21013857800,STOCK
2022-06-01,DGW,Bán buôn,1.27,20764000000,STOCK
2022-06-01,NLG,Bất động sản,1.24,20334400000,STOCK
2022-06-01,HAH,Vận tải - kho bãi,1.19,19430000000,STOCK
2022-06-01,PC1,Xây dựng,1.19,19406350000,STOCK
2022-06-01,VCB,Ngân hàng,1.16,18958583600,STOCK
2022-06-01,VCI,Chứng khoán,1.15,18772400000,STOCK
2022-06-01,TNG,SX Hàng gia dụng,1.07,17482080000,STOCK
2022-06-01,ACB,Ngân hàng,0.97,15904248000,STOCK
2022-06-01,MIG,Bảo hiểm,0.96,15654145000,STOCK
2022-06-01,ANV,Chế biến Thủy sản,0.87,14204000000,STOCK
2022-06-01,CNG,Tiện ích,0.82,13481280000,STOCK
2022-06-01,VIB,Ngân hàng,0.75,12308750000,STOCK
2022-06-01,PVT,Vận tải - kho bãi,0.58,9453600000,STOCK
2022-06-01,NTL,Bất động sản,0.52,8470520000,STOCK
2022-06-01,BWE,Tiện ích,0.47,7650000000,STOCK
2022-06-01,SHS,Chứng khoán,0.46,7480000000,STOCK
2022-06-01,VSC,Vận tải - kho bãi,0.41,6638593500,STOCK
2022-06-01,PTB,SX Phụ trợ,0.26,4228000000,STOCK
2022-06-01,VHM,Bất động sản,0.25,4148280000,STOCK
2022-06-01,SZC,Bất động sản,0.0,900000,STOCK
2022-06-01,BOND,,10.37,169855824600,BOND
2022-06-01,CASH,,7.86,128659866954,CASH
2022-06-01,OTHER,,2.91,47664359841,OTHER
2022-07-01,PNJ,Bán lẻ,6.27,105222000000,STOCK
2022-07-01,MBB,Ngân hàng,5.49,92107072350,STOCK
2022-07-01,TCB,Ngân hàng,5.46,91597478000,STOCK
2022-07-01,MWG,Bán lẻ,4.39,73642860000,STOCK
2022-07-01,VCB,Ngân hàng,3.65,61205967900,STOCK
2022-07-01,GAS,Tiện ích,3.63,60931000000,STOCK
2022-07-01,FPT,Công nghệ và thông tin,3.06,51410950000,STOCK
2022-07-01,VHC,Chế biến Thủy sản,2.86,48006240000,STOCK
2022-07-01,STB,Ngân hàng,2.69,45201000000,STOCK
2022-07-01,HDG,Bất động sản,2.6,43727140000,STOCK
2022-07-01,SSI,Chứng khoán,2.26,37913330000,STOCK
2022-07-01,VGC,Vật liệu xây dựng,2.25,37821600000,STOCK
2022-07-01,KDH,Bất động sản,1.95,32742075000,STOCK
2022-07-01,HDC,Bất động sản,1.88,31582800000,STOCK
2022-07-01,GIL,SX Hàng gia dụng,1.76,29581200000,STOCK
2022-07-01,SAB,Thực phẩm - Đồ uống,1.63,27324000000,STOCK
2022-07-01,DXG,Bất động sản,1.63,27317200000,STOCK
2022-07-01,HPG,Vật liệu xây dựng,1.6,26884395500,STOCK
2022-07-01,VCI,Chứng khoán,1.37,23004000000,STOCK
2022-07-01,KBC,Bất động sản,1.28,21504080000,STOCK
2022-07-01,NTL,Bất động sản,1.18,19880000000,STOCK
2022-07-01,BID,Ngân hàng,1.17,19649640000,STOCK
2022-07-01,IDC,Tiện ích,1.16,19546560000,STOCK
2022-07-01,DGC,SX Nhựa - Hóa chất,1.13,19011970000,STOCK
2022-07-01,DPG,Xây dựng,1.05,17700000000,STOCK
2022-07-01,ACB,Ngân hàng,0.97,16301854200,STOCK
2022-07-01,FRT,Bán lẻ,0.97,16272000000,STOCK
2022-07-01,VSH,Tiện ích,0.94,15716070000,STOCK
2022-07-01,DGW,Bán buôn,0.9,15071920000,STOCK
2022-07-01,MSN,Thực phẩm - Đồ uống,0.89,14949490000,STOCK
2022-07-01,REE,Xây dựng,0.77,12934400000,STOCK
2022-07-01,VPB,Ngân hàng,0.77,12921457500,STOCK
2022-07-01,CTD,Xây dựng,0.71,11867040000,STOCK
2022-07-01,CTG,Ngân hàng,0.64,10792960000,STOCK
2022-07-01,HAH,Vận tải - kho bãi,0.62,10428000000,STOCK
2022-07-01,NT2,Tiện ích,0.56,9482200000,STOCK
2022-07-01,VND,Chứng khoán,0.53,8915880000,STOCK
2022-07-01,IDI,Chế biến Thủy sản,0.53,8821800000,STOCK
2022-07-01,MIG,Bảo hiểm,0.49,8175970000,STOCK
2022-07-01,SHS,Chứng khoán,0.44,7425080000,STOCK
2022-07-01,BWE,Tiện ích,0.43,7155000000,STOCK
2022-07-01,PVT,Vận tải - kho bãi,0.41,6938190000,STOCK
2022-07-01,PTB,SX Phụ trợ,0.25,4235000000,STOCK
2022-07-01,VHM,Bất động sản,0.21,3564050000,STOCK
2022-07-01,TNG,SX Hàng gia dụng,0.13,2184000000,STOCK
2022-07-01,VIB,Ngân hàng,0.13,2128000000,STOCK
2022-07-01,VSC,Vận tải - kho bãi,0.03,542650500,STOCK
2022-07-01,BOND,,7.15,120055824600,BOND
2022-07-01,CASH,,11.86,199101074987,CASH
2022-07-01,OTHER,,5.26,88255697740,OTHER
2022-08-01,MWG,Bán lẻ,9.44,159711240000,STOCK
2022-08-01,MBB,Ngân hàng,5.28,89343272500,STOCK
2022-08-01,VCB,Ngân hàng,5.27,89195988000,STOCK
2022-08-01,TCB,Ngân hàng,4.94,83618639000,STOCK
2022-08-01,PNJ,Bán lẻ,4.75,80279640000,STOCK
2022-08-01,FPT,Công nghệ và thông tin,4.53,76597700000,STOCK
2022-08-01,GAS,Tiện ích,3.51,59346280000,STOCK
2022-08-01,VHC,Chế biến Thủy sản,2.78,46942840000,STOCK
2022-08-01,BID,Ngân hàng,2.7,45680000000,STOCK
2022-08-01,VPB,Ngân hàng,2.49,42046755000,STOCK
2022-08-01,VGC,Vật liệu xây dựng,2.29,38794400000,STOCK
2022-08-01,SAB,Thực phẩm - Đồ uống,2.2,37222990000,STOCK
2022-08-01,HDG,Bất động sản,2.07,35032600000,STOCK
2022-08-01,DXG,Bất động sản,1.88,31839750000,STOCK
2022-08-01,BCM,Bất động sản,1.59,26956000000,STOCK
2022-08-01,VCI,Chứng khoán,1.56,26449703000,STOCK
2022-08-01,VNM,Thực phẩm - Đồ uống,1.49,25254750000,STOCK
2022-08-01,CTG,Ngân hàng,1.47,24854350000,STOCK
2022-08-01,LHG,Bất động sản,1.46,24696520000,STOCK
2022-08-01,HPG,Vật liệu xây dựng,1.43,24160051000,STOCK
2022-08-01,PVD,Khai khoáng,1.37,23248170000,STOCK
2022-08-01,DPM,SX Nhựa - Hóa chất,1.33,22541200000,STOCK
2022-08-01,CTD,Xây dựng,1.22,20648880000,STOCK
2022-08-01,VND,Chứng khoán,1.05,17724560000,STOCK
2022-08-01,MSN,Thực phẩm - Đồ uống,1.02,17278050000,STOCK
2022-08-01,PET,Bán buôn,1.02,17191200000,STOCK
2022-08-01,HSG,Vật liệu xây dựng,1.01,17014400000,STOCK
2022-08-01,DGW,Bán buôn,0.96,16290240000,STOCK
2022-08-01,VHM,Bất động sản,0.94,15841700000,STOCK
2022-08-01,GIL,SX Hàng gia dụng,0.92,15574940000,STOCK
2022-08-01,DPG,Xây dựng,0.91,15341125000,STOCK
2022-08-01,HDC,Bất động sản,0.85,14377100000,STOCK
2022-08-01,STB,Ngân hàng,0.78,13223360000,STOCK
2022-08-01,FRT,Bán lẻ,0.75,12740000000,STOCK
2022-08-01,PVT,Vận tải - kho bãi,0.73,12362780000,STOCK
2022-08-01,NLG,Bất động sản,0.69,11718000000,STOCK
2022-08-01,VIC,Bất động sản,0.64,10829000000,STOCK
2022-08-01,KDH,Bất động sản,0.6,10105514000,STOCK
2022-08-01,SHS,Chứng khoán,0.49,8327880000,STOCK
2022-08-01,ACB,Ngân hàng,0.38,6474988050,STOCK
2022-08-01,PTB,SX Phụ trợ,0.38,6384000000,STOCK
2022-08-01,IDC,Tiện ích,0.37,6230000000,STOCK
2022-08-01,GEX,Thiết bị điện,0.36,6081900000,STOCK
2022-08-01,BSI,Chứng khoán,0.35,5927600000,STOCK
2022-08-01,ANV,Chế biến Thủy sản,0.31,5302850000,STOCK
2022-08-01,BWE,Tiện ích,0.24,4074300000,STOCK
2022-08-01,TCI,Chứng khoán,0.19,3210000000,STOCK
2022-08-01,HAX,Bán lẻ,0.18,3102000000,STOCK
2022-08-01,SZC,Bất động sản,0.16,2695000000,STOCK
2022-08-01,DGC,SX Nhựa - Hóa chất,0.12,1990000000,STOCK
2022-08-01,SSI,Chứng khoán,0.11,1819200000,STOCK
2022-08-01,HTN,Xây dựng,0.06,1090500000,STOCK
2022-08-01,PVS,Khai khoáng,0.0,25020000,STOCK
2022-08-01,VSC,Vận tải - kho bãi,0.0,3294000,STOCK
2022-08-01,BOND,,8.3,140354424600,BOND
2022-08-01,CASH,,5.12,86584625769,CASH
2022-08-01,OTHER,,2.92,49305256302,OTHER
2022-09-01,MWG,Bán lẻ,11.85,179792640000,STOCK
2022-09-01,FPT,Công nghệ và thông tin,3.76,57066450000,STOCK
2022-09-01,DPM,SX Nhựa - Hóa chất,3.65,55287685000,STOCK
2022-09-01,VCB,Ngân hàng,3.36,50936732400,STOCK
2022-09-01,BID,Ngân hàng,3.08,46653180000,STOCK
2022-09-01,GAS,Tiện ích,2.73,41404000000,STOCK
2022-09-01,VNM,Thực phẩm - Đồ uống,2.68,40668750000,STOCK
2022-09-01,SAB,Thực phẩm - Đồ uống,2.38,36149000000,STOCK
2022-09-01,HDG,Bất động sản,2.37,35929960000,STOCK
2022-09-01,FRT,Bán lẻ,2.2,33424800000,STOCK
2022-09-01,BCM,Bất động sản,2.17,32878740000,STOCK
2022-09-01,PVD,Khai khoáng,1.9,28852560000,STOCK
2022-09-01,VHC,Chế biến Thủy sản,1.86,28237740000,STOCK
2022-09-01,NT2,Tiện ích,1.69,25684660000,STOCK
2022-09-01,STB,Ngân hàng,1.66,25197920000,STOCK
2022-09-01,VCI,Chứng khoán,1.65,25076142000,STOCK
2022-09-01,VGC,Vật liệu xây dựng,1.63,24697700000,STOCK
2022-09-01,SSI,Chứng khoán,1.61,24472800000,STOCK
2022-09-01,PVT,Vận tải - kho bãi,1.59,24076640000,STOCK
2022-09-01,VPB,Ngân hàng,1.58,24000066000,STOCK
2022-09-01,PVS,Khai khoáng,1.57,23847280000,STOCK
2022-09-01,DGW,Bán buôn,1.43,21715680000,STOCK
2022-09-01,IDC,Tiện ích,1.37,20774600000,STOCK
2022-09-01,MSN,Thực phẩm - Đồ uống,1.34,20384100000,STOCK
2022-09-01,PNJ,Bán lẻ,1.27,19195800000,STOCK
2022-09-01,NLG,Bất động sản,1.13,17210400000,STOCK
2022-09-01,TLG,SX Phụ trợ,1.08,16325400000,STOCK
2022-09-01,HPG,Vật liệu xây dựng,0.99,15035824400,STOCK
2022-09-01,MBB,Ngân hàng,0.87,13218440000,STOCK
2022-09-01,CTG,Ngân hàng,0.87,13149760000,STOCK
2022-09-01,NKG,Vật liệu xây dựng,0.8,12202440000,STOCK
2022-09-01,PET,Bán buôn,0.8,12156480000,STOCK
2022-09-01,HSG,Vật liệu xây dựng,0.72,10975680000,STOCK
2022-09-01,CII,Xây dựng,0.6,9055800000,STOCK
2022-09-01,KDH,Bất động sản,0.59,8919900000,STOCK
2022-09-01,GEX,Thiết bị điện,0.48,7284600000,STOCK
2022-09-01,DCM,SX Nhựa - Hóa chất,0.37,5661600000,STOCK
2022-09-01,SHS,Chứng khoán,0.27,4170600000,STOCK
2022-09-01,BWE,Tiện ích,0.26,3969000000,STOCK
2022-09-01,DXG,Bất động sản,0.24,3582950000,STOCK
2022-09-01,HDC,Bất động sản,0.23,3511060000,STOCK
2022-09-01,LHG,Bất động sản,0.21,3257980000,STOCK
2022-09-01,TCI,Chứng khoán,0.17,2640000000,STOCK
2022-09-01,GIL,SX Hàng gia dụng,0.08,1193157000,STOCK
2022-09-01,DPG,Xây dựng,0.08,1172900000,STOCK
2022-09-01,BOND,,9.25,140367224600,BOND
2022-09-01,CASH,,9.2,139573196624,CASH
2022-09-01,OTHER,,8.29,125714890549,OTHER
2022-10-01,MWG,Bán lẻ,10.32,140871096000,STOCK
2022-10-01,VCB,Ngân hàng,5.36,73144039500,STOCK
2022-10-01,VNM,Thực phẩm - Đồ uống,4.09,55892000000,STOCK
2022-10-01,FPT,Công nghệ và thông tin,3.14,42850080000,STOCK
2022-10-01,SAB,Thực phẩm - Đồ uống,2.93,40024800000,STOCK
2022-10-01,FRT,Bán lẻ,2.62,35730240000,STOCK
2022-10-01,BID,Ngân hàng,2.45,33444400000,STOCK
2022-10-01,HDC,Bất động sản,2.39,32579460000,STOCK
2022-10-01,STB,Ngân hàng,2.34,31941470000,STOCK
2022-10-01,GAS,Tiện ích,1.95,26686220000,STOCK
2022-10-01,BCM,Bất động sản,1.85,25194400000,STOCK
2022-10-01,PNJ,Bán lẻ,1.83,24977940000,STOCK
2022-10-01,POW,Tiện ích,1.79,24443595000,STOCK
2022-10-01,MSN,Thực phẩm - Đồ uống,1.71,23290200000,STOCK
2022-10-01,BVH,Bảo hiểm,1.64,22407000000,STOCK
2022-10-01,HDG,Bất động sản,1.49,20389050000,STOCK
2022-10-01,CTG,Ngân hàng,1.49,20319600000,STOCK
2022-10-01,MBB,Ngân hàng,1.47,20065109400,STOCK
2022-10-01,KBC,Bất động sản,1.47,20025250000,STOCK
2022-10-01,DXG,Bất động sản,1.3,17752000000,STOCK
2022-10-01,PVS,Khai khoáng,1.27,17289060000,STOCK
2022-10-01,VGC,Vật liệu xây dựng,1.24,16970800000,STOCK
2022-10-01,NT2,Tiện ích,1.2,16413480000,STOCK
2022-10-01,PVT,Vận tải - kho bãi,1.05,14341960000,STOCK
2022-10-01,DGW,Bán buôn,0.97,13298000000,STOCK
2022-10-01,PVD,Khai khoáng,0.97,13209600000,STOCK
2022-10-01,TCB,Ngân hàng,0.96,13121640000,STOCK
2022-10-01,TLG,SX Phụ trợ,0.93,12738700000,STOCK
2022-10-01,VRE,Bất động sản,0.91,12423000000,STOCK
2022-10-01,IDC,Tiện ích,0.9,12353900000,STOCK
2022-10-01,KDH,Bất động sản,0.78,10623600000,STOCK
2022-10-01,DGC,SX Nhựa - Hóa chất,0.77,10535300000,STOCK
2022-10-01,DPM,SX Nhựa - Hóa chất,0.7,9538990000,STOCK
2022-10-01,VHM,Bất động sản,0.65,8910000000,STOCK
2022-10-01,VPB,Ngân hàng,0.64,8720059950,STOCK
2022-10-01,VIC,Bất động sản,0.52,7146600000,STOCK
2022-10-01,NLG,Bất động sản,0.4,5449200000,STOCK
2022-10-01,PET,Bán buôn,0.36,4917000000,STOCK
2022-10-01,VSH,Tiện ích,0.33,4459000000,STOCK
2022-10-01,DPG,Xây dựng,0.32,4334400000,STOCK
2022-10-01,BWE,Tiện ích,0.27,3685500000,STOCK
2022-10-01,GEX,Thiết bị điện,0.26,3591200000,STOCK
2022-10-01,DIG,Bất động sản,0.26,3540000000,STOCK
2022-10-01,SSI,Chứng khoán,0.26,3514280000,STOCK
2022-10-01,CTD,Xây dựng,0.24,3254330000,STOCK
2022-10-01,TCI,Chứng khoán,0.17,2280000000,STOCK
2022-10-01,VHC,Chế biến Thủy sản,0.09,1233700000,STOCK
2022-10-01,DCM,SX Nhựa - Hóa chất,0.02,264000000,STOCK
2022-10-01,BOND,,12.55,171384066860,BOND
2022-10-01,CASH,,7.1,96908114995,CASH
2022-10-01,OTHER,,9.3,126974625686,OTHER
2022-11-01,MWG,Bán lẻ,6.1,81496800000,STOCK
2022-11-01,VCB,Ngân hàng,4.99,66651417000,STOCK
2022-11-01,REE,Xây dựng,4.4,58837400000,STOCK
2022-11-01,VHM,Bất động sản,3.76,50249000000,STOCK
2022-11-01,VNM,Thực phẩm - Đồ uống,3.5,46748880000,STOCK
2022-11-01,PVS,Khai khoáng,2.96,39601600000,STOCK
2022-11-01,CTG,Ngân hàng,2.93,39169150000,STOCK
2022-11-01,FPT,Công nghệ và thông tin,2.9,38799460000,STOCK
2022-11-01,KDH,Bất động sản,2.74,36606400000,STOCK
2022-11-01,BID,Ngân hàng,2.62,35045970000,STOCK
2022-11-01,GAS,Tiện ích,2.27,30282960000,STOCK
2022-11-01,HDG,Bất động sản,2.05,27390880000,STOCK
2022-11-01,PNJ,Bán lẻ,2.0,26717900000,STOCK
2022-11-01,DPM,SX Nhựa - Hóa chất,1.97,26376410000,STOCK
2022-11-01,PVT,Vận tải - kho bãi,1.92,25587300000,STOCK
2022-11-01,SAB,Thực phẩm - Đồ uống,1.84,24624000000,STOCK
2022-11-01,STB,Ngân hàng,1.77,23592000000,STOCK
2022-11-01,DHC,SX Phụ trợ,1.74,23276900000,STOCK
2022-11-01,DCM,SX Nhựa - Hóa chất,1.7,22715460000,STOCK
2022-11-01,SSI,Chứng khoán,1.54,20559000000,STOCK
2022-11-01,BCM,Bất động sản,1.54,20515120000,STOCK
2022-11-01,DPG,Xây dựng,1.43,19089600000,STOCK
2022-11-01,DXG,Bất động sản,1.37,18236160000,STOCK
2022-11-01,VIC,Bất động sản,1.36,18186480000,STOCK
2022-11-01,MSN,Thực phẩm - Đồ uống,1.33,17768400000,STOCK
2022-11-01,VRE,Bất động sản,1.3,17352400000,STOCK
2022-11-01,POW,Tiện ích,1.29,17297920000,STOCK
2022-11-01,VGC,Vật liệu xây dựng,1.12,14901890000,STOCK
2022-11-01,SHS,Chứng khoán,0.97,12918400000,STOCK
2022-11-01,VCI,Chứng khoán,0.92,12324100000,STOCK
2022-11-01,HDC,Bất động sản,0.87,11666100000,STOCK
2022-11-01,CII,Xây dựng,0.85,11336500000,STOCK
2022-11-01,DGC,SX Nhựa - Hóa chất,0.84,11223870000,STOCK
2022-11-01,HPG,Vật liệu xây dựng,0.83,11040000000,STOCK
2022-11-01,IDC,Tiện ích,0.67,8884800000,STOCK
2022-11-01,MBB,Ngân hàng,0.65,8703862800,STOCK
2022-11-01,VPB,Ngân hàng,0.64,8587101600,STOCK
2022-11-01,PC1,Xây dựng,0.55,7377700000,STOCK
2022-11-01,ACB,Ngân hàng,0.53,7136090000,STOCK
2022-11-01,GEX,Thiết bị điện,0.52,6996600000,STOCK
2022-11-01,VSH,Tiện ích,0.5,6662250000,STOCK
2022-11-01,NLG,Bất động sản,0.43,5700000000,STOCK
2022-11-01,TCB,Ngân hàng,0.39,5180000000,STOCK
2022-11-01,VND,Chứng khoán,0.37,5004800000,STOCK
2022-11-01,IDI,Chế biến Thủy sản,0.26,3514400000,STOCK
2022-11-01,LDG,Bất động sản,0.15,2031900000,STOCK
2022-11-01,NKG,Vật liệu xây dựng,0.05,698500000,STOCK
2022-11-01,BOND,,12.83,171413266860,BOND
2022-11-01,CASH,,3.49,46629766152,CASH
2022-11-01,OTHER,,6.23,83258789863,OTHER
2022-12-01,MWG,Bán lẻ,6.06,80488980000,STOCK
2022-12-01,STB,Ngân hàng,4.69,62316000000,STOCK
2022-12-01,HDG,Bất động sản,3.44,45649320000,STOCK
2022-12-01,CTG,Ngân hàng,2.96,39357175000,STOCK
2022-12-01,REE,Xây dựng,2.89,38331150000,STOCK
2022-12-01,PVT,Vận tải - kho bãi,2.85,37818000000,STOCK
2022-12-01,DGC,SX Nhựa - Hóa chất,2.8,37224800000,STOCK
2022-12-01,VPB,Ngân hàng,2.8,37221922300,STOCK
2022-12-01,NLG,Bất động sản,2.7,35901100000,STOCK
2022-12-01,VHM,Bất động sản,2.58,34305600000,STOCK
2022-12-01,PNJ,Bán lẻ,2.53,33649570000,STOCK
2022-12-01,EIB,Ngân hàng,2.53,33540000000,STOCK
2022-12-01,TCB,Ngân hàng,2.52,33413710000,STOCK
2022-12-01,FPT,Công nghệ và thông tin,2.13,28229990000,STOCK
2022-12-01,VCI,Chứng khoán,2.1,27855825000,STOCK
2022-12-01,DXG,Bất động sản,2.06,27350025000,STOCK
2022-12-01,FRT,Bán lẻ,1.98,26302800000,STOCK
2022-12-01,HPG,Vật liệu xây dựng,1.95,25943400000,STOCK
2022-12-01,PVS,Khai khoáng,1.83,24271880000,STOCK
2022-12-01,DPM,SX Nhựa - Hóa chất,1.79,23832955000,STOCK
2022-12-01,KDH,Bất động sản,1.77,23447200000,STOCK
2022-12-01,DPG,Xây dựng,1.75,23227500000,STOCK
2022-12-01,PC1,Xây dựng,1.62,21579660000,STOCK
2022-12-01,KBC,Bất động sản,1.54,20478040000,STOCK
2022-12-01,BCM,Bất động sản,1.54,20464340000,STOCK
2022-12-01,DCM,SX Nhựa - Hóa chất,1.52,20208900000,STOCK
2022-12-01,VGC,Vật liệu xây dựng,1.47,19489080000,STOCK
2022-12-01,HSG,Vật liệu xây dựng,1.2,15973650000,STOCK
2022-12-01,GAS,Tiện ích,1.2,15915200000,STOCK
2022-12-01,MBB,Ngân hàng,1.12,14843176200,STOCK
2022-12-01,HDC,Bất động sản,1.11,14701430000,STOCK
2022-12-01,VCB,Ngân hàng,1.08,14364560000,STOCK
2022-12-01,BVS,Chứng khoán,1.05,13960620000,STOCK
2022-12-01,GEX,Thiết bị điện,1.03,13640000000,STOCK
2022-12-01,SZC,Bất động sản,0.96,12701760000,STOCK
2022-12-01,POW,Tiện ích,0.87,11553120000,STOCK
2022-12-01,BMI,Bảo hiểm,0.86,11369200000,STOCK
2022-12-01,SSI,Chứng khoán,0.71,9434100000,STOCK
2022-12-01,IDI,Chế biến Thủy sản,0.52,6888800000,STOCK
2022-12-01,ACB,Ngân hàng,0.49,6570000000,STOCK
2022-12-01,BID,Ngân hàng,0.29,3860000000,STOCK
2022-12-01,DHC,SX Phụ trợ,0.14,1801441600,STOCK
2022-12-01,LDG,Bất động sản,0.01,89688000,STOCK
2022-12-01,BOND,,12.08,160447766860,BOND
2022-12-01,CASH,,5.72,75921669347,CASH
2022-12-01,OTHER,,3.17,42108315411,OTHER
2023-01-01,VCB,Ngân hàng,5.92,84479718300,STOCK
2023-01-01,MWG,Bán lẻ,5.57,79524300000,STOCK
2023-01-01,STB,Ngân hàng,4.23,60370670000,STOCK
2023-01-01,HPG,Vật liệu xây dựng,3.24,46195630000,STOCK
2023-01-01,VHM,Bất động sản,3.09,44130300000,STOCK
2023-01-01,FPT,Công nghệ và thông tin,2.97,42418000000,STOCK
2023-01-01,CTG,Ngân hàng,2.96,42233350000,STOCK
2023-01-01,VPB,Ngân hàng,2.89,41320299650,STOCK
2023-01-01,BID,Ngân hàng,2.8,40035270000,STOCK
2023-01-01,HDG,Bất động sản,2.11,30167820000,STOCK
2023-01-01,DPG,Xây dựng,2.05,29205850000,STOCK
2023-01-01,SSI,Chứng khoán,1.96,28036800000,STOCK
2023-01-01,HSG,Vật liệu xây dựng,1.96,27946500000,STOCK
2023-01-01,PNJ,Bán lẻ,1.94,27628260000,STOCK
2023-01-01,VCI,Chứng khoán,1.93,27600690000,STOCK
2023-01-01,POW,Tiện ích,1.85,26471520000,STOCK
2023-01-01,PVS,Khai khoáng,1.81,25804800000,STOCK
2023-01-01,MBB,Ngân hàng,1.74,24789830100,STOCK
2023-01-01,VGC,Vật liệu xây dựng,1.68,23966050000,STOCK
2023-01-01,PVD,Khai khoáng,1.68,23912700000,STOCK
2023-01-01,PC1,Xây dựng,1.61,22952340000,STOCK
2023-01-01,NLG,Bất động sản,1.61,22927840000,STOCK
2023-01-01,KDH,Bất động sản,1.58,22534400000,STOCK
2023-01-01,EIB,Ngân hàng,1.57,22360000000,STOCK
2023-01-01,DPM,SX Nhựa - Hóa chất,1.43,20469080000,STOCK
2023-01-01,TCB,Ngân hàng,1.41,20068440000,STOCK
2023-01-01,SZC,Bất động sản,1.21,17305600000,STOCK
2023-01-01,BSR,SX Phụ trợ,1.03,14669200000,STOCK
2023-01-01,PVT,Vận tải - kho bãi,0.99,14061940000,STOCK
2023-01-01,BVS,Chứng khoán,0.98,14008680000,STOCK
2023-01-01,BMI,Bảo hiểm,0.97,13874100000,STOCK
2023-01-01,BCM,Bất động sản,0.94,13457760000,STOCK
2023-01-01,VRE,Bất động sản,0.94,13442220000,STOCK
2023-01-01,DXG,Bất động sản,0.92,13201400000,STOCK
2023-01-01,FRT,Bán lẻ,0.9,12915000000,STOCK
2023-01-01,LPB,Ngân hàng,0.9,12846400000,STOCK
2023-01-01,SHS,Chứng khoán,0.66,9360000000,STOCK
2023-01-01,PLX,Bán buôn,0.61,8714240000,STOCK
2023-01-01,ASM,Chế biến Thủy sản,0.6,8494640000,STOCK
2023-01-01,ACB,Ngân hàng,0.55,7815000000,STOCK
2023-01-01,KBC,Bất động sản,0.46,6609680000,STOCK
2023-01-01,HDC,Bất động sản,0.45,6443280000,STOCK
2023-01-01,GAS,Tiện ích,0.43,6154770000,STOCK
2023-01-01,DGW,Bán buôn,0.42,6019200000,STOCK
2023-01-01,VCG,Xây dựng,0.41,5855800000,STOCK
2023-01-01,CEO,Bất động sản,0.4,5658000000,STOCK
2023-01-01,IDI,Chế biến Thủy sản,0.39,5510700000,STOCK
2023-01-01,SAB,Thực phẩm - Đồ uống,0.38,5462100000,STOCK
2023-01-01,REE,Xây dựng,0.28,3931420000,STOCK
2023-01-01,DHC,SX Phụ trợ,0.22,3127449200,STOCK
2023-01-01,PDR,Bất động sản,0.2,2868335000,STOCK
2023-01-01,VIB,Ngân hàng,0.2,2849550000,STOCK
2023-01-01,LDG,Bất động sản,0.01,106504500,STOCK
2023-01-01,BOND,,10.19,145425748450,BOND
2023-01-01,CASH,,3.8,54282963751,CASH
2023-01-01,OTHER,,5.98,85371636069,OTHER
2023-02-01,VCB,Ngân hàng,8.65,110961779500,STOCK
2023-02-01,PNJ,Bán lẻ,4.4,56513810000,STOCK
2023-02-01,FPT,Công nghệ và thông tin,4.1,52655050000,STOCK
2023-02-01,BID,Ngân hàng,3.93,50494500000,STOCK
2023-02-01,MWG,Bán lẻ,3.39,43540000000,STOCK
2023-02-01,PVS,Khai khoáng,3.28,42042000000,STOCK
2023-02-01,VPB,Ngân hàng,3.27,42018650850,STOCK
2023-02-01,STB,Ngân hàng,3.11,39968875000,STOCK
2023-02-01,PVD,Khai khoáng,2.94,37708440000,STOCK
2023-02-01,HPG,Vật liệu xây dựng,2.61,33478000000,STOCK
2023-02-01,CTG,Ngân hàng,2.56,32901920000,STOCK
2023-02-01,POW,Tiện ích,1.98,25347080000,STOCK
2023-02-01,KDH,Bất động sản,1.89,24299660000,STOCK
2023-02-01,VHM,Bất động sản,1.83,23530500000,STOCK
2023-02-01,VCI,Chứng khoán,1.81,23209670000,STOCK
2023-02-01,DPG,Xây dựng,1.72,22120000000,STOCK
2023-02-01,EIB,Ngân hàng,1.63,20880000000,STOCK
2023-02-01,SAB,Thực phẩm - Đồ uống,1.59,20398000000,STOCK
2023-02-01,VCG,Xây dựng,1.54,19785600000,STOCK
2023-02-01,HDG,Bất động sản,1.54,19736220000,STOCK
2023-02-01,PC1,Xây dựng,1.48,19023680000,STOCK
2023-02-01,NKG,Vật liệu xây dựng,1.4,17942200000,STOCK
2023-02-01,KBC,Bất động sản,1.37,17643875000,STOCK
2023-02-01,BSR,SX Phụ trợ,1.31,16767600000,STOCK
2023-02-01,TCB,Ngân hàng,1.27,16297500000,STOCK
2023-02-01,VGC,Vật liệu xây dựng,1.26,16229920000,STOCK
2023-02-01,ACB,Ngân hàng,1.22,15620880000,STOCK
2023-02-01,HSG,Vật liệu xây dựng,1.12,14372490000,STOCK
2023-02-01,VRE,Bất động sản,1.12,14348580000,STOCK
2023-02-01,SSI,Chứng khoán,1.05,13450250000,STOCK
2023-02-01,IDC,Tiện ích,0.94,12007680000,STOCK
2023-02-01,FRT,Bán lẻ,0.87,11184900000,STOCK
2023-02-01,PLX,Bán buôn,0.78,9951640000,STOCK
2023-02-01,VIC,Bất động sản,0.72,9210260000,STOCK
2023-02-01,DGW,Bán buôn,0.68,8770950000,STOCK
2023-02-01,ANV,Chế biến Thủy sản,0.63,8137400000,STOCK
2023-02-01,CEO,Bất động sản,0.63,8100200000,STOCK
2023-02-01,NLG,Bất động sản,0.62,7897610000,STOCK
2023-02-01,PVT,Vận tải - kho bãi,0.58,7484580000,STOCK
2023-02-01,BMI,Bảo hiểm,0.58,7453620000,STOCK
2023-02-01,PET,Bán buôn,0.55,6998285000,STOCK
2023-02-01,BVS,Chứng khoán,0.52,6650190000,STOCK
2023-02-01,SZC,Bất động sản,0.52,6631380000,STOCK
2023-02-01,REE,Xây dựng,0.49,6257940000,STOCK
2023-02-01,GAS,Tiện ích,0.48,6096150000,STOCK
2023-02-01,ASM,Chế biến Thủy sản,0.41,5285440000,STOCK
2023-02-01,C4G,Xây dựng,0.41,5200200000,STOCK
2023-02-01,MSN,Thực phẩm - Đồ uống,0.38,4920000000,STOCK
2023-02-01,DIG,Bất động sản,0.28,3618000000,STOCK
2023-02-01,LCG,Xây dựng,0.26,3347980000,STOCK
2023-02-01,PLC,SX Phụ trợ,0.16,2012800000,STOCK
2023-02-01,BCM,Bất động sản,0.04,560790000,STOCK
2023-02-01,BOND,,7.48,96004769520,BOND
2023-02-01,CASH,,5.54,71071677781,CASH
2023-02-01,OTHER,,5.08,65215991780,OTHER
2023-03-01,VCB,Ngân hàng,7.04,94220329800,STOCK
2023-03-01,VPB,Ngân hàng,5.62,75124018850,STOCK
2023-03-01,VHM,Bất động sản,5.13,68582550000,STOCK
2023-03-01,MSN,Thực phẩm - Đồ uống,3.93,52522780000,STOCK
2023-03-01,PNJ,Bán lẻ,3.81,50932350000,STOCK
2023-03-01,BID,Ngân hàng,3.6,48098820000,STOCK
2023-03-01,HPG,Vật liệu xây dựng,3.52,47130720000,STOCK
2023-03-01,STB,Ngân hàng,3.48,46552160000,STOCK
2023-03-01,FPT,Công nghệ và thông tin,3.29,43987510000,STOCK
2023-03-01,SSI,Chứng khoán,2.78,37238000000,STOCK
2023-03-01,CTG,Ngân hàng,2.33,31194360000,STOCK
2023-03-01,PVD,Khai khoáng,2.3,30772770000,STOCK
2023-03-01,VCI,Chứng khoán,2.24,29936460000,STOCK
2023-03-01,PVS,Khai khoáng,2.16,28956000000,STOCK
2023-03-01,HSG,Vật liệu xây dựng,2.08,27801480000,STOCK
2023-03-01,KDH,Bất động sản,2.07,27732480000,STOCK
2023-03-01,VIC,Bất động sản,2.02,26999500000,STOCK
2023-03-01,PLX,Bán buôn,1.81,24185210000,STOCK
2023-03-01,SAB,Thực phẩm - Đồ uống,1.75,23383020000,STOCK
2023-03-01,NLG,Bất động sản,1.64,21927760000,STOCK
2023-03-01,MWG,Bán lẻ,1.58,21144675000,STOCK
2023-03-01,ACB,Ngân hàng,1.48,19767500000,STOCK
2023-03-01,PDR,Bất động sản,1.45,19337500000,STOCK
2023-03-01,TCB,Ngân hàng,1.39,18631620000,STOCK
2023-03-01,CEO,Bất động sản,1.37,18270600000,STOCK
2023-03-01,PC1,Xây dựng,1.23,16466600000,STOCK
2023-03-01,POW,Tiện ích,1.17,15639360000,STOCK
2023-03-01,MBB,Ngân hàng,1.16,15501550000,STOCK
2023-03-01,HDG,Bất động sản,1.11,14786520000,STOCK
2023-03-01,VRE,Bất động sản,1.06,14189910000,STOCK
2023-03-01,DPG,Xây dựng,1.02,13680220000,STOCK
2023-03-01,PET,Bán buôn,1.0,13436570000,STOCK
2023-03-01,KBC,Bất động sản,0.85,11349000000,STOCK
2023-03-01,DXG,Bất động sản,0.81,10893400000,STOCK
2023-03-01,DIG,Bất động sản,0.67,9018000000,STOCK
2023-03-01,FTS,Chứng khoán,0.61,8176000000,STOCK
2023-03-01,EIB,Ngân hàng,0.58,7784910000,STOCK
2023-03-01,IDI,Chế biến Thủy sản,0.5,6729025000,STOCK
2023-03-01,DCM,SX Nhựa - Hóa chất,0.48,6418600000,STOCK
2023-03-01,LCG,Xây dựng,0.44,5920200000,STOCK
2023-03-01,LPB,Ngân hàng,0.42,5667200000,STOCK
2023-03-01,BSR,SX Phụ trợ,0.23,3100000000,STOCK
2023-03-01,NKG,Vật liệu xây dựng,0.23,3080000000,STOCK
2023-03-01,VCG,Xây dựng,0.21,2808300000,STOCK
2023-03-01,C4G,Xây dựng,0.2,2696760000,STOCK
2023-03-01,BOND,,3.36,45000000000,BOND
2023-03-01,CASH,,6.84,91516801351,CASH
2023-03-01,OTHER,,5.94,79421153698,OTHER
2023-04-01,VCB,Ngân hàng,6.92,86821808500,STOCK
2023-04-01,STB,Ngân hàng,5.2,65193040000,STOCK
2023-04-01,VHM,Bất động sản,4.94,61969050000,STOCK
2023-04-01,VPB,Ngân hàng,4.78,60023116300,STOCK
2023-04-01,TCB,Ngân hàng,4.53,56852400000,STOCK
2023-04-01,BID,Ngân hàng,3.67,46101300000,STOCK
2023-04-01,FPT,Công nghệ và thông tin,3.62,45422750000,STOCK
2023-04-01,PNJ,Bán lẻ,3.29,41272000000,STOCK
2023-04-01,CTG,Ngân hàng,3.27,40975655000,STOCK
2023-04-01,HPG,Vật liệu xây dựng,3.22,40372920000,STOCK
2023-04-01,KDH,Bất động sản,2.77,34711040000,STOCK
2023-04-01,PVD,Khai khoáng,2.58,32386605000,STOCK
2023-04-01,SSI,Chứng khoán,2.39,29997600000,STOCK
2023-04-01,MWG,Bán lẻ,2.34,29341200000,STOCK
2023-04-01,VCI,Chứng khoán,2.11,26476680000,STOCK
2023-04-01,PVS,Khai khoáng,1.98,24794000000,STOCK
2023-04-01,MBB,Ngân hàng,1.84,23051430000,STOCK
2023-04-01,QNS,Thực phẩm - Đồ uống,1.79,22525000000,STOCK
2023-04-01,PDR,Bất động sản,1.74,21890050000,STOCK
2023-04-01,VHC,Chế biến Thủy sản,1.71,21515040000,STOCK
2023-04-01,PET,Bán buôn,1.55,19448160000,STOCK
2023-04-01,NLG,Bất động sản,1.43,17969200000,STOCK
2023-04-01,MSN,Thực phẩm - Đồ uống,1.42,17851020000,STOCK
2023-04-01,SAB,Thực phẩm - Đồ uống,1.42,17802000000,STOCK
2023-04-01,HAH,Vận tải - kho bãi,1.4,17576700000,STOCK
2023-04-01,DPG,Xây dựng,1.39,17425530000,STOCK
2023-04-01,KBC,Bất động sản,1.37,17234400000,STOCK
2023-04-01,CEO,Bất động sản,1.33,16708120000,STOCK
2023-04-01,PLX,Bán buôn,1.15,14373310000,STOCK
2023-04-01,DIG,Bất động sản,1.1,13800600000,STOCK
2023-04-01,HDG,Bất động sản,1.06,13331720000,STOCK
2023-04-01,DGW,Bán buôn,1.05,13232940000,STOCK
2023-04-01,VRE,Bất động sản,0.93,11639540000,STOCK
2023-04-01,ANV,Chế biến Thủy sản,0.91,11458370000,STOCK
2023-04-01,EIB,Ngân hàng,0.88,10997910000,STOCK
2023-04-01,DXG,Bất động sản,0.83,10368000000,STOCK
2023-04-01,HDC,Bất động sản,0.77,9674160000,STOCK
2023-04-01,ACB,Ngân hàng,0.65,8155400000,STOCK
2023-04-01,DCM,SX Nhựa - Hóa chất,0.61,7697760000,STOCK
2023-04-01,PC1,Xây dựng,0.56,7011000000,STOCK
2023-04-01,POW,Tiện ích,0.4,5040880000,STOCK
2023-04-01,FTS,Chứng khoán,0.32,4012400000,STOCK
2023-04-01,NKG,Vật liệu xây dựng,0.31,3899400000,STOCK
2023-04-01,DHC,SX Phụ trợ,0.16,2005000000,STOCK
2023-04-01,PTB,SX Phụ trợ,0.13,1651260000,STOCK
2023-04-01,BOND,,7.5,94059696100,BOND
2023-04-01,CASH,,3.07,38507414136,CASH
2023-04-01,OTHER,,1.62,20269204178,OTHER
2023-05-01,VCB,Ngân hàng,7.17,92661158000,STOCK
2023-05-01,STB,Ngân hàng,5.52,71377360000,STOCK
2023-05-01,VHM,Bất động sản,5.32,68827750000,STOCK
2023-05-01,VPB,Ngân hàng,3.85,49721374100,STOCK
2023-05-01,HPG,Vật liệu xây dựng,3.55,45936160000,STOCK
2023-05-01,TCB,Ngân hàng,3.19,41229170000,STOCK
2023-05-01,SSI,Chứng khoán,2.81,36391800000,STOCK
2023-05-01,BID,Ngân hàng,2.63,33954800000,STOCK
2023-05-01,PVD,Khai khoáng,2.48,32086780000,STOCK
2023-05-01,PVS,Khai khoáng,2.35,30380000000,STOCK
2023-05-01,QNS,Thực phẩm - Đồ uống,2.3,29739000000,STOCK
2023-05-01,KDH,Bất động sản,2.28,29495070000,STOCK
2023-05-01,CTG,Ngân hàng,2.25,29128400000,STOCK
2023-05-01,VCI,Chứng khoán,2.11,27285560000,STOCK
2023-05-01,MBB,Ngân hàng,1.94,25098840000,STOCK
2023-05-01,HDG,Bất động sản,1.85,23877020000,STOCK
2023-05-01,KBC,Bất động sản,1.82,23505900000,STOCK
2023-05-01,VHC,Chế biến Thủy sản,1.66,21494480000,STOCK
2023-05-01,MSN,Thực phẩm - Đồ uống,1.6,20656800000,STOCK
2023-05-01,PDR,Bất động sản,1.54,19972800000,STOCK
2023-05-01,PET,Bán buôn,1.45,18684360000,STOCK
2023-05-01,C4G,Xây dựng,1.43,18468000000,STOCK
2023-05-01,CEO,Bất động sản,1.39,18003600000,STOCK
2023-05-01,DIG,Bất động sản,1.35,17502730000,STOCK
2023-05-01,MWG,Bán lẻ,1.34,17385200000,STOCK
2023-05-01,NLG,Bất động sản,1.32,17017600000,STOCK
2023-05-01,PNJ,Bán lẻ,1.31,16895470000,STOCK
2023-05-01,FPT,Công nghệ và thông tin,1.29,16677030000,STOCK
2023-05-01,DPG,Xây dựng,1.18,15191200000,STOCK
2023-05-01,ACB,Ngân hàng,1.14,14782800000,STOCK
2023-05-01,DXG,Bất động sản,1.12,14423200000,STOCK
2023-05-01,DGW,Bán buôn,1.11,14365320000,STOCK
2023-05-01,SZC,Bất động sản,1.09,14040000000,STOCK
2023-05-01,VND,Chứng khoán,1.04,13440000000,STOCK
2023-05-01,CTD,Xây dựng,1.03,13331200000,STOCK
2023-05-01,CTR,Công nghệ và thông tin,1.03,13269900000,STOCK
2023-05-01,HDC,Bất động sản,0.84,10862880000,STOCK
2023-05-01,POW,Tiện ích,0.83,10712520000,STOCK
2023-05-01,PTB,SX Phụ trợ,0.82,10565280000,STOCK
2023-05-01,IDJ,Bất động sản,0.79,10220400000,STOCK
2023-05-01,VGC,Vật liệu xây dựng,0.73,9448600000,STOCK
2023-05-01,EIB,Ngân hàng,0.63,8203636000,STOCK
2023-05-01,VDS,Chứng khoán,0.62,8049400000,STOCK
2023-05-01,TNG,SX Hàng gia dụng,0.62,8046030000,STOCK
2023-05-01,SHS,Chứng khoán,0.6,7748800000,STOCK
2023-05-01,BSI,Chứng khoán,0.59,7691600000,STOCK
2023-05-01,HAH,Vận tải - kho bãi,0.59,7591725000,STOCK
2023-05-01,DBC,Thực phẩm - Đồ uống,0.57,7360000000,STOCK
2023-05-01,PLX,Bán buôn,0.56,7267500000,STOCK
2023-05-01,VTP,Vận tải - kho bãi,0.55,7079720000,STOCK
2023-05-01,IDC,Tiện ích,0.52,6662100000,STOCK
2023-05-01,AGR,Chứng khoán,0.49,6344000000,STOCK
2023-05-01,TCH,Bất động sản,0.47,6112200000,STOCK
2023-05-01,GEX,Thiết bị điện,0.44,5685600000,STOCK
2023-05-01,FCN,Xây dựng,0.33,4295100000,STOCK
2023-05-01,HHV,Xây dựng,0.3,3939600000,STOCK
2023-05-01,BSR,SX Phụ trợ,0.26,3400000000,STOCK
2023-05-01,VRE,Bất động sản,0.21,2710000000,STOCK
2023-05-01,DHC,SX Phụ trợ,0.16,2035000000,STOCK
2023-05-01,PLC,SX Phụ trợ,0.08,1095000000,STOCK
2023-05-01,FTS,Chứng khoán,0.01,146000000,STOCK
2023-05-01,BOND,,0.77,10000000000,BOND
2023-05-01,CASH,,2.61,33781834030,CASH
2023-05-01,OTHER,,6.15,79476468286,OTHER
2023-06-01,VCB,Ngân hàng,7.6,103075700000,STOCK
2023-06-01,VHM,Bất động sản,5.04,68337500000,STOCK
2023-06-01,HPG,Vật liệu xây dựng,4.76,64506820000,STOCK
2023-06-01,STB,Ngân hàng,4.7,63676640000,STOCK
2023-06-01,FPT,Công nghệ và thông tin,3.79,51453800000,STOCK
2023-06-01,TCB,Ngân hàng,3.57,48415010000,STOCK
2023-06-01,VPB,Ngân hàng,3.22,43692569450,STOCK
2023-06-01,SSI,Chứng khoán,2.91,39525600000,STOCK
2023-06-01,CTG,Ngân hàng,2.39,32458850000,STOCK
2023-06-01,PVS,Khai khoáng,2.39,32400000000,STOCK
2023-06-01,MWG,Bán lẻ,2.29,31089400000,STOCK
2023-06-01,VNM,Thực phẩm - Đồ uống,2.29,31083800000,STOCK
2023-06-01,MBB,Ngân hàng,2.16,29277880000,STOCK
2023-06-01,VCI,Chứng khoán,2.13,28862760000,STOCK
2023-06-01,PVD,Khai khoáng,1.86,25186000000,STOCK
2023-06-01,KDH,Bất động sản,1.77,24067120000,STOCK
2023-06-01,KBC,Bất động sản,1.74,23626750000,STOCK
2023-06-01,DGC,SX Nhựa - Hóa chất,1.69,22968000000,STOCK
2023-06-01,BID,Ngân hàng,1.68,22719735000,STOCK
2023-06-01,VHC,Chế biến Thủy sản,1.59,21547500000,STOCK
2023-06-01,ACB,Ngân hàng,1.55,21064365000,STOCK
2023-06-01,HDG,Bất động sản,1.49,20147220000,STOCK
2023-06-01,NLG,Bất động sản,1.39,18869400000,STOCK
2023-06-01,VND,Chứng khoán,1.37,18588150000,STOCK
2023-06-01,HSG,Vật liệu xây dựng,1.34,18145008000,STOCK
2023-06-01,PDR,Bất động sản,1.2,16262400000,STOCK
2023-06-01,QNS,Thực phẩm - Đồ uống,1.15,15581870000,STOCK
2023-06-01,SZC,Bất động sản,1.15,15540885000,STOCK
2023-06-01,VTP,Vận tải - kho bãi,1.09,14841420000,STOCK
2023-06-01,DGW,Bán buôn,1.09,14751360000,STOCK
2023-06-01,IDC,Tiện ích,1.08,14704320000,STOCK
2023-06-01,PET,Bán buôn,1.07,14566750000,STOCK
2023-06-01,HHV,Xây dựng,1.05,14267290000,STOCK
2023-06-01,PTB,SX Phụ trợ,1.01,13680135000,STOCK
2023-06-01,GEX,Thiết bị điện,0.95,12925800000,STOCK
2023-06-01,FRT,Bán lẻ,0.93,12558640000,STOCK
2023-06-01,NKG,Vật liệu xây dựng,0.85,11523000000,STOCK
2023-06-01,VGC,Vật liệu xây dựng,0.84,11416800000,STOCK
2023-06-01,SKG,Vận tải - kho bãi,0.84,11398400000,STOCK
2023-06-01,DXG,Bất động sản,0.84,11375100000,STOCK
2023-06-01,DPG,Xây dựng,0.81,10947080000,STOCK
2023-06-01,BSI,Chứng khoán,0.8,10887975000,STOCK
2023-06-01,MSN,Thực phẩm - Đồ uống,0.79,10670880000,STOCK
2023-06-01,VDS,Chứng khoán,0.77,10483200000,STOCK
2023-06-01,PNJ,Bán lẻ,0.73,9855000000,STOCK
2023-06-01,CTR,Công nghệ và thông tin,0.68,9200250000,STOCK
2023-06-01,CII,Xây dựng,0.64,8699600000,STOCK
2023-06-01,VIB,Ngân hàng,0.64,8677440000,STOCK
2023-06-01,EIB,Ngân hàng,0.63,8587550000,STOCK
2023-06-01,HAH,Vận tải - kho bãi,0.59,7933500000,STOCK
2023-06-01,DCM,SX Nhựa - Hóa chất,0.52,7075200000,STOCK
2023-06-01,DIG,Bất động sản,0.5,6731790000,STOCK
2023-06-01,TPB,Ngân hàng,0.48,6482628000,STOCK
2023-06-01,DHC,SX Phụ trợ,0.3,4090000000,STOCK
2023-06-01,C4G,Xây dựng,0.26,3570000000,STOCK
2023-06-01,SHB,Ngân hàng,0.25,3350000000,STOCK
2023-06-01,VIX,Chứng khoán,0.21,2894400000,STOCK
2023-06-01,HDC,Bất động sản,0.11,1517600000,STOCK
2023-06-01,TNG,SX Hàng gia dụng,0.02,304000000,STOCK
2023-06-01,FTS,Chứng khoán,0.01,145250000,STOCK
2023-06-01,BOND,,0.74,10000000000,BOND
2023-06-01,CASH,,2.72,36947214338,CASH
2023-06-01,OTHER,,4.93,66818709332,OTHER
2023-07-01,VCB,Ngân hàng,7.39,112491303600,STOCK
2023-07-01,FPT,Công nghệ và thông tin,4.74,72113292000,STOCK
2023-07-01,VHM,Bất động sản,4.36,66364200000,STOCK
2023-07-01,STB,Ngân hàng,3.69,56070360000,STOCK
2023-07-01,HPG,Vật liệu xây dựng,3.69,56061600000,STOCK
2023-07-01,MWG,Bán lẻ,3.59,54677340000,STOCK
2023-07-01,VNM,Thực phẩm - Đồ uống,3.24,49249200000,STOCK
2023-07-01,VPB,Ngân hàng,2.73,41467834550,STOCK
2023-07-01,SSI,Chứng khoán,2.53,38545000000,STOCK
2023-07-01,MBB,Ngân hàng,2.36,35905668500,STOCK
2023-07-01,PVS,Khai khoáng,2.24,34056000000,STOCK
2023-07-01,TCB,Ngân hàng,2.15,32735920000,STOCK
2023-07-01,PVD,Khai khoáng,2.13,32435600000,STOCK
2023-07-01,KBC,Bất động sản,2.03,30864900000,STOCK
2023-07-01,DGW,Bán buôn,2.02,30728800000,STOCK
2023-07-01,CTG,Ngân hàng,1.97,30009000000,STOCK
2023-07-01,VCI,Chứng khoán,1.91,29084100000,STOCK
2023-07-01,DCM,SX Nhựa - Hóa chất,1.81,27515600000,STOCK
2023-07-01,NLG,Bất động sản,1.76,26720000000,STOCK
2023-07-01,DGC,SX Nhựa - Hóa chất,1.66,25200000000,STOCK
2023-07-01,KDH,Bất động sản,1.6,24273750000,STOCK
2023-07-01,BID,Ngân hàng,1.56,23793520000,STOCK
2023-07-01,DXG,Bất động sản,1.52,23066000000,STOCK
2023-07-01,PDR,Bất động sản,1.44,21867090000,STOCK
2023-07-01,VTP,Vận tải - kho bãi,1.43,21730500000,STOCK
2023-07-01,HSG,Vật liệu xây dựng,1.27,19308520000,STOCK
2023-07-01,VHC,Chế biến Thủy sản,1.25,18980700000,STOCK
2023-07-01,PTB,SX Phụ trợ,1.22,18601950000,STOCK
2023-07-01,QNS,Thực phẩm - Đồ uống,1.19,18084770000,STOCK
2023-07-01,VND,Chứng khoán,1.07,16280160000,STOCK
2023-07-01,SZC,Bất động sản,1.05,16000712000,STOCK
2023-07-01,NKG,Vật liệu xây dựng,0.99,15129600000,STOCK
2023-07-01,ACB,Ngân hàng,0.99,15039135000,STOCK
2023-07-01,HAH,Vận tải - kho bãi,0.93,14214795000,STOCK
2023-07-01,VGC,Vật liệu xây dựng,0.9,13746000000,STOCK
2023-07-01,HHV,Xây dựng,0.88,13410738000,STOCK
2023-07-01,BSI,Chứng khoán,0.85,13000966000,STOCK
2023-07-01,SHS,Chứng khoán,0.82,12480000000,STOCK
2023-07-01,LTG,Thực phẩm - Đồ uống,0.8,12245000000,STOCK
2023-07-01,HDG,Bất động sản,0.8,12217600000,STOCK
2023-07-01,GEX,Thiết bị điện,0.74,11229900000,STOCK
2023-07-01,PET,Bán buôn,0.72,11005695000,STOCK
2023-07-01,DPG,Xây dựng,0.67,10200700000,STOCK
2023-07-01,PNJ,Bán lẻ,0.67,10184100000,STOCK
2023-07-01,SKG,Vận tải - kho bãi,0.65,9873600000,STOCK
2023-07-01,TCH,Bất động sản,0.62,9461200000,STOCK
2023-07-01,CEO,Bất động sản,0.61,9219600000,STOCK
2023-07-01,VIB,Ngân hàng,0.6,9185280000,STOCK
2023-07-01,VDS,Chứng khoán,0.6,9055200000,STOCK
2023-07-01,VIX,Chứng khoán,0.59,8917600000,STOCK
2023-07-01,CII,Xây dựng,0.57,8652600000,STOCK
2023-07-01,EIB,Ngân hàng,0.56,8506726000,STOCK
2023-07-01,FRT,Bán lẻ,0.5,7640000000,STOCK
2023-07-01,MSN,Thực phẩm - Đồ uống,0.5,7577640000,STOCK
2023-07-01,CTR,Công nghệ và thông tin,0.48,7316400000,STOCK
2023-07-01,VCG,Xây dựng,0.44,6643500000,STOCK
2023-07-01,DIG,Bất động sản,0.42,6331000000,STOCK
2023-07-01,SHB,Ngân hàng,0.34,5244624000,STOCK
2023-07-01,VRE,Bất động sản,0.34,5188750000,STOCK
2023-07-01,C4G,Xây dựng,0.34,5147500000,STOCK
2023-07-01,DHC,SX Phụ trợ,0.3,4565000000,STOCK
2023-07-01,IJC,Bất động sản,0.29,4355000000,STOCK
2023-07-01,BVS,Chứng khoán,0.28,4271400000,STOCK
2023-07-01,FMC,Chế biến Thủy sản,0.23,3460760000,STOCK
2023-07-01,IDC,Tiện ích,0.2,3019360000,STOCK
2023-07-01,CTD,Xây dựng,0.13,2006010000,STOCK
2023-07-01,HDC,Bất động sản,0.13,2002690000,STOCK
2023-07-01,TPB,Ngân hàng,0.09,1300050000,STOCK
2023-07-01,TNG,SX Hàng gia dụng,0.02,340800000,STOCK
2023-07-01,FTS,Chứng khoán,0.01,166750000,STOCK
2023-07-01,BOND,,0.66,10000000000,BOND
2023-07-01,CASH,,2.82,42834429034,CASH
2023-07-01,OTHER,,3.33,50665818723,OTHER
2023-08-01,FPT,Công nghệ và thông tin,11.14,175611551500,STOCK
2023-08-01,VCB,Ngân hàng,5.32,83920706100,STOCK
2023-08-01,DGC,SX Nhựa - Hóa chất,4.48,70595000000,STOCK
2023-08-01,MWG,Bán lẻ,4.36,68767160000,STOCK
2023-08-01,STB,Ngân hàng,4.28,67481020000,STOCK
2023-08-01,VHM,Bất động sản,3.79,59808980000,STOCK
2023-08-01,CTG,Ngân hàng,3.16,49888630000,STOCK
2023-08-01,HPG,Vật liệu xây dựng,2.96,46588800000,STOCK
2023-08-01,PVS,Khai khoáng,2.59,40825000000,STOCK
2023-08-01,VNM,Thực phẩm - Đồ uống,2.52,39678000000,STOCK
2023-08-01,VPB,Ngân hàng,2.35,37126270150,STOCK
2023-08-01,SSI,Chứng khoán,2.16,34068000000,STOCK
2023-08-01,PDR,Bất động sản,2.03,32001920000,STOCK
2023-08-01,TCB,Ngân hàng,1.99,31395000000,STOCK
2023-08-01,DXG,Bất động sản,1.87,29530200000,STOCK
2023-08-01,DGW,Bán buôn,1.87,29413200000,STOCK
2023-08-01,VCI,Chứng khoán,1.82,28665060000,STOCK
2023-08-01,MBB,Ngân hàng,1.68,26543985000,STOCK
2023-08-01,BID,Ngân hàng,1.64,25822500000,STOCK
2023-08-01,KDH,Bất động sản,1.61,25400500000,STOCK
2023-08-01,VTP,Vận tải - kho bãi,1.45,22782072400,STOCK
2023-08-01,NLG,Bất động sản,1.43,22484200000,STOCK
2023-08-01,KBC,Bất động sản,1.33,20945600000,STOCK
2023-08-01,PVD,Khai khoáng,1.29,20295450000,STOCK
2023-08-01,NKG,Vật liệu xây dựng,1.19,18682400000,STOCK
2023-08-01,SHS,Chứng khoán,1.18,18600000000,STOCK
2023-08-01,VND,Chứng khoán,1.17,18393450000,STOCK
2023-08-01,PTB,SX Phụ trợ,1.11,17553860000,STOCK
2023-08-01,HSG,Vật liệu xây dựng,1.1,17358800000,STOCK
2023-08-01,VHC,Chế biến Thủy sản,1.0,15781860000,STOCK
2023-08-01,VRE,Bất động sản,0.97,15356040000,STOCK
2023-08-01,SZC,Bất động sản,0.9,14253229000,STOCK
2023-08-01,CII,Xây dựng,0.88,13843200000,STOCK
2023-08-01,EIB,Ngân hàng,0.86,13627120000,STOCK
2023-08-01,VCG,Xây dựng,0.86,13525200000,STOCK
2023-08-01,VIX,Chứng khoán,0.82,12871980000,STOCK
2023-08-01,DCM,SX Nhựa - Hóa chất,0.81,12812300000,STOCK
2023-08-01,TCH,Bất động sản,0.8,12608400000,STOCK
2023-08-01,GEX,Thiết bị điện,0.78,12350000000,STOCK
2023-08-01,FRT,Bán lẻ,0.78,12257800000,STOCK
2023-08-01,QNS,Thực phẩm - Đồ uống,0.72,11292540000,STOCK
2023-08-01,DPG,Xây dựng,0.66,10397340000,STOCK
2023-08-01,ACB,Ngân hàng,0.63,9928180000,STOCK
2023-08-01,CEO,Bất động sản,0.61,9604800000,STOCK
2023-08-01,CTR,Công nghệ và thông tin,0.53,8371650000,STOCK
2023-08-01,PET,Bán buôn,0.53,8325784000,STOCK
2023-08-01,MSN,Thực phẩm - Đồ uống,0.52,8272250000,STOCK
2023-08-01,IDC,Tiện ích,0.51,8018000000,STOCK
2023-08-01,DXS,Bất động sản,0.48,7581800000,STOCK
2023-08-01,LTG,Thực phẩm - Đồ uống,0.4,6371760000,STOCK
2023-08-01,PNJ,Bán lẻ,0.4,6287050000,STOCK
2023-08-01,BSI,Chứng khoán,0.4,6240889000,STOCK
2023-08-01,HDG,Bất động sản,0.39,6107000000,STOCK
2023-08-01,IJC,Bất động sản,0.38,6053600000,STOCK
2023-08-01,VGC,Vật liệu xây dựng,0.34,5318400000,STOCK
2023-08-01,SKG,Vận tải - kho bãi,0.29,4539000000,STOCK
2023-08-01,BCG,Bất động sản,0.27,4324000000,STOCK
2023-08-01,HDC,Bất động sản,0.27,4239840000,STOCK
2023-08-01,PAN,Thực phẩm - Đồ uống,0.26,4126600000,STOCK
2023-08-01,HAH,Vận tải - kho bãi,0.25,3926305000,STOCK
2023-08-01,MSB,Ngân hàng,0.09,1486800000,STOCK
2023-08-01,SHB,Ngân hàng,0.04,600588000,STOCK
2023-08-01,BOND,,2.52,39752030200,BOND
2023-08-01,CASH,,2.93,46249279216,CASH
2023-08-01,OTHER,,1.25,19633822595,OTHER
2023-09-01,FPT,Công nghệ và thông tin,12.66,190800976000,STOCK
2023-09-01,MWG,Bán lẻ,5.56,83802320000,STOCK
2023-09-01,DGC,SX Nhựa - Hóa chất,5.5,82915800000,STOCK
2023-09-01,VCB,Ngân hàng,4.15,62568712500,STOCK
2023-09-01,STB,Ngân hàng,3.59,54152420000,STOCK
2023-09-01,PVS,Khai khoáng,3.33,50180000000,STOCK
2023-09-01,HPG,Vật liệu xây dựng,2.98,44920400000,STOCK
2023-09-01,CTG,Ngân hàng,2.87,43193870000,STOCK
2023-09-01,VPB,Ngân hàng,2.84,42795372900,STOCK
2023-09-01,VHM,Bất động sản,2.38,35822150000,STOCK
2023-09-01,DGW,Bán buôn,2.26,34045200000,STOCK
2023-09-01,VNM,Thực phẩm - Đồ uống,2.22,33390000000,STOCK
2023-09-01,SSI,Chứng khoán,2.21,33313680000,STOCK
2023-09-01,DXG,Bất động sản,1.97,29635200000,STOCK
2023-09-01,MBB,Ngân hàng,1.76,26525485000,STOCK
2023-09-01,PDR,Bất động sản,1.73,26067180000,STOCK
2023-09-01,TCB,Ngân hàng,1.69,25409115000,STOCK
2023-09-01,VTP,Vận tải - kho bãi,1.63,24629754800,STOCK
2023-09-01,KDH,Bất động sản,1.56,23468820000,STOCK
2023-09-01,VCI,Chứng khoán,1.53,23042250000,STOCK
2023-09-01,NKG,Vật liệu xây dựng,1.4,21093000000,STOCK
2023-09-01,FRT,Bán lẻ,1.4,21075200000,STOCK
2023-09-01,PVD,Khai khoáng,1.33,20041440000,STOCK
2023-09-01,MSN,Thực phẩm - Đồ uống,1.32,19883780000,STOCK
2023-09-01,NLG,Bất động sản,1.28,19309500000,STOCK
2023-09-01,KBC,Bất động sản,1.25,18874800000,STOCK
2023-09-01,HSG,Vật liệu xây dựng,1.22,18452800000,STOCK
2023-09-01,DCM,SX Nhựa - Hóa chất,1.21,18218825000,STOCK
2023-09-01,PTB,SX Phụ trợ,1.18,17705710000,STOCK
2023-09-01,VCG,Xây dựng,1.08,16325400000,STOCK
2023-09-01,BSI,Chứng khoán,1.0,15041260000,STOCK
2023-09-01,VHC,Chế biến Thủy sản,0.96,14438700000,STOCK
2023-09-01,GMD,Vận tải - kho bãi,0.92,13790400000,STOCK
2023-09-01,TCH,Bất động sản,0.91,13722800000,STOCK
2023-09-01,SZC,Bất động sản,0.9,13609043000,STOCK
2023-09-01,DPG,Xây dựng,0.9,13607760000,STOCK
2023-09-01,IDC,Tiện ích,0.89,13371440000,STOCK
2023-09-01,QNS,Thực phẩm - Đồ uống,0.86,12890400000,STOCK
2023-09-01,SHS,Chứng khoán,0.8,12040000000,STOCK
2023-09-01,PNJ,Bán lẻ,0.73,10961080000,STOCK
2023-09-01,VRE,Bất động sản,0.72,10907190000,STOCK
2023-09-01,CTR,Công nghệ và thông tin,0.67,10165950000,STOCK
2023-09-01,CII,Xây dựng,0.6,9032400000,STOCK
2023-09-01,VND,Chứng khoán,0.58,8752800000,STOCK
2023-09-01,PC1,Xây dựng,0.55,8281200000,STOCK
2023-09-01,DXS,Bất động sản,0.51,7707840000,STOCK
2023-09-01,EIB,Ngân hàng,0.45,6829274950,STOCK
2023-09-01,LTG,Thực phẩm - Đồ uống,0.42,6333600000,STOCK
2023-09-01,BSR,SX Phụ trợ,0.39,5842400000,STOCK
2023-09-01,VGC,Vật liệu xây dựng,0.33,4955520000,STOCK
2023-09-01,HAH,Vận tải - kho bãi,0.29,4390220000,STOCK
2023-09-01,ANV,Chế biến Thủy sản,0.24,3636000000,STOCK
2023-09-01,BOND,,2.31,34763439800,BOND
2023-09-01,CASH,,3.5,52731755298,CASH
2023-09-01,OTHER,,2.47,37226138449,OTHER
2023-10-01,FPT,Công nghệ và thông tin,12.73,171016935000,STOCK
2023-10-01,DGC,SX Nhựa - Hóa chất,4.1,55047200000,STOCK
2023-10-01,MWG,Bán lẻ,3.86,51803570000,STOCK
2023-10-01,GMD,Vận tải - kho bãi,3.35,44958000000,STOCK
2023-10-01,STB,Ngân hàng,3.15,42303600000,STOCK
2023-10-01,VPB,Ngân hàng,2.94,39442740000,STOCK
2023-10-01,PVS,Khai khoáng,2.88,38662800000,STOCK
2023-10-01,VTP,Vận tải - kho bãi,2.48,33358720000,STOCK
2023-10-01,PVD,Khai khoáng,2.41,32423640000,STOCK
2023-10-01,DGW,Bán buôn,2.15,28930400000,STOCK
2023-10-01,HSG,Vật liệu xây dựng,2.15,28900000000,STOCK
2023-10-01,VCB,Ngân hàng,2.12,28511282800,STOCK
2023-10-01,PDR,Bất động sản,2.0,26908180000,STOCK
2023-10-01,FRT,Bán lẻ,1.94,26091300000,STOCK
2023-10-01,TCB,Ngân hàng,1.79,24026980000,STOCK
2023-10-01,VRE,Bất động sản,1.73,23172360000,STOCK
2023-10-01,SSI,Chứng khoán,1.51,20280700000,STOCK
2023-10-01,BID,Ngân hàng,1.49,20075880000,STOCK
2023-10-01,KDH,Bất động sản,1.48,19925048000,STOCK
2023-10-01,VNM,Thực phẩm - Đồ uống,1.47,19720000000,STOCK
2023-10-01,CTG,Ngân hàng,1.39,18708580000,STOCK
2023-10-01,PTB,SX Phụ trợ,1.38,18535120000,STOCK
2023-10-01,SZC,Bất động sản,1.36,18239858000,STOCK
2023-10-01,PC1,Xây dựng,1.3,17459790000,STOCK
2023-10-01,TCH,Bất động sản,1.19,15915200000,STOCK
2023-10-01,IDC,Tiện ích,1.13,15176750000,STOCK
2023-10-01,CTD,Xây dựng,1.07,14340040000,STOCK
2023-10-01,VCI,Chứng khoán,1.06,14200560000,STOCK
2023-10-01,NLG,Bất động sản,1.05,14053140000,STOCK
2023-10-01,DPG,Xây dựng,1.04,13929300000,STOCK
2023-10-01,VGC,Vật liệu xây dựng,1.0,13416480000,STOCK
2023-10-01,NKG,Vật liệu xây dựng,0.97,13090000000,STOCK
2023-10-01,MBB,Ngân hàng,0.86,11607651000,STOCK
2023-10-01,DXG,Bất động sản,0.83,11122200000,STOCK
2023-10-01,PNJ,Bán lẻ,0.83,11095200000,STOCK
2023-10-01,CEO,Bất động sản,0.82,11057610000,STOCK
2023-10-01,HPG,Vật liệu xây dựng,0.8,10764000000,STOCK
2023-10-01,CII,Xây dựng,0.79,10675200000,STOCK
2023-10-01,QNS,Thực phẩm - Đồ uống,0.64,8564890000,STOCK
2023-10-01,CTR,Công nghệ và thông tin,0.62,8304480000,STOCK
2023-10-01,TV2,Dịch vụ tư vấn - hỗ trợ,0.58,7834375000,STOCK
2023-10-01,VND,Chứng khoán,0.55,7440950000,STOCK
2023-10-01,DRC,Sản phẩm cao su,0.55,7345800000,STOCK
2023-10-01,LTG,Thực phẩm - Đồ uống,0.51,6790095000,STOCK
2023-10-01,PET,Bán buôn,0.48,6426565000,STOCK
2023-10-01,GEX,Thiết bị điện,0.44,5933900000,STOCK
2023-10-01,MSB,Ngân hàng,0.43,5733000000,STOCK
2023-10-01,LHG,Bất động sản,0.39,5295840000,STOCK
2023-10-01,DCM,SX Nhựa - Hóa chất,0.35,4738500000,STOCK
2023-10-01,DIG,Bất động sản,0.3,4040000000,STOCK
2023-10-01,EIB,Ngân hàng,0.27,3571542850,STOCK
2023-10-01,DXS,Bất động sản,0.21,2854913600,STOCK
2023-10-01,DHC,SX Phụ trợ,0.19,2594200000,STOCK
2023-10-01,HHV,Xây dựng,0.16,2133600000,STOCK
2023-10-01,BOND,,2.59,34775229800,BOND
2023-10-01,CASH,,6.12,82222396514,CASH
2023-10-01,OTHER,,8.0,107481724235,OTHER
2023-11-01,FPT,Công nghệ và thông tin,12.96,193729335500,STOCK
2023-11-01,DGC,SX Nhựa - Hóa chất,4.86,72632700000,STOCK
2023-11-01,MWG,Bán lẻ,4.45,66528000000,STOCK
2023-11-01,GMD,Vận tải - kho bãi,3.98,59529600000,STOCK
2023-11-01,STB,Ngân hàng,2.88,43087000000,STOCK
2023-11-01,VTP,Vận tải - kho bãi,2.67,39834916800,STOCK
2023-11-01,PNJ,Bán lẻ,2.52,37617650000,STOCK
2023-11-01,PVS,Khai khoáng,2.45,36592800000,STOCK
2023-11-01,HSG,Vật liệu xây dựng,2.44,36465000000,STOCK
2023-11-01,PVD,Khai khoáng,2.38,35526400000,STOCK
2023-11-01,DGW,Bán buôn,2.35,35097500000,STOCK
2023-11-01,PC1,Xây dựng,2.19,32757963000,STOCK
2023-11-01,NLG,Bất động sản,2.1,31376000000,STOCK
2023-11-01,HPG,Vật liệu xây dựng,2.08,31010400000,STOCK
2023-11-01,CTD,Xây dựng,2.06,30801600000,STOCK
2023-11-01,VPB,Ngân hàng,2.0,29861646700,STOCK
2023-11-01,VCI,Chứng khoán,1.95,29133000000,STOCK
2023-11-01,FRT,Bán lẻ,1.88,28037120000,STOCK
2023-11-01,SZC,Bất động sản,1.8,26837508000,STOCK
2023-11-01,PDR,Bất động sản,1.76,26329600000,STOCK
2023-11-01,KDH,Bất động sản,1.71,25542816000,STOCK
2023-11-01,TCB,Ngân hàng,1.69,25228400000,STOCK
2023-11-01,NKG,Vật liệu xây dựng,1.66,24817000000,STOCK
2023-11-01,DCM,SX Nhựa - Hóa chất,1.64,24560000000,STOCK
2023-11-01,DXG,Bất động sản,1.63,24360000000,STOCK
2023-11-01,CTG,Ngân hàng,1.57,23433983800,STOCK
2023-11-01,SSI,Chứng khoán,1.44,21521880000,STOCK
2023-11-01,DPG,Xây dựng,1.33,19896800000,STOCK
2023-11-01,IDC,Tiện ích,1.21,18125100000,STOCK
2023-11-01,PTB,SX Phụ trợ,1.15,17251200000,STOCK
2023-11-01,GEX,Thiết bị điện,1.11,16529200000,STOCK
2023-11-01,VND,Chứng khoán,1.08,16089600000,STOCK
2023-11-01,TV2,Dịch vụ tư vấn - hỗ trợ,1.05,15673600000,STOCK
2023-11-01,VRE,Bất động sản,1.0,14983800000,STOCK
2023-11-01,TCH,Bất động sản,0.97,14541600000,STOCK
2023-11-01,CEO,Bất động sản,0.97,14428800000,STOCK
2023-11-01,MBB,Ngân hàng,0.93,13862818000,STOCK
2023-11-01,VCG,Xây dựng,0.86,12893600000,STOCK
2023-11-01,ANV,Chế biến Thủy sản,0.81,12170560000,STOCK
2023-11-01,LHG,Bất động sản,0.78,11694000000,STOCK
2023-11-01,VIX,Chứng khoán,0.73,10955200000,STOCK
2023-11-01,HDC,Bất động sản,0.69,10350900000,STOCK
2023-11-01,VGC,Vật liệu xây dựng,0.6,8927100000,STOCK
2023-11-01,PET,Bán buôn,0.58,8627300000,STOCK
2023-11-01,QNS,Thực phẩm - Đồ uống,0.5,7424340000,STOCK
2023-11-01,DHC,SX Phụ trợ,0.49,7315000000,STOCK
2023-11-01,DRC,Sản phẩm cao su,0.47,7063440000,STOCK
2023-11-01,DIG,Bất động sản,0.44,6619600000,STOCK
2023-11-01,NT2,Tiện ích,0.4,6012500000,STOCK
2023-11-01,SAB,Thực phẩm - Đồ uống,0.38,5642000000,STOCK
2023-11-01,SHS,Chứng khoán,0.32,4848990000,STOCK
2023-11-01,EIB,Ngân hàng,0.26,3857690200,STOCK
2023-11-01,DXS,Bất động sản,0.25,3751651700,STOCK
2023-11-01,LTG,Thực phẩm - Đồ uống,0.16,2429385000,STOCK
2023-11-01,CTR,Công nghệ và thông tin,0.15,2263200000,STOCK
2023-11-01,VGS,Vật liệu xây dựng,0.13,1998000000,STOCK
2023-11-01,BID,Ngân hàng,0.12,1730301300,STOCK
2023-11-01,BOND,,0.33,5000000000,BOND
2023-11-01,CASH,,4.74,70847400448,CASH
2023-11-01,OTHER,,1.89,28227288198,OTHER
2023-12-01,FPT,Công nghệ và thông tin,12.62,196817124500,STOCK
2023-12-01,MWG,Bán lẻ,7.87,122699040000,STOCK
2023-12-01,DGC,SX Nhựa - Hóa chất,4.34,67665920000,STOCK
2023-12-01,GMD,Vận tải - kho bãi,3.4,52959600000,STOCK
2023-12-01,STB,Ngân hàng,2.81,43792060000,STOCK
2023-12-01,PVD,Khai khoáng,2.77,43259380000,STOCK
2023-12-01,HPG,Vật liệu xây dựng,2.63,41030600000,STOCK
2023-12-01,PNJ,Bán lẻ,2.62,40789800000,STOCK
2023-12-01,HSG,Vật liệu xây dựng,2.58,40310400000,STOCK
2023-12-01,DGW,Bán buôn,2.44,38011640000,STOCK
2023-12-01,CTD,Xây dựng,2.37,36931840000,STOCK
2023-12-01,PC1,Xây dựng,2.18,34038432000,STOCK
2023-12-01,PVS,Khai khoáng,2.15,33500800000,STOCK
2023-12-01,VTP,Vận tải - kho bãi,2.09,32579119200,STOCK
2023-12-01,IDC,Tiện ích,2.04,31775790000,STOCK
2023-12-01,NKG,Vật liệu xây dựng,2.0,31256200000,STOCK
2023-12-01,DXG,Bất động sản,1.87,29237850000,STOCK
2023-12-01,VCI,Chứng khoán,1.83,28557000000,STOCK
2023-12-01,FRT,Bán lẻ,1.76,27477600000,STOCK
2023-12-01,PDR,Bất động sản,1.73,26925380000,STOCK
2023-12-01,DCM,SX Nhựa - Hóa chất,1.66,25855200000,STOCK
2023-12-01,MBB,Ngân hàng,1.61,25155306500,STOCK
2023-12-01,NLG,Bất động sản,1.52,23705220000,STOCK
2023-12-01,DPG,Xây dựng,1.47,22870120000,STOCK
2023-12-01,TCH,Bất động sản,1.41,22017600000,STOCK
2023-12-01,VCG,Xây dựng,1.37,21439600000,STOCK
2023-12-01,SZC,Bất động sản,1.34,20903128000,STOCK
2023-12-01,VRE,Bất động sản,1.34,20830200000,STOCK
2023-12-01,VND,Chứng khoán,1.24,19313000000,STOCK
2023-12-01,SSI,Chứng khoán,1.18,18466400000,STOCK
2023-12-01,DIG,Bất động sản,1.13,17569400000,STOCK
2023-12-01,PTB,SX Phụ trợ,1.11,17375500000,STOCK
2023-12-01,VEA,SX Thiết bị - máy móc,1.1,17089920000,STOCK
2023-12-01,KDH,Bất động sản,1.02,15975692000,STOCK
2023-12-01,PET,Bán buôn,0.98,15359400000,STOCK
2023-12-01,NT2,Tiện ích,0.97,15087100000,STOCK
2023-12-01,CTG,Ngân hàng,0.91,14255304600,STOCK
2023-12-01,GEX,Thiết bị điện,0.86,13404800000,STOCK
2023-12-01,HDG,Bất động sản,0.83,12883680000,STOCK
2023-12-01,TCB,Ngân hàng,0.65,10090140000,STOCK
2023-12-01,LHG,Bất động sản,0.62,9656610000,STOCK
2023-12-01,VGC,Vật liệu xây dựng,0.54,8443620000,STOCK
2023-12-01,TV2,Dịch vụ tư vấn - hỗ trợ,0.5,7813260000,STOCK
2023-12-01,DRC,Sản phẩm cao su,0.48,7462400000,STOCK
2023-12-01,VHM,Bất động sản,0.47,7322400000,STOCK
2023-12-01,MSN,Thực phẩm - Đồ uống,0.44,6867500000,STOCK
2023-12-01,HAH,Vận tải - kho bãi,0.41,6316800000,STOCK
2023-12-01,DXS,Bất động sản,0.32,5023545000,STOCK
2023-12-01,BID,Ngân hàng,0.32,5023029200,STOCK
2023-12-01,NTL,Bất động sản,0.31,4859400000,STOCK
2023-12-01,DHC,SX Phụ trợ,0.29,4446000000,STOCK
2023-12-01,LTG,Thực phẩm - Đồ uống,0.17,2674365000,STOCK
2023-12-01,BSI,Chứng khoán,0.15,2318000000,STOCK
2023-12-01,VGS,Vật liệu xây dựng,0.15,2310000000,STOCK
2023-12-01,VDS,Chứng khoán,0.13,2017800000,STOCK
2023-12-01,BOND,,0.97,15155514000,BOND
2023-12-01,CASH,,3.84,59838686129,CASH
2023-12-01,OTHER,,2.1,32760547123,OTHER
2024-01-01,FPT,Công nghệ và thông tin,10.97,174025186500,STOCK
2024-01-01,MWG,Bán lẻ,6.66,105606000000,STOCK
2024-01-01,PNJ,Bán lẻ,4.11,65266950000,STOCK
2024-01-01,CTG,Ngân hàng,4.11,65254821600,STOCK
2024-01-01,STB,Ngân hàng,4.1,65086320000,STOCK
2024-01-01,MBB,Ngân hàng,3.46,54897217500,STOCK
2024-01-01,DGC,SX Nhựa - Hóa chất,3.34,53046720000,STOCK
2024-01-01,GMD,Vận tải - kho bãi,2.84,45027720000,STOCK
2024-01-01,BID,Ngân hàng,2.61,41357712600,STOCK
2024-01-01,HPG,Vật liệu xây dựng,2.57,40737000000,STOCK
2024-01-01,HSG,Vật liệu xây dựng,2.55,40487200000,STOCK
2024-01-01,TCB,Ngân hàng,2.41,38167385000,STOCK
2024-01-01,FRT,Bán lẻ,2.22,35159280000,STOCK
2024-01-01,PDR,Bất động sản,2.17,34350400000,STOCK
2024-01-01,IDC,Tiện ích,2.0,31694000000,STOCK
2024-01-01,SSI,Chứng khoán,1.93,30547200000,STOCK
2024-01-01,PVS,Khai khoáng,1.69,26849720000,STOCK
2024-01-01,PVD,Khai khoáng,1.68,26668400000,STOCK
2024-01-01,CTD,Xây dựng,1.63,25832250000,STOCK
2024-01-01,VCI,Chứng khoán,1.54,24367200000,STOCK
2024-01-01,NLG,Bất động sản,1.53,24335850000,STOCK
2024-01-01,DXG,Bất động sản,1.48,23473410500,STOCK
2024-01-01,ACB,Ngân hàng,1.46,23218775000,STOCK
2024-01-01,DGW,Bán buôn,1.43,22657080000,STOCK
2024-01-01,VCG,Xây dựng,1.4,22177400000,STOCK
2024-01-01,VCB,Ngân hàng,1.32,20956800000,STOCK
2024-01-01,VPB,Ngân hàng,1.3,20695920000,STOCK
2024-01-01,DRC,Sản phẩm cao su,1.22,19401600000,STOCK
2024-01-01,TCH,Bất động sản,1.22,19385520000,STOCK
2024-01-01,VEA,SX Thiết bị - máy móc,1.16,18416060000,STOCK
2024-01-01,SZC,Bất động sản,1.16,18368220000,STOCK
2024-01-01,DIG,Bất động sản,1.14,18124480000,STOCK
2024-01-01,VRE,Bất động sản,1.13,17928570000,STOCK
2024-01-01,PC1,Xây dựng,1.11,17589871000,STOCK
2024-01-01,DPG,Xây dựng,1.02,16177200000,STOCK
2024-01-01,DCM,SX Nhựa - Hóa chất,1.01,15964260000,STOCK
2024-01-01,PTB,SX Phụ trợ,1.0,15873550000,STOCK
2024-01-01,GIL,SX Hàng gia dụng,0.97,15451200000,STOCK
2024-01-01,LHG,Bất động sản,0.92,14549265000,STOCK
2024-01-01,VTP,Vận tải - kho bãi,0.79,12482168400,STOCK
2024-01-01,OCB,Ngân hàng,0.71,11256300000,STOCK
2024-01-01,LPB,Ngân hàng,0.63,10025200000,STOCK
2024-01-01,NKG,Vật liệu xây dựng,0.57,9120980000,STOCK
2024-01-01,KDH,Bất động sản,0.48,7563702000,STOCK
2024-01-01,EIB,Ngân hàng,0.43,6900000000,STOCK
2024-01-01,TNG,SX Hàng gia dụng,0.38,6048090000,STOCK
2024-01-01,SHB,Ngân hàng,0.34,5329040000,STOCK
2024-01-01,ACV,Vận tải - kho bãi,0.33,5301900000,STOCK
2024-01-01,NTL,Bất động sản,0.28,4471360000,STOCK
2024-01-01,SIP,Tiện ích,0.27,4231500000,STOCK
2024-01-01,CTR,Công nghệ và thông tin,0.17,2720740000,STOCK
2024-01-01,MBS,Chứng khoán,0.11,1747600000,STOCK
2024-01-01,MSB,Ngân hàng,0.03,541280000,STOCK
2024-01-01,CASH,,3.79,60042882008,CASH
2024-01-01,OTHER,,3.11,49327486200,OTHER
2024-02-01,FPT,Công nghệ và thông tin,11.52,196041405000,STOCK
2024-02-01,TCB,Ngân hàng,6.13,104394360000,STOCK
2024-02-01,CTG,Ngân hàng,4.99,84915654300,STOCK
2024-02-01,MWG,Bán lẻ,3.98,67766160000,STOCK
2024-02-01,STB,Ngân hàng,3.55,60393010000,STOCK
2024-02-01,MBB,Ngân hàng,3.52,59916391500,STOCK
2024-02-01,DGC,SX Nhựa - Hóa chất,3.4,57881600000,STOCK
2024-02-01,HPG,Vật liệu xây dựng,3.18,54033000000,STOCK
2024-02-01,PNJ,Bán lẻ,3.16,53815120000,STOCK
2024-02-01,GMD,Vận tải - kho bãi,3.04,51771200000,STOCK
2024-02-01,BID,Ngân hàng,2.83,48099514000,STOCK
2024-02-01,FRT,Bán lẻ,2.74,46704500000,STOCK
2024-02-01,PDR,Bất động sản,2.43,41377200000,STOCK
2024-02-01,VCI,Chứng khoán,2.35,40036800000,STOCK
2024-02-01,IDC,Tiện ích,2.27,38685520000,STOCK
2024-02-01,VCB,Ngân hàng,2.04,34736100000,STOCK
2024-02-01,ACB,Ngân hàng,1.94,33087600000,STOCK
2024-02-01,HSG,Vật liệu xây dựng,1.94,32942000000,STOCK
2024-02-01,PVD,Khai khoáng,1.65,28057200000,STOCK
2024-02-01,SZC,Bất động sản,1.63,27658287000,STOCK
2024-02-01,SSI,Chứng khoán,1.54,26270000000,STOCK
2024-02-01,DGW,Bán buôn,1.47,24931440000,STOCK
2024-02-01,CTR,Công nghệ và thông tin,1.46,24895500000,STOCK
2024-02-01,NLG,Bất động sản,1.39,23633280000,STOCK
2024-02-01,VRE,Bất động sản,1.35,22896000000,STOCK
2024-02-01,DRC,Sản phẩm cao su,1.25,21254400000,STOCK
2024-02-01,TPB,Ngân hàng,1.24,21175980000,STOCK
2024-02-01,DIG,Bất động sản,1.12,18995340000,STOCK
2024-02-01,PVS,Khai khoáng,1.1,18668640000,STOCK
2024-02-01,CTD,Xây dựng,1.01,17128560000,STOCK
2024-02-01,LHG,Bất động sản,1.0,17083170000,STOCK
2024-02-01,VPB,Ngân hàng,0.97,16483170000,STOCK
2024-02-01,DCM,SX Nhựa - Hóa chất,0.96,16348500000,STOCK
2024-02-01,GIL,SX Hàng gia dụng,0.9,15393510000,STOCK
2024-02-01,VTP,Vận tải - kho bãi,0.82,13976211200,STOCK
2024-02-01,PTB,SX Phụ trợ,0.8,13559040000,STOCK
2024-02-01,DPG,Xây dựng,0.77,13137360000,STOCK
2024-02-01,VHM,Bất động sản,0.72,12186720000,STOCK
2024-02-01,ACV,Vận tải - kho bãi,0.7,11989120000,STOCK
2024-02-01,TNG,SX Hàng gia dụng,0.68,11521170000,STOCK
2024-02-01,DXG,Bất động sản,0.67,11476202250,STOCK
2024-02-01,LCG,Xây dựng,0.51,8668400000,STOCK
2024-02-01,CII,Xây dựng,0.5,8450800000,STOCK
2024-02-01,MSB,Ngân hàng,0.49,8407920000,STOCK
2024-02-01,SIP,Tiện ích,0.41,7022400000,STOCK
2024-02-01,VCG,Xây dựng,0.4,6758800000,STOCK
2024-02-01,OCB,Ngân hàng,0.36,6181200000,STOCK
2024-02-01,BMP,SX Nhựa - Hóa chất,0.36,6060600000,STOCK
2024-02-01,TCH,Bất động sản,0.34,5745660000,STOCK
2024-02-01,VDS,Chứng khoán,0.32,5389360000,STOCK
2024-02-01,VIB,Ngân hàng,0.31,5277900000,STOCK
2024-02-01,LPB,Ngân hàng,0.3,5130000000,STOCK
2024-02-01,SHB,Ngân hàng,0.28,4729440000,STOCK
2024-02-01,GAS,Tiện ích,0.26,4396320000,STOCK
2024-02-01,VGC,Vật liệu xây dựng,0.22,3700720000,STOCK
2024-02-01,PVT,Vận tải - kho bãi,0.22,3666240000,STOCK
2024-02-01,QNS,Thực phẩm - Đồ uống,0.17,2904000000,STOCK
2024-02-01,IDI,Chế biến Thủy sản,0.07,1150000000,STOCK
2024-02-01,NTL,Bất động sản,0.06,1075030000,STOCK
2024-02-01,CASH,,2.25,38337411395,CASH
2024-02-01,OTHER,,1.96,33339528000,OTHER
2024-03-01,FPT,Công nghệ và thông tin,10.91,201317242500,STOCK
2024-03-01,TCB,Ngân hàng,6.05,111590340000,STOCK
2024-03-01,MWG,Bán lẻ,5.77,106584380000,STOCK
2024-03-01,CTG,Ngân hàng,4.11,75957054300,STOCK
2024-03-01,PNJ,Bán lẻ,3.98,73462920000,STOCK
2024-03-01,MBB,Ngân hàng,3.85,71069454000,STOCK
2024-03-01,DGC,SX Nhựa - Hóa chất,3.59,66241120000,STOCK
2024-03-01,GMD,Vận tải - kho bãi,3.32,61209600000,STOCK
2024-03-01,FRT,Bán lẻ,3.07,56596800000,STOCK
2024-03-01,HPG,Vật liệu xây dựng,3.06,56507000000,STOCK
2024-03-01,MSN,Thực phẩm - Đồ uống,2.68,49476560000,STOCK
2024-03-01,STB,Ngân hàng,2.42,44688720000,STOCK
2024-03-01,BID,Ngân hàng,2.36,43609679800,STOCK
2024-03-01,PDR,Bất động sản,1.92,35442680000,STOCK
2024-03-01,SZC,Bất động sản,1.91,35200000000,STOCK
2024-03-01,IDC,Tiện ích,1.83,33712600000,STOCK
2024-03-01,VCB,Ngân hàng,1.65,30368000000,STOCK
2024-03-01,SHS,Chứng khoán,1.62,29884680000,STOCK
2024-03-01,KBC,Bất động sản,1.53,28197660000,STOCK
2024-03-01,PVD,Khai khoáng,1.49,27594550000,STOCK
2024-03-01,DIG,Bất động sản,1.39,25747120000,STOCK
2024-03-01,DXG,Bất động sản,1.36,25087085050,STOCK
2024-03-01,VCI,Chứng khoán,1.24,22924180000,STOCK
2024-03-01,NLG,Bất động sản,1.17,21536280000,STOCK
2024-03-01,ACB,Ngân hàng,1.13,20864850000,STOCK
2024-03-01,CTD,Xây dựng,1.09,20206400000,STOCK
2024-03-01,HSG,Vật liệu xây dựng,1.09,20149800000,STOCK
2024-03-01,LHG,Bất động sản,1.09,20127600000,STOCK
2024-03-01,PTB,SX Phụ trợ,1.09,20125860000,STOCK
2024-03-01,SSI,Chứng khoán,1.08,19943000000,STOCK
2024-03-01,PVS,Khai khoáng,1.08,19886160000,STOCK
2024-03-01,DGW,Bán buôn,1.04,19215270000,STOCK
2024-03-01,DCM,SX Nhựa - Hóa chất,0.96,17729660000,STOCK
2024-03-01,REE,Xây dựng,0.87,16032940000,STOCK
2024-03-01,VDS,Chứng khoán,0.86,15809700000,STOCK
2024-03-01,DRC,Sản phẩm cao su,0.85,15678000000,STOCK
2024-03-01,VIB,Ngân hàng,0.84,15438960000,STOCK
2024-03-01,TPB,Ngân hàng,0.82,15218880000,STOCK
2024-03-01,TNG,SX Hàng gia dụng,0.8,14829600000,STOCK
2024-03-01,CTR,Công nghệ và thông tin,0.79,14576820000,STOCK
2024-03-01,HDG,Bất động sản,0.77,14151150000,STOCK
2024-03-01,DPG,Xây dựng,0.72,13340000000,STOCK
2024-03-01,VPB,Ngân hàng,0.67,12284500000,STOCK
2024-03-01,NKG,Vật liệu xây dựng,0.65,11973420000,STOCK
2024-03-01,ACV,Vận tải - kho bãi,0.57,10608480000,STOCK
2024-03-01,GIL,SX Hàng gia dụng,0.53,9841815000,STOCK
2024-03-01,VRE,Bất động sản,0.52,9512800000,STOCK
2024-03-01,TV2,Dịch vụ tư vấn - hỗ trợ,0.51,9463320000,STOCK
2024-03-01,PVT,Vận tải - kho bãi,0.51,9362820000,STOCK
2024-03-01,CII,Xây dựng,0.48,8915880000,STOCK
2024-03-01,TCH,Bất động sản,0.43,7850000000,STOCK
2024-03-01,SIP,Tiện ích,0.38,6927800000,STOCK
2024-03-01,GEX,Thiết bị điện,0.36,6643320000,STOCK
2024-03-01,ASM,Chế biến Thủy sản,0.32,5912955000,STOCK
2024-03-01,HDC,Bất động sản,0.32,5829660000,STOCK
2024-03-01,VCG,Xây dựng,0.18,3414450000,STOCK
2024-03-01,VIX,Chứng khoán,0.17,3082500000,STOCK
2024-03-01,VGS,Vật liệu xây dựng,0.14,2507130000,STOCK
2024-03-01,CASH,,2.16,39831366491,CASH
2024-03-01,OTHER,,1.88,34652796221,OTHER
2024-04-01,FPT,Công nghệ và thông tin,11.17,208866504000,STOCK
2024-04-01,MWG,Bán lẻ,8.89,166281120000,STOCK
2024-04-01,TCB,Ngân hàng,6.82,127534880000,STOCK
2024-04-01,PNJ,Bán lẻ,4.51,84274500000,STOCK
2024-04-01,GMD,Vận tải - kho bãi,4.14,77405060000,STOCK
2024-04-01,FRT,Bán lẻ,4.07,76169100000,STOCK
2024-04-01,CTG,Ngân hàng,3.87,72449492800,STOCK
2024-04-01,HPG,Vật liệu xây dựng,2.84,53051200000,STOCK
2024-04-01,STB,Ngân hàng,2.77,51724440000,STOCK
2024-04-01,DGC,SX Nhựa - Hóa chất,2.63,49266360000,STOCK
2024-04-01,BID,Ngân hàng,2.07,38717349600,STOCK
2024-04-01,IDC,Tiện ích,1.94,36367020000,STOCK
2024-04-01,SZC,Bất động sản,1.82,33948900000,STOCK
2024-04-01,MSN,Thực phẩm - Đồ uống,1.75,32652480000,STOCK
2024-04-01,MBB,Ngân hàng,1.73,32316122500,STOCK
2024-04-01,ACB,Ngân hàng,1.63,30396885000,STOCK
2024-04-01,PVD,Khai khoáng,1.59,29752975000,STOCK
2024-04-01,HVN,Vận tải - kho bãi,1.45,27058350000,STOCK
2024-04-01,VCB,Ngân hàng,1.37,25536000000,STOCK
2024-04-01,DGW,Bán buôn,1.36,25411300000,STOCK
2024-04-01,PVS,Khai khoáng,1.35,25300810000,STOCK
2024-04-01,PTB,SX Phụ trợ,1.31,24543310000,STOCK
2024-04-01,PDR,Bất động sản,1.22,22807835000,STOCK
2024-04-01,SHS,Chứng khoán,1.08,20285550000,STOCK
2024-04-01,DPG,Xây dựng,1.04,19469235000,STOCK
2024-04-01,KBC,Bất động sản,1.0,18757200000,STOCK
2024-04-01,ACV,Vận tải - kho bãi,0.97,18064440000,STOCK
2024-04-01,NLG,Bất động sản,0.94,17642450000,STOCK
2024-04-01,DXG,Bất động sản,0.92,17266497950,STOCK
2024-04-01,VRE,Bất động sản,0.92,17241600000,STOCK
2024-04-01,HDG,Bất động sản,0.9,16890770000,STOCK
2024-04-01,DBC,Thực phẩm - Đồ uống,0.89,16702000000,STOCK
2024-04-01,DIG,Bất động sản,0.89,16680000000,STOCK
2024-04-01,NKG,Vật liệu xây dựng,0.87,16354920000,STOCK
2024-04-01,KDH,Bất động sản,0.87,16338000000,STOCK
2024-04-01,REE,Xây dựng,0.86,16139200000,STOCK
2024-04-01,LHG,Bất động sản,0.8,14933870000,STOCK
2024-04-01,TNG,SX Hàng gia dụng,0.79,14853900000,STOCK
2024-04-01,CTD,Xây dựng,0.74,13836810000,STOCK
2024-04-01,VIB,Ngân hàng,0.72,13436480000,STOCK
2024-04-01,TCH,Bất động sản,0.68,12624000000,STOCK
2024-04-01,VPB,Ngân hàng,0.63,11693920000,STOCK
2024-04-01,HHS,Bán buôn,0.6,11185844000,STOCK
2024-04-01,TV2,Dịch vụ tư vấn - hỗ trợ,0.59,11029725000,STOCK
2024-04-01,HSG,Vật liệu xây dựng,0.54,10060840000,STOCK
2024-04-01,HAH,Vận tải - kho bãi,0.53,9986880000,STOCK
2024-04-01,GIL,SX Hàng gia dụng,0.53,9830660000,STOCK
2024-04-01,PVT,Vận tải - kho bãi,0.48,8933078000,STOCK
2024-04-01,DCM,SX Nhựa - Hóa chất,0.42,7929810000,STOCK
2024-04-01,VCI,Chứng khoán,0.33,6081800000,STOCK
2024-04-01,CEO,Bất động sản,0.26,4829080000,STOCK
2024-04-01,HHV,Xây dựng,0.24,4450270000,STOCK
2024-04-01,VDS,Chứng khoán,0.22,4027825000,STOCK
2024-04-01,DPM,SX Nhựa - Hóa chất,0.19,3599240000,STOCK
2024-04-01,VJC,Vận tải - kho bãi,0.19,3567200000,STOCK
2024-04-01,DRC,Sản phẩm cao su,0.17,3171765000,STOCK
2024-04-01,VHM,Bất động sản,0.14,2607120000,STOCK
2024-04-01,SIP,Tiện ích,0.12,2170800000,STOCK
2024-04-01,CASH,,3.43,64150686890,CASH
2024-04-01,OTHER,,2.22,41550392997,OTHER
2024-05-01,FPT,Công nghệ và thông tin,12.57,254642337000,STOCK
2024-05-01,MWG,Bán lẻ,10.6,214891680000,STOCK
2024-05-01,TCB,Ngân hàng,6.23,126279600000,STOCK
2024-05-01,HPG,Vật liệu xây dựng,3.61,73115900000,STOCK
2024-05-01,CTG,Ngân hàng,3.25,65772249400,STOCK
2024-05-01,FRT,Bán lẻ,3.13,63391900000,STOCK
2024-05-01,DGC,SX Nhựa - Hóa chất,3.07,62294400000,STOCK
2024-05-01,PNJ,Bán lẻ,2.77,56077080000,STOCK
2024-05-01,ACB,Ngân hàng,2.67,54164307750,STOCK
2024-05-01,IDC,Tiện ích,2.3,46707980000,STOCK
2024-05-01,PVS,Khai khoáng,2.1,42588420000,STOCK
2024-05-01,NLG,Bất động sản,2.03,41074000000,STOCK
2024-05-01,STB,Ngân hàng,2.02,40889370000,STOCK
2024-05-01,GMD,Vận tải - kho bãi,1.9,38548000000,STOCK
2024-05-01,PTB,SX Phụ trợ,1.34,27242640000,STOCK
2024-05-01,SZC,Bất động sản,1.3,26392500000,STOCK
2024-05-01,DGW,Bán buôn,1.28,26013000000,STOCK
2024-05-01,KBC,Bất động sản,1.28,25861040000,STOCK
2024-05-01,DBC,Thực phẩm - Đồ uống,1.17,23747400000,STOCK
2024-05-01,DPG,Xây dựng,1.15,23379440000,STOCK
2024-05-01,HSG,Vật liệu xây dựng,1.08,21948240000,STOCK
2024-05-01,VEA,SX Thiết bị - máy móc,1.07,21771200000,STOCK
2024-05-01,DCM,SX Nhựa - Hóa chất,1.02,20573645000,STOCK
2024-05-01,TV2,Dịch vụ tư vấn - hỗ trợ,1.01,20521800000,STOCK
2024-05-01,PVD,Khai khoáng,1.0,20192700000,STOCK
2024-05-01,PDR,Bất động sản,0.96,19461960000,STOCK
2024-05-01,NKG,Vật liệu xây dựng,0.95,19197920000,STOCK
2024-05-01,SHS,Chứng khoán,0.93,18928000000,STOCK
2024-05-01,DIG,Bất động sản,0.91,18537000000,STOCK
2024-05-01,ACV,Vận tải - kho bãi,0.91,18423000000,STOCK
2024-05-01,CTD,Xây dựng,0.88,17813250000,STOCK
2024-05-01,TNG,SX Hàng gia dụng,0.87,17710280000,STOCK
2024-05-01,PVT,Vận tải - kho bãi,0.86,17500296000,STOCK
2024-05-01,MSN,Thực phẩm - Đồ uống,0.86,17372880000,STOCK
2024-05-01,VGS,Vật liệu xây dựng,0.83,16808600000,STOCK
2024-05-01,HVN,Vận tải - kho bãi,0.78,15807080000,STOCK
2024-05-01,VPB,Ngân hàng,0.77,15595200000,STOCK
2024-05-01,GEX,Thiết bị điện,0.77,15536440000,STOCK
2024-05-01,DRC,Sản phẩm cao su,0.68,13848300000,STOCK
2024-05-01,LHG,Bất động sản,0.68,13806920000,STOCK
2024-05-01,NTL,Bất động sản,0.65,13249200000,STOCK
2024-05-01,PC1,Xây dựng,0.65,13233780000,STOCK
2024-05-01,MBS,Chứng khoán,0.63,12764400000,STOCK
2024-05-01,TCH,Bất động sản,0.63,12741960000,STOCK
2024-05-01,MBB,Ngân hàng,0.61,12267217500,STOCK
2024-05-01,BID,Ngân hàng,0.6,12158299800,STOCK
2024-05-01,HHS,Bán buôn,0.58,11761570000,STOCK
2024-05-01,DPM,SX Nhựa - Hóa chất,0.47,9500400000,STOCK
2024-05-01,LPB,Ngân hàng,0.47,9463440000,STOCK
2024-05-01,EIB,Ngân hàng,0.46,9312660000,STOCK
2024-05-01,SIP,Tiện ích,0.46,9221160000,STOCK
2024-05-01,HDG,Bất động sản,0.45,9031180000,STOCK
2024-05-01,BVS,Chứng khoán,0.38,7700400000,STOCK
2024-05-01,VOS,Vận tải - kho bãi,0.36,7375440000,STOCK
2024-05-01,POW,Tiện ích,0.29,5881680000,STOCK
2024-05-01,EVF,Ngân hàng,0.29,5813780000,STOCK
2024-05-01,VCI,Chứng khoán,0.27,5476750000,STOCK
2024-05-01,HAH,Vận tải - kho bãi,0.21,4265000000,STOCK
2024-05-01,BSR,SX Phụ trợ,0.19,3803040000,STOCK
2024-05-01,GAS,Tiện ích,0.15,2947680000,STOCK
2024-05-01,MCH,Thực phẩm - Đồ uống,0.08,1666000000,STOCK
2024-05-01,CASH,,3.67,74440230960,CASH
2024-05-01,OTHER,,3.85,78000963377,OTHER
2024-06-01,FPT,Công nghệ và thông tin,13.18,273524215500,STOCK
2024-06-01,MWG,Bán lẻ,9.95,206469120000,STOCK
2024-06-01,TCB,Ngân hàng,5.58,115816000000,STOCK
2024-06-01,ACB,Ngân hàng,3.81,79147733000,STOCK
2024-06-01,CTG,Ngân hàng,3.13,65001606000,STOCK
2024-06-01,HPG,Vật liệu xây dựng,3.09,64184400000,STOCK
2024-06-01,FRT,Bán lẻ,2.87,59613600000,STOCK
2024-06-01,STB,Ngân hàng,2.76,57378240000,STOCK
2024-06-01,PNJ,Bán lẻ,2.54,52830600000,STOCK
2024-06-01,VEA,SX Thiết bị - máy móc,2.48,51458880000,STOCK
2024-06-01,DGC,SX Nhựa - Hóa chất,2.45,50862000000,STOCK
2024-06-01,PVS,Khai khoáng,2.1,43515080000,STOCK
2024-06-01,GMD,Vận tải - kho bãi,1.96,40670000000,STOCK
2024-06-01,IDC,Tiện ích,1.93,39999000000,STOCK
2024-06-01,MBB,Ngân hàng,1.74,36183780000,STOCK
2024-06-01,NLG,Bất động sản,1.74,36162900000,STOCK
2024-06-01,HSG,Vật liệu xây dựng,1.69,35056520000,STOCK
2024-06-01,ACV,Vận tải - kho bãi,1.39,28755400000,STOCK
2024-06-01,TV2,Dịch vụ tư vấn - hỗ trợ,1.34,27832500000,STOCK
2024-06-01,PTB,SX Phụ trợ,1.23,25468020000,STOCK
2024-06-01,TNG,SX Hàng gia dụng,1.2,24941800000,STOCK
2024-06-01,DCM,SX Nhựa - Hóa chất,1.19,24631200000,STOCK
2024-06-01,MCH,Thực phẩm - Đồ uống,1.18,24597600000,STOCK
2024-06-01,DGW,Bán buôn,1.06,21909600000,STOCK
2024-06-01,VPB,Ngân hàng,1.02,21259135000,STOCK
2024-06-01,CTD,Xây dựng,0.94,19473780000,STOCK
2024-06-01,TCH,Bất động sản,0.88,18369200000,STOCK
2024-06-01,SZC,Bất động sản,0.87,18088500000,STOCK
2024-06-01,MBS,Chứng khoán,0.87,18084650000,STOCK
2024-06-01,PVT,Vận tải - kho bãi,0.78,16244800000,STOCK
2024-06-01,NKG,Vật liệu xây dựng,0.78,16202400000,STOCK
2024-06-01,LPB,Ngân hàng,0.78,16195260000,STOCK
2024-06-01,SSI,Chứng khoán,0.76,15847860000,STOCK
2024-06-01,HDG,Bất động sản,0.67,13900470000,STOCK
2024-06-01,VTP,Vận tải - kho bãi,0.67,13844400000,STOCK
2024-06-01,BVS,Chứng khoán,0.65,13472000000,STOCK
2024-06-01,DPM,SX Nhựa - Hóa chất,0.64,13241480000,STOCK
2024-06-01,DPG,Xây dựng,0.63,13146300000,STOCK
2024-06-01,VOS,Vận tải - kho bãi,0.6,12525000000,STOCK
2024-06-01,VGS,Vật liệu xây dựng,0.6,12492450000,STOCK
2024-06-01,PC1,Xây dựng,0.58,11983000000,STOCK
2024-06-01,VCS,Vật liệu xây dựng,0.56,11524800000,STOCK
2024-06-01,KDH,Bất động sản,0.55,11320920000,STOCK
2024-06-01,LHG,Bất động sản,0.54,11197560000,STOCK
2024-06-01,GEX,Thiết bị điện,0.5,10316280000,STOCK
2024-06-01,PDR,Bất động sản,0.48,9907239900,STOCK
2024-06-01,VCI,Chứng khoán,0.44,9220000000,STOCK
2024-06-01,SIP,Tiện ích,0.44,9167000000,STOCK
2024-06-01,GDA,Vật liệu xây dựng,0.44,9088000000,STOCK
2024-06-01,NTL,Bất động sản,0.42,8626000000,STOCK
2024-06-01,REE,Xây dựng,0.4,8269460000,STOCK
2024-06-01,TIP,Bất động sản,0.33,6802785000,STOCK
2024-06-01,VDS,Chứng khoán,0.31,6350609200,STOCK
2024-06-01,EIB,Ngân hàng,0.29,6089580000,STOCK
2024-06-01,POW,Tiện ích,0.26,5465320000,STOCK
2024-06-01,MSN,Thực phẩm - Đồ uống,0.25,5229000000,STOCK
2024-06-01,HVN,Vận tải - kho bãi,0.23,4873760000,STOCK
2024-06-01,MSB,Ngân hàng,0.21,4290000000,STOCK
2024-06-01,PLX,Bán buôn,0.19,3987750000,STOCK
2024-06-01,SHS,Chứng khoán,0.16,3360000000,STOCK
2024-06-01,CLX,Thực phẩm - Đồ uống,0.14,2935680000,STOCK
2024-06-01,BSR,SX Phụ trợ,0.1,2170000000,STOCK
2024-06-01,CASH,,6.17,128013039383,CASH
2024-06-01,OTHER,,2.28,47400327308,OTHER
2024-07-01,FPT,Công nghệ và thông tin,10.66,247204050600,STOCK
2024-07-01,MWG,Bán lẻ,9.34,216524440000,STOCK
2024-07-01,TCB,Ngân hàng,4.25,98533500000,STOCK
2024-07-01,ACB,Ngân hàng,4.09,94847329250,STOCK
2024-07-01,CTG,Ngân hàng,3.11,72071232000,STOCK
2024-07-01,FRT,Bán lẻ,2.97,68981760000,STOCK
2024-07-01,MBB,Ngân hàng,2.95,68485920000,STOCK
2024-07-01,HPG,Vật liệu xây dựng,2.92,67673600000,STOCK
2024-07-01,PNJ,Bán lẻ,2.92,67659280000,STOCK
2024-07-01,VCB,Ngân hàng,2.88,66882160000,STOCK
2024-07-01,STB,Ngân hàng,2.32,53716700000,STOCK
2024-07-01,DGC,SX Nhựa - Hóa chất,2.1,48809600000,STOCK
2024-07-01,VEA,SX Thiết bị - máy móc,2.06,47799040000,STOCK
2024-07-01,PVS,Khai khoáng,1.79,41448540000,STOCK
2024-07-01,IDC,Tiện ích,1.64,38037300000,STOCK
2024-07-01,GMD,Vận tải - kho bãi,1.63,37768000000,STOCK
2024-07-01,TNG,SX Hàng gia dụng,1.43,33103051200,STOCK
2024-07-01,NLG,Bất động sản,1.29,29907820000,STOCK
2024-07-01,VPB,Ngân hàng,1.26,29258100000,STOCK
2024-07-01,VNM,Thực phẩm - Đồ uống,1.23,28640000000,STOCK
2024-07-01,MCH,Thực phẩm - Đồ uống,1.1,25613600000,STOCK
2024-07-01,VDS,Chứng khoán,1.06,24596833800,STOCK
2024-07-01,PTB,SX Phụ trợ,1.05,24465060000,STOCK
2024-07-01,LHG,Bất động sản,0.99,22951330000,STOCK
2024-07-01,MSN,Thực phẩm - Đồ uống,0.95,21992880000,STOCK
2024-07-01,SZC,Bất động sản,0.92,21408960000,STOCK
2024-07-01,HSG,Vật liệu xây dựng,0.9,20858240000,STOCK
2024-07-01,DGW,Bán buôn,0.89,20558340000,STOCK
2024-07-01,DRC,Sản phẩm cao su,0.84,19484670000,STOCK
2024-07-01,OIL,Khai khoáng,0.83,19197540000,STOCK
2024-07-01,ACV,Vận tải - kho bãi,0.82,19053960000,STOCK
2024-07-01,TV2,Dịch vụ tư vấn - hỗ trợ,0.75,17473600000,STOCK
2024-07-01,DCM,SX Nhựa - Hóa chất,0.75,17318280000,STOCK
2024-07-01,VCI,Chứng khoán,0.74,17194800000,STOCK
2024-07-01,PVT,Vận tải - kho bãi,0.73,16939130000,STOCK
2024-07-01,NKG,Vật liệu xây dựng,0.73,16904800000,STOCK
2024-07-01,DPG,Xây dựng,0.72,16721040000,STOCK
2024-07-01,POW,Tiện ích,0.69,15962460000,STOCK
2024-07-01,TCH,Bất động sản,0.68,15710800000,STOCK
2024-07-01,BAF,Thực phẩm - Đồ uống,0.65,15089100000,STOCK
2024-07-01,DIG,Bất động sản,0.6,13858260000,STOCK
2024-07-01,KBC,Bất động sản,0.58,13475280000,STOCK
2024-07-01,VTP,Vận tải - kho bãi,0.56,12985350000,STOCK
2024-07-01,BID,Ngân hàng,0.56,12947200000,STOCK
2024-07-01,NTL,Bất động sản,0.56,12922880000,STOCK
2024-07-01,LPB,Ngân hàng,0.52,12082675000,STOCK
2024-07-01,SIP,Tiện ích,0.51,11728640000,STOCK
2024-07-01,CTD,Xây dựng,0.47,10842000000,STOCK
2024-07-01,VCS,Vật liệu xây dựng,0.46,10552640000,STOCK
2024-07-01,CTR,Công nghệ và thông tin,0.45,10495800000,STOCK
2024-07-01,GDA,Vật liệu xây dựng,0.43,9921920000,STOCK
2024-07-01,DBC,Thực phẩm - Đồ uống,0.43,9857295000,STOCK
2024-07-01,IJC,Bất động sản,0.42,9835300000,STOCK
2024-07-01,REE,Xây dựng,0.41,9521280000,STOCK
2024-07-01,PC1,Xây dựng,0.41,9444520000,STOCK
2024-07-01,CMG,Công nghệ và thông tin,0.4,9174000000,STOCK
2024-07-01,HHS,Bán buôn,0.39,9144740000,STOCK
2024-07-01,FOX,Công nghệ và thông tin,0.39,8939140000,STOCK
2024-07-01,MBS,Chứng khoán,0.34,7904000000,STOCK
2024-07-01,AAA,SX Nhựa - Hóa chất,0.33,7768220000,STOCK
2024-07-01,TIP,Bất động sản,0.33,7738920000,STOCK
2024-07-01,HAH,Vận tải - kho bãi,0.31,7080660000,STOCK
2024-07-01,PET,Bán buôn,0.3,7003500000,STOCK
2024-07-01,PDR,Bất động sản,0.3,6969200000,STOCK
2024-07-01,KDH,Bất động sản,0.29,6771500000,STOCK
2024-07-01,TDC,Bất động sản,0.27,6348160000,STOCK
2024-07-01,PVD,Khai khoáng,0.2,4620360000,STOCK
2024-07-01,BSR,SX Phụ trợ,0.2,4594200000,STOCK
2024-07-01,BVS,Chứng khoán,0.19,4399960000,STOCK
2024-07-01,ELC,Công nghệ và thông tin,0.17,4011540000,STOCK
2024-07-01,BFC,SX Nhựa - Hóa chất,0.14,3226440000,STOCK
2024-07-01,BCM,Bất động sản,0.09,2029400000,STOCK
2024-07-01,HDG,Bất động sản,0.04,1004190000,STOCK
2024-07-01,CASH,,5.52,128061769711,CASH
2024-07-01,OTHER,,2.8,64964915514,OTHER
2024-08-01,FPT,Công nghệ và thông tin,11.79,284208410800,STOCK
2024-08-01,MWG,Bán lẻ,10.49,252941240000,STOCK
2024-08-01,CTG,Ngân hàng,4.87,117495521300,STOCK
2024-08-01,TCB,Ngân hàng,3.97,95688300000,STOCK
2024-08-01,MBB,Ngân hàng,3.78,91149800000,STOCK
2024-08-01,ACB,Ngân hàng,3.78,91088788000,STOCK
2024-08-01,VHM,Bất động sản,3.61,87017200000,STOCK
2024-08-01,FRT,Bán lẻ,2.85,68718940000,STOCK
2024-08-01,VCB,Ngân hàng,2.67,64364230000,STOCK
2024-08-01,PNJ,Bán lẻ,2.64,63547960000,STOCK
2024-08-01,STB,Ngân hàng,2.32,55927885000,STOCK
2024-08-01,DGC,SX Nhựa - Hóa chất,2.29,55224090000,STOCK
2024-08-01,HPG,Vật liệu xây dựng,2.01,48508650000,STOCK
2024-08-01,VEA,SX Thiết bị - máy móc,1.96,47176800000,STOCK
2024-08-01,IDC,Tiện ích,1.75,42226080000,STOCK
2024-08-01,VNM,Thực phẩm - Đồ uống,1.63,39167000000,STOCK
2024-08-01,TNG,SX Hàng gia dụng,1.6,38593100800,STOCK
2024-08-01,GMD,Vận tải - kho bãi,1.48,35589050000,STOCK
2024-08-01,PVS,Khai khoáng,1.47,35402160000,STOCK
2024-08-01,VPB,Ngân hàng,1.35,32650850000,STOCK
2024-08-01,TCH,Bất động sản,1.28,30858000000,STOCK
2024-08-01,DGW,Bán buôn,1.1,26418920000,STOCK
2024-08-01,DBC,Thực phẩm - Đồ uống,1.05,25231337700,STOCK
2024-08-01,SAB,Thực phẩm - Đồ uống,1.01,24426000000,STOCK
2024-08-01,MCH,Thực phẩm - Đồ uống,1.01,24351360000,STOCK
2024-08-01,BID,Ngân hàng,0.97,23486670000,STOCK
2024-08-01,KDH,Bất động sản,0.93,22341020000,STOCK
2024-08-01,LHG,Bất động sản,0.79,19000000000,STOCK
2024-08-01,NTL,Bất động sản,0.77,18603000000,STOCK
2024-08-01,OIL,Khai khoáng,0.77,18518500000,STOCK
2024-08-01,PTB,SX Phụ trợ,0.76,18284000000,STOCK
2024-08-01,DRC,Sản phẩm cao su,0.74,17812600000,STOCK
2024-08-01,ACV,Vận tải - kho bãi,0.72,17314000000,STOCK
2024-08-01,VDS,Chứng khoán,0.71,16999146600,STOCK
2024-08-01,DPG,Xây dựng,0.7,16864520000,STOCK
2024-08-01,HSG,Vật liệu xây dựng,0.7,16771040000,STOCK
2024-08-01,HVN,Vận tải - kho bãi,0.67,16102060000,STOCK
2024-08-01,DXG,Bất động sản,0.63,15178760000,STOCK
2024-08-01,PVT,Vận tải - kho bãi,0.63,15105250000,STOCK
2024-08-01,NKG,Vật liệu xây dựng,0.61,14754240000,STOCK
2024-08-01,LPB,Ngân hàng,0.61,14695200000,STOCK
2024-08-01,SSI,Chứng khoán,0.58,14046160000,STOCK
2024-08-01,NLG,Bất động sản,0.58,13866200000,STOCK
2024-08-01,DCM,SX Nhựa - Hóa chất,0.57,13718320000,STOCK
2024-08-01,MSN,Thực phẩm - Đồ uống,0.54,12913200000,STOCK
2024-08-01,DIG,Bất động sản,0.45,10829760000,STOCK
2024-08-01,HDB,Ngân hàng,0.42,10160360000,STOCK
2024-08-01,PDR,Bất động sản,0.42,10059540000,STOCK
2024-08-01,DPM,SX Nhựa - Hóa chất,0.41,9890430000,STOCK
2024-08-01,BFC,SX Nhựa - Hóa chất,0.39,9282455000,STOCK
2024-08-01,VGS,Vật liệu xây dựng,0.34,8311860000,STOCK
2024-08-01,FOX,Công nghệ và thông tin,0.32,7819480000,STOCK
2024-08-01,POW,Tiện ích,0.29,7074700000,STOCK
2024-08-01,PET,Bán buôn,0.29,7002900000,STOCK
2024-08-01,PVD,Khai khoáng,0.27,6420555000,STOCK
2024-08-01,HHS,Bán buôn,0.26,6197172800,STOCK
2024-08-01,TDC,Bất động sản,0.24,5818500000,STOCK
2024-08-01,CMG,Công nghệ và thông tin,0.21,5074080000,STOCK
2024-08-01,BSR,SX Phụ trợ,0.2,4780000000,STOCK
2024-08-01,VRE,Bất động sản,0.1,2434560000,STOCK
2024-08-01,CASH,,4.53,109135254537,CASH
2024-08-01,OTHER,,3.13,75546857920,OTHER
2024-09-01,FPT,Công nghệ và thông tin,11.72,310233799500,STOCK
2024-09-01,MWG,Bán lẻ,10.15,268858800000,STOCK
2024-09-01,CTG,Ngân hàng,5.98,158449950700,STOCK
2024-09-01,ACB,Ngân hàng,4.24,112214251250,STOCK
2024-09-01,MBB,Ngân hàng,4.21,111584260000,STOCK
2024-09-01,VHM,Bất động sản,4.07,107796080000,STOCK
2024-09-01,TCB,Ngân hàng,4.03,106780080000,STOCK
2024-09-01,VPB,Ngân hàng,3.23,85579770000,STOCK
2024-09-01,STB,Ngân hàng,2.78,73573435000,STOCK
2024-09-01,DGC,SX Nhựa - Hóa chất,2.78,73550400000,STOCK
2024-09-01,FRT,Bán lẻ,2.6,68850400000,STOCK
2024-09-01,HPG,Vật liệu xây dựng,2.46,65055515000,STOCK
2024-09-01,VCB,Ngân hàng,2.32,61419200000,STOCK
2024-09-01,PNJ,Bán lẻ,2.06,54428920000,STOCK
2024-09-01,VEA,SX Thiết bị - máy móc,1.9,50337280000,STOCK
2024-09-01,IDC,Tiện ích,1.61,42629760000,STOCK
2024-09-01,PVS,Khai khoáng,1.32,34822620000,STOCK
2024-09-01,KDH,Bất động sản,1.23,32551520000,STOCK
2024-09-01,DBC,Thực phẩm - Đồ uống,1.15,30388114000,STOCK
2024-09-01,TCH,Bất động sản,1.14,30274200000,STOCK
2024-09-01,DCM,SX Nhựa - Hóa chất,1.11,29521800000,STOCK
2024-09-01,DGW,Bán buôn,1.09,28957048000,STOCK
2024-09-01,DXG,Bất động sản,1.08,28703960000,STOCK
2024-09-01,DPM,SX Nhựa - Hóa chất,1.06,28081280000,STOCK
2024-09-01,GMD,Vận tải - kho bãi,1.01,26637000000,STOCK
2024-09-01,VNM,Thực phẩm - Đồ uống,0.97,25726700000,STOCK
2024-09-01,NKG,Vật liệu xây dựng,0.95,25167480000,STOCK
2024-09-01,TNG,SX Hàng gia dụng,0.94,24994569600,STOCK
2024-09-01,HDB,Ngân hàng,0.9,23936160000,STOCK
2024-09-01,VTP,Vận tải - kho bãi,0.88,23328480000,STOCK
2024-09-01,VCI,Chứng khoán,0.81,21579600000,STOCK
2024-09-01,DPG,Xây dựng,0.81,21364560000,STOCK
2024-09-01,HDG,Bất động sản,0.8,21211255000,STOCK
2024-09-01,SSI,Chứng khoán,0.76,20092464000,STOCK
2024-09-01,SAB,Thực phẩm - Đồ uống,0.69,18311040000,STOCK
2024-09-01,VDS,Chứng khoán,0.65,17218476800,STOCK
2024-09-01,MCH,Thực phẩm - Đồ uống,0.64,17074200000,STOCK
2024-09-01,PTB,SX Phụ trợ,0.64,16898880000,STOCK
2024-09-01,PVT,Vận tải - kho bãi,0.62,16401060000,STOCK
2024-09-01,BID,Ngân hàng,0.57,15173410000,STOCK
2024-09-01,ACV,Vận tải - kho bãi,0.55,14646180000,STOCK
2024-09-01,PDR,Bất động sản,0.54,14346000000,STOCK
2024-09-01,HSG,Vật liệu xây dựng,0.54,14228400000,STOCK
2024-09-01,NLG,Bất động sản,0.53,14052210000,STOCK
2024-09-01,BMP,SX Nhựa - Hóa chất,0.52,13852480000,STOCK
2024-09-01,HVN,Vận tải - kho bãi,0.52,13653030000,STOCK
2024-09-01,LPB,Ngân hàng,0.47,12396600000,STOCK
2024-09-01,MBS,Chứng khoán,0.44,11676197500,STOCK
2024-09-01,OIL,Khai khoáng,0.44,11654400000,STOCK
2024-09-01,CTR,Công nghệ và thông tin,0.43,11477120000,STOCK
2024-09-01,BAF,Thực phẩm - Đồ uống,0.4,10467600000,STOCK
2024-09-01,VGS,Vật liệu xây dựng,0.38,10056520000,STOCK
2024-09-01,PVD,Khai khoáng,0.35,9379220000,STOCK
2024-09-01,CTD,Xây dựng,0.34,9123400000,STOCK
2024-09-01,TDC,Bất động sản,0.29,7756800000,STOCK
2024-09-01,BWE,Tiện ích,0.29,7599960000,STOCK
2024-09-01,HHV,Xây dựng,0.22,5695920000,STOCK
2024-09-01,LHG,Bất động sản,0.21,5442977600,STOCK
2024-09-01,FOX,Công nghệ và thông tin,0.16,4188800000,STOCK
2024-09-01,PC1,Xây dựng,0.14,3709100000,STOCK
2024-09-01,CASH,,2.23,58966760393,CASH
2024-09-01,OTHER,,2.03,53883178671,OTHER
2024-10-01,FPT,Công nghệ và thông tin,11.02,302346378900,STOCK
2024-10-01,MWG,Bán lẻ,9.06,248577000000,STOCK
2024-10-01,VPB,Ngân hàng,6.33,173759560000,STOCK
2024-10-01,CTG,Ngân hàng,5.47,150162268200,STOCK
2024-10-01,STB,Ngân hàng,5.26,144446720000,STOCK
2024-10-01,MSN,Thực phẩm - Đồ uống,3.88,106512300000,STOCK
2024-10-01,TCB,Ngân hàng,3.88,106484060000,STOCK
2024-10-01,ACB,Ngân hàng,3.79,103907209000,STOCK
2024-10-01,HPG,Vật liệu xây dựng,3.08,84517110000,STOCK
2024-10-01,VHM,Bất động sản,3.06,83979400000,STOCK
2024-10-01,FRT,Bán lẻ,2.73,74803520000,STOCK
2024-10-01,DGC,SX Nhựa - Hóa chất,2.54,69670920000,STOCK
2024-10-01,MBB,Ngân hàng,2.3,63156060000,STOCK
2024-10-01,VCB,Ngân hàng,1.74,47623680000,STOCK
2024-10-01,VTP,Vận tải - kho bãi,1.48,40526460000,STOCK
2024-10-01,KDH,Bất động sản,1.45,39713580000,STOCK
2024-10-01,IDC,Tiện ích,1.39,38113600000,STOCK
2024-10-01,BMP,SX Nhựa - Hóa chất,1.36,37296850000,STOCK
2024-10-01,CTD,Xây dựng,1.2,32887680000,STOCK
2024-10-01,VEA,SX Thiết bị - máy móc,1.2,32837970000,STOCK
2024-10-01,PVS,Khai khoáng,1.04,28667520000,STOCK
2024-10-01,DXG,Bất động sản,1.01,27688800000,STOCK
2024-10-01,PNJ,Bán lẻ,0.99,27055920000,STOCK
2024-10-01,GMD,Vận tải - kho bãi,0.94,25760850000,STOCK
2024-10-01,TCH,Bất động sản,0.93,25386185000,STOCK
2024-10-01,DGW,Bán buôn,0.91,24894954000,STOCK
2024-10-01,PVD,Khai khoáng,0.84,23049090000,STOCK
2024-10-01,BVS,Chứng khoán,0.74,20199410000,STOCK
2024-10-01,HAH,Vận tải - kho bãi,0.73,20141320000,STOCK
2024-10-01,HDG,Bất động sản,0.71,19595745000,STOCK
2024-10-01,MCH,Thực phẩm - Đồ uống,0.67,18348750000,STOCK
2024-10-01,VHC,Chế biến Thủy sản,0.64,17489890000,STOCK
2024-10-01,VIB,Ngân hàng,0.62,17055000000,STOCK
2024-10-01,NTL,Bất động sản,0.61,16721700000,STOCK
2024-10-01,HDB,Ngân hàng,0.6,16376720000,STOCK
2024-10-01,HVN,Vận tải - kho bãi,0.59,16242450000,STOCK
2024-10-01,CTR,Công nghệ và thông tin,0.56,15317440000,STOCK
2024-10-01,SAB,Thực phẩm - Đồ uống,0.56,15279360000,STOCK
2024-10-01,TNG,SX Hàng gia dụng,0.51,13961465600,STOCK
2024-10-01,ACV,Vận tải - kho bãi,0.5,13699800000,STOCK
2024-10-01,SZC,Bất động sản,0.48,13243000000,STOCK
2024-10-01,PDR,Bất động sản,0.44,12053230000,STOCK
2024-10-01,BAF,Thực phẩm - Đồ uống,0.43,11888100000,STOCK
2024-10-01,BWE,Tiện ích,0.43,11713500000,STOCK
2024-10-01,DPM,SX Nhựa - Hóa chất,0.37,10157700000,STOCK
2024-10-01,PTB,SX Phụ trợ,0.36,9979200000,STOCK
2024-10-01,BID,Ngân hàng,0.35,9550000000,STOCK
2024-10-01,VGS,Vật liệu xây dựng,0.33,9070050000,STOCK
2024-10-01,TDC,Bất động sản,0.29,7975680000,STOCK
2024-10-01,MBS,Chứng khoán,0.28,7587702500,STOCK
2024-10-01,HSG,Vật liệu xây dựng,0.23,6194475000,STOCK
2024-10-01,TPB,Ngân hàng,0.16,4376900000,STOCK
2024-10-01,SSI,Chứng khoán,0.15,4079376000,STOCK
2024-10-01,MSB,Ngân hàng,0.12,3309800000,STOCK
2024-10-01,CEO,Bất động sản,0.11,3020000000,STOCK
2024-10-01,OIL,Khai khoáng,0.03,905580000,STOCK
2024-10-01,CASH,,4.53,124381391357,CASH
2024-10-01,OTHER,,4.01,110051282078,OTHER
2024-11-01,FPT,Công nghệ và thông tin,10.63,310413975300,STOCK
2024-11-01,MWG,Bán lẻ,7.3,213099150000,STOCK
2024-11-01,CTG,Ngân hàng,5.43,158645129500,STOCK
2024-11-01,VPB,Ngân hàng,4.7,137125490000,STOCK
2024-11-01,STB,Ngân hàng,4.3,125501040000,STOCK
2024-11-01,TCB,Ngân hàng,3.85,112371400000,STOCK
2024-11-01,HPG,Vật liệu xây dựng,3.85,112307200000,STOCK
2024-11-01,ACB,Ngân hàng,3.06,89397882000,STOCK
2024-11-01,DGC,SX Nhựa - Hóa chất,2.75,80164950000,STOCK
2024-11-01,GMD,Vận tải - kho bãi,2.73,79712535100,STOCK
2024-11-01,FRT,Bán lẻ,2.64,77201250000,STOCK
2024-11-01,MSN,Thực phẩm - Đồ uống,2.47,72102000000,STOCK
2024-11-01,PNJ,Bán lẻ,2.17,63320640000,STOCK
2024-11-01,VIB,Ngân hàng,2.16,63047700000,STOCK
2024-11-01,VCB,Ngân hàng,2.01,58667040000,STOCK
2024-11-01,VTP,Vận tải - kho bãi,1.94,56674000000,STOCK
2024-11-01,SZC,Bất động sản,1.82,53121640000,STOCK
2024-11-01,CTD,Xây dựng,1.73,50534400000,STOCK
2024-11-01,HAH,Vận tải - kho bãi,1.57,45839700000,STOCK
2024-11-01,IDC,Tiện ích,1.42,41450280000,STOCK
2024-11-01,DXG,Bất động sản,1.42,41440000000,STOCK
2024-11-01,HDG,Bất động sản,1.27,37218160000,STOCK
2024-11-01,HDB,Ngân hàng,1.27,37183380000,STOCK
2024-11-01,KDH,Bất động sản,1.26,36646662000,STOCK
2024-11-01,CMG,Công nghệ và thông tin,1.25,36539440000,STOCK
2024-11-01,KBC,Bất động sản,1.19,34762425000,STOCK
2024-11-01,VEA,SX Thiết bị - máy móc,0.94,27388330000,STOCK
2024-11-01,DPM,SX Nhựa - Hóa chất,0.88,25756010000,STOCK
2024-11-01,VGI,Công nghệ và thông tin,0.88,25643800000,STOCK
2024-11-01,PVS,Khai khoáng,0.86,25156720000,STOCK
2024-11-01,MBB,Ngân hàng,0.85,24780315000,STOCK
2024-11-01,HSG,Vật liệu xây dựng,0.82,23964700000,STOCK
2024-11-01,DGW,Bán buôn,0.81,23777985000,STOCK
2024-11-01,PVD,Khai khoáng,0.78,22913160000,STOCK
2024-11-01,BVS,Chứng khoán,0.78,22721680000,STOCK
2024-11-01,HVN,Vận tải - kho bãi,0.77,22342320000,STOCK
2024-11-01,REE,Xây dựng,0.75,21960960000,STOCK
2024-11-01,TNG,SX Hàng gia dụng,0.7,20466600000,STOCK
2024-11-01,QNS,Thực phẩm - Đồ uống,0.7,20298920000,STOCK
2024-11-01,MCH,Thực phẩm - Đồ uống,0.69,20107500000,STOCK
2024-11-01,SSI,Chứng khoán,0.64,18787624000,STOCK
2024-11-01,PDR,Bất động sản,0.63,18401600000,STOCK
2024-11-01,DPG,Xây dựng,0.57,16583680000,STOCK
2024-11-01,TCH,Bất động sản,0.52,15082080000,STOCK
2024-11-01,BAF,Thực phẩm - Đồ uống,0.5,14507430000,STOCK
2024-11-01,ACV,Vận tải - kho bãi,0.47,13713870000,STOCK
2024-11-01,VHC,Chế biến Thủy sản,0.46,13307840000,STOCK
2024-11-01,BWE,Tiện ích,0.45,13218555000,STOCK
2024-11-01,VGS,Vật liệu xây dựng,0.45,13110570000,STOCK
2024-11-01,MBS,Chứng khoán,0.44,12880000000,STOCK
2024-11-01,NLG,Bất động sản,0.38,11169725000,STOCK
2024-11-01,SIP,Tiện ích,0.38,11145480000,STOCK
2024-11-01,VCI,Chứng khoán,0.36,10545660000,STOCK
2024-11-01,DXS,Bất động sản,0.36,10539760000,STOCK
2024-11-01,LHG,Bất động sản,0.29,8374410000,STOCK
2024-11-01,BMP,SX Nhựa - Hóa chất,0.28,8197200000,STOCK
2024-11-01,PAN,Thực phẩm - Đồ uống,0.23,6752200000,STOCK
2024-11-01,TPB,Ngân hàng,0.2,5961600000,STOCK
2024-11-01,MSB,Ngân hàng,0.2,5851200000,STOCK
2024-11-01,TDC,Bất động sản,0.06,1885980000,STOCK
2024-11-01,CASH,,3.59,104882199495,CASH
2024-11-01,OTHER,,1.13,33067158902,OTHER
2024-12-01,FPT,Công nghệ và thông tin,11.32,343303577500,STOCK
2024-12-01,MWG,Bán lẻ,6.82,206674100000,STOCK
2024-12-01,CTG,Ngân hàng,5.61,170048062800,STOCK
2024-12-01,STB,Ngân hàng,4.5,136434060000,STOCK
2024-12-01,TCB,Ngân hàng,4.04,122485850000,STOCK
2024-12-01,HPG,Vật liệu xây dựng,3.93,119093520000,STOCK
2024-12-01,VPB,Ngân hàng,3.44,104179200000,STOCK
2024-12-01,FRT,Bán lẻ,2.99,90665600000,STOCK
2024-12-01,DGC,SX Nhựa - Hóa chất,2.95,89280620000,STOCK
2024-12-01,ACB,Ngân hàng,2.91,88172403000,STOCK
2024-12-01,GMD,Vận tải - kho bãi,2.82,85388071600,STOCK
2024-12-01,SZC,Bất động sản,2.35,71096320000,STOCK
2024-12-01,VIB,Ngân hàng,2.19,66349600000,STOCK
2024-12-01,KDH,Bất động sản,2.17,65899828000,STOCK
2024-12-01,VCB,Ngân hàng,1.8,54610560000,STOCK
2024-12-01,CTR,Công nghệ và thông tin,1.72,52215300000,STOCK
2024-12-01,PNJ,Bán lẻ,1.68,51064640000,STOCK
2024-12-01,CTD,Xây dựng,1.51,45891600000,STOCK
2024-12-01,MSN,Thực phẩm - Đồ uống,1.48,45003000000,STOCK
2024-12-01,IDC,Tiện ích,1.32,40142990000,STOCK
2024-12-01,MCH,Thực phẩm - Đồ uống,1.3,39525000000,STOCK
2024-12-01,SSI,Chứng khoán,1.3,39283400000,STOCK
2024-12-01,DXG,Bất động sản,1.1,33365280000,STOCK
2024-12-01,HVN,Vận tải - kho bãi,1.08,32632350000,STOCK
2024-12-01,HDG,Bất động sản,1.07,32398800000,STOCK
2024-12-01,REE,Xây dựng,1.07,32347560000,STOCK
2024-12-01,SIP,Tiện ích,1.05,31727580000,STOCK
2024-12-01,HAH,Vận tải - kho bãi,1.03,31165200000,STOCK
2024-12-01,KBC,Bất động sản,1.02,30809440000,STOCK
2024-12-01,MBB,Ngân hàng,1.01,30473910000,STOCK
2024-12-01,ACV,Vận tải - kho bãi,0.97,29460600000,STOCK
2024-12-01,PVS,Khai khoáng,0.97,29330280000,STOCK
2024-12-01,VEA,SX Thiết bị - máy móc,0.95,28858980000,STOCK
2024-12-01,HDB,Ngân hàng,0.95,28768080000,STOCK
2024-12-01,HSG,Vật liệu xây dựng,0.94,28601190000,STOCK
2024-12-01,VGI,Công nghệ và thông tin,0.91,27574190000,STOCK
2024-12-01,VDS,Chứng khoán,0.89,26887850000,STOCK
2024-12-01,PDR,Bất động sản,0.87,26260020000,STOCK
2024-12-01,TCH,Bất động sản,0.83,25252020000,STOCK
2024-12-01,BWE,Tiện ích,0.65,19717250000,STOCK
2024-12-01,VGS,Vật liệu xây dựng,0.63,19168120000,STOCK
2024-12-01,DXS,Bất động sản,0.6,18092160000,STOCK
2024-12-01,QNS,Thực phẩm - Đồ uống,0.53,16115000000,STOCK
2024-12-01,CMG,Công nghệ và thông tin,0.53,15965865000,STOCK
2024-12-01,VHC,Chế biến Thủy sản,0.49,14755650000,STOCK
2024-12-01,CSV,SX Nhựa - Hóa chất,0.48,14569160000,STOCK
2024-12-01,TTN,Công nghệ và thông tin,0.4,11983190000,STOCK
2024-12-01,PVD,Khai khoáng,0.2,6130800000,STOCK
2024-12-01,BID,Ngân hàng,0.14,4270937000,STOCK
2024-12-01,VCI,Chứng khoán,0.12,3632080000,STOCK
2024-12-01,BAF,Thực phẩm - Đồ uống,0.09,2812810000,STOCK
2024-12-01,CASH,,4.39,133059118550,CASH
2024-12-01,OTHER,,3.91,118568715000,OTHER
2025-01-01,FPT,Công nghệ và thông tin,12.11,372941631400,STOCK
2025-01-01,MWG,Bán lẻ,6.37,196070240000,STOCK
2025-01-01,CTG,Ngân hàng,6.2,190707788000,STOCK
2025-01-01,STB,Ngân hàng,4.68,144203800000,STOCK
2025-01-01,HPG,Vật liệu xây dựng,3.91,120422835000,STOCK
2025-01-01,TCB,Ngân hàng,3.59,110617650000,STOCK
2025-01-01,BID,Ngân hàng,2.84,87493600000,STOCK
2025-01-01,HDB,Ngân hàng,2.77,85348824000,STOCK
2025-01-01,FRT,Bán lẻ,2.76,84913200000,STOCK
2025-01-01,ACB,Ngân hàng,2.61,80220962250,STOCK
2025-01-01,DGC,SX Nhựa - Hóa chất,2.48,76386980000,STOCK
2025-01-01,KBC,Bất động sản,2.42,74608300000,STOCK
2025-01-01,GMD,Vận tải - kho bãi,2.18,67097108700,STOCK
2025-01-01,VPB,Ngân hàng,2.15,66042270000,STOCK
2025-01-01,VIB,Ngân hàng,2.12,65280845000,STOCK
2025-01-01,CTR,Công nghệ và thông tin,1.98,61049240000,STOCK
2025-01-01,VCB,Ngân hàng,1.97,60523360000,STOCK
2025-01-01,SZC,Bất động sản,1.95,60015240000,STOCK
2025-01-01,MBB,Ngân hàng,1.94,59630256000,STOCK
2025-01-01,CTD,Xây dựng,1.91,58830580000,STOCK
2025-01-01,KDH,Bất động sản,1.67,51391080000,STOCK
2025-01-01,PNJ,Bán lẻ,1.57,48272960000,STOCK
2025-01-01,IDC,Tiện ích,1.15,35319790000,STOCK
2025-01-01,HAH,Vận tải - kho bãi,1.14,35127960000,STOCK
2025-01-01,DXG,Bất động sản,1.12,34599200000,STOCK
2025-01-01,MSN,Thực phẩm - Đồ uống,1.1,33755200000,STOCK
2025-01-01,SIP,Tiện ích,1.09,33561700000,STOCK
2025-01-01,MCH,Thực phẩm - Đồ uống,1.02,31443170000,STOCK
2025-01-01,PVS,Khai khoáng,1.01,31191600000,STOCK
2025-01-01,HDG,Bất động sản,0.98,30219210000,STOCK
2025-01-01,ACV,Vận tải - kho bãi,0.95,29342250000,STOCK
2025-01-01,HVN,Vận tải - kho bãi,0.95,29212800000,STOCK
2025-01-01,PDR,Bất động sản,0.91,28038800000,STOCK
2025-01-01,VEA,SX Thiết bị - máy móc,0.85,26094810000,STOCK
2025-01-01,TCH,Bất động sản,0.82,25298880000,STOCK
2025-01-01,HSG,Vật liệu xây dựng,0.81,24918600000,STOCK
2025-01-01,QNS,Thực phẩm - Đồ uống,0.74,22891440000,STOCK
2025-01-01,BWE,Tiện ích,0.71,21813190000,STOCK
2025-01-01,TTN,Công nghệ và thông tin,0.67,20555640000,STOCK
2025-01-01,VGI,Công nghệ và thông tin,0.63,19529120000,STOCK
2025-01-01,SSI,Chứng khoán,0.63,19392000000,STOCK
2025-01-01,VCG,Xây dựng,0.62,19045960000,STOCK
2025-01-01,DXS,Bất động sản,0.57,17421340000,STOCK
2025-01-01,VCI,Chứng khoán,0.52,16099200000,STOCK
2025-01-01,REE,Xây dựng,0.42,12993500000,STOCK
2025-01-01,MBS,Chứng khoán,0.4,12364000000,STOCK
2025-01-01,PVD,Khai khoáng,0.36,11063680000,STOCK
2025-01-01,VDS,Chứng khoán,0.35,10735200000,STOCK
2025-01-01,OIL,Khai khoáng,0.29,8950710000,STOCK
2025-01-01,DPG,Xây dựng,0.29,8890200000,STOCK
2025-01-01,VGC,Vật liệu xây dựng,0.27,8289960000,STOCK
2025-01-01,CSV,SX Nhựa - Hóa chất,0.27,8241660000,STOCK
2025-01-01,BAF,Thực phẩm - Đồ uống,0.24,7410200000,STOCK
2025-01-01,ELC,Công nghệ và thông tin,0.22,6915155000,STOCK
2025-01-01,SHS,Chứng khoán,0.21,6336000000,STOCK
2025-01-01,NLG,Bất động sản,0.2,6079860000,STOCK
2025-01-01,HHV,Xây dựng,0.19,5718300000,STOCK
2025-01-01,PHP,Vận tải - kho bãi,0.11,3496980000,STOCK
2025-01-01,BVH,Bảo hiểm,0.11,3393440000,STOCK
2025-01-01,DGW,Bán buôn,0.08,2538400000,STOCK
2025-01-01,CMG,Công nghệ và thông tin,0.04,1233078000,STOCK
2025-01-01,NKG,Vật liệu xây dựng,0.02,533330000,STOCK
2025-01-01,CASH,,3.47,106813754071,CASH
2025-01-01,OTHER,,1.28,39431547600,OTHER
2025-02-01,FPT,Công nghệ và thông tin,7.96,234591561300,STOCK
2025-02-01,CTG,Ngân hàng,7.49,220722979000,STOCK
2025-02-01,MWG,Bán lẻ,6.37,187609400000,STOCK
2025-02-01,HPG,Vật liệu xây dựng,4.98,146599600000,STOCK
2025-02-01,STB,Ngân hàng,4.93,145250550000,STOCK
2025-02-01,TCB,Ngân hàng,4.87,143607420000,STOCK
2025-02-01,BID,Ngân hàng,3.28,96574023000,STOCK
2025-02-01,FRT,Bán lẻ,2.53,74426100000,STOCK
2025-02-01,VIB,Ngân hàng,2.5,73693625000,STOCK
2025-02-01,ACB,Ngân hàng,2.44,71877910000,STOCK
2025-02-01,MBB,Ngân hàng,2.16,63674695000,STOCK
2025-02-01,GMD,Vận tải - kho bãi,2.07,61054063100,STOCK
2025-02-01,SZC,Bất động sản,1.97,58149120000,STOCK
2025-02-01,HDB,Ngân hàng,1.97,58115043000,STOCK
2025-02-01,VPB,Ngân hàng,1.87,54997280000,STOCK
2025-02-01,CTR,Công nghệ và thông tin,1.77,52024840000,STOCK
2025-02-01,KBC,Bất động sản,1.7,50041530000,STOCK
2025-02-01,CTD,Xây dựng,1.69,49790400000,STOCK
2025-02-01,DGC,SX Nhựa - Hóa chất,1.57,46384000000,STOCK
2025-02-01,EIB,Ngân hàng,1.56,45833340000,STOCK
2025-02-01,PNJ,Bán lẻ,1.55,45759200000,STOCK
2025-02-01,DXG,Bất động sản,1.42,41799442900,STOCK
2025-02-01,TCH,Bất động sản,1.38,40677000000,STOCK
2025-02-01,SIP,Tiện ích,1.29,37928800000,STOCK
2025-02-01,HDG,Bất động sản,1.21,35694200000,STOCK
2025-02-01,IDC,Tiện ích,1.18,34714680000,STOCK
2025-02-01,PVS,Khai khoáng,1.01,29733120000,STOCK
2025-02-01,HAH,Vận tải - kho bãi,0.99,29089760000,STOCK
2025-02-01,VEA,SX Thiết bị - máy móc,0.98,28907190000,STOCK
2025-02-01,MSN,Thực phẩm - Đồ uống,0.98,28867280000,STOCK
2025-02-01,GEX,Thiết bị điện,0.9,26572000000,STOCK
2025-02-01,VCB,Ngân hàng,0.9,26469210000,STOCK
2025-02-01,VCG,Xây dựng,0.88,25978680000,STOCK
2025-02-01,KDH,Bất động sản,0.87,25757480000,STOCK
2025-02-01,VIX,Chứng khoán,0.85,25052600000,STOCK
2025-02-01,VCI,Chứng khoán,0.84,24713100000,STOCK
2025-02-01,HVN,Vận tải - kho bãi,0.8,23616800000,STOCK
2025-02-01,BAF,Thực phẩm - Đồ uống,0.75,22110800000,STOCK
2025-02-01,QNS,Thực phẩm - Đồ uống,0.72,21288960000,STOCK
2025-02-01,DXS,Bất động sản,0.7,20493209000,STOCK
2025-02-01,ELC,Công nghệ và thông tin,0.62,18376680000,STOCK
2025-02-01,MCH,Thực phẩm - Đồ uống,0.62,18133300000,STOCK
2025-02-01,BWE,Tiện ích,0.57,16879500000,STOCK
2025-02-01,REE,Xây dựng,0.51,15015760000,STOCK
2025-02-01,TTN,Công nghệ và thông tin,0.5,14719870000,STOCK
2025-02-01,PDR,Bất động sản,0.49,14463320000,STOCK
2025-02-01,DBC,Thực phẩm - Đồ uống,0.47,13852800000,STOCK
2025-02-01,DCM,SX Nhựa - Hóa chất,0.44,13030010000,STOCK
2025-02-01,PVD,Khai khoáng,0.43,12595275000,STOCK
2025-02-01,BVH,Bảo hiểm,0.41,12208620000,STOCK
2025-02-01,TV2,Dịch vụ tư vấn - hỗ trợ,0.41,12162920000,STOCK
2025-02-01,LCG,Xây dựng,0.37,10901160000,STOCK
2025-02-01,CTS,Chứng khoán,0.35,10348800000,STOCK
2025-02-01,HSG,Vật liệu xây dựng,0.3,8915400000,STOCK
2025-02-01,ACV,Vận tải - kho bãi,0.28,8166780000,STOCK
2025-02-01,VGC,Vật liệu xây dựng,0.27,7908780000,STOCK
2025-02-01,FOX,Công nghệ và thông tin,0.24,7030440000,STOCK
2025-02-01,PC1,Xây dựng,0.22,6432000000,STOCK
2025-02-01,VNM,Thực phẩm - Đồ uống,0.19,5510920000,STOCK
2025-02-01,DPM,SX Nhựa - Hóa chất,0.19,5497660000,STOCK
2025-02-01,PET,Bán buôn,0.14,4135600000,STOCK
2025-02-01,IJC,Bất động sản,0.13,3975280000,STOCK
2025-02-01,CMG,Công nghệ và thông tin,0.12,3662112000,STOCK
2025-02-01,CTI,Xây dựng,0.12,3570000000,STOCK
2025-02-01,DGW,Bán buôn,0.04,1194000000,STOCK
2025-02-01,PHP,Vận tải - kho bãi,0.04,1147040000,STOCK
2025-02-01,MBS,Chứng khoán,0.02,647460000,STOCK
2025-02-01,NKG,Vật liệu xây dựng,0.01,437250000,STOCK
2025-02-01,CASH,,2.39,70458563961,CASH
2025-02-01,OTHER,,3.21,94595118500,OTHER
2025-03-01,CTG,Ngân hàng,7.1,206194102700,STOCK
2025-03-01,TCB,Ngân hàng,6.7,194590000000,STOCK
2025-03-01,MWG,Bán lẻ,6.38,185354400000,STOCK
2025-03-01,HPG,Vật liệu xây dựng,4.61,134054950000,STOCK
2025-03-01,FPT,Công nghệ và thông tin,4.48,130023091000,STOCK
2025-03-01,STB,Ngân hàng,4.24,123172800000,STOCK
2025-03-01,VIC,Bất động sản,3.8,110345000000,STOCK
2025-03-01,VHM,Bất động sản,3.48,101102040000,STOCK
2025-03-01,MBB,Ngân hàng,2.33,67770766500,STOCK
2025-03-01,FRT,Bán lẻ,2.06,59779500000,STOCK
2025-03-01,BID,Ngân hàng,2.01,58521800000,STOCK
2025-03-01,VIB,Ngân hàng,1.72,49908855000,STOCK
2025-03-01,GMD,Vận tải - kho bãi,1.47,42781897500,STOCK
2025-03-01,VCB,Ngân hàng,1.41,41056000000,STOCK
2025-03-01,ACB,Ngân hàng,1.37,39695110000,STOCK
2025-03-01,SZC,Bất động sản,1.35,39325400000,STOCK
2025-03-01,GEX,Thiết bị điện,1.33,38746800000,STOCK
2025-03-01,REE,Xây dựng,1.26,36742440000,STOCK
2025-03-01,TCH,Bất động sản,1.21,35218800000,STOCK
2025-03-01,VRE,Bất động sản,1.18,34408720000,STOCK
2025-03-01,DGC,SX Nhựa - Hóa chất,1.16,33744480000,STOCK
2025-03-01,VPB,Ngân hàng,1.11,32222100000,STOCK
2025-03-01,PDR,Bất động sản,1.09,31523085000,STOCK
2025-03-01,HDG,Bất động sản,1.06,30663495000,STOCK
2025-03-01,HAH,Vận tải - kho bãi,0.97,28248000000,STOCK
2025-03-01,IDC,Tiện ích,0.96,27891000000,STOCK
2025-03-01,KBC,Bất động sản,0.94,27358190000,STOCK
2025-03-01,EIB,Ngân hàng,0.89,25896000000,STOCK
2025-03-01,VEA,SX Thiết bị - máy móc,0.81,23648040000,STOCK
2025-03-01,HVN,Vận tải - kho bãi,0.81,23640200000,STOCK
2025-03-01,MSN,Thực phẩm - Đồ uống,0.8,23139520000,STOCK
2025-03-01,VCI,Chứng khoán,0.79,22980000000,STOCK
2025-03-01,MCH,Thực phẩm - Đồ uống,0.73,21145104000,STOCK
2025-03-01,DXG,Bất động sản,0.72,21046911400,STOCK
2025-03-01,CTD,Xây dựng,0.7,20196000000,STOCK
2025-03-01,ELC,Công nghệ và thông tin,0.6,17462720000,STOCK
2025-03-01,TV2,Dịch vụ tư vấn - hỗ trợ,0.56,16143200000,STOCK
2025-03-01,DIG,Bất động sản,0.52,15244800000,STOCK
2025-03-01,VCG,Xây dựng,0.49,14220150000,STOCK
2025-03-01,DXS,Bất động sản,0.43,12630450000,STOCK
2025-03-01,PHP,Vận tải - kho bãi,0.42,12196800000,STOCK
2025-03-01,DPG,Xây dựng,0.4,11652380000,STOCK
2025-03-01,VIX,Chứng khoán,0.4,11516225000,STOCK
2025-03-01,BAF,Thực phẩm - Đồ uống,0.36,10589400000,STOCK
2025-03-01,CEO,Bất động sản,0.29,8520000000,STOCK
2025-03-01,SIP,Tiện ích,0.28,8128660000,STOCK
2025-03-01,CTI,Xây dựng,0.27,7875200000,STOCK
2025-03-01,TTN,Công nghệ và thông tin,0.25,7120000000,STOCK
2025-03-01,IJC,Bất động sản,0.17,4931985000,STOCK
2025-03-01,HHS,Bán buôn,0.17,4914000000,STOCK
2025-03-01,DBC,Thực phẩm - Đồ uống,0.13,3656275000,STOCK
2025-03-01,CMG,Công nghệ và thông tin,0.03,994840000,STOCK
2025-03-01,CASH,,12.94,376006874977,CASH
2025-03-01,OTHER,,8.22,238887606350,OTHER
2025-04-01,TCB,Ngân hàng,6.42,190067470000,STOCK
2025-04-01,CTG,Ngân hàng,6.12,181164967200,STOCK
2025-04-01,STB,Ngân hàng,6.05,178999800000,STOCK
2025-04-01,MWG,Bán lẻ,5.99,177450880000,STOCK
2025-04-01,VIC,Bất động sản,5.13,151993600000,STOCK
2025-04-01,HPG,Vật liệu xây dựng,4.77,141101700000,STOCK
2025-04-01,FPT,Công nghệ và thông tin,4.49,132841247400,STOCK
2025-04-01,VRE,Bất động sản,4.21,124607120000,STOCK
2025-04-01,MBB,Ngân hàng,4.07,120530430750,STOCK
2025-04-01,VHM,Bất động sản,3.51,103940320000,STOCK
2025-04-01,FRT,Bán lẻ,2.17,64233840000,STOCK
2025-04-01,BID,Ngân hàng,1.88,55547417000,STOCK
2025-04-01,HDG,Bất động sản,1.84,54493920000,STOCK
2025-04-01,MSN,Thực phẩm - Đồ uống,1.7,50250000000,STOCK
2025-04-01,VIB,Ngân hàng,1.66,49246240000,STOCK
2025-04-01,EIB,Ngân hàng,1.52,44888760000,STOCK
2025-04-01,HHS,Bán buôn,1.5,44308000000,STOCK
2025-04-01,VIX,Chứng khoán,1.45,42922010000,STOCK
2025-04-01,DPG,Xây dựng,1.38,40978440000,STOCK
2025-04-01,DXG,Bất động sản,1.21,35906757450,STOCK
2025-04-01,VCG,Xây dựng,1.2,35656200000,STOCK
2025-04-01,DGC,SX Nhựa - Hóa chất,1.2,35499100000,STOCK
2025-04-01,VND,Chứng khoán,1.15,34015080000,STOCK
2025-04-01,DBC,Thực phẩm - Đồ uống,1.13,33379200000,STOCK
2025-04-01,MBS,Chứng khoán,1.08,31875920000,STOCK
2025-04-01,GEX,Thiết bị điện,0.99,29210950000,STOCK
2025-04-01,REE,Xây dựng,0.98,29071400000,STOCK
2025-04-01,GMD,Vận tải - kho bãi,0.95,28254300000,STOCK
2025-04-01,CTD,Xây dựng,0.95,28080390000,STOCK
2025-04-01,DCM,SX Nhựa - Hóa chất,0.95,28062240000,STOCK
2025-04-01,VEA,SX Thiết bị - máy móc,0.88,25938520000,STOCK
2025-04-01,HVN,Vận tải - kho bãi,0.82,24332000000,STOCK
2025-04-01,VHC,Chế biến Thủy sản,0.81,23935520000,STOCK
2025-04-01,HAH,Vận tải - kho bãi,0.73,21648240000,STOCK
2025-04-01,TCH,Bất động sản,0.7,20753520000,STOCK
2025-04-01,BAF,Thực phẩm - Đồ uống,0.66,19481400000,STOCK
2025-04-01,PDR,Bất động sản,0.65,19108320000,STOCK
2025-04-01,HDC,Bất động sản,0.59,17460725000,STOCK
2025-04-01,ACB,Ngân hàng,0.58,17239881750,STOCK
2025-04-01,TV2,Dịch vụ tư vấn - hỗ trợ,0.56,16498580000,STOCK
2025-04-01,VCB,Ngân hàng,0.56,16450830000,STOCK
2025-04-01,SIP,Tiện ích,0.55,16179800000,STOCK
2025-04-01,PVS,Khai khoáng,0.53,15641600000,STOCK
2025-04-01,ELC,Công nghệ và thông tin,0.52,15406160000,STOCK
2025-04-01,DGW,Bán buôn,0.49,14366000000,STOCK
2025-04-01,KDH,Bất động sản,0.46,13586060000,STOCK
2025-04-01,ANV,Chế biến Thủy sản,0.45,13466740000,STOCK
2025-04-01,HSG,Vật liệu xây dựng,0.45,13445340000,STOCK
2025-04-01,CTI,Xây dựng,0.41,12038400000,STOCK
2025-04-01,VGC,Vật liệu xây dựng,0.3,8881800000,STOCK
2025-04-01,DXS,Bất động sản,0.24,7199920000,STOCK
2025-04-01,PNJ,Bán lẻ,0.24,7173990000,STOCK
2025-04-01,PHP,Vận tải - kho bãi,0.13,3857100000,STOCK
2025-04-01,CMG,Công nghệ và thông tin,0.03,823361000,STOCK
2025-04-01,CASH,,5.43,160659707915,CASH
2025-04-01,OTHER,,4.62,136828126146,OTHER
2025-05-01,VHM,Bất động sản,8.21,256421440000,STOCK
2025-05-01,TCB,Ngân hàng,6.99,218265600000,STOCK
2025-05-01,STB,Ngân hàng,5.85,182824400000,STOCK
2025-05-01,MWG,Bán lẻ,5.83,182133090000,STOCK
2025-05-01,VIC,Bất động sản,5.82,181843200000,STOCK
2025-05-01,CTG,Ngân hàng,5.69,177904495800,STOCK
2025-05-01,FPT,Công nghệ và thông tin,4.51,140973271500,STOCK
2025-05-01,VRE,Bất động sản,4.43,138292000000,STOCK
2025-05-01,HPG,Vật liệu xây dựng,3.57,111407375000,STOCK
2025-05-01,MBB,Ngân hàng,2.9,90673677750,STOCK
2025-05-01,HHS,Bán buôn,2.57,80291400000,STOCK
2025-05-01,HDG,Bất động sản,2.4,74973920000,STOCK
2025-05-01,GMD,Vận tải - kho bãi,2.12,66120860000,STOCK
2025-05-01,EIB,Ngân hàng,1.88,58765760000,STOCK
2025-05-01,VIX,Chứng khoán,1.86,58064370000,STOCK
2025-05-01,GEX,Thiết bị điện,1.68,52462986750,STOCK
2025-05-01,DXG,Bất động sản,1.62,50500502300,STOCK
2025-05-01,VIB,Ngân hàng,1.53,47834170000,STOCK
2025-05-01,BID,Ngân hàng,1.5,46826640000,STOCK
2025-05-01,HVN,Vận tải - kho bãi,1.5,46723650000,STOCK
2025-05-01,DPG,Xây dựng,1.26,39440670000,STOCK
2025-05-01,SZC,Bất động sản,1.23,38458000000,STOCK
2025-05-01,HSG,Vật liệu xây dựng,1.22,38006710000,STOCK
2025-05-01,FRT,Bán lẻ,1.21,37648800000,STOCK
2025-05-01,DCM,SX Nhựa - Hóa chất,1.17,36502680000,STOCK
2025-05-01,NVL,Bất động sản,1.09,34155270000,STOCK
2025-05-01,VCG,Xây dựng,1.06,33092400000,STOCK
2025-05-01,REE,Xây dựng,0.97,30429480000,STOCK
2025-05-01,MSN,Thực phẩm - Đồ uống,0.89,27670600000,STOCK
2025-05-01,VND,Chứng khoán,0.86,26812460000,STOCK
2025-05-01,IDC,Tiện ích,0.78,24285200000,STOCK
2025-05-01,DBC,Thực phẩm - Đồ uống,0.74,23262600000,STOCK
2025-05-01,BAF,Thực phẩm - Đồ uống,0.65,20249280000,STOCK
2025-05-01,KDH,Bất động sản,0.62,19356960000,STOCK
2025-05-01,TCH,Bất động sản,0.58,18212040000,STOCK
2025-05-01,PNJ,Bán lẻ,0.58,18141750000,STOCK
2025-05-01,DGC,SX Nhựa - Hóa chất,0.56,17557470000,STOCK
2025-05-01,KBC,Bất động sản,0.54,16947720000,STOCK
2025-05-01,PDR,Bất động sản,0.49,15343830000,STOCK
2025-05-01,DXS,Bất động sản,0.46,14273464000,STOCK
2025-05-01,ELC,Công nghệ và thông tin,0.44,13618760000,STOCK
2025-05-01,TV2,Dịch vụ tư vấn - hỗ trợ,0.39,12330250000,STOCK
2025-05-01,SIP,Tiện ích,0.31,9700040000,STOCK
2025-05-01,KLB,Ngân hàng,0.29,9109100000,STOCK
2025-05-01,EVF,Ngân hàng,0.23,7129080000,STOCK
2025-05-01,CTI,Xây dựng,0.2,6144600000,STOCK
2025-05-01,SHB,Ngân hàng,0.17,5245205000,STOCK
2025-05-01,VGS,Vật liệu xây dựng,0.14,4456320000,STOCK
2025-05-01,TLG,SX Phụ trợ,0.12,3646400000,STOCK
2025-05-01,POW,Tiện ích,0.06,1744920000,STOCK
2025-05-01,CASH,,2.59,81001115851,CASH
2025-05-01,OTHER,,5.67,177054458958,OTHER
2025-06-01,TCB,Ngân hàng,8.09,263271600000,STOCK
2025-06-01,STB,Ngân hàng,7.44,242214220000,STOCK
2025-06-01,CTG,Ngân hàng,6.74,219276359400,STOCK
2025-06-01,MWG,Bán lẻ,6.24,202919000000,STOCK
2025-06-01,VHM,Bất động sản,5.68,184923700000,STOCK
2025-06-01,MBB,Ngân hàng,4.16,135376857000,STOCK
2025-06-01,FPT,Công nghệ và thông tin,4.0,130028392200,STOCK
2025-06-01,HPG,Vật liệu xây dựng,3.98,129443572000,STOCK
2025-06-01,VIC,Bất động sản,3.37,109758360000,STOCK
2025-06-01,EIB,Ngân hàng,2.91,94763520000,STOCK
2025-06-01,DGW,Bán buôn,2.18,70853200000,STOCK
2025-06-01,HDG,Bất động sản,2.07,67442154000,STOCK
2025-06-01,NVL,Bất động sản,1.83,59581920000,STOCK
2025-06-01,DBC,Thực phẩm - Đồ uống,1.81,58888000000,STOCK
2025-06-01,DGC,SX Nhựa - Hóa chất,1.78,57846960000,STOCK
2025-06-01,GMD,Vận tải - kho bãi,1.71,55694010000,STOCK
2025-06-01,DXG,Bất động sản,1.7,55455609300,STOCK
2025-06-01,HHS,Bán buôn,1.69,54832900000,STOCK
2025-06-01,MSN,Thực phẩm - Đồ uống,1.53,49712640000,STOCK
2025-06-01,FRT,Bán lẻ,1.43,46430720000,STOCK
2025-06-01,VND,Chứng khoán,1.38,44940160000,STOCK
2025-06-01,DCM,SX Nhựa - Hóa chất,1.35,43769560000,STOCK
2025-06-01,SZC,Bất động sản,1.21,39454480000,STOCK
2025-06-01,IDC,Tiện ích,1.21,39249600000,STOCK
2025-06-01,DPM,SX Nhựa - Hóa chất,1.21,39223800000,STOCK
2025-06-01,PNJ,Bán lẻ,1.19,38699670000,STOCK
2025-06-01,REE,Xây dựng,1.09,35586336000,STOCK
2025-06-01,HVN,Vận tải - kho bãi,1.07,34739140000,STOCK
2025-06-01,HSG,Vật liệu xây dựng,1.0,32668800000,STOCK
2025-06-01,VRE,Bất động sản,0.99,32158390000,STOCK
2025-06-01,VCG,Xây dựng,0.98,31880772000,STOCK
2025-06-01,DXS,Bất động sản,0.88,28634958000,STOCK
2025-06-01,GEX,Thiết bị điện,0.88,28570421000,STOCK
2025-06-01,VIX,Chứng khoán,0.82,26637810000,STOCK
2025-06-01,CEO,Bất động sản,0.76,24873840000,STOCK
2025-06-01,HDC,Bất động sản,0.66,21485800000,STOCK
2025-06-01,PDR,Bất động sản,0.63,20374840000,STOCK
2025-06-01,PVS,Khai khoáng,0.58,18914210000,STOCK
2025-06-01,BID,Ngân hàng,0.54,17519832000,STOCK
2025-06-01,KLB,Ngân hàng,0.5,16345040000,STOCK
2025-06-01,CTR,Công nghệ và thông tin,0.41,13497640000,STOCK
2025-06-01,CTI,Xây dựng,0.41,13342365000,STOCK
2025-06-01,TCH,Bất động sản,0.37,12000000000,STOCK
2025-06-01,ELC,Công nghệ và thông tin,0.36,11753400000,STOCK
2025-06-01,CTD,Xây dựng,0.31,9986400000,STOCK
2025-06-01,GEG,Tiện ích,0.28,9186120000,STOCK
2025-06-01,DPG,Xây dựng,0.24,7918764000,STOCK
2025-06-01,NTP,SX Nhựa - Hóa chất,0.24,7860000000,STOCK
2025-06-01,VDS,Chứng khoán,0.17,5376658000,STOCK
2025-06-01,LHG,Bất động sản,0.11,3476550000,STOCK
2025-06-01,PVT,Vận tải - kho bãi,0.05,1539686400,STOCK
2025-06-01,VGS,Vật liệu xây dựng,0.04,1278360000,STOCK
2025-06-01,CASH,,3.33,108184025369,CASH
2025-06-01,OTHER,,4.42,143650304356,OTHER
2025-07-01,CTG,Ngân hàng,6.25,228004853400,STOCK
2025-07-01,MWG,Bán lẻ,5.38,196389750000,STOCK
2025-07-01,STB,Ngân hàng,5.31,193796010000,STOCK
2025-07-01,VHM,Bất động sản,5.24,190944000000,STOCK
2025-07-01,TCB,Ngân hàng,4.97,181362800000,STOCK
2025-07-01,FPT,Công nghệ và thông tin,4.11,149857864000,STOCK
2025-07-01,HPG,Vật liệu xây dựng,3.7,134788882000,STOCK
2025-07-01,MBB,Ngân hàng,2.97,108349679250,STOCK
2025-07-01,VIC,Bất động sản,2.95,107610000000,STOCK
2025-07-01,VPB,Ngân hàng,2.68,97908420000,STOCK
2025-07-01,VIX,Chứng khoán,2.64,96341700000,STOCK
2025-07-01,GEX,Thiết bị điện,1.94,70930465500,STOCK
2025-07-01,VND,Chứng khoán,1.83,66862850000,STOCK
2025-07-01,NLG,Bất động sản,1.77,64544950000,STOCK
2025-07-01,SSI,Chứng khoán,1.69,61518960000,STOCK
2025-07-01,EIB,Ngân hàng,1.65,60058800000,STOCK
2025-07-01,VCB,Ngân hàng,1.64,59983280000,STOCK
2025-07-01,VRE,Bất động sản,1.53,55859990000,STOCK
2025-07-01,FRT,Bán lẻ,1.47,53584212500,STOCK
2025-07-01,DPM,SX Nhựa - Hóa chất,1.33,48412800000,STOCK
2025-07-01,DXG,Bất động sản,1.32,48133740600,STOCK
2025-07-01,HDC,Bất động sản,1.28,46532430000,STOCK
2025-07-01,GMD,Vận tải - kho bãi,1.24,45342160000,STOCK
2025-07-01,HDG,Bất động sản,1.22,44641711000,STOCK
2025-07-01,NVL,Bất động sản,1.22,44422200000,STOCK
2025-07-01,DBC,Thực phẩm - Đồ uống,1.15,41845440000,STOCK
2025-07-01,TCH,Bất động sản,0.97,35319065000,STOCK
2025-07-01,REE,Xây dựng,0.96,34907008000,STOCK
2025-07-01,VCG,Xây dựng,0.93,33924856000,STOCK
2025-07-01,MSN,Thực phẩm - Đồ uống,0.89,32538000000,STOCK
2025-07-01,DCM,SX Nhựa - Hóa chất,0.84,30472500000,STOCK
2025-07-01,DXS,Bất động sản,0.78,28545555000,STOCK
2025-07-01,DGW,Bán buôn,0.75,27380925000,STOCK
2025-07-01,PNJ,Bán lẻ,0.75,27193680000,STOCK
2025-07-01,KLB,Ngân hàng,0.69,25021700000,STOCK
2025-07-01,HSG,Vật liệu xây dựng,0.56,20291200000,STOCK
2025-07-01,SHS,Chứng khoán,0.55,19964000000,STOCK
2025-07-01,VSC,Vận tải - kho bãi,0.55,19888200000,STOCK
2025-07-01,HDB,Ngân hàng,0.54,19573000000,STOCK
2025-07-01,CMG,Công nghệ và thông tin,0.53,19264700000,STOCK
2025-07-01,DGC,SX Nhựa - Hóa chất,0.5,18264750000,STOCK
2025-07-01,BID,Ngân hàng,0.49,17726669000,STOCK
2025-07-01,ABB,Ngân hàng,0.48,17538280000,STOCK
2025-07-01,CEO,Bất động sản,0.44,15896360000,STOCK
2025-07-01,PVS,Khai khoáng,0.43,15843170000,STOCK
2025-07-01,HVN,Vận tải - kho bãi,0.43,15678400000,STOCK
2025-07-01,VJC,Vận tải - kho bãi,0.41,14895480000,STOCK
2025-07-01,PDR,Bất động sản,0.38,13844160000,STOCK
2025-07-01,VGS,Vật liệu xây dựng,0.37,13449817000,STOCK
2025-07-01,DPG,Xây dựng,0.33,12092093000,STOCK
2025-07-01,PET,Bán buôn,0.27,9932070000,STOCK
2025-07-01,HHS,Bán buôn,0.26,9347940000,STOCK
2025-07-01,GEG,Tiện ích,0.19,7025700000,STOCK
2025-07-01,CII,Xây dựng,0.17,6356880000,STOCK
2025-07-01,TLG,SX Phụ trợ,0.17,6190400000,STOCK
2025-07-01,MSB,Ngân hàng,0.16,5809800000,STOCK
2025-07-01,SIP,Tiện ích,0.05,1899206000,STOCK
2025-07-01,PVT,Vận tải - kho bãi,0.04,1552588800,STOCK
2025-07-01,NTP,SX Nhựa - Hóa chất,0.04,1304000000,STOCK
2025-07-01,IDC,Tiện ích,0.02,682500000,STOCK
2025-07-01,ANV,Chế biến Thủy sản,0.01,515900000,STOCK
2025-07-01,VDS,Chứng khoán,0.01,477120000,STOCK
2025-07-01,FOX,Công nghệ và thông tin,0.0,143800000,STOCK
2025-07-01,CASH,,8.87,323396578559,CASH
2025-07-01,OTHER,,6.71,244823536268,OTHER
2025-08-01,VPB,Ngân hàng,7.58,327663000000,STOCK
2025-08-01,MWG,Bán lẻ,5.65,244054200000,STOCK
2025-08-01,CTG,Ngân hàng,5.49,237320263800,STOCK
2025-08-01,STB,Ngân hàng,5.08,219325320000,STOCK
2025-08-01,VHM,Bất động sản,5.04,217746650000,STOCK
2025-08-01,TCB,Ngân hàng,5.03,217158480000,STOCK
2025-08-01,VIC,Bất động sản,3.67,158488990000,STOCK
2025-08-01,HPG,Vật liệu xây dựng,3.59,155302400000,STOCK
2025-08-01,VCB,Ngân hàng,2.9,125455680000,STOCK
2025-08-01,SSI,Chứng khoán,2.77,119514620000,STOCK
2025-08-01,DXG,Bất động sản,2.67,115570851600,STOCK
2025-08-01,MBB,Ngân hàng,2.64,114181731750,STOCK
2025-08-01,VIX,Chứng khoán,2.52,109032170000,STOCK
2025-08-01,SHS,Chứng khoán,2.51,108591880000,STOCK
2025-08-01,HDB,Ngân hàng,2.08,89679450000,STOCK
2025-08-01,FPT,Công nghệ và thông tin,1.98,85388805600,STOCK
2025-08-01,ACB,Ngân hàng,1.78,77083840000,STOCK
2025-08-01,GMD,Vận tải - kho bãi,1.7,73266730000,STOCK
2025-08-01,VND,Chứng khoán,1.64,70720765000,STOCK
2025-08-01,HDC,Bất động sản,1.53,65909840000,STOCK
2025-08-01,VRE,Bất động sản,1.45,62496320000,STOCK
2025-08-01,VCI,Chứng khoán,1.37,59231700000,STOCK
2025-08-01,GEX,Thiết bị điện,1.25,53857717500,STOCK
2025-08-01,TCH,Bất động sản,1.14,49423920000,STOCK
2025-08-01,HDG,Bất động sản,1.13,48715849000,STOCK
2025-08-01,KDH,Bất động sản,0.9,39011200000,STOCK
2025-08-01,VIB,Ngân hàng,0.87,37714880000,STOCK
2025-08-01,NVL,Bất động sản,0.87,37514400000,STOCK
2025-08-01,NLG,Bất động sản,0.83,35931005000,STOCK
2025-08-01,TPB,Ngân hàng,0.82,35613600000,STOCK
2025-08-01,VCG,Xây dựng,0.79,34031936000,STOCK
2025-08-01,CII,Xây dựng,0.77,33408720000,STOCK
2025-08-01,DPM,SX Nhựa - Hóa chất,0.75,32610338700,STOCK
2025-08-01,MSN,Thực phẩm - Đồ uống,0.74,31855400000,STOCK
2025-08-01,DXS,Bất động sản,0.71,30508905000,STOCK
2025-08-01,EIB,Ngân hàng,0.56,23979780000,STOCK
2025-08-01,VGS,Vật liệu xây dựng,0.52,22454100000,STOCK
2025-08-01,CEO,Bất động sản,0.5,21588468000,STOCK
2025-08-01,DCM,SX Nhựa - Hóa chất,0.48,20548440000,STOCK
2025-08-01,DGW,Bán buôn,0.47,20260800000,STOCK
2025-08-01,VJC,Vận tải - kho bãi,0.47,20099950000,STOCK
2025-08-01,DBC,Thực phẩm - Đồ uống,0.44,19003477500,STOCK
2025-08-01,BID,Ngân hàng,0.41,17531649000,STOCK
2025-08-01,TAL,Bất động sản,0.38,16600000000,STOCK
2025-08-01,PVS,Khai khoáng,0.35,14980410000,STOCK
2025-08-01,HVN,Vận tải - kho bãi,0.32,13640000000,STOCK
2025-08-01,BSI,Chứng khoán,0.3,12897500000,STOCK
2025-08-01,EVF,Ngân hàng,0.29,12576520000,STOCK
2025-08-01,HHS,Bán buôn,0.29,12396680000,STOCK
2025-08-01,OCB,Ngân hàng,0.28,12121200000,STOCK
2025-08-01,HBC,Xây dựng,0.28,11890800000,STOCK
2025-08-01,ANV,Chế biến Thủy sản,0.26,11269965000,STOCK
2025-08-01,CTI,Xây dựng,0.24,10388000000,STOCK
2025-08-01,DIG,Bất động sản,0.22,9431840000,STOCK
2025-08-01,HAH,Vận tải - kho bãi,0.22,9419120000,STOCK
2025-08-01,FRT,Bán lẻ,0.2,8786115000,STOCK
2025-08-01,ORS,Chứng khoán,0.18,7735200000,STOCK
2025-08-01,DPG,Xây dựng,0.16,6698243000,STOCK
2025-08-01,DGC,SX Nhựa - Hóa chất,0.15,6304440000,STOCK
2025-08-01,EVG,Bất động sản,0.14,6029280000,STOCK
2025-08-01,VSC,Vận tải - kho bãi,0.13,5781000000,STOCK
2025-08-01,PET,Bán buôn,0.13,5536640000,STOCK
2025-08-01,ABB,Ngân hàng,0.11,4781700000,STOCK
2025-08-01,KBC,Bất động sản,0.11,4714385000,STOCK
2025-08-01,MCH,Thực phẩm - Đồ uống,0.08,3489360000,STOCK
2025-08-01,ACV,Vận tải - kho bãi,0.08,3424960500,STOCK
2025-08-01,SHB,Ngân hàng,0.04,1646240800,STOCK
2025-08-01,PVT,Vận tải - kho bãi,0.04,1543987200,STOCK
2025-08-01,POW,Tiện ích,0.01,493500000,STOCK
2025-08-01,CASH,,5.91,255165047661,CASH
2025-08-01,OTHER,,3.05,131817042780,OTHER
2025-09-01,MWG,Bán lẻ,6.1,283099950000,STOCK
2025-09-01,CTG,Ngân hàng,5.65,262459520800,STOCK
2025-09-01,VIC,Bất động sản,5.6,259743990000,STOCK
2025-09-01,VPB,Ngân hàng,5.47,253732460000,STOCK
2025-09-01,HPG,Vật liệu xây dựng,5.34,247730134000,STOCK
2025-09-01,TCB,Ngân hàng,4.72,219246125000,STOCK
2025-09-01,VHM,Bất động sản,4.72,219081000000,STOCK
2025-09-01,STB,Ngân hàng,4.52,209733400000,STOCK
2025-09-01,VIX,Chứng khoán,2.63,121913310000,STOCK
2025-09-01,GMD,Vận tải - kho bãi,2.4,111213410000,STOCK
2025-09-01,DXG,Bất động sản,2.35,109180017900,STOCK
2025-09-01,GEX,Thiết bị điện,2.31,107015932500,STOCK
2025-09-01,MBB,Ngân hàng,1.93,89558333400,STOCK
2025-09-01,TCH,Bất động sản,1.78,82815306000,STOCK
2025-09-01,SSI,Chứng khoán,1.75,81236415000,STOCK
2025-09-01,VCB,Ngân hàng,1.73,80507000000,STOCK
2025-09-01,SHS,Chứng khoán,1.69,78552050000,STOCK
2025-09-01,HDG,Bất động sản,1.64,76208620000,STOCK
2025-09-01,VCG,Xây dựng,1.51,70215068000,STOCK
2025-09-01,VRE,Bất động sản,1.45,67515930000,STOCK
2025-09-01,HDC,Bất động sản,1.39,64372215000,STOCK
2025-09-01,HDB,Ngân hàng,1.36,63023000000,STOCK
2025-09-01,MSN,Thực phẩm - Đồ uống,1.31,60750000000,STOCK
2025-09-01,TAL,Bất động sản,1.3,60118200000,STOCK
2025-09-01,CEO,Bất động sản,1.16,53906490000,STOCK
2025-09-01,VSC,Vận tải - kho bãi,1.07,49530500000,STOCK
2025-09-01,PDR,Bất động sản,1.03,47692610000,STOCK
2025-09-01,ACB,Ngân hàng,0.94,43666200000,STOCK
2025-09-01,VND,Chứng khoán,0.92,42610100000,STOCK
2025-09-01,HHS,Bán buôn,0.81,37460010000,STOCK
2025-09-01,ANV,Chế biến Thủy sản,0.79,36648155000,STOCK
2025-09-01,MBS,Chứng khoán,0.79,36525600000,STOCK
2025-09-01,CII,Xây dựng,0.75,34905216000,STOCK
2025-09-01,VIB,Ngân hàng,0.69,31800200000,STOCK
2025-09-01,DXS,Bất động sản,0.62,28706650000,STOCK
2025-09-01,TECHCOM SECURITIES JOINT STOCK COMPANY,Chứng khoán,0.61,28212210000,STOCK
2025-09-01,HVN,Vận tải - kho bãi,0.57,26660585000,STOCK
2025-09-01,CTS,Chứng khoán,0.55,25680200000,STOCK
2025-09-01,NVL,Bất động sản,0.54,25083200000,STOCK
2025-09-01,PVS,Khai khoáng,0.52,24334320000,STOCK
2025-09-01,EIB,Ngân hàng,0.51,23660000000,STOCK
2025-09-01,KDH,Bất động sản,0.5,23315240000,STOCK
2025-09-01,DPM,SX Nhựa - Hóa chất,0.43,20047395100,STOCK
2025-09-01,VGS,Vật liệu xây dựng,0.42,19620336000,STOCK
2025-09-01,CTI,Xây dựng,0.41,18998310000,STOCK
2025-09-01,DIG,Bất động sản,0.35,16230780000,STOCK
2025-09-01,VCI,Chứng khoán,0.31,14203805000,STOCK
2025-09-01,BID,Ngân hàng,0.28,12765600000,STOCK
2025-09-01,PVD,Khai khoáng,0.18,8132040000,STOCK
2025-09-01,SHB,Ngân hàng,0.17,7886655400,STOCK
2025-09-01,FPT,Công nghệ và thông tin,0.13,6156600000,STOCK
2025-09-01,ELC,Công nghệ và thông tin,0.13,6137200000,STOCK
2025-09-01,DHC,SX Phụ trợ,0.08,3727320000,STOCK
2025-09-01,ACV,Vận tải - kho bãi,0.07,3133474500,STOCK
2025-09-01,HBC,Xây dựng,0.06,2968140000,STOCK
2025-09-01,PNJ,Bán lẻ,0.05,2227080000,STOCK
2025-09-01,CASH,,7.07,328212527630,CASH
2025-09-01,OTHER,,5.86,272126309378,OTHER
2025-10-01,VIC,Bất động sản,7.74,407880500000,STOCK
2025-10-01,MWG,Bán lẻ,6.19,325898300000,STOCK
2025-10-01,CTG,Ngân hàng,5.72,301189574000,STOCK
2025-10-01,VHM,Bất động sản,5.36,282174400000,STOCK
2025-10-01,TCB,Ngân hàng,5.13,269954100000,STOCK
2025-10-01,HPG,Vật liệu xây dựng,4.27,225120516000,STOCK
2025-10-01,STB,Ngân hàng,4.26,224175600000,STOCK
2025-10-01,FPT,Công nghệ và thông tin,4.08,214865200000,STOCK
2025-10-01,VPB,Ngân hàng,3.87,204005340000,STOCK
2025-10-01,HDB,Ngân hàng,2.77,145875200000,STOCK
2025-10-01,GEX,Thiết bị điện,2.17,114354460750,STOCK
2025-10-01,MSN,Thực phẩm - Đồ uống,2.07,108781360000,STOCK
2025-10-01,SSI,Chứng khoán,1.91,100749390000,STOCK
2025-10-01,TCH,Bất động sản,1.89,99292962000,STOCK
2025-10-01,VRE,Bất động sản,1.73,90859050000,STOCK
2025-10-01,DXG,Bất động sản,1.47,77535164250,STOCK
2025-10-01,HDG,Bất động sản,1.45,76488720000,STOCK
2025-10-01,KDH,Bất động sản,1.41,74166480000,STOCK
2025-10-01,VND,Chứng khoán,1.33,70136905000,STOCK
2025-10-01,CEO,Bất động sản,1.29,67804792000,STOCK
2025-10-01,CTD,Xây dựng,1.27,66716100000,STOCK
2025-10-01,TCX,Chứng khoán,1.22,64020831250,STOCK
2025-10-01,SHB,Ngân hàng,1.16,61007555700,STOCK
2025-10-01,TAL,Bất động sản,1.13,59599200000,STOCK
2025-10-01,MBB,Ngân hàng,1.1,58156465200,STOCK
2025-10-01,DIG,Bất động sản,1.07,56252420000,STOCK
2025-10-01,SHS,Chứng khoán,1.06,55646200000,STOCK
2025-10-01,VCG,Xây dựng,0.99,52226082000,STOCK
2025-10-01,GMD,Vận tải - kho bãi,0.97,51020520000,STOCK
2025-10-01,ACB,Ngân hàng,0.73,38709000000,STOCK
2025-10-01,NLG,Bất động sản,0.65,34248600000,STOCK
2025-10-01,VIB,Ngân hàng,0.59,30941400000,STOCK
2025-10-01,FRT,Bán lẻ,0.58,30689120000,STOCK
2025-10-01,DGC,SX Nhựa - Hóa chất,0.56,29452800000,STOCK
2025-10-01,DXS,Bất động sản,0.54,28410900000,STOCK
2025-10-01,PDR,Bất động sản,0.47,24805000000,STOCK
2025-10-01,HVN,Vận tải - kho bãi,0.46,24070699600,STOCK
2025-10-01,PNJ,Bán lẻ,0.43,22495880000,STOCK
2025-10-01,EIB,Ngân hàng,0.4,21264000000,STOCK
2025-10-01,CII,Xây dựng,0.4,20890599600,STOCK
2025-10-01,HHS,Bán buôn,0.37,19480260000,STOCK
2025-10-01,NVL,Bất động sản,0.37,19333860000,STOCK
2025-10-01,ANV,Chế biến Thủy sản,0.28,14900000000,STOCK
2025-10-01,VTP,Vận tải - kho bãi,0.21,11180400000,STOCK
2025-10-01,CTR,Công nghệ và thông tin,0.15,7985600000,STOCK
2025-10-01,DHC,SX Phụ trợ,0.15,7835940000,STOCK
2025-10-01,VDS,Chứng khoán,0.1,5015840000,STOCK
2025-10-01,BID,Ngân hàng,0.07,3740000000,STOCK
2025-10-01,IJC,Bất động sản,0.03,1681965200,STOCK
2025-10-01,CTI,Xây dựng,0.02,1172500000,STOCK
2025-10-01,ELC,Công nghệ và thông tin,0.01,301593000,STOCK
2025-10-01,CASH,,10.62,559443936564,CASH
2025-10-01,OTHER,,5.75,303116642290,OTHER
2025-11-01,VIC,Bất động sản,11.46,657483960000,STOCK
2025-11-01,VHM,Bất động sản,6.13,351866550000,STOCK
2025-11-01,MWG,Bán lẻ,5.79,331816710000,STOCK
2025-11-01,CTG,Ngân hàng,5.34,306079774000,STOCK
2025-11-01,TCB,Ngân hàng,4.83,276969375000,STOCK
2025-11-01,VPB,Ngân hàng,4.41,252816525000,STOCK
2025-11-01,STB,Ngân hàng,3.74,214442640000,STOCK
2025-11-01,VPBANK SECURITIES JOINT STOCK COMPANY,Chứng khoán,3.68,210837660000,STOCK
2025-11-01,HPG,Vật liệu xây dựng,3.46,198203184000,STOCK
2025-11-01,FPT,Công nghệ và thông tin,3.42,195908960000,STOCK
2025-11-01,HDB,Ngân hàng,2.77,159123200000,STOCK
2025-11-01,DIG,Bất động sản,2.33,133439804400,STOCK
2025-11-01,VRE,Bất động sản,2.12,121412825000,STOCK
2025-11-01,TCH,Bất động sản,1.76,100984635800,STOCK
2025-11-01,VJC,Vận tải - kho bãi,1.66,94993800000,STOCK
2025-11-01,KDH,Bất động sản,1.39,79828000000,STOCK
2025-11-01,GEX,Thiết bị điện,1.38,79284658250,STOCK
2025-11-01,HDG,Bất động sản,1.31,75342750000,STOCK
2025-11-01,PDR,Bất động sản,1.3,74468250000,STOCK
2025-11-01,TAL,Bất động sản,1.22,69772800000,STOCK
2025-11-01,SSI,Chứng khoán,1.16,66311760000,STOCK
2025-11-01,CII,Xây dựng,1.15,65986900000,STOCK
2025-11-01,GMD,Vận tải - kho bãi,1.14,65638400000,STOCK
2025-11-01,PVD,Khai khoáng,1.12,64186800000,STOCK
2025-11-01,CEO,Bất động sản,1.09,62478756000,STOCK
2025-11-01,MSN,Thực phẩm - Đồ uống,1.0,57585600000,STOCK
2025-11-01,SHB,Ngân hàng,0.99,56714548800,STOCK
2025-11-01,DGC,SX Nhựa - Hóa chất,0.99,56636580000,STOCK
2025-11-01,DXG,Bất động sản,0.77,43988183600,STOCK
2025-11-01,KBC,Bất động sản,0.75,43115420000,STOCK
2025-11-01,TCX,Chứng khoán,0.74,42691275000,STOCK
2025-11-01,VND,Chứng khoán,0.69,39721920000,STOCK
2025-11-01,IDC,Tiện ích,0.69,39683410000,STOCK
2025-11-01,DXS,Bất động sản,0.66,37991000000,STOCK
2025-11-01,PVS,Khai khoáng,0.63,36107792000,STOCK
2025-11-01,EIB,Ngân hàng,0.56,31856000000,STOCK
2025-11-01,ANV,Chế biến Thủy sản,0.51,29288025000,STOCK
2025-11-01,NLG,Bất động sản,0.48,27753400000,STOCK
2025-11-01,CTR,Công nghệ và thông tin,0.42,23811840000,STOCK
2025-11-01,VIB,Ngân hàng,0.39,22348000000,STOCK
2025-11-01,VHC,Chế biến Thủy sản,0.38,21876480000,STOCK
2025-11-01,SHS,Chứng khoán,0.38,21753900000,STOCK
2025-11-01,PNJ,Bán lẻ,0.37,21066500000,STOCK
2025-11-01,SIP,Tiện ích,0.36,20545800000,STOCK
2025-11-01,ACB,Ngân hàng,0.34,19594000000,STOCK
2025-11-01,CTD,Xây dựng,0.32,18604800000,STOCK
2025-11-01,NVL,Bất động sản,0.3,17434400000,STOCK
2025-11-01,HAH,Vận tải - kho bãi,0.28,16321200000,STOCK
2025-11-01,DBC,Thực phẩm - Đồ uống,0.26,15137200000,STOCK
2025-11-01,BVH,Bảo hiểm,0.26,14963120000,STOCK
2025-11-01,TPB,Ngân hàng,0.21,11902400000,STOCK
2025-11-01,CTI,Xây dựng,0.2,11223600000,STOCK
2025-11-01,DHC,SX Phụ trợ,0.18,10532400000,STOCK
2025-11-01,VGS,Vật liệu xây dựng,0.16,9110020000,STOCK
2025-11-01,NKG,Vật liệu xây dựng,0.09,4926420000,STOCK
2025-11-01,BID,Ngân hàng,0.06,3710000000,STOCK
2025-11-01,IJC,Bất động sản,0.03,1640605400,STOCK
2025-11-01,HVN,Vận tải - kho bãi,0.0,895900,STOCK
2025-11-01,CASH,,6.49,372121920268,CASH
2025-11-01,OTHER,,3.91,224023360008,OTHER
2025-12-01,VIC,Bất động sản,9.83,603114560000,STOCK
2025-12-01,MWG,Bán lẻ,8.23,504710960000,STOCK
2025-12-01,VHM,Bất động sản,7.82,479346800000,STOCK
2025-12-01,TCB,Ngân hàng,4.66,285541330000,STOCK
2025-12-01,CTG,Ngân hàng,4.58,280816428750,STOCK
2025-12-01,HDB,Ngân hàng,4.45,272884312800,STOCK
2025-12-01,VPB,Ngân hàng,4.45,272819625000,STOCK
2025-12-01,STB,Ngân hàng,4.44,272501400000,STOCK
2025-12-01,FPT,Công nghệ và thông tin,2.96,181636800000,STOCK
2025-12-01,HPG,Vật liệu xây dựng,2.76,168993792000,STOCK
2025-12-01,VPX,Chứng khoán,2.28,139896100000,STOCK
2025-12-01,TCX,Chứng khoán,1.93,118544575000,STOCK
2025-12-01,TAL,Bất động sản,1.79,110067960000,STOCK
2025-12-01,VRE,Bất động sản,1.69,103392990000,STOCK
2025-12-01,PVD,Khai khoáng,1.65,101314395000,STOCK
2025-12-01,SSI,Chứng khoán,1.65,100898875000,STOCK
2025-12-01,VND,Chứng khoán,1.39,84957600000,STOCK
2025-12-01,KDH,Bất động sản,1.31,80397450000,STOCK
2025-12-01,SHB,Ngân hàng,1.3,79558544100,STOCK
2025-12-01,PVS,Khai khoáng,1.27,77821898000,STOCK
2025-12-01,ABB,Ngân hàng,1.23,75183780000,STOCK
2025-12-01,MSN,Thực phẩm - Đồ uống,1.14,69916000000,STOCK
2025-12-01,VJC,Vận tải - kho bãi,1.08,66002200000,STOCK
2025-12-01,HDG,Bất động sản,1.07,65812110000,STOCK
2025-12-01,MBB,Ngân hàng,1.02,62460640000,STOCK
2025-12-01,GEX,Thiết bị điện,0.99,60900480000,STOCK
2025-12-01,GMD,Vận tải - kho bãi,0.96,58974800000,STOCK
2025-12-01,DXS,Bất động sản,0.77,46948134000,STOCK
2025-12-01,TCH,Bất động sản,0.76,46656289200,STOCK
2025-12-01,VPL,Dịch vụ lưu trú - ăn uống - giải trí,0.73,44914560000,STOCK
2025-12-01,VIX,Chứng khoán,0.65,39663000000,STOCK
2025-12-01,VCI,Chứng khoán,0.61,37700400000,STOCK
2025-12-01,EIB,Ngân hàng,0.59,36163140000,STOCK
2025-12-01,DXG,Bất động sản,0.52,31617900000,STOCK
2025-12-01,KBC,Bất động sản,0.5,30683800000,STOCK
2025-12-01,DGW,Bán buôn,0.47,28813200000,STOCK
2025-12-01,DBC,Thực phẩm - Đồ uống,0.45,27480095000,STOCK
2025-12-01,VNM,Thực phẩm - Đồ uống,0.43,26071200000,STOCK
2025-12-01,MCH,Thực phẩm - Đồ uống,0.41,25041600000,STOCK
2025-12-01,CTD,Xây dựng,0.39,24107200000,STOCK
2025-12-01,IDC,Tiện ích,0.32,19557720000,STOCK
2025-12-01,PLX,Bán buôn,0.21,13018640000,STOCK
2025-12-01,PET,Bán buôn,0.18,11248270000,STOCK
2025-12-01,BVH,Bảo hiểm,0.17,10581840000,STOCK
2025-12-01,DIG,Bất động sản,0.12,7379648000,STOCK
2025-12-01,GAS,Tiện ích,0.12,7240000000,STOCK
2025-12-01,TLG,SX Phụ trợ,0.07,4392486000,STOCK
2025-12-01,ELC,Công nghệ và thông tin,0.07,4152480000,STOCK
2025-12-01,PDR,Bất động sản,0.05,2820000000,STOCK
2025-12-01,HVN,Vận tải - kho bãi,0.0,771900,STOCK
2025-12-01,CASH,,7.59,465735055914,CASH
2025-12-01,OTHER,,5.91,362574904500,OTHER
2026-01-01,MWG,Bán lẻ,6.89,438766700000,STOCK
2026-01-01,CTG,Ngân hàng,5.09,324252443750,STOCK
2026-01-01,STB,Ngân hàng,4.54,288936900000,STOCK
2026-01-01,TCB,Ngân hàng,4.5,286313270000,STOCK
2026-01-01,FPT,Công nghệ và thông tin,4.17,265315050000,STOCK
2026-01-01,VCB,Ngân hàng,3.62,230450400000,STOCK
2026-01-01,VPB,Ngân hàng,3.42,217672000000,STOCK
2026-01-01,VIC,Bất động sản,3.35,213461650000,STOCK
2026-01-01,MBB,Ngân hàng,3.11,198171040000,STOCK
2026-01-01,HDB,Ngân hàng,3.11,197761079200,STOCK
2026-01-01,PNJ,Bán lẻ,2.65,168783000000,STOCK
2026-01-01,HPG,Vật liệu xây dựng,2.58,164479104000,STOCK
2026-01-01,PVS,Khai khoáng,2.43,154943844000,STOCK
2026-01-01,TCX,Chứng khoán,2.24,142437912500,STOCK
2026-01-01,GAS,Tiện ích,2.22,141336000000,STOCK
2026-01-01,VPX,Chứng khoán,2.07,131699650000,STOCK
2026-01-01,GMD,Vận tải - kho bãi,1.88,119587300000,STOCK
2026-01-01,VNM,Thực phẩm - Đồ uống,1.86,118205580000,STOCK
2026-01-01,TAL,Bất động sản,1.71,109102750000,STOCK
2026-01-01,PVD,Khai khoáng,1.37,87277400000,STOCK
2026-01-01,IDC,Tiện ích,1.35,86037980000,STOCK
2026-01-01,GEL,Bán buôn,1.33,84900000000,STOCK
2026-01-01,DGW,Bán buôn,1.32,83976200000,STOCK
2026-01-01,VIX,Chứng khoán,1.22,77673940000,STOCK
2026-01-01,VGI,Công nghệ và thông tin,1.19,75595230000,STOCK
2026-01-01,VHM,Bất động sản,1.07,68348800000,STOCK
2026-01-01,VCI,Chứng khoán,1.02,64797200000,STOCK
2026-01-01,MSN,Thực phẩm - Đồ uống,1.0,63672000000,STOCK
2026-01-01,BSR,SX Phụ trợ,0.95,60229120000,STOCK
2026-01-01,CEO,Bất động sản,0.92,58778000000,STOCK
2026-01-01,BVH,Bảo hiểm,0.91,57738560000,STOCK
2026-01-01,FOX,Công nghệ và thông tin,0.83,52747480000,STOCK
2026-01-01,SHB,Ngân hàng,0.8,51058656000,STOCK
2026-01-01,HDG,Bất động sản,0.8,50980140000,STOCK
2026-01-01,BID,Ngân hàng,0.76,48510000000,STOCK
2026-01-01,SSI,Chứng khoán,0.71,45005520000,STOCK
2026-01-01,ABB,Ngân hàng,0.7,44596760000,STOCK
2026-01-01,KBC,Bất động sản,0.68,43167810000,STOCK
2026-01-01,VPL,Dịch vụ lưu trú - ăn uống - giải trí,0.6,38110000000,STOCK
2026-01-01,DDV,Vật liệu xây dựng,0.59,37302720000,STOCK
2026-01-01,VND,Chứng khoán,0.54,34554300000,STOCK
2026-01-01,EIB,Ngân hàng,0.42,26854800000,STOCK
2026-01-01,DCM,SX Nhựa - Hóa chất,0.38,24478080000,STOCK
2026-01-01,VHC,Chế biến Thủy sản,0.38,24378960000,STOCK
2026-01-01,DXS,Bất động sản,0.37,23537530000,STOCK
2026-01-01,SAB,Thực phẩm - Đồ uống,0.33,20763390000,STOCK
2026-01-01,PHP,Vận tải - kho bãi,0.3,19293900000,STOCK
2026-01-01,CTD,Xây dựng,0.28,18040320000,STOCK
2026-01-01,KDH,Bất động sản,0.27,17143500000,STOCK
2026-01-01,VTP,Vận tải - kho bãi,0.26,16735600000,STOCK
2026-01-01,DPG,Xây dựng,0.25,15859760000,STOCK
2026-01-01,PLX,Bán buôn,0.24,15078400000,STOCK
2026-01-01,VGC,Vật liệu xây dựng,0.24,14969880000,STOCK
2026-01-01,BAF,Thực phẩm - Đồ uống,0.21,13221480000,STOCK
2026-01-01,VDS,Chứng khoán,0.21,13061525000,STOCK
2026-01-01,VSC,Vận tải - kho bãi,0.18,11754360000,STOCK
2026-01-01,DIG,Bất động sản,0.18,11145600000,STOCK
2026-01-01,PET,Bán buôn,0.16,10313600000,STOCK
2026-01-01,PTB,SX Phụ trợ,0.16,9879200000,STOCK
2026-01-01,TCH,Bất động sản,0.14,9145626800,STOCK
2026-01-01,VGS,Vật liệu xây dựng,0.12,7364000000,STOCK
2026-01-01,ELC,Công nghệ và thông tin,0.1,6344000000,STOCK
2026-01-01,VJC,Vận tải - kho bãi,0.08,4961550000,STOCK
2026-01-01,PVI,Bảo hiểm,0.04,2315520000,STOCK
2026-01-01,VRE,Bất động sản,0.01,933180000,STOCK
2026-01-01,HVN,Vận tải - kho bãi,0.0,835450,STOCK
2026-01-01,CASH,,9.77,621924852037,CASH
2026-01-01,OTHER,,2.87,182617403600,OTHER
2026-02-01,MWG,Bán lẻ,6.34,433008100000,STOCK
2026-02-01,CTG,Ngân hàng,4.41,301130966250,STOCK
2026-02-01,STB,Ngân hàng,4.25,289870250000,STOCK
2026-02-01,VIC,Bất động sản,4.1,280153600000,STOCK
2026-02-01,MBB,Ngân hàng,4.05,276213450000,STOCK
2026-02-01,HPG,Vật liệu xây dựng,3.5,239192064000,STOCK
2026-02-01,HDB,Ngân hàng,3.35,228911170800,STOCK
2026-02-01,PVS,Khai khoáng,3.24,221303964000,STOCK
2026-02-01,GMD,Vận tải - kho bãi,3.18,217152760000,STOCK
2026-02-01,VHM,Bất động sản,2.96,202219200000,STOCK
2026-02-01,VNM,Thực phẩm - Đồ uống,2.92,199587300000,STOCK
2026-02-01,TCB,Ngân hàng,2.91,198418000000,STOCK
2026-02-01,PNJ,Bán lẻ,2.83,193357780000,STOCK
2026-02-01,FPT,Công nghệ và thông tin,2.83,192944010000,STOCK
2026-02-01,VPB,Ngân hàng,2.67,182095500000,STOCK
2026-02-01,VCB,Ngân hàng,2.18,149062320000,STOCK
2026-02-01,VPX,Chứng khoán,2.15,146704000000,STOCK
2026-02-01,PVD,Khai khoáng,2.03,138666640000,STOCK
2026-02-01,TCX,Chứng khoán,2.02,137669587500,STOCK
2026-02-01,GAS,Tiện ích,1.99,136083480000,STOCK
2026-02-01,GEL,Bán buôn,1.6,109150090000,STOCK
2026-02-01,DGW,Bán buôn,1.51,103004160000,STOCK
2026-02-01,BVH,Bảo hiểm,1.51,102883460000,STOCK
2026-02-01,TAL,Bất động sản,1.38,94529160000,STOCK
2026-02-01,BSR,SX Phụ trợ,1.32,90130560000,STOCK
2026-02-01,IDC,Tiện ích,1.24,84661280000,STOCK
2026-02-01,VCI,Chứng khoán,1.05,71944950000,STOCK
2026-02-01,DXG,Bất động sản,0.97,66258800000,STOCK
2026-02-01,VHC,Chế biến Thủy sản,0.91,62465550000,STOCK
2026-02-01,DCM,SX Nhựa - Hóa chất,0.84,57381200000,STOCK
2026-02-01,VSC,Vận tải - kho bãi,0.83,56689920000,STOCK
2026-02-01,DDV,Vật liệu xây dựng,0.74,50631240000,STOCK
2026-02-01,HDG,Bất động sản,0.74,50565060000,STOCK
2026-02-01,DPG,Xây dựng,0.73,50164160000,STOCK
2026-02-01,ABB,Ngân hàng,0.73,49721134000,STOCK
2026-02-01,VRE,Bất động sản,0.67,45977435000,STOCK
2026-02-01,SHB,Ngân hàng,0.67,45480882700,STOCK
2026-02-01,VGI,Công nghệ và thông tin,0.6,40689000000,STOCK
2026-02-01,TCH,Bất động sản,0.58,39420044800,STOCK
2026-02-01,SSI,Chứng khoán,0.5,34344000000,STOCK
2026-02-01,EIB,Ngân hàng,0.47,32198400000,STOCK
2026-02-01,FOX,Công nghệ và thông tin,0.42,28980180000,STOCK
2026-02-01,TNG,SX Hàng gia dụng,0.42,28432500000,STOCK
2026-02-01,CTD,Xây dựng,0.41,28165940000,STOCK
2026-02-01,PTB,SX Phụ trợ,0.36,24289050000,STOCK
2026-02-01,KDH,Bất động sản,0.31,21494800000,STOCK
2026-02-01,SIP,Tiện ích,0.31,21322160000,STOCK
2026-02-01,GEX,Thiết bị điện,0.31,21040600000,STOCK
2026-02-01,PHP,Vận tải - kho bãi,0.3,20635560000,STOCK
2026-02-01,TPB,Ngân hàng,0.3,20240000000,STOCK
2026-02-01,PET,Bán buôn,0.25,17398760000,STOCK
2026-02-01,VIX,Chứng khoán,0.24,16573500000,STOCK
2026-02-01,MSH,SX Hàng gia dụng,0.21,14475400000,STOCK
2026-02-01,HHS,Bán buôn,0.2,13820350000,STOCK
2026-02-01,SAB,Thực phẩm - Đồ uống,0.19,13285800000,STOCK
2026-02-01,VGS,Vật liệu xây dựng,0.19,12947200000,STOCK
2026-02-01,MSN,Thực phẩm - Đồ uống,0.18,12482000000,STOCK
2026-02-01,VGC,Vật liệu xây dựng,0.18,12226560000,STOCK
2026-02-01,PC1,Xây dựng,0.16,11095200000,STOCK
2026-02-01,VDS,Chứng khoán,0.15,10430945000,STOCK
2026-02-01,DXS,Bất động sản,0.13,9134728000,STOCK
2026-02-01,NLG,Bất động sản,0.04,2785000000,STOCK
2026-02-01,HVN,Vận tải - kho bãi,0.0,855600,STOCK
2026-02-01,CASH,,7.05,481521844974,CASH
2026-02-01,OTHER,,4.15,283258440000,OTHER
2026-03-01,BID,Ngân hàng,7.64,488560000000,STOCK
2026-03-01,MWG,Bán lẻ,5.21,332688780000,STOCK
2026-03-01,HPG,Vật liệu xây dựng,5.2,332410832000,STOCK
2026-03-01,STB,Ngân hàng,4.25,271677160000,STOCK
2026-03-01,MBB,Ngân hàng,3.55,226610375000,STOCK
2026-03-01,HDB,Ngân hàng,3.52,224701205800,STOCK
2026-03-01,GMD,Vận tải - kho bãi,3.33,212765850000,STOCK
2026-03-01,IDC,Tiện ích,3.23,206675460000,STOCK
2026-03-01,PNJ,Bán lẻ,2.74,175176000000,STOCK
2026-03-01,VPB,Ngân hàng,2.64,168742665000,STOCK
2026-03-01,TCB,Ngân hàng,2.63,167935140000,STOCK
2026-03-01,BVH,Bảo hiểm,2.31,147592500000,STOCK
2026-03-01,VPX,Chứng khoán,2.26,144336975000,STOCK
2026-03-01,VIC,Bất động sản,2.04,130383000000,STOCK
2026-03-01,VHM,Bất động sản,2.04,130274400000,STOCK
2026-03-01,FPT,Công nghệ và thông tin,1.76,112191930000,STOCK
2026-03-01,CTG,Ngân hàng,1.68,107353593000,STOCK
2026-03-01,PVS,Khai khoáng,1.49,95368984000,STOCK
2026-03-01,DGW,Bán buôn,1.47,93839620000,STOCK
2026-03-01,DCM,SX Nhựa - Hóa chất,1.47,93793770000,STOCK
2026-03-01,HDG,Bất động sản,1.46,93589280000,STOCK
2026-03-01,TAL,Bất động sản,1.46,93140800000,STOCK
2026-03-01,SHB,Ngân hàng,1.41,90088396300,STOCK
2026-03-01,VCI,Chứng khoán,1.39,89099101500,STOCK
2026-03-01,MSN,Thực phẩm - Đồ uống,1.33,84862000000,STOCK
2026-03-01,GEL,Bán buôn,1.29,82137800000,STOCK
2026-03-01,TCX,Chứng khoán,1.06,68030720000,STOCK
2026-03-01,NVL,Bất động sản,0.89,56600000000,STOCK
2026-03-01,TNG,SX Hàng gia dụng,0.86,54811680000,STOCK
2026-03-01,EIB,Ngân hàng,0.84,54003880000,STOCK
2026-03-01,DPG,Xây dựng,0.78,50158920000,STOCK
2026-03-01,VHC,Chế biến Thủy sản,0.76,48840200000,STOCK
2026-03-01,BSR,SX Phụ trợ,0.76,48572755000,STOCK
2026-03-01,SIP,Tiện ích,0.66,42044400000,STOCK
2026-03-01,ACB,Ngân hàng,0.63,40378830000,STOCK
2026-03-01,PVD,Khai khoáng,0.61,39167400000,STOCK
2026-03-01,TCH,Bất động sản,0.59,37667520000,STOCK
2026-03-01,CTD,Xây dựng,0.58,37149000000,STOCK
2026-03-01,VSC,Vận tải - kho bãi,0.56,35616360000,STOCK
2026-03-01,SSI,Chứng khoán,0.56,35541660000,STOCK
2026-03-01,KBC,Bất động sản,0.55,35386670000,STOCK
2026-03-01,VNM,Thực phẩm - Đồ uống,0.48,30839875000,STOCK
2026-03-01,MSR,Khai khoáng,0.46,29401790000,STOCK
2026-03-01,REE,Xây dựng,0.45,28687800000,STOCK
2026-03-01,PET,Bán buôn,0.43,27225900000,STOCK
2026-03-01,VIX,Chứng khoán,0.41,26420220000,STOCK
2026-03-01,DDV,Vật liệu xây dựng,0.36,23210540000,STOCK
2026-03-01,ABB,Ngân hàng,0.34,21863448000,STOCK
2026-03-01,HHS,Bán buôn,0.26,16635520000,STOCK
2026-03-01,DPM,SX Nhựa - Hóa chất,0.26,16417500000,STOCK
2026-03-01,VCG,Xây dựng,0.26,16332800000,STOCK
2026-03-01,DBC,Thực phẩm - Đồ uống,0.25,15980160000,STOCK
2026-03-01,FOX,Công nghệ và thông tin,0.23,14485500000,STOCK
2026-03-01,PC1,Xây dựng,0.2,12933100000,STOCK
2026-03-01,DXG,Bất động sản,0.2,12641040000,STOCK
2026-03-01,POW,Tiện ích,0.18,11294400000,STOCK
2026-03-01,DHC,SX Phụ trợ,0.16,10126350000,STOCK
2026-03-01,VCB,Ngân hàng,0.15,9412200000,STOCK
2026-03-01,VVS,Bán buôn,0.15,9309600000,STOCK
2026-03-01,VGS,Vật liệu xây dựng,0.11,7286620000,STOCK
2026-03-01,PHP,Vận tải - kho bãi,0.09,5805550000,STOCK
2026-03-01,NLG,Bất động sản,0.05,2900000000,STOCK
2026-03-01,HVN,Vận tải - kho bãi,0.0,660300,STOCK
2026-03-01,CASH,,10.57,675433623668,CASH
2026-03-01,OTHER,,4.48,286454855000,OTHER
2026-04-01,VIC,Bất động sản,10.45,686469200000,STOCK
2026-04-01,BID,Ngân hàng,7.54,495636000000,STOCK
2026-04-01,HPG,Vật liệu xây dựng,6.7,440278170000,STOCK
2026-04-01,VHM,Bất động sản,5.63,369701200000,STOCK
2026-04-01,STB,Ngân hàng,4.39,288231750000,STOCK
2026-04-01,MWG,Bán lẻ,4.36,286372800000,STOCK
2026-04-01,TCB,Ngân hàng,4.29,281970500000,STOCK
2026-04-01,HDB,Ngân hàng,3.18,208925018400,STOCK
2026-04-01,VPB,Ngân hàng,3.08,202429525000,STOCK
2026-04-01,NVL,Bất động sản,2.59,170162300000,STOCK
2026-04-01,CTG,Ngân hàng,2.5,164499339750,STOCK
2026-04-01,IDC,Tiện ích,2.3,151013200000,STOCK
2026-04-01,PNJ,Bán lẻ,2.22,146121760000,STOCK
2026-04-01,GMD,Vận tải - kho bãi,2.19,143860650000,STOCK
2026-04-01,MBB,Ngân hàng,2.07,135882010000,STOCK
2026-04-01,VPX,Chứng khoán,1.99,130547300000,STOCK
2026-04-01,GEX,Thiết bị điện,1.83,120310700000,STOCK
2026-04-01,MSN,Thực phẩm - Đồ uống,1.5,98611200000,STOCK
2026-04-01,FPT,Công nghệ và thông tin,1.35,88478450000,STOCK
2026-04-01,VNM,Thực phẩm - Đồ uống,1.27,83691825000,STOCK
2026-04-01,TAL,Bất động sản,1.2,78970100000,STOCK
2026-04-01,DGW,Bán buôn,1.16,75985360000,STOCK
2026-04-01,BVH,Bảo hiểm,1.13,74010900000,STOCK
2026-04-01,HDG,Bất động sản,0.95,62683180000,STOCK
2026-04-01,SIP,Tiện ích,0.94,61719760000,STOCK
2026-04-01,DCM,SX Nhựa - Hóa chất,0.92,60411960000,STOCK
2026-04-01,GEL,Bán buôn,0.91,59786140000,STOCK
2026-04-01,VRE,Bất động sản,0.82,53640610000,STOCK
2026-04-01,TCH,Bất động sản,0.64,41937390000,STOCK
2026-04-01,DPG,Xây dựng,0.62,40740400000,STOCK
2026-04-01,TNG,SX Hàng gia dụng,0.58,37856700000,STOCK
2026-04-01,CTD,Xây dựng,0.53,35045500000,STOCK
2026-04-01,PVD,Khai khoáng,0.49,32404300000,STOCK
2026-04-01,VHC,Chế biến Thủy sản,0.46,30471480000,STOCK
2026-04-01,TCX,Chứng khoán,0.43,28256305000,STOCK
2026-04-01,KBC,Bất động sản,0.42,27869190000,STOCK
2026-04-01,FOX,Công nghệ và thông tin,0.42,27399280000,STOCK
2026-04-01,PVS,Khai khoáng,0.4,26174400000,STOCK
2026-04-01,VCG,Xây dựng,0.39,25888920000,STOCK
2026-04-01,VCI,Chứng khoán,0.37,24451019000,STOCK
2026-04-01,HHS,Bán buôn,0.36,23847200000,STOCK
2026-04-01,EIB,Ngân hàng,0.35,23192025000,STOCK
2026-04-01,CII,Xây dựng,0.34,22557840000,STOCK
2026-04-01,POW,Tiện ích,0.34,22324720000,STOCK
2026-04-01,VCB,Ngân hàng,0.33,21408400000,STOCK
2026-04-01,HAG,Nông - Lâm - Ngư,0.32,21040040000,STOCK
2026-04-01,VIX,Chứng khoán,0.3,19505600000,STOCK
2026-04-01,PET,Bán buôn,0.28,18617040000,STOCK
2026-04-01,ABB,Ngân hàng,0.27,17541174000,STOCK
2026-04-01,VGI,Công nghệ và thông tin,0.25,16558620000,STOCK
2026-04-01,VGS,Vật liệu xây dựng,0.24,15748600000,STOCK
2026-04-01,SAB,Thực phẩm - Đồ uống,0.22,14573000000,STOCK
2026-04-01,DXG,Bất động sản,0.17,11061210000,STOCK
2026-04-01,DHC,SX Phụ trợ,0.17,11012080000,STOCK
2026-04-01,VDS,Chứng khoán,0.09,6087785000,STOCK
2026-04-01,CTR,Công nghệ và thông tin,0.07,4295000000,STOCK
2026-04-01,HVN,Vận tải - kho bãi,0.0,700600,STOCK
2026-04-01,CASH,,7.02,461482092114,CASH
2026-04-01,OTHER,,3.68,241867403030,OTHER
2026-05-01,VIC,Bất động sản,9.05,574144360000,STOCK
2026-05-01,BID,Ngân hàng,8.2,519960000000,STOCK
2026-05-01,VHM,Bất động sản,5.42,343496400000,STOCK
2026-05-01,HPG,Vật liệu xây dựng,4.99,316213872000,STOCK
2026-05-01,MWG,Bán lẻ,4.46,283011960000,STOCK
2026-05-01,STB,Ngân hàng,4.42,280581600000,STOCK
2026-05-01,TCB,Ngân hàng,3.82,242435150000,STOCK
2026-05-01,VPB,Ngân hàng,3.56,226004515000,STOCK
2026-05-01,HDB,Ngân hàng,3.04,193118791600,STOCK
2026-05-01,ACB,Ngân hàng,2.93,185694240000,STOCK
2026-05-01,GEX,Thiết bị điện,2.76,175351065000,STOCK
2026-05-01,GMD,Vận tải - kho bãi,2.69,170432790000,STOCK
2026-05-01,FPT,Công nghệ và thông tin,2.58,163749200000,STOCK
2026-05-01,VPX,Chứng khoán,2.06,130547300000,STOCK
2026-05-01,CTG,Ngân hàng,1.95,123564534000,STOCK
2026-05-01,PNJ,Bán lẻ,1.86,117920180000,STOCK
2026-05-01,IDC,Tiện ích,1.65,104741560000,STOCK
2026-05-01,NVL,Bất động sản,1.49,94276850000,STOCK
2026-05-01,MSB,Ngân hàng,1.31,83124900000,STOCK
2026-05-01,VIX,Chứng khoán,1.3,82244820000,STOCK
2026-05-01,TAL,Bất động sản,1.16,73758920000,STOCK
2026-05-01,CTD,Xây dựng,1.12,70956350000,STOCK
2026-05-01,DGW,Bán buôn,0.95,60482510000,STOCK
2026-05-01,PC1,Xây dựng,0.91,57858435000,STOCK
2026-05-01,DPG,Xây dựng,0.88,55659200000,STOCK
2026-05-01,BSR,SX Phụ trợ,0.78,49578375000,STOCK
2026-05-01,VRE,Bất động sản,0.76,47962200000,STOCK
2026-05-01,SSI,Chứng khoán,0.74,46750000000,STOCK
2026-05-01,MSN,Thực phẩm - Đồ uống,0.69,43669620000,STOCK
2026-05-01,GEL,Bán buôn,0.67,42689295000,STOCK
2026-05-01,KBC,Bất động sản,0.62,39341950000,STOCK
2026-05-01,VND,Chứng khoán,0.61,38903280000,STOCK
2026-05-01,PVD,Khai khoáng,0.61,38524550000,STOCK
2026-05-01,DXG,Bất động sản,0.58,37020814200,STOCK
2026-05-01,HDG,Bất động sản,0.58,36492300000,STOCK
2026-05-01,CTR,Công nghệ và thông tin,0.43,27231450000,STOCK
2026-05-01,PDR,Bất động sản,0.41,26078040000,STOCK
2026-05-01,VCB,Ngân hàng,0.39,24725600000,STOCK
2026-05-01,MBS,Chứng khoán,0.37,23657120000,STOCK
2026-05-01,POW,Tiện ích,0.37,23410560000,STOCK
2026-05-01,SAB,Thực phẩm - Đồ uống,0.33,21136890000,STOCK
2026-05-01,ABB,Ngân hàng,0.29,18365256000,STOCK
2026-05-01,FOX,Công nghệ và thông tin,0.29,18258020000,STOCK
2026-05-01,HHS,Bán buôn,0.28,17995200000,STOCK
2026-05-01,VCI,Chứng khoán,0.25,16003889250,STOCK
2026-05-01,DHC,SX Phụ trợ,0.24,14958920000,STOCK
2026-05-01,DCM,SX Nhựa - Hóa chất,0.23,14411580000,STOCK
2026-05-01,TCH,Bất động sản,0.19,11916590000,STOCK
2026-05-01,GAS,Tiện ích,0.19,11903880000,STOCK
2026-05-01,DXS,Bất động sản,0.18,11424672000,STOCK
2026-05-01,HAG,Nông - Lâm - Ngư,0.17,10544760000,STOCK
2026-05-01,SIP,Tiện ích,0.14,8566690000,STOCK
2026-05-01,SHB,Ngân hàng,0.13,7994974800,STOCK
2026-05-01,GEE,Thiết bị điện,0.11,6942800000,STOCK
2026-05-01,VGI,Công nghệ và thông tin,0.1,6107360000,STOCK
2026-05-01,VGS,Vật liệu xây dựng,0.06,3891800000,STOCK
2026-05-01,MSR,Khai khoáng,0.06,3793680000,STOCK
2026-05-01,DRI,Sản phẩm cao su,0.06,3790080000,STOCK
2026-05-01,TVN,Xây dựng,0.05,3082000000,STOCK
2026-05-01,TCX,Chứng khoán,0.04,2520000000,STOCK
2026-05-01,VDS,Chứng khoán,0.01,682500000,STOCK
2026-05-01,HVN,Vận tải - kho bãi,0.0,663400,STOCK
2026-05-01,CASH,,7.4,469301769703,CASH
2026-05-01,OTHER,,6.04,383307640000,OTHER
2026-06-01,VIC,Bất động sản,10.21,653906000000,STOCK
2026-06-01,BID,Ngân hàng,8.2,524912000000,STOCK
2026-06-01,MWG,Bán lẻ,5.96,381643460000,STOCK
2026-06-01,VHM,Bất động sản,5.45,348608700000,STOCK
2026-06-01,HPG,Vật liệu xây dựng,4.43,283819117400,STOCK
2026-06-01,ACB,Ngân hàng,4.19,268563337650,STOCK
2026-06-01,VPB,Ngân hàng,3.87,247729050000,STOCK
2026-06-01,TCB,Ngân hàng,3.87,247585100000,STOCK
2026-06-01,STB,Ngân hàng,3.86,246890520000,STOCK
2026-06-01,GMD,Vận tải - kho bãi,2.75,175764160000,STOCK
2026-06-01,HDB,Ngân hàng,2.42,154849875400,STOCK
2026-06-01,VPX,Chứng khoán,2.16,138198060000,STOCK
2026-06-01,VND,Chứng khoán,2.0,127985160000,STOCK
2026-06-01,CTG,Ngân hàng,1.93,123330334750,STOCK
2026-06-01,PNJ,Bán lẻ,1.79,114874200000,STOCK
2026-06-01,FPT,Công nghệ và thông tin,1.68,107335800000,STOCK
2026-06-01,GEX,Thiết bị điện,1.57,100283042500,STOCK
2026-06-01,IDC,Tiện ích,1.48,94914650000,STOCK
2026-06-01,PC1,Xây dựng,1.38,88403700000,STOCK
2026-06-01,POW,Tiện ích,1.37,87917760000,STOCK
2026-06-01,DMX,Bán lẻ,1.36,87200000000,STOCK
2026-06-01,MSB,Ngân hàng,1.31,83964600000,STOCK
2026-06-01,CTD,Xây dựng,1.01,64655745000,STOCK
2026-06-01,MSN,Thực phẩm - Đồ uống,0.98,62972140000,STOCK
2026-06-01,ABB,Ngân hàng,0.93,59434210000,STOCK
2026-06-01,TAL,Bất động sản,0.92,58580451000,STOCK
2026-06-01,VCB,Ngân hàng,0.91,58430680000,STOCK
2026-06-01,VIX,Chứng khoán,0.9,57639140000,STOCK
2026-06-01,DPG,Xây dựng,0.84,53797200000,STOCK
2026-06-01,CII,Xây dựng,0.82,52774200000,STOCK
2026-06-01,MBB,Ngân hàng,0.74,47315520000,STOCK
2026-06-01,GEL,Bán buôn,0.68,43774770000,STOCK
2026-06-01,PVD,Khai khoáng,0.68,43627280000,STOCK
2026-06-01,VRE,Bất động sản,0.67,42693000000,STOCK
2026-06-01,HDG,Bất động sản,0.66,42437200000,STOCK
2026-06-01,DGW,Bán buôn,0.61,39219120000,STOCK
2026-06-01,CTR,Công nghệ và thông tin,0.57,36328320000,STOCK
2026-06-01,PET,Bán buôn,0.43,27548460000,STOCK
2026-06-01,PVS,Khai khoáng,0.41,25938480000,STOCK
2026-06-01,MBS,Chứng khoán,0.36,23265750000,STOCK
2026-06-01,HHS,Bán buôn,0.35,22505915000,STOCK
2026-06-01,DXS,Bất động sản,0.32,20311928000,STOCK
2026-06-01,TVN,Xây dựng,0.29,18858120000,STOCK
2026-06-01,DRI,Sản phẩm cao su,0.27,17566640000,STOCK
2026-06-01,DHC,SX Phụ trợ,0.24,15635240000,STOCK
2026-06-01,TCH,Bất động sản,0.23,14654760000,STOCK
2026-06-01,FOX,Công nghệ và thông tin,0.2,13074040000,STOCK
2026-06-01,OCB,Ngân hàng,0.18,11663520000,STOCK
2026-06-01,TCX,Chứng khoán,0.12,7947600000,STOCK
2026-06-01,SHB,Ngân hàng,0.12,7850138300,STOCK
2026-06-01,NVL,Bất động sản,0.06,3905528800,STOCK
2026-06-01,HVN,Vận tải - kho bãi,0.06,3847678500,STOCK
2026-06-01,CASH,,5.94,380258951322,CASH
2026-06-01,OTHER,,5.23,334867019850,OTHER
2026-07-01,VIC,Bất động sản,10.08,602177660000,STOCK
2026-07-01,BID,Ngân hàng,7.83,467400000000,STOCK
2026-07-01,MWG,Bán lẻ,6.17,368331060000,STOCK
2026-07-01,VHM,Bất động sản,4.45,265469250000,STOCK
2026-07-01,HPG,Vật liệu xây dựng,3.91,233311412600,STOCK
2026-07-01,ACB,Ngân hàng,3.46,206584911900,STOCK
2026-07-01,HDB,Ngân hàng,3.32,198223804800,STOCK
2026-07-01,VPB,Ngân hàng,3.2,190926520000,STOCK
2026-07-01,TCB,Ngân hàng,2.46,146970465000,STOCK
2026-07-01,POW,Tiện ích,2.02,120342320000,STOCK
2026-07-01,STB,Ngân hàng,2.0,119448890000,STOCK
2026-07-01,VPX,Chứng khoán,1.94,115732560000,STOCK
2026-07-01,GMD,Vận tải - kho bãi,1.9,113521100000,STOCK
2026-07-01,CTG,Ngân hàng,1.7,101760274000,STOCK
2026-07-01,VNM,Thực phẩm - Đồ uống,1.61,95893140000,STOCK
2026-07-01,VCB,Ngân hàng,1.47,87621680000,STOCK
2026-07-01,DMX,Bán lẻ,1.46,87200000000,STOCK
2026-07-01,VND,Chứng khoán,1.3,77488800000,STOCK
2026-07-01,ABB,Ngân hàng,1.23,73170984600,STOCK
2026-07-01,MSB,Ngân hàng,1.18,70706350000,STOCK
2026-07-01,PC1,Xây dựng,1.15,68484280000,STOCK
2026-07-01,MSN,Thực phẩm - Đồ uống,1.03,61631640000,STOCK
2026-07-01,BSR,SX Phụ trợ,0.94,56269395000,STOCK
2026-07-01,DPM,SX Nhựa - Hóa chất,0.82,48918060000,STOCK
2026-07-01,CTR,Công nghệ và thông tin,0.58,34427158000,STOCK
2026-07-01,TAL,Bất động sản,0.56,33735895000,STOCK
2026-07-01,GEL,Bán buôn,0.53,31673110000,STOCK
2026-07-01,PET,Bán buôn,0.51,30578220000,STOCK
2026-07-01,FPT,Công nghệ và thông tin,0.48,28638280000,STOCK
2026-07-01,DHC,SX Phụ trợ,0.44,26414094000,STOCK
2026-07-01,PVD,Khai khoáng,0.42,24904268400,STOCK
2026-07-01,PVS,Khai khoáng,0.22,13305820000,STOCK
2026-07-01,MBB,Ngân hàng,0.21,12584250000,STOCK
2026-07-01,TVN,Xây dựng,0.2,11866800000,STOCK
2026-07-01,CII,Xây dựng,0.15,8908000000,STOCK
2026-07-01,SHB,Ngân hàng,0.13,7849279000,STOCK
2026-07-01,HVN,Vận tải - kho bãi,0.13,7839566500,STOCK
2026-07-01,TCX,Chứng khoán,0.13,7749000000,STOCK
2026-07-01,NVL,Bất động sản,0.08,5051800000,STOCK
2026-07-01,DRI,Sản phẩm cao su,0.08,4894260000,STOCK
2026-07-01,DPG,Xây dựng,0.07,3883540000,STOCK
2026-07-01,DXS,Bất động sản,0.06,3622500000,STOCK
2026-07-01,OCB,Ngân hàng,0.04,2248428000,STOCK
2026-07-01,HHS,Bán buôn,0.03,1820224000,STOCK
2026-07-01,BOND,,0.89,53382400000,BOND
2026-07-01,CASH,,21.63,1291539828605,CASH
2026-07-01,OTHER,,5.81,347183861909,OTHER
