date,adjusted_price,unadjusted_price
2007-01-02,4520,148000
2007-01-03,4570,149900
2007-01-04,4730,155000
2007-01-05,4810,157800
2007-01-08,4800,157300
2007-01-09,4760,156000
2007-01-10,4860,159000
2007-01-11,4890,160000
2007-01-12,4950,162000
2007-01-15,4980,163000
2007-01-16,5030,164500
2007-01-17,4980,163000
2007-01-18,5160,169000
2007-01-19,5420,177500
2007-01-22,5620,184000
2007-01-23,5930,194000
2007-01-24,6170,202000
2007-01-25,5930,194000
2007-01-26,5830,191000
2007-01-29,5810,190200
2007-01-30,5990,196000
2007-01-31,6030,197400
2007-02-01,5960,195000
2007-02-02,5940,194500
2007-02-05,5880,192500
2007-02-06,5910,193500
2007-02-07,6020,197000
2007-02-08,5950,194800
2007-02-09,5950,194900
2007-02-12,5960,195000
2007-02-13,6080,199000
2007-02-14,6380,209000
2007-02-15,6550,214500
2007-02-26,7130,233400
2007-02-27,7700,252000
2007-02-28,7580,248000
2007-03-01,7550,247000
2007-03-02,7450,244000
2007-03-05,7940,260000
2007-03-06,8520,279000
2007-03-07,8720,285500
2007-03-08,8710,285000
2007-03-09,8680,284000
2007-03-12,8420,275500
2007-03-13,8220,269000
2007-03-14,7790,255000
2007-03-15,8100,265000
2007-03-16,8550,279900
2007-03-19,8920,292000
2007-03-20,8250,270000
2007-03-21,8250,270000
2007-03-22,8230,269400
2007-03-23,8030,263000
2007-03-26,7330,240000
2007-03-27,6950,227500
2007-03-28,7760,253900
2007-03-29,7850,257000
2007-03-30,7640,250000
2007-04-02,7480,245000
2007-04-03,7330,240100
2007-04-04,7700,252000
2007-04-05,7580,248000
2007-04-06,7790,255000
2007-04-09,7820,255900
2007-04-10,8160,267000
2007-04-11,8220,269000
2007-04-12,7910,259100
2007-04-13,8130,266000
2007-04-16,7550,247000
2007-04-17,7440,243700
2007-04-18,7940,259900
2007-04-19,7610,249000
2007-04-20,7390,242000
2007-04-23,6710,169000
2007-04-24,6640,167100
2007-04-25,7240,182200
2007-05-02,6890,173500
2007-05-03,6670,167900
2007-05-04,6530,164500
2007-05-07,6610,166500
2007-05-08,6710,169000
2007-05-09,6700,168800
2007-05-10,6600,166200
2007-05-11,6710,168900
2007-05-14,6670,168000
2007-05-15,6710,168900
2007-05-16,6630,167000
2007-05-17,6690,168400
2007-05-18,6670,167900
2007-05-21,6670,167900
2007-05-22,6670,168000
2007-05-23,6690,168400
2007-05-24,6690,168400
2007-05-25,6650,167500
2007-05-28,6600,166100
2007-05-29,6530,164500
2007-05-30,6350,160000
2007-05-31,6400,161200
2007-06-01,6470,163000
2007-06-04,6350,160000
2007-06-05,6210,156400
2007-06-06,6270,157800
2007-06-07,6180,155600
2007-06-08,6080,153000
2007-06-11,5800,146000
2007-06-12,5600,141000
2007-06-13,5460,137600
2007-06-14,5640,142000
2007-06-15,5890,148200
2007-06-18,5980,150500
2007-06-19,5930,149400
2007-06-20,5810,146200
2007-06-21,5560,140000
2007-06-22,5580,140500
2007-06-25,5440,137000
2007-06-26,5420,136500
2007-06-27,5410,136300
2007-06-28,5300,133500
2007-06-29,5010,126200
2007-07-02,4530,114000
2007-07-03,4440,111800
2007-07-04,4790,120700
2007-07-05,4750,119500
2007-07-06,4780,120300
2007-07-09,4770,120000
2007-07-10,5080,128000
2007-07-11,5110,128700
2007-07-12,4940,124300
2007-07-13,5040,127000
2007-07-16,4840,121800
2007-07-17,4930,124200
2007-07-18,4930,124200
2007-07-19,4900,123300
2007-07-20,4870,122600
2007-07-23,4850,122000
2007-07-24,4790,120500
2007-07-25,4730,119200
2007-07-26,4680,117900
2007-07-27,4690,118000
2007-07-30,4630,116500
2007-07-31,4580,115300
2007-08-01,4750,119500
2007-08-02,4690,118000
2007-08-03,4650,117000
2007-08-06,4600,115800
2007-08-07,4610,116000
2007-08-08,4650,117000
2007-08-09,4730,119100
2007-08-10,4700,118300
2007-08-13,4670,117500
2007-08-14,4660,117300
2007-08-15,4690,118000
2007-08-16,4680,117800
2007-08-17,4650,117100
2007-08-20,4630,116500
2007-08-21,4630,116500
2007-08-22,4640,116800
2007-08-23,4640,116800
2007-08-24,4710,118500
2007-08-27,4690,118000
2007-08-28,4670,117600
2007-08-29,4690,118000
2007-08-30,4690,118200
2007-08-31,4730,119000
2007-09-04,4850,122000
2007-09-05,4770,120100
2007-09-06,4760,119800
2007-09-07,4750,119700
2007-09-10,4750,119600
2007-09-11,4750,119600
2007-09-12,4740,119400
2007-09-13,4760,119800
2007-09-14,4810,121200
2007-09-17,4980,125400
2007-09-18,5360,134900
2007-09-19,5640,141900
2007-09-20,5440,137000
2007-09-21,5350,134700
2007-09-24,5740,144500
2007-09-25,5890,148400
2007-09-26,5810,146400
2007-09-27,5820,146500
2007-09-28,6120,154000
2007-10-01,6610,166500
2007-10-02,6510,164000
2007-10-03,6530,164500
2007-10-04,6430,162000
2007-10-05,6350,160000
2007-10-08,6570,165500
2007-10-09,6850,172600
2007-10-10,6870,173000
2007-10-11,6840,172200
2007-10-12,6820,171700
2007-10-15,6830,172000
2007-10-16,6790,171000
2007-10-17,6670,168000
2007-10-18,6590,166000
2007-10-19,6710,169000
2007-10-22,6670,168000
2007-10-23,6470,163000
2007-10-24,6530,164400
2007-10-25,6530,164500
2007-10-26,6630,167000
2007-10-29,6670,168000
2007-10-30,6710,169000
2007-10-31,7350,185000
2007-11-01,7550,190000
2007-11-02,7270,183000
2007-11-05,7030,176900
2007-11-06,6900,173700
2007-11-07,6930,174600
2007-11-08,6890,173600
2007-11-09,6790,171000
2007-11-12,6510,164000
2007-11-13,6000,151000
2007-11-14,6760,170100
2007-11-15,6710,169000
2007-11-16,6710,169000
2007-11-19,6730,169400
2007-11-20,6700,168600
2007-11-21,6730,169500
2007-11-22,6870,173000
2007-11-23,6930,174500
2007-11-26,7070,178000
2007-11-27,6970,175600
2007-11-28,6930,174600
2007-11-29,6990,176000
2007-11-30,6950,175000
2007-12-03,7010,176500
2007-12-04,7040,177200
2007-12-05,7000,176300
2007-12-06,6960,175200
2007-12-07,6930,174400
2007-12-10,6750,170000
2007-12-11,6650,167500
2007-12-12,6620,166700
2007-12-13,6540,164800
2007-12-14,6540,164600
2007-12-17,6510,164000
2007-12-18,6510,164000
2007-12-19,6710,169000
2007-12-20,6560,165300
2007-12-21,6640,167200
2007-12-24,6750,169900
2007-12-25,6660,167600
2007-12-26,6670,168000
2007-12-27,6550,165000
2007-12-28,6510,164000
2008-01-02,5760,145000
2008-01-03,5560,140000
2008-01-04,5520,139000
2008-01-07,5320,134000
2008-01-08,5380,135500
2008-01-09,5300,133500
2008-01-10,5300,133500
2008-01-11,5260,132500
2008-01-14,5090,128200
2008-01-15,4880,123000
2008-01-16,5300,133500
2008-01-17,5160,130000
2008-01-18,5280,133000
2008-01-21,5200,130900
2008-01-22,5130,129200
2008-01-23,5040,127000
2008-01-24,5000,126000
2008-01-25,5040,127000
2008-01-28,5100,128500
2008-01-29,5190,130600
2008-01-30,5480,137900
2008-01-31,5410,136200
2008-02-01,5450,137200
2008-02-12,5310,133700
2008-02-13,5240,132000
2008-02-14,5300,133500
2008-02-15,5230,131800
2008-02-18,5000,126000
2008-02-19,4940,124400
2008-02-20,4730,119000
2008-02-21,4310,108500
2008-02-22,4330,109000
2008-02-25,4490,113100
2008-02-26,4240,106800
2008-02-27,4220,106300
2008-02-28,4250,107000
2008-02-29,4210,106000
2008-03-03,4050,102000
2008-03-04,3690,93000
2008-03-05,3570,90000
2008-03-06,3920,98800
2008-03-07,4300,108400
2008-03-10,4450,112000
2008-03-11,4130,104100
2008-03-12,4250,107000
2008-03-13,4330,109100
2008-03-14,4320,108900
2008-03-17,4070,102500
2008-03-18,3750,94400
2008-03-19,3890,98000
2008-03-20,3820,96200
2008-03-21,3850,97000
2008-03-24,3500,88100
2008-03-25,3220,81000
2008-03-26,3550,89300
2008-03-27,3530,88800
2008-03-28,3590,90500
2008-03-31,3670,92300
2008-04-01,3740,94100
2008-04-02,3810,95900
2008-04-03,3880,97800
2008-04-04,3960,99700
2008-04-07,4070,102600
2008-04-08,4040,101800
2008-04-09,3940,99200
2008-04-10,3830,96500
2008-04-11,3720,93700
2008-04-16,3610,90900
2008-04-17,3690,93000
2008-04-18,3560,89700
2008-04-21,3470,87300
2008-04-22,3370,84800
2008-04-23,3270,82400
2008-04-24,3210,80800
2008-04-25,3280,82500
2008-04-28,3340,84100
2008-04-29,3290,82900
2008-05-05,3230,81300
2008-05-06,3140,79100
2008-05-07,3050,76900
2008-05-08,2960,74600
2008-05-09,2880,72400
2008-05-12,2790,70300
2008-05-13,2710,68200
2008-05-14,2630,66200
2008-05-15,2550,64300
2008-05-16,2480,62400
2008-05-19,2420,61000
2008-05-20,2350,59200
2008-05-21,2280,57500
2008-05-22,2220,55800
2008-05-23,2150,54200
2008-05-26,2090,52600
2008-05-27,2030,51100
2008-05-28,1980,49800
2008-05-29,1990,50000
2008-05-30,1950,49000
2008-06-02,1880,47300
2008-06-03,1820,45900
2008-06-04,1770,44600
2008-06-05,1720,43300
2008-06-06,1670,42100
2008-06-09,1620,40900
2008-06-10,1590,40000
2008-06-11,1620,40800
2008-06-12,1650,41500
2008-06-13,1700,42700
2008-06-16,1740,43900
2008-06-17,1800,45200
2008-06-18,1740,43900
2008-06-19,1750,44000
2008-06-20,1680,42300
2008-06-23,1740,43900
2008-06-24,1740,43800
2008-06-25,1800,45400
2008-06-26,1860,46900
2008-06-27,1880,47400
2008-06-30,1900,47900
2008-07-01,1950,49100
2008-07-02,2020,50800
2008-07-03,2090,52600
2008-07-04,2170,54600
2008-07-07,2110,53200
2008-07-08,2160,54400
2008-07-09,2200,55500
2008-07-10,2270,57200
2008-07-11,2360,59400
2008-07-14,2450,61700
2008-07-15,2550,64100
2008-07-16,2640,66600
2008-07-17,2720,68600
2008-07-18,2660,67000
2008-07-21,2650,66700
2008-07-22,2600,65400
2008-07-23,2490,62800
2008-07-24,2390,60300
2008-07-25,2350,59200
2008-07-28,2440,61500
2008-07-29,2440,61400
2008-07-30,2510,63200
2008-07-31,2500,62900
2008-08-01,2430,61200
2008-08-04,2350,59200
2008-08-05,2260,57000
2008-08-06,2350,59200
2008-08-07,2340,59000
2008-08-08,2460,62000
2008-08-11,2540,63900
2008-08-12,2640,66400
2008-08-13,2740,68900
2008-08-14,2810,70800
2008-08-15,2920,73400
2008-08-18,3120,78500
2008-08-19,3260,82000
2008-08-20,3090,77800
2008-08-21,3370,84900
2008-08-22,3420,86000
2008-08-25,3620,91100
2008-08-26,3840,96800
2008-08-27,3850,97000
2008-08-28,3740,94100
2008-08-29,3800,95600
2008-09-03,3910,98400
2008-09-04,3970,100000
2008-09-05,3760,94700
2008-09-08,3580,90100
2008-09-09,3510,88300
2008-09-10,3470,87400
2008-09-11,3510,57000
2008-09-12,3300,53600
2008-09-15,3540,57500
2008-09-16,3370,54800
2008-09-17,3080,50100
2008-09-18,2910,47300
2008-09-19,3110,50600
2008-09-22,3240,52700
2008-09-23,3290,53500
2008-09-24,3240,52700
2008-09-25,3360,54600
2008-09-26,3460,56200
2008-09-29,3320,54000
2008-09-30,3140,51000
2008-10-01,3180,51700
2008-10-02,3270,53100
2008-10-03,3240,52600
2008-10-06,3010,48900
2008-10-07,2830,45900
2008-10-08,2650,43000
2008-10-09,2730,44400
2008-10-10,2510,40700
2008-10-13,2540,41300
2008-10-14,2710,44100
2008-10-15,2860,46500
2008-10-16,2700,43800
2008-10-17,2730,44300
2008-10-20,2680,43500
2008-10-21,2830,45900
2008-10-22,2710,44100
2008-10-23,2550,41400
2008-10-24,2500,40600
2008-10-27,2340,38000
2008-10-28,2410,39100
2008-10-29,2470,40100
2008-10-30,2620,42600
2008-10-31,2730,44400
2008-11-03,2670,43300
2008-11-04,2770,45000
2008-11-05,2920,47400
2008-11-06,2800,45500
2008-11-07,2630,42800
2008-11-10,2710,44000
2008-11-11,2590,42000
2008-11-12,2680,43500
2008-11-13,2720,41600
2008-11-14,2800,42800
2008-11-17,2750,42100
2008-11-18,2920,44600
2008-11-19,2920,44700
2008-11-20,2800,42900
2008-11-21,2800,42900
2008-11-24,2800,42800
2008-11-25,2810,43000
2008-11-26,2650,40500
2008-11-27,2620,40100
2008-11-28,2800,42900
2008-12-01,2730,41800
2008-12-02,2670,40900
2008-12-03,2670,40800
2008-12-04,2770,31000
2008-12-05,2670,29900
2008-12-08,2520,28300
2008-12-09,2600,29200
2008-12-10,2510,28100
2008-12-11,2520,28300
2008-12-12,2620,29400
2008-12-15,2760,30900
2008-12-16,2590,29000
2008-12-17,2620,29400
2008-12-18,2630,29500
2008-12-19,2610,29300
2008-12-22,2600,29200
2008-12-23,2550,28600
2008-12-24,2520,28200
2008-12-25,2490,27900
2008-12-26,2490,27900
2008-12-29,2470,27700
2008-12-30,2500,28000
2008-12-31,2490,27900
2009-01-02,2480,27800
2009-01-05,2490,27900
2009-01-06,2550,28600
2009-01-07,2590,29000
2009-01-08,2550,28600
2009-01-09,2550,28600
2009-01-12,2540,28500
2009-01-13,2520,28300
2009-01-14,2520,28200
2009-01-15,2500,28000
2009-01-16,2510,28100
2009-01-19,2500,28000
2009-01-20,2490,27900
2009-01-21,2500,28000
2009-01-22,2520,28200
2009-01-23,2520,28300
2009-02-02,2480,27800
2009-02-03,2420,27100
2009-02-04,2410,27000
2009-02-05,2300,25800
2009-02-06,2350,26300
2009-02-09,2430,27200
2009-02-10,2360,26500
2009-02-11,2330,26100
2009-02-12,2340,26200
2009-02-13,2320,26000
2009-02-16,2290,25700
2009-02-17,2250,25200
2009-02-18,2160,24200
2009-02-19,2190,24600
2009-02-20,2190,24500
2009-02-23,2070,23200
2009-02-24,2040,22900
2009-02-25,2160,24200
2009-02-26,2200,24700
2009-02-27,2250,25200
2009-03-02,2230,25000
2009-03-03,2140,24000
2009-03-04,2170,24300
2009-03-05,2250,25200
2009-03-06,2270,25400
2009-03-09,2310,25900
2009-03-10,2370,26600
2009-03-11,2470,27700
2009-03-12,2390,26800
2009-03-13,2430,27200
2009-03-16,2460,27600
2009-03-17,2600,28200
2009-03-18,2740,29700
2009-03-19,2650,28800
2009-03-20,2640,28600
2009-03-23,2570,27900
2009-03-24,2760,29900
2009-03-25,2750,29800
2009-03-26,2790,30300
2009-03-27,2750,29800
2009-03-30,2670,29000
2009-03-31,2690,29200
2009-04-01,2760,30000
2009-04-02,2810,30500
2009-04-03,3000,32600
2009-04-07,3170,34400
2009-04-08,3060,33200
2009-04-09,3180,34500
2009-04-10,3380,36700
2009-04-13,3610,39200
2009-04-14,3860,41900
2009-04-15,3790,41100
2009-04-16,3890,42200
2009-04-17,3660,39700
2009-04-20,3470,37600
2009-04-21,3230,35000
2009-04-22,3450,37400
2009-04-23,3360,36500
2009-04-24,3250,35300
2009-04-27,3240,35200
2009-04-28,3340,36200
2009-04-29,3410,37000
2009-05-04,3610,39200
2009-05-05,3860,41900
2009-05-06,3780,41000
2009-05-07,4100,44500
2009-05-08,4040,43800
2009-05-11,3970,43100
2009-05-12,3970,43100
2009-05-13,3870,42000
2009-05-14,3830,41600
2009-05-15,4020,43600
2009-05-18,4070,44200
2009-05-19,4210,45700
2009-05-20,4130,44800
2009-05-21,4040,43800
2009-05-22,3960,43000
2009-05-25,4160,45100
2009-05-26,4080,44300
2009-05-27,4020,43600
2009-05-28,3890,42200
2009-05-29,3950,42900
2009-06-01,4090,44400
2009-06-02,4170,45200
2009-06-03,4100,44500
2009-06-04,4200,45600
2009-06-05,4490,48700
2009-06-08,4800,52100
2009-06-09,5130,55700
2009-06-10,5020,54500
2009-06-11,5310,56600
2009-06-12,5320,56800
2009-06-15,5010,53500
2009-06-16,4710,50200
2009-06-17,4730,50500
2009-06-18,4830,51500
2009-06-19,4750,50700
2009-06-22,4460,47600
2009-06-23,4190,44700
2009-06-24,4500,48000
2009-06-25,4570,48800
2009-06-26,4640,49500
2009-06-29,4650,49600
2009-06-30,4590,49000
2009-07-01,4370,46600
2009-07-02,4510,48100
2009-07-03,4460,47600
2009-07-06,4630,49400
2009-07-07,4560,48600
2009-07-08,4530,48300
2009-07-09,4460,47600
2009-07-10,4400,46900
2009-07-13,4240,45200
2009-07-14,4220,45000
2009-07-15,4260,45400
2009-07-16,4280,45700
2009-07-17,4230,45100
2009-07-20,4030,43000
2009-07-21,4090,43600
2009-07-22,4060,43300
2009-07-23,4260,45500
2009-07-24,4490,47900
2009-07-27,4680,49900
2009-07-28,4440,47400
2009-07-29,4340,46300
2009-07-30,4260,45500
2009-07-31,4410,47100
2009-08-03,4370,46600
2009-08-04,4420,47200
2009-08-05,4410,47000
2009-08-06,4390,46800
2009-08-07,4380,46700
2009-08-10,4410,47000
2009-08-11,4400,46900
2009-08-12,4410,47000
2009-08-13,4470,47700
2009-08-14,4470,47700
2009-08-17,4410,47100
2009-08-18,4390,46800
2009-08-19,4410,47100
2009-08-20,4410,47100
2009-08-21,4450,47500
2009-08-24,4500,48000
2009-08-25,4460,47600
2009-08-26,4430,47300
2009-08-27,4380,46700
2009-08-28,4430,47300
2009-08-31,4510,48100
2009-09-01,4470,47700
2009-09-03,4410,47100
2009-09-04,4370,46600
2009-09-07,4320,46100
2009-09-08,4360,46500
2009-09-09,4310,46000
2009-09-10,4310,46000
2009-09-11,4300,45900
2009-09-14,4310,46000
2009-09-15,4350,46400
2009-09-16,4560,48600
2009-09-17,4470,47700
2009-09-18,4420,47200
2009-09-21,4360,46500
2009-09-22,4330,46200
2009-09-23,4350,46400
2009-09-24,4330,46200
2009-09-25,4390,46800
2009-09-28,4430,47300
2009-09-29,4390,46800
2009-09-30,4350,46400
2009-10-01,4290,45800
2009-10-02,4200,44800
2009-10-05,4140,44200
2009-10-06,4130,44100
2009-10-07,4170,44500
2009-10-08,4170,44500
2009-10-09,4220,45000
2009-10-12,4280,45700
2009-10-13,4210,44900
2009-10-14,4390,46800
2009-10-15,4500,48000
2009-10-16,4360,46500
2009-10-19,4350,46400
2009-10-20,4360,46500
2009-10-21,4550,48500
2009-10-22,4530,48300
2009-10-23,4570,48800
2009-10-26,4410,47100
2009-10-27,4370,46600
2009-10-28,4320,46100
2009-10-29,4200,44800
2009-10-30,4240,45200
2009-11-02,4030,43000
2009-11-03,3970,42400
2009-11-04,4010,42800
2009-11-05,4050,43200
2009-11-06,4010,42800
2009-11-09,3890,41500
2009-11-10,3830,40900
2009-11-11,3910,41700
2009-11-12,3910,41700
2009-11-13,3870,41300
2009-11-16,3840,41000
2009-11-17,3820,40200
2009-11-18,3820,40200
2009-11-19,3820,40200
2009-11-20,3800,39900
2009-11-23,3700,38900
2009-11-24,3620,38100
2009-11-25,3420,36000
2009-11-26,3210,33700
2009-11-27,3380,35500
2009-11-30,3500,36800
2009-12-01,3700,38900
2009-12-02,3540,37200
2009-12-03,3520,37000
2009-12-04,3520,37000
2009-12-07,3520,37000
2009-12-08,3420,36000
2009-12-09,3310,34800
2009-12-10,3330,35000
2009-12-11,3350,35200
2009-12-14,3550,37300
2009-12-15,3520,37000
2009-12-16,3410,35800
2009-12-17,3510,36900
2009-12-18,3590,37700
2009-12-21,3660,38500
2009-12-22,3560,37400
2009-12-23,3550,37300
2009-12-24,3550,37300
2009-12-25,3600,37900
2009-12-28,3490,36700
2009-12-29,3460,36400
2009-12-30,3520,37000
2009-12-31,3540,37200
2010-01-04,3770,39600
2010-01-05,3770,39600
2010-01-06,3660,38500
2010-01-07,3660,38500
2010-01-08,3630,38200
2010-01-11,3610,38000
2010-01-12,3520,37000
2010-01-13,3580,37600
2010-01-14,3580,37600
2010-01-15,3520,37000
2010-01-18,3410,35900
2010-01-19,3440,36200
2010-01-20,3400,35700
2010-01-21,3320,34900
2010-01-22,3360,35300
2010-01-25,3340,35100
2010-01-26,3470,36500
2010-01-27,3370,35400
2010-01-28,3340,35100
2010-01-29,3340,35100
2010-02-01,3350,35200
2010-02-02,3340,35100
2010-02-03,3350,35200
2010-02-04,3390,35600
2010-02-05,3330,35000
2010-02-08,3390,35600
2010-02-09,3330,35000
2010-02-10,3340,35100
2010-02-11,3410,35900
2010-02-12,3410,35900
2010-02-22,3470,36500
2010-02-23,3400,35700
2010-02-24,3400,35700
2010-02-25,3370,35400
2010-02-26,3470,36500
2010-03-01,3540,37200
2010-03-02,3500,36800
2010-03-03,3550,37300
2010-03-04,3530,35600
2010-03-05,3530,35600
2010-03-08,3530,35600
2010-03-09,3510,35400
2010-03-10,3490,35200
2010-03-11,3470,35000
2010-03-12,3500,35300
2010-03-15,3470,35000
2010-03-16,3470,35000
2010-03-17,3470,35000
2010-03-18,3480,35100
2010-03-19,3470,35000
2010-03-22,3470,35000
2010-03-23,3460,34900
2010-03-24,3470,35000
2010-03-25,3470,35000
2010-03-26,3450,34800
2010-03-29,3440,34700
2010-03-30,3460,34900
2010-03-31,3400,34300
2010-04-01,3460,34900
2010-04-02,3440,34700
2010-04-05,3450,34800
2010-04-06,3450,34800
2010-04-07,3430,34600
2010-04-08,3440,34700
2010-04-09,3430,34600
2010-04-12,3410,34400
2010-04-13,3380,34100
2010-04-14,3330,33600
2010-04-15,3370,34000
2010-04-16,3360,33900
2010-04-19,3330,33600
2010-04-20,3290,33200
2010-04-21,3330,33600
2010-04-22,3420,34500
2010-04-26,3370,34000
2010-04-27,3360,33900
2010-04-28,3320,33500
2010-04-29,3350,33800
2010-05-04,3500,35300
2010-05-05,3440,34700
2010-05-06,3410,34400
2010-05-07,3360,33900
2010-05-10,3310,33400
2010-05-11,3310,33400
2010-05-12,3270,33000
2010-05-13,3270,33000
2010-05-14,3270,33000
2010-05-17,3250,32800
2010-05-18,3260,32900
2010-05-19,3240,32700
2010-05-20,3240,32700
2010-05-21,3130,31600
2010-05-24,3120,31500
2010-05-25,3090,31200
2010-05-26,3120,31500
2010-05-27,3100,31300
2010-05-28,3130,31600
2010-05-31,3120,31500
2010-06-01,3120,31500
2010-06-02,3120,31500
2010-06-03,3120,31500
2010-06-04,3100,31300
2010-06-07,3010,30400
2010-06-08,3040,30700
2010-06-09,3030,30600
2010-06-10,3020,30500
2010-06-11,3040,30700
2010-06-14,3020,30500
2010-06-15,3030,30600
2010-06-16,3030,30600
2010-06-17,3020,30500
2010-06-18,3030,30600
2010-06-21,3020,30500
2010-06-22,3020,30500
2010-06-23,3020,30500
2010-06-24,3020,30500
2010-06-25,3000,30300
2010-06-28,3020,30500
2010-06-29,3040,30700
2010-06-30,3020,30500
2010-07-01,3010,30400
2010-07-02,3020,30500
2010-07-05,3020,30500
2010-07-06,3030,30600
2010-07-07,3010,30400
2010-07-08,3020,30500
2010-07-09,3020,30500
2010-07-12,3020,30500
2010-07-13,3070,31000
2010-07-14,3130,31600
2010-07-15,3110,31400
2010-07-16,3110,31400
2010-07-19,3100,31300
2010-07-20,3040,30700
2010-07-21,3060,30900
2010-07-22,3040,30700
2010-07-23,3010,30400
2010-07-26,3010,30400
2010-07-27,3010,30400
2010-07-28,2990,30200
2010-07-29,2990,30200
2010-07-30,2970,30000
2010-08-02,2970,30000
2010-08-03,2970,30000
2010-08-04,2940,29700
2010-08-05,2930,29600
2010-08-06,2890,29200
2010-08-09,2910,29400
2010-08-10,2840,28700
2010-08-11,2830,28600
2010-08-12,2760,27800
2010-08-13,2810,28300
2010-08-16,2860,28900
2010-08-17,2840,28700
2010-08-18,2800,28200
2010-08-19,2810,28300
2010-08-20,2800,28200
2010-08-23,2780,28000
2010-08-24,2760,27800
2010-08-25,2680,27000
2010-08-26,2700,27200
2010-08-27,2700,27200
2010-08-30,2800,28200
2010-08-31,2800,28200
2010-09-01,2810,28300
2010-09-06,2850,28800
2010-09-07,2800,28200
2010-09-08,2760,27800
2010-09-09,2820,28500
2010-09-10,2770,27900
2010-09-13,2760,27800
2010-09-14,2780,28000
2010-09-15,2780,28000
2010-09-16,2790,28100
2010-09-17,2810,28300
2010-09-20,2810,28300
2010-09-21,2800,28200
2010-09-22,2820,28400
2010-09-23,2820,28500
2010-09-24,2820,28500
2010-09-27,2820,28500
2010-09-28,2820,28500
2010-09-29,2820,28400
2010-09-30,2820,28500
2010-10-01,2820,28500
2010-10-04,2750,27700
2010-10-05,2790,28100
2010-10-06,2810,28300
2010-10-07,2790,28100
2010-10-08,2780,28000
2010-10-11,2770,27900
2010-10-12,2760,27800
2010-10-13,2750,27700
2010-10-14,2770,27900
2010-10-15,2750,27700
2010-10-18,2730,27500
2010-10-19,2710,27300
2010-10-20,2610,26300
2010-10-21,2670,26900
2010-10-22,2630,26500
2010-10-25,2610,26300
2010-10-26,2630,26500
2010-10-27,2600,26200
2010-10-28,2570,25900
2010-10-29,2670,26900
2010-11-01,2650,26700
2010-11-02,2650,26700
2010-11-03,2650,26700
2010-11-04,2650,26700
2010-11-05,2700,27200
2010-11-08,2660,25200
2010-11-09,2630,24900
2010-11-10,2630,24900
2010-11-11,2560,24200
2010-11-12,2480,23500
2010-11-15,2420,22900
2010-11-16,2430,23000
2010-11-17,2390,22600
2010-11-18,2420,22900
2010-11-19,2410,22800
2010-11-22,2400,22700
2010-11-23,2440,23100
2010-11-24,2460,23300
2010-11-25,2470,23400
2010-11-26,2480,21200
2010-11-29,2500,21400
2010-11-30,2620,22400
2010-12-01,2600,22300
2010-12-02,2670,22900
2010-12-03,2810,24100
2010-12-06,2810,24100
2010-12-07,2800,24000
2010-12-08,2730,23400
2010-12-09,2780,23800
2010-12-10,2880,24700
2010-12-13,3040,26000
2010-12-14,3180,27200
2010-12-15,3410,29200
2010-12-16,3160,27100
2010-12-17,3210,27500
2010-12-20,3070,26300
2010-12-21,2990,25600
2010-12-22,2990,25600
2010-12-23,2910,24900
2010-12-24,2910,24900
2010-12-27,2910,24900
2010-12-28,2980,25500
2010-12-29,2940,25200
2010-12-30,2930,25100
2010-12-31,3050,26100
2011-01-04,2940,25200
2011-01-05,2880,24700
2011-01-06,2920,25000
2011-01-07,2870,24600
2011-01-10,2830,24200
2011-01-11,2760,23600
2011-01-12,2780,23800
2011-01-13,2800,24000
2011-01-14,2800,24000
2011-01-17,2810,24100
2011-01-18,2780,23800
2011-01-19,2770,23700
2011-01-20,2790,23900
2011-01-21,2910,24900
2011-01-24,2870,24600
2011-01-25,2830,24200
2011-01-26,2860,24500
2011-01-27,2860,24500
2011-01-28,2840,24300
2011-02-08,2870,24600
2011-02-09,2880,24700
2011-02-10,2860,24500
2011-02-11,2870,24600
2011-02-14,2850,24400
2011-02-15,2830,24200
2011-02-16,2790,23900
2011-02-17,2770,23700
2011-02-18,2760,23600
2011-02-21,2570,22000
2011-02-22,2600,22300
2011-02-23,2620,22400
2011-02-24,2600,22300
2011-02-25,2630,22500
2011-02-28,2620,22400
2011-03-01,2620,22400
2011-03-02,2530,21700
2011-03-03,2570,22000
2011-03-04,2640,22600
2011-03-07,2600,22300
2011-03-08,2630,22500
2011-03-09,2630,22500
2011-03-10,2670,22900
2011-03-11,2690,23000
2011-03-14,2640,22600
2011-03-15,2630,22500
2011-03-16,2630,22500
2011-03-17,2620,22400
2011-03-18,2670,22900
2011-03-21,2670,22900
2011-03-22,2660,22800
2011-03-23,2670,22900
2011-03-24,2660,22800
2011-03-25,2670,22900
2011-03-28,2670,22900
2011-03-29,2670,22900
2011-03-30,2670,22900
2011-03-31,2670,22900
2011-04-01,2690,23000
2011-04-04,2670,22900
2011-04-05,2670,22900
2011-04-06,2700,23100
2011-04-07,2690,23000
2011-04-08,2690,23000
2011-04-13,2670,22900
2011-04-14,2690,23000
2011-04-15,2690,23000
2011-04-18,2690,23000
2011-04-19,2700,23100
2011-04-20,2700,23100
2011-04-21,2680,22300
2011-04-22,2670,22200
2011-04-25,2620,21800
2011-04-26,2620,21800
2011-04-27,2620,21800
2011-04-28,2610,21700
2011-04-29,2610,21700
2011-05-04,2610,21700
2011-05-05,2620,21800
2011-05-06,2640,21900
2011-05-09,2640,21900
2011-05-10,2620,21800
2011-05-11,2650,22000
2011-05-12,2640,21900
2011-05-13,2650,22000
2011-05-16,2650,22000
2011-05-17,2640,21900
2011-05-18,2640,21900
2011-05-19,2640,21900
2011-05-20,2600,21600
2011-05-23,2590,21500
2011-05-24,2550,21200
2011-05-25,2460,20400
2011-05-26,2530,21000
2011-05-27,2470,20500
2011-05-30,2460,20400
2011-05-31,2480,20600
2011-06-01,2520,20900
2011-06-02,2560,21300
2011-06-03,2500,20800
2011-06-06,2480,20600
2011-06-07,2530,21000
2011-06-08,2490,20700
2011-06-09,2490,20700
2011-06-10,2500,20800
2011-06-13,2500,20800
2011-06-14,2500,20800
2011-06-15,2490,20700
2011-06-16,2520,20900
2011-06-17,2520,20900
2011-06-20,2520,20900
2011-06-21,2530,21000
2011-06-22,2520,20900
2011-06-23,2500,20800
2011-06-24,2500,20800
2011-06-27,2500,20800
2011-06-28,2500,20800
2011-06-29,2500,20800
2011-06-30,2520,20900
2011-07-01,2500,20800
2011-07-04,2520,20900
2011-07-05,2520,20900
2011-07-06,2530,21000
2011-07-07,2520,20900
2011-07-08,2530,21000
2011-07-11,2520,20900
2011-07-12,2530,21000
2011-07-13,2520,20900
2011-07-14,2520,20900
2011-07-15,2530,21000
2011-07-18,2520,20900
2011-07-19,2530,21000
2011-07-20,2520,20900
2011-07-21,2530,21000
2011-07-22,2530,21000
2011-07-25,2520,20900
2011-07-26,2530,21000
2011-07-27,2530,21000
2011-07-28,2520,20900
2011-07-29,2530,21000
2011-08-01,2500,20800
2011-08-02,2500,20800
2011-08-03,2500,20800
2011-08-04,2530,21000
2011-08-05,2520,20900
2011-08-08,2500,20800
2011-08-09,2490,20700
2011-08-10,2500,20800
2011-08-11,2490,20700
2011-08-12,2500,20800
2011-08-15,2500,20800
2011-08-16,2500,20800
2011-08-17,2500,20800
2011-08-18,2530,21000
2011-08-19,2500,20800
2011-08-22,2530,21000
2011-08-23,2530,21000
2011-08-24,2530,21000
2011-08-25,2530,21000
2011-08-26,2520,20900
2011-08-29,2530,21000
2011-08-30,2550,21200
2011-08-31,2560,21300
2011-09-01,2720,22600
2011-09-05,2820,23400
2011-09-06,2720,22600
2011-09-07,2850,23700
2011-09-08,2810,23300
2011-09-09,2730,22700
2011-09-12,2730,22700
2011-09-13,2730,22700
2011-09-14,2680,22300
2011-09-15,2640,21900
2011-09-16,2590,21500
2011-09-19,2610,21700
2011-09-20,2590,21500
2011-09-21,2600,21600
2011-09-22,2610,21700
2011-09-23,2590,21500
2011-09-26,2560,21300
2011-09-27,2590,21500
2011-09-28,2600,21600
2011-09-29,2590,21500
2011-09-30,2600,21600
2011-10-03,2610,21700
2011-10-04,2610,21700
2011-10-05,2600,21600
2011-10-06,2620,21800
2011-10-07,2670,22200
2011-10-10,2620,21800
2011-10-11,2660,22100
2011-10-12,2640,21900
2011-10-13,2590,21500
2011-10-14,2590,21500
2011-10-17,2580,21400
2011-10-18,2560,21300
2011-10-19,2560,21300
2011-10-20,2560,21300
2011-10-21,2590,21500
2011-10-24,2560,21300
2011-10-25,2560,21300
2011-10-26,2580,21400
2011-10-27,2580,21400
2011-10-28,2600,21600
2011-10-31,2600,21600
2011-11-01,2560,21300
2011-11-02,2550,21200
2011-11-03,2470,20500
2011-11-04,2440,20300
2011-11-07,2410,20000
2011-11-08,2400,19900
2011-11-09,2420,20100
2011-11-10,2420,20100
2011-11-11,2420,20100
2011-11-14,2400,19900
2011-11-15,2430,20200
2011-11-16,2440,20300
2011-11-17,2430,20200
2011-11-18,2430,20200
2011-11-21,2430,20200
2011-11-22,2430,20200
2011-11-23,2420,20100
2011-11-24,2410,20000
2011-11-25,2410,20000
2011-11-28,2410,20000
2011-11-29,2400,19900
2011-11-30,2370,19700
2011-12-01,2370,19700
2011-12-02,2370,19700
2011-12-05,2410,20000
2011-12-06,2410,20000
2011-12-07,2440,20300
2011-12-08,2480,20600
2011-12-09,2480,20600
2011-12-12,2470,20500
2011-12-13,2470,20500
2011-12-14,2460,20400
2011-12-15,2430,20200
2011-12-16,2460,20400
2011-12-19,2550,21200
2011-12-20,2590,21500
2011-12-21,2580,21400
2011-12-22,2540,21100
2011-12-23,2550,21200
2011-12-26,2580,21400
2011-12-27,2580,21400
2011-12-28,2600,21600
2011-12-29,2590,21500
2011-12-30,2610,21700
2012-01-03,2520,19000
2012-01-04,2560,19300
2012-01-05,2610,19700
2012-01-06,2600,19600
2012-01-09,2590,19500
2012-01-10,2600,19600
2012-01-11,2590,19500
2012-01-12,2590,19500
2012-01-13,2600,19600
2012-01-16,2630,19800
2012-01-17,2650,20000
2012-01-18,2670,20100
2012-01-19,2710,20400
2012-01-20,2720,20500
2012-01-30,2760,20800
2012-01-31,2810,21200
2012-02-01,2800,21100
2012-02-02,2890,21800
2012-02-03,2840,21400
2012-02-06,2840,21400
2012-02-07,2970,22400
2012-02-08,3040,22900
2012-02-09,3100,23400
2012-02-10,3080,23200
2012-02-13,2950,22200
2012-02-14,2890,21800
2012-02-15,2790,21000
2012-02-16,2830,21300
2012-02-17,2870,21600
2012-02-20,3040,22900
2012-02-21,3000,22600
2012-02-22,3080,23200
2012-02-23,3090,23300
2012-02-24,3040,22900
2012-02-27,3130,23600
2012-02-28,3050,23000
2012-02-29,3120,23500
2012-03-01,3290,24800
2012-03-02,3460,26100
2012-03-05,3690,27800
2012-03-06,3580,27000
2012-03-07,3460,26100
2012-03-08,3280,24700
2012-03-09,3260,24600
2012-03-12,3160,23800
2012-03-13,3260,24600
2012-03-14,3250,24500
2012-03-15,3330,25100
2012-03-16,3360,25300
2012-03-19,3330,25100
2012-03-20,3410,25700
2012-03-21,3420,25800
2012-03-22,3420,25800
2012-03-23,3400,25600
2012-03-26,3420,25800
2012-03-27,3320,25000
2012-03-28,3330,25100
2012-03-29,3260,24600
2012-03-30,3260,24600
2012-04-03,3320,25000
2012-04-04,3290,24800
2012-04-05,3340,25200
2012-04-06,3360,25300
2012-04-09,3370,25400
2012-04-10,3340,25200
2012-04-11,3400,25600
2012-04-12,3490,26300
2012-04-13,3490,26300
2012-04-16,3490,26300
2012-04-17,3480,26200
2012-04-18,3420,25800
2012-04-19,3370,25400
2012-04-20,3380,25500
2012-04-23,3420,25800
2012-04-24,3420,25800
2012-04-25,3420,25800
2012-04-26,3400,25600
2012-04-27,3410,25700
2012-05-02,3370,25400
2012-05-03,3370,25400
2012-05-04,3380,25500
2012-05-07,3420,25800
2012-05-08,3440,25900
2012-05-09,3440,25900
2012-05-10,3440,25900
2012-05-11,3400,25600
2012-05-14,3400,25600
2012-05-15,3400,25600
2012-05-16,3400,25600
2012-05-17,3410,25700
2012-05-18,3360,25300
2012-05-21,3440,25900
2012-05-22,3400,25600
2012-05-23,3400,25600
2012-05-24,3400,25600
2012-05-25,3440,25900
2012-05-28,3420,25800
2012-05-29,3420,25800
2012-05-30,3440,25900
2012-05-31,3410,25700
2012-06-01,3420,25800
2012-06-04,3400,25600
2012-06-05,3410,25700
2012-06-06,3420,25800
2012-06-07,3440,25900
2012-06-08,3400,25600
2012-06-11,3420,25800
2012-06-12,3410,25700
2012-06-13,3420,25800
2012-06-14,3400,25600
2012-06-15,3400,25600
2012-06-18,3420,25800
2012-06-19,3420,25800
2012-06-20,3420,25800
2012-06-21,3420,25800
2012-06-22,3410,25700
2012-06-25,3400,25600
2012-06-26,3410,25700
2012-06-27,3410,25700
2012-06-28,3410,25700
2012-06-29,3410,25700
2012-07-02,3400,25600
2012-07-03,3400,25600
2012-07-04,3400,25600
2012-07-05,3410,25700
2012-07-06,3410,25700
2012-07-09,3400,25600
2012-07-10,3380,25500
2012-07-11,3400,25600
2012-07-12,3380,25500
2012-07-13,3380,25500
2012-07-16,3400,25600
2012-07-17,3420,25800
2012-07-18,3420,25800
2012-07-19,3420,25800
2012-07-20,3410,25700
2012-07-23,3410,25700
2012-07-24,3400,25600
2012-07-25,3410,25700
2012-07-26,3410,25700
2012-07-27,3410,25700
2012-07-30,3420,25800
2012-07-31,3410,25700
2012-08-01,3410,25700
2012-08-02,3410,25700
2012-08-03,3410,25700
2012-08-06,3420,25800
2012-08-07,3400,25600
2012-08-08,3410,25700
2012-08-09,3420,25800
2012-08-10,3410,25700
2012-08-13,3410,25700
2012-08-14,3420,25800
2012-08-15,3420,25800
2012-08-16,3410,25700
2012-08-17,3420,25800
2012-08-20,3440,25900
2012-08-21,3200,24100
2012-08-22,2990,22500
2012-08-23,2790,21000
2012-08-24,2890,21800
2012-08-27,2680,20200
2012-08-28,2520,19000
2012-08-29,2650,20000
2012-08-30,2650,20000
2012-08-31,2630,19800
2012-09-04,2630,19800
2012-09-05,2610,19700
2012-09-06,2590,19500
2012-09-07,2560,19300
2012-09-10,2400,18100
2012-09-11,2380,17900
2012-09-12,2360,17800
2012-09-13,2350,17700
2012-09-14,2400,18100
2012-09-17,2410,18200
2012-09-18,2260,17000
2012-09-19,2110,15900
2012-09-20,2040,15400
2012-09-21,2180,16400
2012-09-24,2280,17200
2012-09-25,2240,16900
2012-09-26,2200,16600
2012-09-27,2180,16400
2012-09-28,2180,16400
2012-10-01,2110,15900
2012-10-02,2100,15800
2012-10-03,2100,15800
2012-10-04,2080,15700
2012-10-05,2100,15800
2012-10-08,2110,15900
2012-10-09,2120,16000
2012-10-10,2120,16000
2012-10-11,2150,16200
2012-10-12,2140,16100
2012-10-15,2120,16000
2012-10-16,2150,16200
2012-10-17,2140,16100
2012-10-18,2120,16000
2012-10-19,2080,15700
2012-10-22,2070,15600
2012-10-23,2080,15700
2012-10-24,2100,15800
2012-10-25,2110,15900
2012-10-26,2100,15800
2012-10-29,2100,15800
2012-10-30,2060,15500
2012-10-31,2030,15300
2012-11-01,2020,15200
2012-11-02,1920,14500
2012-11-05,1940,14600
2012-11-06,1940,14600
2012-11-07,1990,15000
2012-11-08,1960,14800
2012-11-09,1980,14900
2012-11-12,2020,15200
2012-11-13,2000,15100
2012-11-14,2000,15100
2012-11-15,1990,15000
2012-11-16,1980,14900
2012-11-19,1950,14700
2012-11-20,1960,14800
2012-11-21,1950,14700
2012-11-22,1950,14700
2012-11-23,1920,14500
2012-11-26,1950,14700
2012-11-27,1950,14700
2012-11-28,1950,14700
2012-11-29,1950,14700
2012-11-30,1920,14500
2012-12-03,1940,14600
2012-12-04,1940,14600
2012-12-05,1980,14900
2012-12-06,1960,14800
2012-12-07,1960,14800
2012-12-10,1990,15000
2012-12-11,1990,15000
2012-12-12,2060,15500
2012-12-13,2140,16100
2012-12-14,2240,16900
2012-12-17,2180,16400
2012-12-18,2120,16000
2012-12-19,2160,16300
2012-12-20,2150,16200
2012-12-21,2140,16100
2012-12-24,2140,16100
2012-12-25,2140,16100
2012-12-26,2160,16300
2012-12-27,2160,16300
2012-12-28,2190,16500
2013-01-02,2300,17300
2013-01-03,2260,17000
2013-01-04,2280,17200
2013-01-07,2280,17200
2013-01-08,2300,17300
2013-01-09,2400,18100
2013-01-10,2430,18300
2013-01-11,2410,18200
2013-01-14,2390,18000
2013-01-15,2410,18200
2013-01-16,2410,18200
2013-01-17,2390,18000
2013-01-18,2360,17800
2013-01-21,2320,17500
2013-01-22,2260,17000
2013-01-23,2260,17000
2013-01-24,2300,17300
2013-01-25,2340,17600
2013-01-28,2350,17700
2013-01-29,2380,17900
2013-01-30,2380,17900
2013-01-31,2350,17700
2013-02-01,2350,17700
2013-02-04,2340,17600
2013-02-05,2320,17500
2013-02-06,2340,17600
2013-02-07,2340,17600
2013-02-08,2380,17900
2013-02-18,2360,17800
2013-02-19,2350,17700
2013-02-20,2310,17400
2013-02-21,2190,16500
2013-02-22,2230,16800
2013-02-25,2230,16800
2013-02-26,2180,16400
2013-02-27,2190,16500
2013-02-28,2190,16500
2013-03-01,2220,16700
2013-03-04,2180,16400
2013-03-05,2160,16300
2013-03-06,2190,16500
2013-03-07,2180,16400
2013-03-08,2190,16500
2013-03-11,2200,16600
2013-03-12,2200,16600
2013-03-13,2190,16500
2013-03-14,2190,16500
2013-03-15,2200,16600
2013-03-18,2190,16500
2013-03-19,2190,16500
2013-03-20,2200,16600
2013-03-21,2190,16500
2013-03-22,2190,16500
2013-03-25,2190,16500
2013-03-26,2160,16300
2013-03-27,2160,16300
2013-03-28,2180,16400
2013-03-29,2180,16400
2013-04-01,2160,16300
2013-04-02,2160,16300
2013-04-03,2160,16300
2013-04-04,2140,16100
2013-04-05,2150,16200
2013-04-08,2140,16100
2013-04-09,2120,16000
2013-04-10,2120,16000
2013-04-11,2220,16700
2013-04-12,2190,16500
2013-04-15,2140,16100
2013-04-16,2120,16000
2013-04-17,2100,15800
2013-04-18,2100,15800
2013-04-22,2100,15800
2013-04-23,2110,15900
2013-04-24,2110,15900
2013-04-25,2120,16000
2013-04-26,2120,16000
2013-05-02,2140,16100
2013-05-03,2140,16100
2013-05-06,2150,16200
2013-05-07,2160,16300
2013-05-08,2140,16100
2013-05-09,2160,16300
2013-05-10,2180,16400
2013-05-13,2180,16400
2013-05-14,2160,16300
2013-05-15,2160,16300
2013-05-16,2220,16700
2013-05-17,2230,16100
2013-05-20,2210,16000
2013-05-21,2230,16100
2013-05-22,2310,16700
2013-05-23,2280,16500
2013-05-24,2300,16600
2013-05-27,2280,16500
2013-05-28,2300,16600
2013-05-29,2300,16600
2013-05-30,2280,16500
2013-05-31,2280,16500
2013-06-03,2330,16800
2013-06-04,2280,16500
2013-06-05,2300,16600
2013-06-06,2300,16600
2013-06-07,2330,16800
2013-06-10,2310,16700
2013-06-11,2310,16700
2013-06-12,2300,16600
2013-06-13,2280,16500
2013-06-14,2270,16400
2013-06-17,2240,16200
2013-06-18,2240,16200
2013-06-19,2260,16300
2013-06-20,2240,16200
2013-06-21,2240,16200
2013-06-24,2260,16300
2013-06-25,2230,16100
2013-06-26,2230,16100
2013-06-27,2230,16100
2013-06-28,2230,16100
2013-07-01,2230,16100
2013-07-02,2240,16200
2013-07-03,2240,16200
2013-07-04,2240,16200
2013-07-05,2210,16000
2013-07-08,2190,15800
2013-07-09,2200,15900
2013-07-10,2210,16000
2013-07-11,2200,15900
2013-07-12,2210,16000
2013-07-15,2210,16000
2013-07-16,2200,15900
2013-07-17,2230,16100
2013-07-18,2230,16100
2013-07-19,2210,16000
2013-07-22,2210,16000
2013-07-23,2230,16100
2013-07-24,2210,16000
2013-07-25,2190,15800
2013-07-26,2200,15900
2013-07-29,2200,15900
2013-07-30,2210,16000
2013-07-31,2190,15800
2013-08-01,2170,15700
2013-08-02,2170,15700
2013-08-05,2170,15700
2013-08-06,2170,15700
2013-08-07,2190,15800
2013-08-08,2160,15600
2013-08-09,2150,15500
2013-08-12,2150,15500
2013-08-13,2150,15500
2013-08-14,2170,15700
2013-08-15,2160,15600
2013-08-16,2150,15500
2013-08-19,2160,15600
2013-08-20,2160,15600
2013-08-21,2160,15600
2013-08-22,2150,15500
2013-08-23,2150,15500
2013-08-26,2150,15500
2013-08-27,2150,15500
2013-08-28,2100,15200
2013-08-29,2100,15200
2013-08-30,2130,15400
2013-09-03,2120,15300
2013-09-04,2100,15200
2013-09-05,2120,15300
2013-09-06,2130,15400
2013-09-09,2120,15300
2013-09-10,2130,15400
2013-09-11,2150,15500
2013-09-12,2120,15300
2013-09-13,2130,15400
2013-09-16,2130,15400
2013-09-17,2130,15400
2013-09-18,2130,15400
2013-09-19,2130,15400
2013-09-20,2150,15500
2013-09-23,2130,15400
2013-09-24,2150,15500
2013-09-25,2150,15500
2013-09-26,2150,15500
2013-09-27,2150,15500
2013-10-01,2170,15700
2013-10-02,2160,15600
2013-10-03,2170,15700
2013-10-04,2160,15600
2013-10-07,2170,15700
2013-10-08,2160,15600
2013-10-09,2190,15800
2013-10-10,2170,15700
2013-10-11,2170,15700
2013-10-14,2170,15700
2013-10-15,2190,15800
2013-10-16,2190,15800
2013-10-17,2170,15700
2013-10-18,2170,15700
2013-10-21,2170,15700
2013-10-22,2160,15600
2013-10-23,2160,15600
2013-10-24,2160,15600
2013-10-25,2160,15600
2013-10-28,2150,15500
2013-10-29,2160,15600
2013-10-30,2160,15600
2013-10-31,2160,15600
2013-11-01,2170,15700
2013-11-04,2160,15600
2013-11-05,2170,15700
2013-11-06,2160,15600
2013-11-07,2150,15500
2013-11-08,2150,15500
2013-11-11,2150,15500
2013-11-12,2160,15600
2013-11-13,2160,15600
2013-11-14,2160,15600
2013-11-15,2160,15600
2013-11-18,2160,15600
2013-11-19,2170,15700
2013-11-20,2170,15700
2013-11-21,2170,15700
2013-11-22,2170,15700
2013-11-25,2170,15700
2013-11-26,2170,15700
2013-11-27,2170,15700
2013-11-28,2150,15500
2013-11-29,2160,15600
2013-12-02,2160,15600
2013-12-03,2160,15600
2013-12-04,2170,15700
2013-12-05,2170,15700
2013-12-06,2160,15600
2013-12-09,2160,15600
2013-12-10,2160,15600
2013-12-11,2150,15500
2013-12-12,2160,15600
2013-12-13,2160,15600
2013-12-16,2160,15600
2013-12-17,2160,15600
2013-12-18,2160,15600
2013-12-19,2170,15700
2013-12-20,2160,15600
2013-12-23,2170,15700
2013-12-24,2170,15700
2013-12-25,2160,15600
2013-12-26,2160,15600
2013-12-27,2170,15700
2013-12-30,2170,15700
2013-12-31,2160,15600
2014-01-02,2170,15700
2014-01-03,2190,15800
2014-01-06,2170,15700
2014-01-07,2200,15900
2014-01-08,2190,15800
2014-01-09,2200,15900
2014-01-10,2210,16000
2014-01-13,2200,15900
2014-01-14,2240,16200
2014-01-15,2240,16200
2014-01-16,2230,16100
2014-01-17,2280,16500
2014-01-20,2270,16400
2014-01-21,2230,16100
2014-01-22,2230,16100
2014-01-23,2230,16100
2014-01-24,2240,16200
2014-01-27,2240,16200
2014-02-06,2240,16200
2014-02-07,2240,16200
2014-02-10,2240,16200
2014-02-11,2260,16300
2014-02-12,2270,16400
2014-02-13,2280,16500
2014-02-14,2280,16500
2014-02-17,2230,16100
2014-02-18,2230,16100
2014-02-19,2230,16100
2014-02-20,2210,16000
2014-02-21,2230,16100
2014-02-24,2230,16100
2014-02-25,2230,16100
2014-02-26,2260,16300
2014-02-27,2390,17300
2014-02-28,2370,17100
2014-03-03,2310,16700
2014-03-04,2300,16600
2014-03-05,2300,16600
2014-03-06,2300,16600
2014-03-07,2300,16600
2014-03-10,2280,16500
2014-03-11,2280,16500
2014-03-12,2270,16400
2014-03-13,2280,16500
2014-03-14,2280,16500
2014-03-17,2300,16600
2014-03-18,2370,17100
2014-03-19,2420,17500
2014-03-20,2410,17400
2014-03-21,2390,17300
2014-03-24,2420,17500
2014-03-25,2390,17300
2014-03-26,2350,17000
2014-03-27,2350,17000
2014-03-28,2370,17100
2014-03-31,2370,17100
2014-04-01,2340,16900
2014-04-02,2330,16800
2014-04-03,2380,17200
2014-04-04,2370,17100
2014-04-07,2340,16900
2014-04-08,2330,16800
2014-04-10,2340,16900
2014-04-11,2340,16900
2014-04-14,2370,17100
2014-04-15,2310,16700
2014-04-16,2330,16800
2014-04-17,2310,16700
2014-04-18,2310,16700
2014-04-21,2300,16600
2014-04-22,2310,16700
2014-04-23,2280,16500
2014-04-24,2240,16200
2014-04-25,2280,16500
2014-04-28,2270,16400
2014-04-29,2270,16400
2014-05-05,2270,16400
2014-05-06,2260,16300
2014-05-07,2270,16400
2014-05-08,2190,15800
2014-05-09,2230,16100
2014-05-12,2160,15600
2014-05-13,2170,15000
2014-05-14,2220,15300
2014-05-15,2230,15400
2014-05-16,2230,15400
2014-05-19,2230,15400
2014-05-20,2230,15400
2014-05-21,2280,15700
2014-05-22,2260,15600
2014-05-23,2250,15500
2014-05-26,2250,15500
2014-05-27,2280,15700
2014-05-28,2290,15800
2014-05-29,2280,15700
2014-05-30,2280,15700
2014-06-02,2250,15500
2014-06-03,2220,15300
2014-06-04,2250,15500
2014-06-05,2250,15500
2014-06-06,2260,15600
2014-06-09,2260,15600
2014-06-10,2250,15500
2014-06-11,2280,15700
2014-06-12,2260,15600
2014-06-13,2250,15500
2014-06-16,2250,15500
2014-06-17,2250,15500
2014-06-18,2230,15400
2014-06-19,2250,15500
2014-06-20,2250,15500
2014-06-23,2230,15400
2014-06-24,2230,15400
2014-06-25,2260,15600
2014-06-26,2230,15400
2014-06-27,2250,15500
2014-06-30,2230,15400
2014-07-01,2250,15500
2014-07-02,2250,15500
2014-07-03,2260,15600
2014-07-04,2250,15500
2014-07-07,2250,15500
2014-07-08,2250,15500
2014-07-09,2250,15500
2014-07-10,2230,15400
2014-07-11,2230,15400
2014-07-14,2230,15400
2014-07-15,2250,15500
2014-07-16,2250,15500
2014-07-17,2250,15500
2014-07-18,2250,15500
2014-07-21,2230,15400
2014-07-22,2230,15400
2014-07-23,2230,15400
2014-07-24,2230,15400
2014-07-25,2220,15300
2014-07-28,2220,15300
2014-07-29,2230,15400
2014-07-30,2230,15400
2014-07-31,2230,15400
2014-08-01,2230,15400
2014-08-04,2230,15400
2014-08-05,2230,15400
2014-08-06,2230,15400
2014-08-07,2230,15400
2014-08-08,2230,15400
2014-08-11,2220,15300
2014-08-12,2220,15300
2014-08-13,2220,15300
2014-08-14,2200,15200
2014-08-15,2220,15300
2014-08-18,2230,15400
2014-08-19,2220,15300
2014-08-20,2220,15300
2014-08-21,2220,15300
2014-08-22,2220,15300
2014-08-25,2230,15400
2014-08-26,2230,15400
2014-08-27,2220,15300
2014-08-28,2220,15300
2014-08-29,2250,15500
2014-09-03,2230,15400
2014-09-04,2230,15400
2014-09-05,2230,15400
2014-09-08,2220,15300
2014-09-09,2200,15200
2014-09-10,2220,15300
2014-09-11,2220,15300
2014-09-12,2200,15200
2014-09-15,2200,15200
2014-09-16,2220,15300
2014-09-17,2230,15400
2014-09-18,2200,15200
2014-09-19,2200,15200
2014-09-22,2200,15200
2014-09-23,2200,15200
2014-09-24,2200,15200
2014-09-25,2200,15200
2014-09-26,2200,15200
2014-09-29,2200,15200
2014-09-30,2200,15200
2014-10-01,2200,15200
2014-10-02,2200,15200
2014-10-03,2190,15100
2014-10-06,2190,15100
2014-10-07,2190,15100
2014-10-08,2190,15100
2014-10-09,2190,15100
2014-10-10,2190,15100
2014-10-13,2190,15100
2014-10-14,2190,15100
2014-10-15,2190,15100
2014-10-16,2190,15100
2014-10-17,2200,15200
2014-10-20,2190,15100
2014-10-21,2190,15100
2014-10-22,2190,15100
2014-10-23,2200,15200
2014-10-24,2190,15100
2014-10-27,2190,15100
2014-10-28,2190,15100
2014-10-29,2200,15200
2014-10-30,2220,15300
2014-10-31,2220,15300
2014-11-03,2220,15300
2014-11-04,2220,15300
2014-11-05,2190,15100
2014-11-06,2260,15600
2014-11-07,2260,15600
2014-11-10,2230,15400
2014-11-11,2280,15700
2014-11-12,2320,16000
2014-11-13,2320,16000
2014-11-14,2280,15700
2014-11-17,2290,15800
2014-11-18,2280,15700
2014-11-19,2260,15600
2014-11-20,2260,15600
2014-11-21,2230,15400
2014-11-24,2220,15300
2014-11-25,2230,15400
2014-11-26,2200,15200
2014-11-27,2230,15400
2014-11-28,2200,15200
2014-12-01,2200,15200
2014-12-02,2190,15100
2014-12-03,2200,15200
2014-12-04,2260,15600
2014-12-05,2260,15600
2014-12-08,2260,15600
2014-12-09,2220,15300
2014-12-10,2230,15400
2014-12-11,2250,15500
2014-12-12,2250,15500
2014-12-15,2250,15500
2014-12-16,2230,15400
2014-12-17,2220,15300
2014-12-18,2230,15400
2014-12-19,2230,15400
2014-12-22,2220,15300
2014-12-23,2250,15500
2014-12-24,2250,15500
2014-12-25,2230,15400
2014-12-26,2230,15400
2014-12-29,2220,15300
2014-12-30,2220,15300
2014-12-31,2230,15400
2015-01-05,2220,15300
2015-01-06,2250,15500
2015-01-07,2280,15700
2015-01-08,2290,15800
2015-01-09,2300,15900
2015-01-12,2330,16100
2015-01-13,2390,16500
2015-01-14,2350,16200
2015-01-15,2300,15900
2015-01-16,2300,15900
2015-01-19,2330,16100
2015-01-20,2320,16000
2015-01-21,2300,15900
2015-01-22,2360,16300
2015-01-23,2480,17100
2015-01-26,2490,17200
2015-01-27,2490,17200
2015-01-28,2610,18000
2015-01-29,2560,17700
2015-01-30,2490,17200
2015-02-02,2430,16800
2015-02-03,2300,15900
2015-02-04,2330,16100
2015-02-05,2330,16100
2015-02-06,2380,16400
2015-02-09,2330,16100
2015-02-10,2350,16200
2015-02-11,2380,16400
2015-02-12,2380,16400
2015-02-13,2430,16800
2015-02-24,2480,17100
2015-02-25,2510,17300
2015-02-26,2510,17300
2015-02-27,2460,17000
2015-03-02,2460,17000
2015-03-03,2450,16900
2015-03-04,2450,16900
2015-03-05,2430,16800
2015-03-06,2460,17000
2015-03-09,2450,16900
2015-03-10,2460,17000
2015-03-11,2480,17100
2015-03-12,2460,17000
2015-03-13,2450,16900
2015-03-16,2450,16900
2015-03-17,2450,16900
2015-03-18,2450,16900
2015-03-19,2450,16900
2015-03-20,2480,17100
2015-03-23,2450,16900
2015-03-24,2430,16800
2015-03-25,2460,17000
2015-03-26,2460,17000
2015-03-27,2430,16800
2015-03-30,2430,16800
2015-03-31,2420,16700
2015-04-01,2390,16500
2015-04-02,2410,16600
2015-04-03,2430,16800
2015-04-06,2430,16800
2015-04-07,2420,16700
2015-04-08,2410,16600
2015-04-09,2390,16500
2015-04-10,2410,16600
2015-04-13,2410,16600
2015-04-14,2410,16600
2015-04-15,2390,16500
2015-04-16,2390,16500
2015-04-17,2410,16600
2015-04-20,2390,16500
2015-04-21,2360,16300
2015-04-22,2390,16500
2015-04-23,2390,16500
2015-04-24,2360,16300
2015-04-27,2430,16800
2015-05-04,2380,16400
2015-05-05,2410,16600
2015-05-06,2410,16600
2015-05-07,2410,16600
2015-05-08,2390,16500
2015-05-11,2410,16600
2015-05-12,2410,16600
2015-05-13,2390,16500
2015-05-14,2420,16700
2015-05-15,2440,16100
2015-05-18,2410,15900
2015-05-19,2420,16000
2015-05-20,2440,16100
2015-05-21,2470,16300
2015-05-22,2440,16100
2015-05-25,2510,16600
2015-05-26,2650,17500
2015-05-27,2720,18000
2015-05-28,2890,19100
2015-05-29,2920,19300
2015-06-01,3040,20100
2015-06-02,2950,19500
2015-06-03,2980,19700
2015-06-04,3100,20500
2015-06-05,3270,21600
2015-06-08,3310,21900
2015-06-09,3310,21900
2015-06-10,3310,21900
2015-06-11,3250,21500
2015-06-12,3220,21300
2015-06-15,3300,21800
2015-06-16,3240,21400
2015-06-17,3210,21200
2015-06-18,3250,21500
2015-06-19,3280,21700
2015-06-22,3310,21900
2015-06-23,3300,21800
2015-06-24,3240,21400
2015-06-25,3270,21600
2015-06-26,3180,21000
2015-06-29,3150,20800
2015-06-30,3100,20500
2015-07-01,3130,20700
2015-07-02,3280,21700
2015-07-03,3370,22300
2015-07-06,3540,23400
2015-07-07,3570,23600
2015-07-08,3460,22900
2015-07-09,3430,22700
2015-07-10,3430,22700
2015-07-13,3450,22800
2015-07-14,3510,23200
2015-07-15,3420,22600
2015-07-16,3400,22500
2015-07-17,3330,22000
2015-07-20,3300,21800
2015-07-21,3210,21200
2015-07-22,3400,22500
2015-07-23,3300,21800
2015-07-24,3310,21900
2015-07-27,3330,22000
2015-07-28,3310,21900
2015-07-29,3280,21700
2015-07-30,3280,21700
2015-07-31,3270,21600
2015-08-03,3150,20800
2015-08-04,3120,20600
2015-08-05,3160,20900
2015-08-06,3100,20500
2015-08-07,3100,20500
2015-08-10,3210,21200
2015-08-11,3160,20900
2015-08-12,3100,20500
2015-08-13,3040,20100
2015-08-14,3000,19800
2015-08-17,2830,18700
2015-08-18,2870,19000
2015-08-19,2900,19200
2015-08-20,2860,18900
2015-08-21,2860,18900
2015-08-24,2590,17100
2015-08-25,2690,17800
2015-08-26,2780,18400
2015-08-27,2810,18600
2015-08-28,2840,18800
2015-08-31,2770,18300
2015-09-01,2750,18200
2015-09-03,2740,18100
2015-09-04,2710,17900
2015-09-07,2740,18100
2015-09-08,2870,19000
2015-09-09,2950,19500
2015-09-10,2900,19200
2015-09-11,2870,19000
2015-09-14,2860,18900
2015-09-15,2830,18700
2015-09-16,2830,18700
2015-09-17,2890,19100
2015-09-18,2920,19300
2015-09-21,2920,19300
2015-09-22,2900,19200
2015-09-23,2920,19300
2015-09-24,2950,19500
2015-09-25,2980,19700
2015-09-28,2920,19300
2015-09-29,2930,19400
2015-09-30,2930,19400
2015-10-01,2930,19400
2015-10-02,2950,19500
2015-10-05,2960,19600
2015-10-06,3060,20200
2015-10-07,3010,19900
2015-10-08,3060,20200
2015-10-09,3120,20600
2015-10-12,3160,20900
2015-10-13,3150,20800
2015-10-14,3150,20800
2015-10-15,3150,20800
2015-10-16,3130,20700
2015-10-19,3130,20700
2015-10-20,3120,20600
2015-10-21,3100,20500
2015-10-22,3150,20800
2015-10-23,3150,20800
2015-10-26,3160,20900
2015-10-27,3160,20900
2015-10-28,3120,20600
2015-10-29,3150,20800
2015-10-30,3150,20800
2015-11-02,3120,20600
2015-11-03,3120,20600
2015-11-04,3090,20400
2015-11-05,3100,20500
2015-11-06,3120,20600
2015-11-09,3090,20400
2015-11-10,3060,20200
2015-11-11,3010,19900
2015-11-12,3070,20300
2015-11-13,3100,20500
2015-11-16,3060,20200
2015-11-17,3040,20100
2015-11-18,3060,20200
2015-11-19,3040,20100
2015-11-20,3030,20000
2015-11-23,3010,19900
2015-11-24,2960,19600
2015-11-25,2960,19600
2015-11-26,2960,19600
2015-11-27,2930,19400
2015-11-30,2930,19400
2015-12-01,2930,19400
2015-12-02,2950,19500
2015-12-03,2930,19400
2015-12-04,2930,19400
2015-12-07,2930,19400
2015-12-08,2960,19600
2015-12-09,2960,19600
2015-12-10,2920,19300
2015-12-11,2930,19400
2015-12-14,2930,19400
2015-12-15,2920,19300
2015-12-16,2920,19300
2015-12-17,2950,19500
2015-12-18,2900,19200
2015-12-21,2930,19400
2015-12-22,2920,19300
2015-12-23,2900,19200
2015-12-24,2900,19200
2015-12-25,2900,19200
2015-12-28,2920,19300
2015-12-29,2930,19400
2015-12-30,2950,19500
2015-12-31,3000,19800
2016-01-04,2980,19700
2016-01-05,2930,19400
2016-01-06,2950,19500
2016-01-07,2890,19100
2016-01-08,2890,19100
2016-01-11,2870,19000
2016-01-12,2870,19000
2016-01-13,2870,19000
2016-01-14,2870,19000
2016-01-15,2890,19100
2016-01-18,2810,18600
2016-01-19,2860,18900
2016-01-20,2860,18900
2016-01-21,2860,18900
2016-01-22,2810,18600
2016-01-25,2890,19100
2016-01-26,2870,19000
2016-01-27,2870,19000
2016-01-28,2870,19000
2016-01-29,2870,19000
2016-02-01,2860,18900
2016-02-02,2870,19000
2016-02-03,2870,19000
2016-02-04,2870,19000
2016-02-05,2890,19100
2016-02-15,2870,19000
2016-02-16,2930,19400
2016-02-17,2900,19200
2016-02-18,2900,19200
2016-02-19,2900,19200
2016-02-22,2900,19200
2016-02-23,2900,19200
2016-02-24,3030,20000
2016-02-25,3000,19800
2016-02-26,3010,19900
2016-02-29,2980,19700
2016-03-01,2960,19600
2016-03-02,2950,19500
2016-03-03,2950,19500
2016-03-04,2980,19700
2016-03-07,3000,19800
2016-03-08,2870,19000
2016-03-09,2930,19400
2016-03-10,2920,19300
2016-03-11,2930,19400
2016-03-14,2890,19100
2016-03-15,2900,19200
2016-03-16,2900,19200
2016-03-17,2890,19100
2016-03-18,2890,19100
2016-03-21,2870,19000
2016-03-22,2860,18900
2016-03-23,2840,18800
2016-03-24,2830,18700
2016-03-25,2810,18600
2016-03-28,2810,18600
2016-03-29,2800,18500
2016-03-30,2680,17700
2016-03-31,2770,18300
2016-04-01,2770,18300
2016-04-04,2770,18300
2016-04-05,2720,18000
2016-04-06,2710,17900
2016-04-07,2750,18200
2016-04-08,2800,18500
2016-04-11,2780,18400
2016-04-12,2770,18300
2016-04-13,2740,18100
2016-04-14,2690,17800
2016-04-15,2710,17900
2016-04-19,2690,17800
2016-04-20,2680,17700
2016-04-21,2680,17700
2016-04-22,2750,18200
2016-04-25,2720,18000
2016-04-26,2720,18000
2016-04-27,2690,17800
2016-04-28,2680,17700
2016-04-29,2710,17900
2016-05-04,2710,17900
2016-05-05,2690,17800
2016-05-06,2690,17800
2016-05-09,2720,18000
2016-05-10,2710,17900
2016-05-11,2710,17900
2016-05-12,2840,18800
2016-05-13,2830,18700
2016-05-16,2870,19000
2016-05-17,2870,19000
2016-05-18,2920,19300
2016-05-19,2930,19400
2016-05-20,2890,19100
2016-05-23,2800,18500
2016-05-24,2800,18500
2016-05-25,2780,18400
2016-05-26,2770,18300
2016-05-27,2800,18500
2016-05-30,2800,18500
2016-05-31,2780,18400
2016-06-01,2800,18500
2016-06-02,2800,18500
2016-06-03,2800,18500
2016-06-06,2830,18700
2016-06-07,2830,18700
2016-06-08,2840,18800
2016-06-09,2860,18900
2016-06-10,2870,19000
2016-06-13,2870,19000
2016-06-14,2890,19100
2016-06-15,2890,19100
2016-06-16,2890,19100
2016-06-17,2890,19100
2016-06-20,2900,19200
2016-06-21,2900,19200
2016-06-22,2900,19200
2016-06-23,2900,19200
2016-06-24,2900,19200
2016-06-27,2890,19100
2016-06-28,2870,19000
2016-06-29,2870,19000
2016-06-30,2870,19000
2016-07-01,2870,19000
2016-07-04,2800,18500
2016-07-05,2800,18500
2016-07-06,2800,18500
2016-07-07,2830,18700
2016-07-08,2830,18700
2016-07-11,2800,18500
2016-07-12,2800,18500
2016-07-13,2870,19000
2016-07-14,2870,19000
2016-07-15,2870,19000
2016-07-18,2860,18900
2016-07-19,2800,18500
2016-07-20,2800,18500
2016-07-21,2770,18300
2016-07-22,2740,18100
2016-07-25,2740,18100
2016-07-26,2710,17900
2016-07-27,2710,17900
2016-07-28,2710,17900
2016-07-29,2740,18100
2016-08-01,2690,17800
2016-08-02,2650,17500
2016-08-03,2620,17300
2016-08-04,2650,17500
2016-08-05,2660,17600
2016-08-08,2660,17600
2016-08-09,2660,17600
2016-08-10,2680,17700
2016-08-11,2680,17700
2016-08-12,2680,17700
2016-08-15,2650,17500
2016-08-16,2690,17800
2016-08-17,2680,17700
2016-08-18,2660,17600
2016-08-19,2660,17600
2016-08-22,2650,17500
2016-08-23,2660,17600
2016-08-24,2650,17500
2016-08-25,2690,17800
2016-08-26,2710,17900
2016-08-29,2690,17800
2016-08-30,2690,17800
2016-08-31,2720,18000
2016-09-01,2710,17900
2016-09-05,2690,17800
2016-09-06,2710,17900
2016-09-07,2690,17800
2016-09-08,2690,17800
2016-09-09,2680,17700
2016-09-12,2660,17600
2016-09-13,2650,17500
2016-09-14,2630,17400
2016-09-15,2620,17300
2016-09-16,2620,17300
2016-09-19,2590,17100
2016-09-20,2590,17100
2016-09-21,2630,17400
2016-09-22,2620,17300
2016-09-23,2630,17400
2016-09-26,2600,17200
2016-09-27,2620,17300
2016-09-28,2750,18200
2016-09-29,2770,18300
2016-09-30,2770,18300
2016-10-03,2810,18600
2016-10-04,2890,19100
2016-10-05,2950,19500
2016-10-06,2950,19500
2016-10-07,2870,19000
2016-10-10,2870,19000
2016-10-11,2870,19000
2016-10-12,2920,19300
2016-10-13,2930,19400
2016-10-14,2920,19300
2016-10-17,2890,19100
2016-10-18,2900,19200
2016-10-19,2960,19600
2016-10-20,2950,19500
2016-10-21,2930,19400
2016-10-24,2870,19000
2016-10-25,2900,19200
2016-10-26,2890,19100
2016-10-27,2900,19200
2016-10-28,2930,19400
2016-10-31,2870,19000
2016-11-01,2900,19200
2016-11-02,2890,19100
2016-11-03,2870,19000
2016-11-04,2870,19000
2016-11-07,2890,19100
2016-11-08,2870,19000
2016-11-09,2830,18700
2016-11-10,2890,19100
2016-11-11,2890,19100
2016-11-14,2870,19000
2016-11-15,2890,19100
2016-11-16,2860,18900
2016-11-17,2870,19000
2016-11-18,2860,18900
2016-11-21,2870,19000
2016-11-22,2890,19100
2016-11-23,2920,19300
2016-11-24,2930,19400
2016-11-25,2930,19400
2016-11-28,2890,19100
2016-11-29,2890,19100
2016-11-30,2890,19100
2016-12-01,2720,18000
2016-12-02,2680,17700
2016-12-05,2650,17500
2016-12-06,2590,17100
2016-12-07,2540,16800
2016-12-08,2540,16800
2016-12-09,2590,17100
2016-12-12,2570,17000
2016-12-13,2510,16600
2016-12-14,2510,16600
2016-12-15,2530,16700
2016-12-16,2600,17200
2016-12-19,2570,17000
2016-12-20,2570,17000
2016-12-21,2710,17900
2016-12-22,2690,17800
2016-12-23,2620,17300
2016-12-26,2690,17800
2016-12-27,2630,17400
2016-12-28,2650,17500
2016-12-29,2660,17600
2016-12-30,2660,17600
2017-01-03,2870,19000
2017-01-04,2890,19100
2017-01-05,2890,19100
2017-01-06,3040,20100
2017-01-09,3150,20800
2017-01-10,3180,21000
2017-01-11,3270,21600
2017-01-12,3270,21600
2017-01-13,3250,21500
2017-01-16,3300,21800
2017-01-17,3480,23000
2017-01-18,3490,23100
2017-01-19,3480,23000
2017-01-20,3490,23100
2017-01-23,3460,22900
2017-01-24,3550,23500
2017-01-25,3570,23600
2017-02-02,3600,23800
2017-02-03,3660,24200
2017-02-06,3570,23600
2017-02-07,3580,23700
2017-02-08,3580,23700
2017-02-09,3580,23700
2017-02-10,3620,23900
2017-02-13,3550,23500
2017-02-14,3550,23500
2017-02-15,3520,23300
2017-02-16,3430,22700
2017-02-17,3430,22700
2017-02-20,3430,22700
2017-02-21,3430,22700
2017-02-22,3420,22600
2017-02-23,3420,22600
2017-02-24,3430,22700
2017-02-27,3460,22900
2017-02-28,3460,22900
2017-03-01,3420,22600
2017-03-02,3400,22500
2017-03-03,3450,22800
2017-03-06,3420,22600
2017-03-07,3400,22500
2017-03-08,3520,23300
2017-03-09,3540,23400
2017-03-10,3580,23700
2017-03-13,3460,22900
2017-03-14,3450,22800
2017-03-15,3490,23100
2017-03-16,3510,23200
2017-03-17,3540,23400
2017-03-20,3620,23900
2017-03-21,3780,25000
2017-03-22,3780,25000
2017-03-23,3770,24900
2017-03-24,3860,25500
2017-03-27,3810,25200
2017-03-28,3740,24700
2017-03-29,3720,24600
2017-03-30,3740,24700
2017-03-31,3710,24500
2017-04-03,3780,25000
2017-04-04,3830,25300
2017-04-05,3810,25200
2017-04-07,3750,24800
2017-04-10,3690,24400
2017-04-11,3580,23700
2017-04-12,3490,23100
2017-04-13,3480,23000
2017-04-14,3460,22900
2017-04-17,3400,22500
2017-04-18,3460,22900
2017-04-19,3430,22700
2017-04-20,3430,22700
2017-04-21,3430,22700
2017-04-24,3400,22500
2017-04-25,3340,22100
2017-04-26,3430,22700
2017-04-27,3430,22700
2017-04-28,3510,23200
2017-05-03,3600,23800
2017-05-04,3600,23800
2017-05-05,3550,23500
2017-05-08,3490,23100
2017-05-09,3580,23700
2017-05-10,3580,23700
2017-05-11,3540,23400
2017-05-12,3570,23600
2017-05-15,3550,23500
2017-05-16,3620,23900
2017-05-17,3690,24400
2017-05-18,3710,24500
2017-05-19,3740,24700
2017-05-22,3800,25100
2017-05-23,3710,24500
2017-05-24,3810,25200
2017-05-25,3800,25100
2017-05-26,3780,25000
2017-05-29,3800,25100
2017-05-30,3780,25000
2017-05-31,3780,25000
2017-06-01,3750,24800
2017-06-02,3740,24700
2017-06-05,3750,24800
2017-06-06,3830,25300
2017-06-07,3990,26400
2017-06-08,3950,26100
2017-06-09,3960,26200
2017-06-12,3930,26000
2017-06-13,4010,26500
2017-06-14,4040,26700
2017-06-15,3990,26400
2017-06-16,3990,26400
2017-06-19,4020,26600
2017-06-20,4050,26800
2017-06-21,3980,26300
2017-06-22,3950,26100
2017-06-23,3890,25700
2017-06-26,3950,26100
2017-06-27,3920,25900
2017-06-28,3900,25800
2017-06-29,3930,26000
2017-06-30,3920,25900
2017-07-03,3990,26400
2017-07-04,3960,26200
2017-07-05,4010,26500
2017-07-06,4010,26500
2017-07-07,4010,26500
2017-07-10,3920,25900
2017-07-11,3920,25900
2017-07-12,3920,25900
2017-07-13,3920,25900
2017-07-14,3900,25800
2017-07-17,3770,24900
2017-07-18,3800,25100
2017-07-19,3800,25100
2017-07-20,3810,25200
2017-07-21,3780,25000
2017-07-24,3740,24700
2017-07-25,3800,25100
2017-07-26,3870,25600
2017-07-27,3840,25400
2017-07-28,3900,25800
2017-07-31,3930,26000
2017-08-01,3950,26100
2017-08-02,3950,26100
2017-08-03,3930,26000
2017-08-04,3900,25800
2017-08-07,3930,26000
2017-08-08,3930,26000
2017-08-09,3870,25600
2017-08-10,3840,25400
2017-08-11,3840,25400
2017-08-14,3890,25700
2017-08-15,3900,25800
2017-08-16,3920,25900
2017-08-17,3870,25600
2017-08-18,3890,25700
2017-08-21,3960,26200
2017-08-22,3960,26200
2017-08-23,3990,26400
2017-08-24,4140,27400
2017-08-25,4170,27600
2017-08-28,4310,28500
2017-08-29,4330,28600
2017-08-30,4310,28500
2017-08-31,4340,28700
2017-09-01,4330,28600
2017-09-05,4390,29000
2017-09-06,4370,28900
2017-09-07,4330,28600
2017-09-08,4250,28100
2017-09-11,4160,27500
2017-09-12,4210,27800
2017-09-13,4300,28400
2017-09-14,4270,28200
2017-09-15,4250,28100
2017-09-18,4270,28200
2017-09-19,4250,28100
2017-09-20,4250,28100
2017-09-21,4300,28400
2017-09-22,4420,29200
2017-09-25,4550,30100
2017-09-26,4630,30600
2017-09-27,4550,30100
2017-09-28,4580,30300
2017-09-29,4630,30600
2017-10-02,4600,30400
2017-10-03,4580,30300
2017-10-04,4670,30900
2017-10-05,4610,30500
2017-10-06,4730,31300
2017-10-09,4830,31900
2017-10-10,4830,31900
2017-10-11,4840,32000
2017-10-12,4810,31800
2017-10-13,4900,32400
2017-10-16,4950,32700
2017-10-17,4960,32800
2017-10-18,4980,32900
2017-10-19,4900,32400
2017-10-20,4800,31700
2017-10-23,4640,30700
2017-10-24,4700,31100
2017-10-25,4830,31900
2017-10-26,4760,31500
2017-10-27,4830,31900
2017-10-30,4730,31300
2017-10-31,4630,30600
2017-11-01,4640,30700
2017-11-02,4510,29800
2017-11-03,4600,30400
2017-11-06,4660,30800
2017-11-07,4660,30800
2017-11-08,4750,31400
2017-11-09,4760,31500
2017-11-10,4840,32000
2017-11-13,4810,31800
2017-11-14,4870,32200
2017-11-15,4920,32500
2017-11-16,5010,33100
2017-11-17,5010,33100
2017-11-20,4960,32800
2017-11-21,4960,32800
2017-11-22,5130,33900
2017-11-23,5140,34000
2017-11-24,5160,34100
2017-11-27,5170,34200
2017-11-28,5140,34000
2017-11-29,5220,34500
2017-11-30,5280,34900
2017-12-01,5320,35200
2017-12-04,5520,36500
2017-12-05,5290,35000
2017-12-06,5280,34900
2017-12-07,5480,36200
2017-12-08,5450,36000
2017-12-11,5350,35400
2017-12-12,5230,34600
2017-12-13,5110,33800
2017-12-14,5170,34200
2017-12-15,5170,34200
2017-12-18,5310,35100
2017-12-19,5260,34800
2017-12-20,5260,34800
2017-12-21,5250,34700
2017-12-22,5230,34600
2017-12-25,5220,34500
2017-12-26,5250,34700
2017-12-27,5520,36500
2017-12-28,5570,36800
2017-12-29,5580,36900
2018-01-02,5870,38800
2018-01-03,5850,38700
2018-01-04,5870,38800
2018-01-05,5870,38800
2018-01-08,6070,40100
2018-01-09,6100,40300
2018-01-10,6020,39800
2018-01-11,6050,40000
2018-01-12,5910,39100
2018-01-15,5900,39000
2018-01-16,5870,38800
2018-01-17,5900,39000
2018-01-18,5970,39500
2018-01-19,5970,39500
2018-01-22,6080,40200
2018-01-23,6260,41400
2018-01-24,6220,41100
2018-01-25,6320,41800
2018-01-26,6370,42100
2018-01-29,6350,42000
2018-01-30,6290,41600
2018-01-31,6310,41700
2018-02-01,6200,41000
2018-02-02,6280,41500
2018-02-05,6050,40000
2018-02-06,5880,38900
2018-02-07,6160,40700
2018-02-08,5970,39500
2018-02-09,6040,39900
2018-02-12,6350,42000
2018-02-13,6610,43700
2018-02-21,6730,44500
2018-02-22,6690,44200
2018-02-23,6760,44700
2018-02-26,6850,45300
2018-02-27,7020,46400
2018-02-28,7110,47000
2018-03-01,6960,46000
2018-03-02,7030,46500
2018-03-05,6660,44000
2018-03-06,6940,45900
2018-03-07,6840,45200
2018-03-08,6850,45300
2018-03-09,7080,46800
2018-03-12,7350,48600
2018-03-13,7440,49200
2018-03-14,7440,49200
2018-03-15,7470,49400
2018-03-16,7620,50400
2018-03-19,7820,51700
2018-03-20,8050,48400
2018-03-21,7970,47900
2018-03-22,7820,47000
2018-03-23,7650,46000
2018-03-26,7870,47300
2018-03-27,7900,47500
2018-03-28,7800,46900
2018-03-29,7750,46600
2018-03-30,7770,46700
2018-04-02,8190,49200
2018-04-03,8150,49000
2018-04-04,8170,49100
2018-04-05,8290,49800
2018-04-06,8470,50900
2018-04-09,8500,51100
2018-04-10,8400,50500
2018-04-11,8120,48800
2018-04-12,8300,49900
2018-04-13,8070,48500
2018-04-16,8090,48600
2018-04-17,8240,49500
2018-04-18,8140,48900
2018-04-19,7940,47700
2018-04-20,8000,48100
2018-04-23,7400,44500
2018-04-24,7390,44400
2018-04-26,6760,40600
2018-04-27,7050,42400
2018-05-02,6990,42000
2018-05-03,7240,43500
2018-05-04,7250,43600
2018-05-07,7650,46000
2018-05-08,7550,45400
2018-05-09,7390,44400
2018-05-10,7050,42400
2018-05-11,7320,44000
2018-05-14,7370,44300
2018-05-15,7400,44500
2018-05-16,7150,43000
2018-05-17,7140,42900
2018-05-18,7120,42800
2018-05-21,7020,42200
2018-05-22,6840,41100
2018-05-23,6910,41500
2018-05-24,6820,41000
2018-05-25,6660,40000
2018-05-28,6020,36200
2018-05-29,6540,39300
2018-05-30,6390,38400
2018-05-31,6660,40000
2018-06-01,6740,40500
2018-06-04,6990,42000
2018-06-05,6940,41700
2018-06-06,7200,43300
2018-06-07,7050,42400
2018-06-08,7170,43100
2018-06-11,7090,42600
2018-06-12,6920,41600
2018-06-13,6910,41500
2018-06-14,6760,40600
2018-06-15,6870,41300
2018-06-18,6620,39800
2018-06-19,6490,39000
2018-06-20,6560,39400
2018-06-21,6360,38200
2018-06-22,6560,39400
2018-06-25,6540,39300
2018-06-26,6440,38700
2018-06-27,6240,37500
2018-06-28,6010,36100
2018-06-29,5920,35600
2018-07-02,5540,33300
2018-07-03,5160,31000
2018-07-04,5320,32000
2018-07-05,4970,29900
2018-07-06,5460,32800
2018-07-09,5490,33000
2018-07-10,5640,33900
2018-07-11,5310,31900
2018-07-12,5510,33100
2018-07-13,5690,34200
2018-07-16,5740,34500
2018-07-17,5920,35600
2018-07-18,6020,36200
2018-07-19,5890,35400
2018-07-20,6120,36800
2018-07-23,5940,35700
2018-07-24,5860,35200
2018-07-25,5660,34000
2018-07-26,5790,34800
2018-07-27,5920,35600
2018-07-30,6010,36100
2018-07-31,5920,35600
2018-08-01,5910,35500
2018-08-02,5910,35500
2018-08-03,5910,35500
2018-08-06,5860,35200
2018-08-07,5910,35500
2018-08-08,6110,36700
2018-08-09,6120,36800
2018-08-10,6210,37300
2018-08-13,6340,38100
2018-08-14,6240,37500
2018-08-15,6160,37000
2018-08-16,6120,36800
2018-08-17,6120,36800
2018-08-20,6110,36700
2018-08-21,6310,37900
2018-08-22,6290,37800
2018-08-23,6360,38200
2018-08-24,6460,38800
2018-08-27,6460,38800
2018-08-28,6470,38900
2018-08-29,6540,39300
2018-08-30,6610,39700
2018-08-31,6510,39100
2018-09-04,6320,38000
2018-09-05,6260,37600
2018-09-06,6260,32700
2018-09-07,6390,33400
2018-09-10,6280,32800
2018-09-11,6310,33000
2018-09-12,6300,32900
2018-09-13,6390,33400
2018-09-14,6450,33700
2018-09-17,6350,33200
2018-09-18,6410,33500
2018-09-19,6410,33500
2018-09-20,6470,33800
2018-09-21,6580,34400
2018-09-24,6560,34300
2018-09-25,6510,34000
2018-09-26,6490,33900
2018-09-27,6490,33900
2018-09-28,6520,34100
2018-10-01,6450,33700
2018-10-02,6370,33300
2018-10-03,6410,33500
2018-10-04,6510,34000
2018-10-05,6430,33600
2018-10-08,6450,33700
2018-10-09,6450,33700
2018-10-10,6430,33600
2018-10-11,5930,31000
2018-10-12,6120,32000
2018-10-15,5930,31000
2018-10-16,5990,31300
2018-10-17,6030,31500
2018-10-18,5930,31000
2018-10-19,5930,31000
2018-10-22,5890,30800
2018-10-23,5660,29600
2018-10-24,5610,29300
2018-10-25,5530,28900
2018-10-26,5410,28300
2018-10-29,5360,28000
2018-10-30,5450,28500
2018-10-31,5800,30300
2018-11-01,5610,29300
2018-11-02,5820,30400
2018-11-05,5780,30200
2018-11-06,5630,29400
2018-11-07,5610,29300
2018-11-08,5630,29400
2018-11-09,5490,28700
2018-11-12,5490,28700
2018-11-13,5410,28300
2018-11-14,5280,27600
2018-11-15,5260,27500
2018-11-16,5450,28500
2018-11-19,5550,29000
2018-11-20,5530,28900
2018-11-21,5530,28900
2018-11-22,5630,29400
2018-11-23,5550,29000
2018-11-26,5570,29100
2018-11-27,5510,28800
2018-11-28,5630,29400
2018-11-29,5640,29500
2018-11-30,5700,29800
2018-12-03,5990,31300
2018-12-04,5950,31100
2018-12-05,5930,31000
2018-12-06,5890,30800
2018-12-07,5860,30600
2018-12-10,5840,30500
2018-12-11,5860,30600
2018-12-12,5910,30900
2018-12-13,5870,30700
2018-12-14,5820,30400
2018-12-17,5660,29600
2018-12-18,5660,29600
2018-12-19,5660,29600
2018-12-20,5660,29600
2018-12-21,5630,29400
2018-12-24,5550,29000
2018-12-25,5510,28800
2018-12-26,5490,28700
2018-12-27,5630,29400
2018-12-28,5660,29600
2019-01-02,5590,29200
2019-01-03,5380,28100
2019-01-04,5410,28300
2019-01-07,5490,28700
2019-01-08,5450,28500
2019-01-09,5550,29000
2019-01-10,5530,28900
2019-01-11,5530,28900
2019-01-14,5490,28700
2019-01-15,5570,29100
2019-01-16,5510,28800
2019-01-17,5530,28900
2019-01-18,5470,28600
2019-01-21,5640,29500
2019-01-22,5570,29100
2019-01-23,5570,29100
2019-01-24,5590,29200
2019-01-25,5590,29200
2019-01-28,5530,28900
2019-01-29,5550,29000
2019-01-30,5610,29300
2019-01-31,5630,29400
2019-02-01,5640,29500
2019-02-11,5780,30200
2019-02-12,5840,30500
2019-02-13,5840,30500
2019-02-14,5760,30100
2019-02-15,5780,30200
2019-02-18,5820,30400
2019-02-19,5800,30300
2019-02-20,5820,30400
2019-02-21,5760,30100
2019-02-22,5840,30500
2019-02-25,5930,31000
2019-02-26,5890,30800
2019-02-27,5860,30600
2019-02-28,5680,29700
2019-03-01,5740,30000
2019-03-04,5820,30400
2019-03-05,5800,30300
2019-03-06,5800,30300
2019-03-07,5840,30500
2019-03-08,5800,30300
2019-03-11,5820,30400
2019-03-12,5910,30900
2019-03-13,6010,31400
2019-03-14,6030,31500
2019-03-15,6070,31700
2019-03-18,6100,31900
2019-03-19,5990,31300
2019-03-20,5930,31000
2019-03-21,5820,30400
2019-03-22,5840,30500
2019-03-25,5760,30100
2019-03-26,5800,30300
2019-03-27,5820,30400
2019-03-28,5800,30300
2019-03-29,5800,30300
2019-04-01,5800,30300
2019-04-02,5800,30300
2019-04-03,5760,30100
2019-04-04,5780,30200
2019-04-05,5780,30200
2019-04-08,5890,30800
2019-04-09,5840,30500
2019-04-10,5780,30200
2019-04-11,5800,30300
2019-04-12,5780,30200
2019-04-16,5740,30000
2019-04-17,5720,29900
2019-04-18,5680,29700
2019-04-19,5660,29600
2019-04-22,5610,29300
2019-04-23,5660,29600
2019-04-24,5760,30100
2019-04-25,5740,30000
2019-04-26,5760,30100
2019-05-02,5680,29700
2019-05-03,5740,30000
2019-05-06,5630,29400
2019-05-07,5640,29500
2019-05-08,5640,29500
2019-05-09,5570,29100
2019-05-10,5610,29300
2019-05-13,5590,29200
2019-05-14,5570,29100
2019-05-15,5640,29500
2019-05-16,5610,29300
2019-05-17,5590,29200
2019-05-20,5610,29300
2019-05-21,5630,29400
2019-05-22,5660,29600
2019-05-23,5640,29500
2019-05-24,5590,29200
2019-05-27,5550,29000
2019-05-28,5530,28900
2019-05-29,5590,29200
2019-05-30,5570,29100
2019-05-31,5550,29000
2019-06-03,5490,28700
2019-06-04,5470,28600
2019-06-05,5530,28900
2019-06-06,5450,28500
2019-06-07,5490,28700
2019-06-10,5470,28600
2019-06-11,5470,28600
2019-06-12,5450,28500
2019-06-13,5470,28600
2019-06-14,5490,28700
2019-06-17,5490,28700
2019-06-18,5530,28900
2019-06-19,5530,28900
2019-06-20,5660,29600
2019-06-21,5640,29500
2019-06-24,5640,29500
2019-06-25,5590,29200
2019-06-26,5550,29000
2019-06-27,5470,28600
2019-06-28,5530,28900
2019-07-01,5590,29200
2019-07-02,5530,28900
2019-07-03,5510,28800
2019-07-04,5590,29200
2019-07-05,5590,29200
2019-07-08,5550,29000
2019-07-09,5700,29800
2019-07-10,5660,29600
2019-07-11,5780,30200
2019-07-12,5760,30100
2019-07-15,5740,30000
2019-07-16,5780,30200
2019-07-17,5870,30700
2019-07-18,5890,30800
2019-07-19,5970,31200
2019-07-22,5930,31000
2019-07-23,5890,30800
2019-07-24,5870,30700
2019-07-25,5900,23700
2019-07-26,5820,23400
2019-07-29,5720,23000
2019-07-30,5700,22900
2019-07-31,5670,22800
2019-08-01,5600,22500
2019-08-02,5550,22300
2019-08-05,5470,22000
2019-08-06,5400,21700
2019-08-07,5370,21600
2019-08-08,5470,22000
2019-08-09,5450,21900
2019-08-12,5470,22000
2019-08-13,5450,21900
2019-08-14,5400,21700
2019-08-15,5400,21700
2019-08-16,5450,21900
2019-08-19,5470,22000
2019-08-20,5520,22200
2019-08-21,5550,22300
2019-08-22,5650,22700
2019-08-23,5620,22600
2019-08-26,5600,22500
2019-08-27,5600,22500
2019-08-28,5520,22200
2019-08-29,5500,22100
2019-08-30,5520,22200
2019-09-03,5500,22100
2019-09-04,5470,22000
2019-09-05,5470,22000
2019-09-06,5450,21900
2019-09-09,5450,21900
2019-09-10,5400,21700
2019-09-11,5420,21800
2019-09-12,5520,22200
2019-09-13,5620,22600
2019-09-16,5570,22400
2019-09-17,5550,22300
2019-09-18,5570,22400
2019-09-19,5750,23100
2019-09-20,5770,23200
2019-09-23,5800,23300
2019-09-24,5770,23200
2019-09-25,5720,23000
2019-09-26,5800,23300
2019-09-27,5770,23200
2019-09-30,5820,23400
2019-10-01,5900,23700
2019-10-02,5870,23600
2019-10-03,5870,23600
2019-10-04,5870,23600
2019-10-07,5770,23200
2019-10-08,5800,23300
2019-10-09,5900,23700
2019-10-10,5970,24000
2019-10-11,5970,24000
2019-10-14,6090,24500
2019-10-15,6070,24400
2019-10-16,6070,24400
2019-10-17,6070,24400
2019-10-18,5990,24100
2019-10-21,5820,23400
2019-10-22,5850,23500
2019-10-23,5850,23500
2019-10-24,5870,23600
2019-10-25,5870,23600
2019-10-28,5900,23700
2019-10-29,5900,23700
2019-10-30,6040,24300
2019-10-31,5990,24100
2019-11-01,6020,24200
2019-11-04,6120,24600
2019-11-05,6120,24600
2019-11-06,6120,24600
2019-11-07,6120,24600
2019-11-08,6170,24800
2019-11-11,6140,24700
2019-11-12,6140,24700
2019-11-13,6220,25000
2019-11-14,6090,24500
2019-11-15,6070,24400
2019-11-18,5990,24100
2019-11-19,6020,24200
2019-11-20,5950,23900
2019-11-21,5970,24000
2019-11-22,5770,23200
2019-11-25,5820,23400
2019-11-26,5870,23600
2019-11-27,5770,23200
2019-11-28,5700,22900
2019-11-29,5750,23100
2019-12-02,5620,22600
2019-12-03,5620,22600
2019-12-04,5750,23100
2019-12-05,5720,23000
2019-12-06,5720,23000
2019-12-09,5700,22900
2019-12-10,5670,22800
2019-12-11,5700,22900
2019-12-12,5720,23000
2019-12-13,5770,23200
2019-12-16,5720,23000
2019-12-17,5670,22800
2019-12-18,5600,22500
2019-12-19,5600,22500
2019-12-20,5650,22700
2019-12-23,5670,22800
2019-12-24,5650,22700
2019-12-25,5700,22900
2019-12-26,5620,22600
2019-12-27,5650,22700
2019-12-30,5650,22700
2019-12-31,5670,22800
2020-01-02,5720,23000
2020-01-03,5720,23000
2020-01-06,5600,22500
2020-01-07,5600,22500
2020-01-08,5500,22100
2020-01-09,5570,22400
2020-01-10,5650,22700
2020-01-13,5700,22900
2020-01-14,5850,23500
2020-01-15,5800,23300
2020-01-16,5950,23900
2020-01-17,5920,23800
2020-01-20,6040,24300
2020-01-21,6090,24500
2020-01-22,6090,24500
2020-01-30,5870,23600
2020-01-31,5720,23000
2020-02-03,5620,22600
2020-02-04,5770,23200
2020-02-05,5720,23000
2020-02-06,5970,24000
2020-02-07,5920,23800
2020-02-10,5870,23600
2020-02-11,5900,23700
2020-02-12,6370,25600
2020-02-13,6340,25500
2020-02-14,6570,26400
2020-02-17,6570,26400
2020-02-18,6620,26600
2020-02-19,6540,26300
2020-02-20,6570,26400
2020-02-21,6390,25700
2020-02-24,5970,24000
2020-02-25,6240,25100
2020-02-26,6120,24600
2020-02-27,6340,25500
2020-02-28,6270,25200
2020-03-02,6270,25200
2020-03-03,6370,25600
2020-03-04,6420,25800
2020-03-05,6370,25600
2020-03-06,6290,25300
2020-03-09,5800,23300
2020-03-10,6020,24200
2020-03-11,5820,23400
2020-03-12,5500,22100
2020-03-13,5470,22000
2020-03-16,5200,20900
2020-03-17,5250,21100
2020-03-18,5270,21200
2020-03-19,5250,21100
2020-03-20,5320,21400
2020-03-23,4800,19300
2020-03-24,4880,19600
2020-03-25,5100,20500
2020-03-26,4900,19700
2020-03-27,4900,19700
2020-03-30,4530,18200
2020-03-31,4430,17800
2020-04-01,4630,18600
2020-04-03,4750,19100
2020-04-06,5120,20600
2020-04-07,5050,20300
2020-04-08,5020,20200
2020-04-09,4970,20000
2020-04-10,4930,19800
2020-04-13,4970,20000
2020-04-14,4970,20000
2020-04-15,5020,20200
2020-04-16,5070,20400
2020-04-17,5220,21000
2020-04-20,5150,20700
2020-04-21,4930,19800
2020-04-22,5070,20400
2020-04-23,5050,20300
2020-04-24,5050,20300
2020-04-27,5000,20100
2020-04-28,5050,20300
2020-04-29,5100,20500
2020-05-04,5050,20300
2020-05-05,5050,20300
2020-05-06,5170,20800
2020-05-07,5270,21200
2020-05-08,5320,21400
2020-05-11,5400,21700
2020-05-12,5420,21800
2020-05-13,5400,21700
2020-05-14,5320,21400
2020-05-15,5400,21700
2020-05-18,5420,21800
2020-05-19,5520,22200
2020-05-20,5520,22200
2020-05-21,5570,22400
2020-05-22,5570,22400
2020-05-25,5620,22600
2020-05-26,5800,23300
2020-05-27,5670,22800
2020-05-28,5700,22900
2020-05-29,5700,22900
2020-06-01,6240,25100
2020-06-02,6170,24800
2020-06-03,6340,25500
2020-06-04,6290,25300
2020-06-05,6270,25200
2020-06-08,6320,25400
2020-06-09,6340,25500
2020-06-10,6370,25600
2020-06-11,6090,24500
2020-06-12,6090,24500
2020-06-15,5800,23300
2020-06-16,5920,23800
2020-06-17,5900,23700
2020-06-18,5920,23800
2020-06-19,6070,24400
2020-06-22,5990,24100
2020-06-23,5970,24000
2020-06-24,5920,23800
2020-06-25,5900,23700
2020-06-26,5870,23600
2020-06-29,5700,22900
2020-06-30,5670,22800
2020-07-01,5770,23200
2020-07-02,5750,23100
2020-07-03,5720,23000
2020-07-06,5870,23600
2020-07-07,5900,23700
2020-07-08,5950,23900
2020-07-09,6040,24300
2020-07-10,5970,24000
2020-07-13,5950,23900
2020-07-14,5970,24000
2020-07-15,5970,24000
2020-07-16,5970,24000
2020-07-17,6170,24800
2020-07-20,6090,24500
2020-07-21,6120,24600
2020-07-22,6070,24400
2020-07-23,6020,24200
2020-07-24,5770,23200
2020-07-27,5420,21800
2020-07-28,5700,22900
2020-07-29,5520,22200
2020-07-30,5620,22600
2020-07-31,5600,22500
2020-08-03,5770,23200
2020-08-04,5900,23700
2020-08-05,5970,24000
2020-08-06,5920,23800
2020-08-07,5900,23700
2020-08-10,5920,23800
2020-08-11,6320,25400
2020-08-12,6320,25400
2020-08-13,6340,25500
2020-08-14,6290,25300
2020-08-17,6420,25800
2020-08-18,6370,25600
2020-08-19,6370,25600
2020-08-20,6720,20800
2020-08-21,6850,21200
2020-08-24,6790,21000
2020-08-25,6820,21100
2020-08-26,6850,21200
2020-08-27,6950,21500
2020-08-28,6920,21400
2020-08-31,6850,21200
2020-09-01,6820,21100
2020-09-03,6850,21200
2020-09-04,6820,21100
2020-09-07,6720,20800
2020-09-08,6660,20600
2020-09-09,6760,20900
2020-09-10,6760,20900
2020-09-11,6720,20800
2020-09-14,6850,21200
2020-09-15,6890,21300
2020-09-16,6850,21200
2020-09-17,6950,21500
2020-09-18,7010,21700
2020-09-21,7110,22000
2020-09-22,7210,22300
2020-09-23,7270,22500
2020-09-24,7180,22200
2020-09-25,7180,22200
2020-09-28,7310,22600
2020-09-29,7240,22400
2020-09-30,7270,22500
2020-10-01,7270,22500
2020-10-02,7440,23000
2020-10-05,7630,23600
2020-10-06,7760,24000
2020-10-07,7560,23400
2020-10-08,7500,23200
2020-10-09,7600,23500
2020-10-12,7530,23300
2020-10-13,7560,23400
2020-10-14,7760,24000
2020-10-15,7920,24500
2020-10-16,7980,24700
2020-10-19,8180,25300
2020-10-20,8180,25300
2020-10-21,8150,25200
2020-10-22,8280,25600
2020-10-23,8280,25600
2020-10-26,8020,24800
2020-10-27,7890,24400
2020-10-28,7690,23800
2020-10-29,7730,23900
2020-10-30,7790,24100
2020-11-02,7920,24500
2020-11-03,8080,25000
2020-11-04,8240,25500
2020-11-05,8050,24900
2020-11-06,8110,25100
2020-11-09,8210,25400
2020-11-10,8180,25300
2020-11-11,8210,25400
2020-11-12,8530,26400
2020-11-13,8570,26500
2020-11-16,8470,26200
2020-11-17,8790,27200
2020-11-18,8790,27200
2020-11-19,8790,27200
2020-11-20,8820,27300
2020-11-23,8820,27300
2020-11-24,8820,27300
2020-11-25,8820,27300
2020-11-26,8860,27400
2020-11-27,8790,27200
2020-11-30,8790,27200
2020-12-01,8820,27300
2020-12-09,9230,28550
2020-12-10,9040,27950
2020-12-11,9120,28200
2020-12-14,9120,28200
2020-12-15,9050,28000
2020-12-16,9130,28250
2020-12-17,9150,28300
2020-12-18,9180,28400
2020-12-21,9360,28950
2020-12-22,9290,28750
2020-12-23,9080,28100
2020-12-24,8820,27300
2020-12-25,9040,27950
2020-12-28,8990,27800
2020-12-29,8950,27700
2020-12-30,8990,27800
2020-12-31,9080,28100
2021-01-04,9260,28650
2021-01-05,9490,29350
2021-01-06,9670,29900
2021-01-07,9670,29900
2021-01-08,9760,30200
2021-01-11,9810,30350
2021-01-12,9730,30100
2021-01-13,9650,29850
2021-01-14,9650,29850
2021-01-15,9780,30250
2021-01-18,9680,29950
2021-01-19,9020,27900
2021-01-20,9150,28300
2021-01-21,9360,28950
2021-01-22,9260,28650
2021-01-25,9080,28100
2021-01-26,8990,27800
2021-01-27,8890,27500
2021-01-28,8280,25600
2021-01-29,8660,26800
2021-02-01,8610,26650
2021-02-02,8840,27350
2021-02-03,9080,28100
2021-02-04,9120,28200
2021-02-05,9210,28500
2021-02-08,8890,27500
2021-02-09,9230,28550
2021-02-17,9500,29400
2021-02-18,9420,29150
2021-02-19,10050,31100
2021-02-22,10220,31600
2021-02-23,10250,31700
2021-02-24,10090,31200
2021-02-25,10470,32400
2021-02-26,10680,33050
2021-03-01,10750,33250
2021-03-02,10670,33000
2021-03-03,10750,33250
2021-03-04,10470,32400
2021-03-05,10490,32450
2021-03-08,10280,31800
2021-03-09,10360,32050
2021-03-10,10590,32750
2021-03-11,10670,33000
2021-03-12,10650,32950
2021-03-15,10830,33500
2021-03-16,10810,33450
2021-03-17,10830,33500
2021-03-18,10970,33950
2021-03-19,10930,33800
2021-03-22,10800,33400
2021-03-23,10670,33000
2021-03-24,10490,32450
2021-03-25,10360,32050
2021-03-26,10490,32450
2021-03-29,10670,33000
2021-03-30,10760,33300
2021-04-01,10940,33850
2021-04-02,11200,34650
2021-04-05,11230,34750
2021-04-06,11230,34750
2021-04-07,11120,34400
2021-04-08,11120,34400
2021-04-09,11120,34400
2021-04-12,11360,35150
2021-04-13,11180,34600
2021-04-14,11180,34600
2021-04-15,10940,33850
2021-04-16,10700,33100
2021-04-19,10890,33700
2021-04-20,10860,33600
2021-04-22,10510,32500
2021-04-23,10800,33400
2021-04-26,10760,33300
2021-04-27,10990,34000
2021-04-28,10930,33800
2021-04-29,11200,34650
2021-05-04,11140,34450
2021-05-05,11410,35300
2021-05-06,11250,34800
2021-05-07,11380,35200
2021-05-10,11700,36200
2021-05-11,11570,35800
2021-05-12,11690,36150
2021-05-13,11700,36200
2021-05-14,11780,36450
2021-05-17,11820,36550
2021-05-18,11720,36250
2021-05-19,11830,36600
2021-05-20,12090,37400
2021-05-21,12120,37500
2021-05-24,12120,37500
2021-05-25,12280,38000
2021-05-26,12430,38450
2021-05-27,12350,38200
2021-05-28,12570,38900
2021-05-31,13380,41400
2021-06-01,13610,42100
2021-06-02,14420,44600
2021-06-03,14840,45900
2021-06-04,14640,45300
2021-06-07,13900,43000
2021-06-08,13000,40200
2021-06-09,13720,42450
2021-06-10,13780,34100
2021-06-11,14000,34650
2021-06-14,13780,34100
2021-06-15,14280,35350
2021-06-16,14020,34700
2021-06-17,14100,34900
2021-06-18,14140,35000
2021-06-21,14040,34750
2021-06-22,14410,35650
2021-06-23,14470,35800
2021-06-24,14630,36200
2021-06-25,14690,36350
2021-06-28,14830,36700
2021-06-29,14730,36450
2021-07-01,14530,35950
2021-07-02,14590,36100
2021-07-05,15330,37950
2021-07-06,14550,36000
2021-07-07,14770,36550
2021-07-08,14630,36200
2021-07-09,14220,35200
2021-07-12,13230,32750
2021-07-13,13290,32900
2021-07-14,12830,31750
2021-07-15,13230,32750
2021-07-16,13580,33600
2021-07-19,12990,32150
2021-07-20,13700,33900
2021-07-21,13660,33800
2021-07-22,13780,34100
2021-07-23,13330,33000
2021-07-26,13210,32700
2021-07-27,13400,33150
2021-07-28,13400,33150
2021-07-29,13800,34150
2021-07-30,14610,36150
2021-08-02,14360,35550
2021-08-03,14470,35800
2021-08-04,14340,35500
2021-08-05,14550,36000
2021-08-06,14360,35550
2021-08-09,14750,36500
2021-08-10,14690,36350
2021-08-11,14550,36000
2021-08-12,14260,35300
2021-08-13,14280,35350
2021-08-16,14430,35700
2021-08-17,14390,35600
2021-08-18,14360,35550
2021-08-19,14260,35300
2021-08-20,13580,33600
2021-08-23,12930,32000
2021-08-24,13050,32300
2021-08-25,13110,32450
2021-08-26,12910,31950
2021-08-27,12830,31750
2021-08-30,12990,32150
2021-08-31,12930,32000
2021-09-01,12930,32000
2021-09-06,12950,32050
2021-09-07,13130,32500
2021-09-08,12990,32150
2021-09-09,13110,32450
2021-09-10,13050,32300
2021-09-13,12890,31900
2021-09-14,12730,31500
2021-09-15,12610,31200
2021-09-16,12650,31300
2021-09-17,12770,31600
2021-09-20,12970,32100
2021-09-21,12850,31800
2021-09-22,12770,31600
2021-09-23,12770,31600
2021-09-24,12930,32000
2021-09-27,12730,31500
2021-09-28,12770,31600
2021-09-29,12670,31350
2021-09-30,12750,31550
2021-10-01,12730,31500
2021-10-04,12530,31000
2021-10-05,12730,31500
2021-10-06,12670,31350
2021-10-07,12610,31200
2021-10-08,12710,31450
2021-10-11,13170,32600
2021-10-12,13170,32600
2021-10-13,13170,32600
2021-10-14,13050,32300
2021-10-15,13010,32200
2021-10-18,12930,32000
2021-10-19,13050,32300
2021-10-20,13050,32300
2021-10-21,12830,31750
2021-10-22,12770,31600
2021-10-25,12630,31250
2021-10-26,12570,31100
2021-10-27,12690,31400
2021-10-28,12870,31850
2021-10-29,13330,33000
2021-11-01,13210,32700
2021-11-02,13400,33150
2021-11-03,13680,33850
2021-11-04,13540,33500
2021-11-05,13540,33500
2021-11-08,13500,33400
2021-11-09,13520,33450
2021-11-10,13500,33400
2021-11-11,13330,33000
2021-11-12,13480,33350
2021-11-15,13500,33400
2021-11-16,13400,33150
2021-11-17,13460,33300
2021-11-18,13130,32500
2021-11-19,13520,33450
2021-11-22,13800,34150
2021-11-23,13720,33950
2021-11-24,14280,35350
2021-11-25,14200,35150
2021-11-26,13980,34600
2021-11-29,13800,34150
2021-11-30,13460,33300
2021-12-01,13540,33500
2021-12-02,13420,33200
2021-12-03,13150,32550
2021-12-06,13050,32300
2021-12-07,13310,32950
2021-12-08,13370,33100
2021-12-09,13460,33300
2021-12-10,13500,33400
2021-12-13,13500,33400
2021-12-14,13460,33300
2021-12-15,13500,33400
2021-12-16,13330,33000
2021-12-17,13420,33200
2021-12-20,13370,33100
2021-12-21,13250,32800
2021-12-22,13210,32700
2021-12-23,13130,32500
2021-12-24,13330,33000
2021-12-27,13400,33150
2021-12-28,13600,33650
2021-12-29,13660,33800
2021-12-30,13700,33900
2022-01-04,13900,34400
2022-01-05,13620,33700
2022-01-06,13640,33750
2022-01-07,13460,33300
2022-01-10,13330,33000
2022-01-11,13230,32750
2022-01-12,13370,33100
2022-01-13,13480,33350
2022-01-14,13350,33050
2022-01-17,13230,32750
2022-01-18,13250,32800
2022-01-19,13330,33000
2022-01-20,13290,32900
2022-01-21,13520,33450
2022-01-24,13880,34350
2022-01-25,14080,34850
2022-01-26,14320,35450
2022-01-27,14100,34900
2022-01-28,13960,34550
2022-02-07,14020,34700
2022-02-08,14450,35750
2022-02-09,14390,35600
2022-02-10,14360,35550
2022-02-11,14430,35700
2022-02-14,13740,34000
2022-02-15,13940,34500
2022-02-16,13820,34200
2022-02-17,13860,34300
2022-02-18,13680,33850
2022-02-21,13900,34400
2022-02-22,14020,34700
2022-02-23,13980,34600
2022-02-24,13920,34450
2022-02-25,13880,34350
2022-02-28,13700,33900
2022-03-01,13680,33850
2022-03-02,13290,32900
2022-03-03,13520,33450
2022-03-04,13860,34300
2022-03-07,13440,33250
2022-03-08,13170,32600
2022-03-09,13210,32700
2022-03-10,13290,32900
2022-03-11,13210,32700
2022-03-14,13210,32700
2022-03-15,13250,32800
2022-03-16,13250,32800
2022-03-17,13250,32800
2022-03-18,13250,32800
2022-03-21,13310,32950
2022-03-22,13460,33300
2022-03-23,13420,33200
2022-03-24,13290,32900
2022-03-25,13210,32700
2022-03-28,13070,32350
2022-03-29,13070,32350
2022-03-30,13170,32600
2022-04-01,13500,33400
2022-04-04,13540,33500
2022-04-05,13330,33000
2022-04-06,13420,33200
2022-04-07,13580,33600
2022-04-08,13680,33850
2022-04-12,13520,33450
2022-04-13,13600,33650
2022-04-14,13660,33800
2022-04-15,13560,33550
2022-04-18,13250,32800
2022-04-19,12790,31650
2022-04-20,12890,31900
2022-04-21,12730,31500
2022-04-22,13050,32300
2022-04-25,12320,30500
2022-04-26,12490,30900
2022-04-27,12490,30900
2022-04-28,12530,31000
2022-04-29,13210,32700
2022-05-04,12830,31750
2022-05-05,12810,31700
2022-05-06,12530,31000
2022-05-09,12360,30600
2022-05-10,12450,30800
2022-05-11,12770,31600
2022-05-12,11920,29500
2022-05-13,11110,27500
2022-05-16,11150,27600
2022-05-17,11820,29250
2022-05-18,11700,28950
2022-05-19,11560,28600
2022-05-20,11740,29050
2022-05-23,11500,28450
2022-05-24,11640,28800
2022-05-25,12120,30000
2022-05-26,12260,30350
2022-05-27,12850,31800
2022-05-30,12910,31950
2022-05-31,12750,31550
2022-06-01,12570,31100
2022-06-02,12800,25350
2022-06-03,12780,25300
2022-06-06,12780,25300
2022-06-07,12600,24950
2022-06-08,12980,25700
2022-06-09,13010,25750
2022-06-10,12730,25200
2022-06-13,12070,23900
2022-06-14,12170,24100
2022-06-15,11920,23600
2022-06-16,12170,24100
2022-06-17,11670,23100
2022-06-20,11570,22900
2022-06-21,11620,23000
2022-06-22,12000,23750
2022-06-23,12000,23750
2022-06-24,12020,23800
2022-06-27,12100,23950
2022-06-28,12370,24500
2022-06-29,12220,24200
2022-06-30,12120,24000
2022-07-01,12150,24050
2022-07-04,12250,24250
2022-07-05,12350,24450
2022-07-06,12220,24200
2022-07-07,12200,24150
2022-07-08,12120,24000
2022-07-11,11870,23500
2022-07-12,12120,24000
2022-07-13,12120,24000
2022-07-14,12150,24050
2022-07-15,12120,24000
2022-07-18,12070,23900
2022-07-19,12070,23900
2022-07-20,12270,24300
2022-07-21,12450,24650
2022-07-22,12300,24350
2022-07-25,12150,24050
2022-07-26,12150,24050
2022-07-27,12220,24200
2022-07-28,12350,24450
2022-07-29,12430,24600
2022-08-01,12630,25000
2022-08-02,12580,24900
2022-08-03,12600,24950
2022-08-04,12630,25000
2022-08-05,12550,24850
2022-08-08,12500,24750
2022-08-09,12600,24950
2022-08-10,12550,24850
2022-08-11,12500,24750
2022-08-12,12530,24800
2022-08-15,12600,24950
2022-08-16,12550,24850
2022-08-17,12600,24950
2022-08-18,12700,25150
2022-08-19,12550,24850
2022-08-22,12450,24650
2022-08-23,12530,24800
2022-08-24,12550,24850
2022-08-25,12630,25000
2022-08-26,12530,24800
2022-08-29,12400,24550
2022-08-30,12400,24550
2022-08-31,12450,24650
2022-09-05,12370,24500
2022-09-06,12450,24650
2022-09-07,12270,24300
2022-09-08,12120,24000
2022-09-09,12120,24000
2022-09-12,12000,23750
2022-09-13,12020,23800
2022-09-14,11870,23500
2022-09-15,11900,23550
2022-09-16,11690,23150
2022-09-19,11540,22850
2022-09-20,11570,22900
2022-09-21,11420,22600
2022-09-22,11520,22800
2022-09-23,11420,22600
2022-09-26,11210,22200
2022-09-27,11310,22400
2022-09-28,11110,22000
2022-09-29,11110,22000
2022-09-30,11210,22200
2022-10-03,10910,21600
2022-10-04,10610,21000
2022-10-05,10510,20800
2022-10-06,10100,20000
2022-10-07,9420,18650
2022-10-10,9450,18700
2022-10-11,8840,17500
2022-10-12,9450,18700
2022-10-13,10080,19950
2022-10-14,10530,20850
2022-10-17,10580,20950
2022-10-18,10810,21400
2022-10-19,10660,21100
2022-10-20,10780,21350
2022-10-21,10300,20400
2022-10-24,9850,19500
2022-10-25,10300,20400
2022-10-26,10430,20650
2022-10-27,11140,22050
2022-10-28,11260,22300
2022-10-31,11310,22400
2022-11-01,11340,22450
2022-11-02,11010,21800
2022-11-03,10780,21350
2022-11-04,10180,20150
2022-11-07,10430,20650
2022-11-08,10760,21300
2022-11-09,10480,20750
2022-11-10,10100,20000
2022-11-11,10510,20800
2022-11-14,10250,20300
2022-11-15,9650,19100
2022-11-16,10300,20400
2022-11-17,10630,21050
2022-11-18,10680,21150
2022-11-21,10400,20600
2022-11-22,10280,20350
2022-11-23,10430,20650
2022-11-24,10610,21000
2022-11-25,10860,21500
2022-11-28,11240,22250
2022-11-29,11190,22150
2022-11-30,11160,22100
2022-12-01,11360,22500
2022-12-02,11870,23500
2022-12-05,11920,23600
2022-12-06,11260,22300
2022-12-07,11260,22300
2022-12-08,11440,22650
2022-12-09,11640,23050
2022-12-12,11360,22500
2022-12-13,11640,23050
2022-12-14,11690,23150
2022-12-15,11720,23200
2022-12-16,11620,23000
2022-12-19,11490,22750
2022-12-20,11390,22550
2022-12-21,11520,22800
2022-12-22,11570,22900
2022-12-23,11570,22900
2022-12-26,11160,22100
2022-12-27,11160,22100
2022-12-28,11110,22000
2022-12-29,11110,22000
2022-12-30,11060,21900
2023-01-03,11470,22700
2023-01-04,11440,22650
2023-01-05,11540,22850
2023-01-06,11690,23150
2023-01-09,11670,23100
2023-01-10,11840,23450
2023-01-11,12220,24200
2023-01-12,12370,24500
2023-01-13,12200,24150
2023-01-16,12630,25000
2023-01-17,12780,25300
2023-01-18,12880,25500
2023-01-19,13130,26000
2023-01-27,13310,26350
2023-01-30,12830,25400
2023-01-31,13160,26050
2023-02-01,12730,25200
2023-02-02,12630,25000
2023-02-03,12370,24500
2023-02-06,12580,24900
2023-02-07,12430,24600
2023-02-08,12450,24650
2023-02-09,12370,24500
2023-02-10,12220,24200
2023-02-13,12070,23900
2023-02-14,12050,23850
2023-02-15,12400,24550
2023-02-16,12530,24800
2023-02-17,12530,24800
2023-02-20,13030,25800
2023-02-21,12880,25500
2023-02-22,12550,24850
2023-02-23,12830,25400
2023-02-24,12430,24600
2023-02-27,12250,24250
2023-02-28,12320,24400
2023-03-01,12700,25150
2023-03-02,12650,25050
2023-03-03,12370,24500
2023-03-06,12270,24300
2023-03-07,12370,24500
2023-03-08,12630,25000
2023-03-09,12800,25350
2023-03-10,12580,24900
2023-03-13,12370,24500
2023-03-14,12150,24050
2023-03-15,12530,24800
2023-03-16,12320,24400
2023-03-17,12300,24350
2023-03-20,12120,24000
2023-03-21,12220,24200
2023-03-22,12200,24150
2023-03-23,12370,24500
2023-03-24,12400,24550
2023-03-27,12350,24450
2023-03-28,12350,24450
2023-03-29,12320,24400
2023-03-30,12430,24600
2023-03-31,12630,25000
2023-04-03,12750,25250
2023-04-04,12700,25150
2023-04-05,12780,25300
2023-04-06,12580,24900
2023-04-07,12650,25050
2023-04-10,12630,25000
2023-04-11,12600,24950
2023-04-12,12550,24850
2023-04-13,12600,24950
2023-04-14,12600,24950
2023-04-17,12630,25000
2023-04-18,12500,24750
2023-04-19,12320,24400
2023-04-20,12250,24250
2023-04-21,12250,24250
2023-04-24,12220,24200
2023-04-25,12200,24150
2023-04-26,12200,24150
2023-04-27,12200,24150
2023-04-28,12220,24200
2023-05-04,12480,24700
2023-05-05,12450,24650
2023-05-08,12600,24950
2023-05-09,12580,24900
2023-05-10,12580,24900
2023-05-11,12580,24900
2023-05-12,12630,25000
2023-05-15,12630,25000
2023-05-16,12630,25000
2023-05-17,12580,24900
2023-05-18,12630,25000
2023-05-19,12600,24950
2023-05-22,12650,25050
2023-05-23,12800,25350
2023-05-24,12700,25150
2023-05-25,12680,25100
2023-05-26,12630,25000
2023-05-29,12700,25150
2023-05-30,12730,25200
2023-05-31,12830,25400
2023-06-01,12940,21400
2023-06-02,13180,21800
2023-06-05,13150,21750
2023-06-06,13180,21800
2023-06-07,13210,21850
2023-06-08,13060,21600
2023-06-09,13030,21550
2023-06-12,12970,21450
2023-06-13,13060,21600
2023-06-14,13090,21650
2023-06-15,13120,21700
2023-06-16,13180,21800
2023-06-19,13090,21650
2023-06-20,13090,21650
2023-06-21,13120,21700
2023-06-22,13090,21650
2023-06-23,13240,21900
2023-06-26,13450,22250
2023-06-27,13420,22200
2023-06-28,13480,22300
2023-06-29,13240,21900
2023-06-30,13330,22050
2023-07-03,13330,22050
2023-07-04,13300,22000
2023-07-05,13270,21950
2023-07-06,13120,21700
2023-07-07,13120,21700
2023-07-10,13270,21950
2023-07-11,13300,22000
2023-07-12,13210,21850
2023-07-13,13300,22000
2023-07-14,13300,22000
2023-07-17,13300,22000
2023-07-18,13300,22000
2023-07-19,13300,22000
2023-07-20,13300,22000
2023-07-21,13360,22100
2023-07-24,13330,22050
2023-07-25,13480,22300
2023-07-26,13480,22300
2023-07-27,13390,22150
2023-07-28,13420,22200
2023-07-31,13880,22950
2023-08-01,13820,22850
2023-08-02,13970,23100
2023-08-03,14180,23450
2023-08-04,14750,24400
2023-08-07,14360,23750
2023-08-08,14150,23400
2023-08-09,14030,23200
2023-08-10,13850,22900
2023-08-11,13850,22900
2023-08-14,13940,23050
2023-08-15,13820,22850
2023-08-16,13850,22900
2023-08-17,13730,22700
2023-08-18,13240,21900
2023-08-21,13300,22000
2023-08-22,13330,22050
2023-08-23,13210,21850
2023-08-24,13330,22050
2023-08-25,13270,21950
2023-08-28,13330,22050
2023-08-29,13330,22050
2023-08-30,13580,22450
2023-08-31,13670,22600
2023-09-05,13760,22750
2023-09-06,13880,22950
2023-09-07,13850,22900
2023-09-08,13760,22750
2023-09-11,13510,22350
2023-09-12,13760,22750
2023-09-13,13640,22550
2023-09-14,13580,22450
2023-09-15,13700,22650
2023-09-18,13580,22450
2023-09-19,13480,22300
2023-09-20,13580,22450
2023-09-21,13540,22400
2023-09-22,13480,22300
2023-09-25,13300,22000
2023-09-26,13240,21900
2023-09-27,13300,22000
2023-09-28,13150,21750
2023-09-29,13210,21850
2023-10-02,13240,21900
2023-10-03,13060,21600
2023-10-04,13060,21600
2023-10-05,13060,21600
2023-10-06,13180,21800
2023-10-09,13610,22500
2023-10-10,13790,22800
2023-10-11,13730,22700
2023-10-12,13730,22700
2023-10-13,13700,22650
2023-10-16,13670,22600
2023-10-17,13580,22450
2023-10-18,13330,22050
2023-10-19,13180,21800
2023-10-20,13240,21900
2023-10-23,13180,21800
2023-10-24,13240,21900
2023-10-25,13240,21900
2023-10-26,12760,21100
2023-10-27,13030,21550
2023-10-30,12880,21300
2023-10-31,12940,21400
2023-11-01,13060,21600
2023-11-02,13480,22300
2023-11-03,13330,22050
2023-11-06,13420,22200
2023-11-07,13360,22100
2023-11-08,13790,22800
2023-11-09,13640,22550
2023-11-10,13540,22400
2023-11-13,13580,22450
2023-11-14,13730,22700
2023-11-15,14060,23250
2023-11-16,14090,23300
2023-11-17,13730,22700
2023-11-20,13610,22500
2023-11-21,13670,22600
2023-11-22,13730,22700
2023-11-23,13420,22200
2023-11-24,13330,22050
2023-11-27,13210,21850
2023-11-28,13240,21900
2023-11-29,13330,22050
2023-11-30,13270,21950
2023-12-01,13270,21950
2023-12-04,13480,22300
2023-12-05,13390,22150
2023-12-06,13480,22300
2023-12-07,13540,22400
2023-12-08,13540,22400
2023-12-11,13540,22400
2023-12-12,13610,22500
2023-12-13,13480,22300
2023-12-14,13610,22500
2023-12-15,13760,22750
2023-12-18,13790,22800
2023-12-19,13940,23050
2023-12-20,14030,23200
2023-12-21,14060,23250
2023-12-22,14030,23200
2023-12-25,14120,23350
2023-12-26,14060,23250
2023-12-27,14090,23300
2023-12-28,14360,23750
2023-12-29,14450,23900
2024-01-02,14780,24450
2024-01-03,15120,25000
2024-01-04,15300,25300
2024-01-05,15390,25450
2024-01-08,15330,25350
2024-01-09,15120,25000
2024-01-10,15270,25250
2024-01-11,15270,25250
2024-01-12,15600,25800
2024-01-15,15300,25300
2024-01-16,15360,25400
2024-01-17,15360,25400
2024-01-18,15480,25600
2024-01-19,15690,25950
2024-01-22,15900,26300
2024-01-23,15750,26050
2024-01-24,15600,25800
2024-01-25,15600,25800
2024-01-26,15900,26300
2024-01-29,15690,25950
2024-01-30,15690,25950
2024-01-31,15570,25750
2024-02-01,15720,26000
2024-02-02,15870,26250
2024-02-05,16810,27800
2024-02-06,16840,27850
2024-02-07,16930,28000
2024-02-15,16450,27200
2024-02-16,16690,27600
2024-02-19,16750,27700
2024-02-20,16660,27550
2024-02-21,16750,27700
2024-02-22,16720,27650
2024-02-23,16510,27300
2024-02-26,16630,27500
2024-02-27,16690,27600
2024-02-28,16930,28000
2024-02-29,16930,28000
2024-03-01,16810,27800
2024-03-04,16810,27800
2024-03-05,16900,27950
2024-03-06,16750,27700
2024-03-07,16630,27500
2024-03-08,16360,27050
2024-03-11,16180,26750
2024-03-12,16180,26750
2024-03-13,16720,27650
2024-03-14,16480,27250
2024-03-15,16540,27350
2024-03-18,16270,26900
2024-03-19,16240,26850
2024-03-20,16630,27500
2024-03-21,16930,28000
2024-03-22,17020,28150
2024-03-25,16630,27500
2024-03-26,16900,27950
2024-03-27,16930,28000
2024-03-28,17140,28350
2024-03-29,17230,28500
2024-04-01,17200,28450
2024-04-02,17170,28400
2024-04-03,16930,28000
2024-04-04,16660,27550
2024-04-05,16420,27150
2024-04-08,16420,27150
2024-04-09,16510,27300
2024-04-10,16390,27100
2024-04-11,16420,27150
2024-04-12,16930,28000
2024-04-15,16240,26850
2024-04-16,16420,27150
2024-04-17,16180,26750
2024-04-19,16080,26600
2024-04-22,16210,26800
2024-04-23,16110,26650
2024-04-24,16360,27050
2024-04-25,16210,26800
2024-04-26,16240,26850
2024-05-02,16330,27000
2024-05-03,16630,27500
2024-05-06,16690,27600
2024-05-07,16720,27650
2024-05-08,16660,27550
2024-05-09,16690,27600
2024-05-10,16750,27700
2024-05-13,16750,27700
2024-05-14,16780,27750
2024-05-15,16750,27700
2024-05-16,17080,28250
2024-05-17,17080,28250
2024-05-20,17080,28250
2024-05-21,17050,28200
2024-05-22,16900,27950
2024-05-23,17200,28450
2024-05-24,17690,29250
2024-05-27,17810,29450
2024-05-28,17930,29650
2024-05-29,17690,29250
2024-05-30,17780,29400
2024-05-31,17740,24650
2024-06-03,17850,24800
2024-06-04,17640,24500
2024-06-05,17530,24350
2024-06-06,17530,24350
2024-06-07,17710,24600
2024-06-10,17560,24400
2024-06-11,17380,24150
2024-06-12,17670,24550
2024-06-13,17850,24800
2024-06-14,17710,24600
2024-06-17,17670,24550
2024-06-18,17670,24550
2024-06-19,17740,24650
2024-06-20,17850,24800
2024-06-21,17670,24550
2024-06-24,17350,24100
2024-06-25,17310,24050
2024-06-26,17350,24100
2024-06-27,17240,23950
2024-06-28,17130,23800
2024-07-01,17130,23800
2024-07-02,17310,24050
2024-07-03,17460,24250
2024-07-04,17380,24150
2024-07-05,17490,24300
2024-07-08,17460,24250
2024-07-09,17490,24300
2024-07-10,17460,24250
2024-07-11,17380,24150
2024-07-12,17280,24000
2024-07-15,17240,23950
2024-07-16,17350,24100
2024-07-17,17640,24500
2024-07-18,17850,24800
2024-07-19,18070,25100
2024-07-22,17820,24750
2024-07-23,17280,24000
2024-07-24,17420,24200
2024-07-25,17310,24050
2024-07-26,17350,24100
2024-07-29,17380,24150
2024-07-30,17380,24150
2024-07-31,17670,24550
2024-08-01,17240,23950
2024-08-02,17240,23950
2024-08-05,16700,23200
2024-08-06,16920,23500
2024-08-07,16840,23400
2024-08-08,16740,23250
2024-08-09,16990,23600
2024-08-12,17130,23800
2024-08-13,16990,23600
2024-08-14,16950,23550
2024-08-15,16920,23500
2024-08-16,17280,24000
2024-08-19,17310,24050
2024-08-20,17350,24100
2024-08-21,17560,24400
2024-08-22,17560,24400
2024-08-23,17600,24450
2024-08-26,17600,24450
2024-08-27,17600,24450
2024-08-28,17640,24500
2024-08-29,17740,24650
2024-08-30,17850,24800
2024-09-04,17740,24650
2024-09-05,17640,24500
2024-09-06,17710,24600
2024-09-09,17600,24450
2024-09-10,17460,24250
2024-09-11,17380,24150
2024-09-12,17600,24450
2024-09-13,17560,24400
2024-09-16,17380,24150
2024-09-17,17640,24500
2024-09-18,17740,24650
2024-09-19,17850,24800
2024-09-20,18460,25650
2024-09-23,18460,25650
2024-09-24,18570,25800
2024-09-25,18860,26200
2024-09-26,18720,26000
2024-09-27,18640,25900
2024-09-30,18540,25750
2024-10-01,18540,25750
2024-10-02,18570,25800
2024-10-03,18500,25700
2024-10-04,18280,25400
2024-10-07,18320,25450
2024-10-08,18360,25500
2024-10-09,18900,26250
2024-10-10,18860,26200
2024-10-11,18790,26100
2024-10-14,18680,25950
2024-10-15,18610,25850
2024-10-16,18540,25750
2024-10-17,18820,26150
2024-10-18,18790,26100
2024-10-21,18570,25800
2024-10-22,18280,25400
2024-10-23,18280,25400
2024-10-24,18000,25000
2024-10-25,17920,24900
2024-10-28,18100,25150
2024-10-29,18140,25200
2024-10-30,18070,25100
2024-10-31,18280,25400
2024-11-01,17920,24900
2024-11-04,17820,24750
2024-11-05,17820,24750
2024-11-06,18070,25100
2024-11-07,18070,25100
2024-11-08,17920,24900
2024-11-11,17890,24850
2024-11-12,17890,24850
2024-11-13,17920,24900
2024-11-14,17670,24550
2024-11-15,17560,24400
2024-11-18,17640,24500
2024-11-19,17490,24300
2024-11-20,17640,24500
2024-11-21,17890,24850
2024-11-22,17960,24950
2024-11-25,17920,24900
2024-11-26,18000,25000
2024-11-27,18030,25050
2024-11-28,18100,25150
2024-11-29,18140,25200
2024-12-02,18100,25150
2024-12-03,18000,25000
2024-12-04,18030,25050
2024-12-05,18500,25700
2024-12-06,18460,25650
2024-12-09,18360,25500
2024-12-10,18250,25350
2024-12-11,18280,25400
2024-12-12,18210,25300
2024-12-13,18100,25150
2024-12-16,18100,25150
2024-12-17,18140,25200
2024-12-18,18100,25150
2024-12-19,17850,24800
2024-12-20,17850,24800
2024-12-23,17920,24900
2024-12-24,18000,25000
2024-12-25,18320,25450
2024-12-26,18390,25550
2024-12-27,18390,25550
2024-12-30,18280,25400
2024-12-31,18570,25800
2025-01-02,18430,25600
2025-01-03,18070,25100
2025-01-06,17850,24800
2025-01-07,18000,25000
2025-01-08,18000,25000
2025-01-09,17960,24950
2025-01-10,17780,24700
2025-01-13,17820,24750
2025-01-14,17740,24650
2025-01-15,17920,24900
2025-01-16,17890,24850
2025-01-17,17960,24950
2025-01-20,18000,25000
2025-01-21,17960,24950
2025-01-22,17890,24850
2025-01-23,18210,25300
2025-01-24,18250,25350
2025-02-04,18180,25250
2025-02-05,18280,25400
2025-02-06,18360,25500
2025-02-07,18500,25700
2025-02-10,18570,25800
2025-02-11,18610,25850
2025-02-12,18460,25650
2025-02-13,18500,25700
2025-02-14,18540,25750
2025-02-17,18570,25800
2025-02-18,18540,25750
2025-02-19,18570,25800
2025-02-20,18680,25950
2025-02-21,18860,26200
2025-02-24,18820,26150
2025-02-25,18720,26000
2025-02-26,18680,25950
2025-02-27,18790,26100
2025-02-28,18720,26000
2025-03-03,18720,26000
2025-03-04,18820,26150
2025-03-05,18820,26150
2025-03-06,19000,26400
2025-03-07,19180,26650
2025-03-10,19040,26450
2025-03-11,19040,26450
2025-03-12,18930,26300
2025-03-13,18790,26100
2025-03-14,18720,26000
2025-03-17,18860,26200
2025-03-18,18930,26300
2025-03-19,18860,26200
2025-03-20,18900,26250
2025-03-21,18790,26100
2025-03-24,18970,26350
2025-03-25,18930,26300
2025-03-26,18820,26150
2025-03-27,18720,26000
2025-03-28,18680,25950
2025-03-31,18720,26000
2025-04-01,18750,26050
2025-04-02,18680,25950
2025-04-03,17380,24150
2025-04-04,17130,23800
2025-04-08,15940,22150
2025-04-09,15690,21800
2025-04-10,16770,23300
2025-04-11,17890,24850
2025-04-14,17850,24800
2025-04-15,17350,24100
2025-04-16,17490,24300
2025-04-17,17490,24300
2025-04-18,17640,24500
2025-04-21,17350,24100
2025-04-22,17350,24100
2025-04-23,17710,24600
2025-04-24,17380,24150
2025-04-25,17200,23900
2025-04-28,17240,23950
2025-04-29,17310,24050
2025-05-05,17310,24050
2025-05-06,17280,24000
2025-05-07,17280,24000
2025-05-08,17380,24150
2025-05-09,17380,24150
2025-05-12,17560,24400
2025-05-13,17710,24600
2025-05-14,17850,24800
2025-05-15,18390,25550
2025-05-16,18320,25450
2025-05-19,18280,25400
2025-05-20,18430,25600
2025-05-21,18460,25650
2025-05-22,18390,25550
2025-05-23,18610,21600
2025-05-26,18520,21500
2025-05-27,18480,21450
2025-05-28,18440,21400
2025-05-29,18350,21300
2025-05-30,18180,21100
2025-06-02,18180,21100
2025-06-03,18310,21250
2025-06-04,18180,21100
2025-06-05,18090,21000
2025-06-06,18090,21000
2025-06-09,18050,20950
2025-06-10,18050,20950
2025-06-11,18050,20950
2025-06-12,18140,21050
2025-06-13,18140,21050
2025-06-16,18350,21300
2025-06-17,18270,21200
2025-06-18,18350,21300
2025-06-19,18350,21300
2025-06-20,18480,21450
2025-06-23,18400,21350
2025-06-24,18350,21300
2025-06-25,18310,21250
2025-06-26,18270,21200
2025-06-27,18270,21200
2025-06-30,18350,21300
2025-07-01,18350,21300
2025-07-02,18350,21300
2025-07-03,18440,21400
2025-07-04,18830,21850
2025-07-07,19170,22250
2025-07-08,19170,22250
2025-07-09,19340,22450
2025-07-10,19430,22550
2025-07-11,19560,22700
2025-07-14,19560,22700
2025-07-15,19340,22450
2025-07-16,19340,22450
2025-07-17,19340,22450
2025-07-18,19520,22650
2025-07-21,19690,22850
2025-07-22,19730,22900
2025-07-23,19820,23000
2025-07-24,19990,23200
2025-07-25,20330,23600
2025-07-28,20550,23850
2025-07-29,19600,22750
2025-07-30,19820,23000
2025-07-31,19820,23000
2025-08-01,19820,23000
2025-08-04,20080,23300
2025-08-05,20200,23450
2025-08-06,20850,24200
2025-08-07,21020,24400
2025-08-08,20890,24250
2025-08-11,21020,24400
2025-08-12,20890,24250
2025-08-13,21110,24500
2025-08-14,22570,26200
2025-08-15,22880,26550
2025-08-18,23310,27050
2025-08-19,24510,28450
2025-08-20,24120,28000
2025-08-21,25370,29450
2025-08-22,24000,27850
2025-08-25,22570,26200
2025-08-26,23560,27350
2025-08-27,23820,27650
2025-08-28,23740,27550
2025-08-29,23950,27800
2025-09-03,23690,27500
2025-09-04,23820,27650
2025-09-05,23390,27150
2025-09-08,22880,26550
2025-09-09,22880,26550
2025-09-10,22880,26550
2025-09-11,22570,26200
2025-09-12,22660,26300
2025-09-15,22750,26400
2025-09-16,22750,26400
2025-09-17,22530,26150
2025-09-18,22010,25550
2025-09-19,21840,25350
2025-09-22,21670,25150
2025-09-23,21840,25350
2025-09-24,22400,26000
2025-09-25,22100,25650
2025-09-26,22100,25650
2025-09-29,22060,25600
2025-09-30,21970,25500
2025-10-01,22230,25800
2025-10-02,22190,25750
2025-10-03,22100,25650
2025-10-06,23090,26800
2025-10-07,22790,26450
2025-10-08,23050,26750
2025-10-09,23220,26950
2025-10-10,23220,26950
2025-10-13,23050,26750
2025-10-14,22660,26300
2025-10-15,22660,26300
2025-10-16,22660,26300
2025-10-17,22190,25750
2025-10-20,21370,24800
2025-10-21,21540,25000
2025-10-22,21630,25100
2025-10-23,21500,24950
2025-10-24,21540,25000
2025-10-27,21540,25000
2025-10-28,21880,25400
2025-10-29,21880,25400
2025-10-30,21630,25100
2025-10-31,21970,25500
2025-11-03,21930,25450
2025-11-04,22400,26000
2025-11-05,22060,25600
2025-11-06,21800,25300
2025-11-07,21450,24900
2025-11-10,21370,24800
2025-11-11,21410,24850
2025-11-12,21710,25200
2025-11-13,21630,25100
2025-11-14,21500,24950
2025-11-17,21670,25150
2025-11-18,21630,25100
2025-11-19,21450,24900
2025-11-20,21370,24800
2025-11-21,21280,24700
2025-11-24,21200,24600
2025-11-25,20850,24200
2025-11-26,20850,24200
2025-11-27,20980,24350
2025-11-28,20890,24250
2025-12-01,20680,24000
2025-12-02,20640,23950
2025-12-03,21070,24450
2025-12-04,21450,24900
2025-12-05,20980,24350
2025-12-08,20850,24200
2025-12-09,20760,24100
2025-12-10,20760,24100
2025-12-11,20640,23950
2025-12-12,20250,23500
2025-12-15,20290,23550
2025-12-16,20680,24000
2025-12-17,20680,24000
2025-12-18,20550,23850
2025-12-19,20590,23900
2025-12-22,20940,24300
2025-12-23,20850,24200
2025-12-24,20940,24300
2025-12-25,20680,24000
2025-12-26,20590,23900
2025-12-29,20680,24000
2025-12-30,20760,24100
2025-12-31,20680,24000
2026-01-05,20680,24000
2026-01-06,20680,24000
2026-01-07,21240,24650
2026-01-08,21150,24550
2026-01-09,21150,24550
2026-01-12,21970,25500
2026-01-13,21450,24900
2026-01-14,21240,24650
2026-01-15,21450,24900
2026-01-16,21410,24850
2026-01-19,21630,25100
2026-01-20,21580,25050
2026-01-21,21410,24850
2026-01-22,21410,24850
2026-01-23,21580,25050
2026-01-26,21370,24800
2026-01-27,21280,24700
2026-01-28,20590,23900
2026-02-02,20460,23750
2026-02-03,20420,23700
2026-02-04,20330,23600
2026-02-05,20200,23450
2026-02-06,19820,23000
2026-02-09,19770,22950
2026-02-10,19820,23000
2026-02-11,20380,23650
2026-02-12,20550,23850
2026-02-13,20550,23850
2026-02-23,20720,24050
2026-02-24,20680,24000
2026-02-25,21070,24450
2026-02-26,21070,24450
2026-02-27,21150,24550
2026-03-02,20640,23950
2026-03-03,20250,23500
2026-03-04,19990,23200
2026-03-05,20290,23550
2026-03-06,20080,23300
2026-03-09,18700,21700
2026-03-10,19950,23150
2026-03-11,19990,23200
2026-03-12,19950,23150
2026-03-13,20200,23450
2026-03-16,20200,23450
2026-03-17,20460,23750
2026-03-18,20460,23750
2026-03-19,20330,23600
2026-03-20,19820,23000
2026-03-23,19390,22500
2026-03-24,19900,23100
2026-03-25,20510,23800
2026-03-26,20330,23600
2026-03-27,20510,23800
2026-03-30,20460,23750
2026-03-31,20290,23550
2026-04-01,20510,23800
2026-04-02,20330,23600
2026-04-03,20250,23500
2026-04-06,20030,23250
2026-04-07,19990,23200
2026-04-08,20760,24100
2026-04-09,20550,23850
2026-04-10,20550,23850
2026-04-13,20460,23750
2026-04-14,20680,24000
2026-04-15,20510,23800
2026-04-16,20380,23650
2026-04-17,20460,23750
2026-04-20,20640,23950
2026-04-21,20460,23750
2026-04-22,20330,23600
2026-04-23,20250,23500
2026-04-24,20160,23400
2026-04-28,20250,23500
2026-04-29,20250,23500
2026-05-04,19900,23100
2026-05-05,19470,22600
2026-05-06,19900,23100
2026-05-07,19730,22900
2026-05-08,19690,22850
2026-05-11,19600,22750
2026-05-12,19560,22700
2026-05-13,19390,22500
2026-05-14,19640,22800
2026-05-15,20080,23300
2026-05-18,19820,23000
2026-05-19,19640,22800
2026-05-20,19520,22650
2026-05-21,19640,22800
2026-05-22,19690,22850
2026-05-25,20290,23550
2026-05-26,21370,24800
2026-05-27,21710,25200
2026-05-28,21240,24650
2026-05-29,21450,24900
2026-06-01,21450,24900
2026-06-02,21630,25100
2026-06-03,22400,26000
2026-06-04,22620,26250
2026-06-05,22530,26150
2026-06-08,21760,25250
2026-06-09,22830,26500
2026-06-10,22830,26500
2026-06-11,22830,26500
2026-06-12,22830,26500
2026-06-15,22750,22750
2026-06-16,22300,22300
2026-06-17,22000,22000
2026-06-18,22400,22400
2026-06-19,22200,22200
2026-06-22,22000,22000
2026-06-23,22350,22350
2026-06-24,22500,22500
2026-06-25,22400,22400
2026-06-26,22600,22600
2026-06-29,22900,22900
2026-06-30,22650,22650
2026-07-01,22650,22650
2026-07-02,22650,22650
2026-07-03,22650,22650
2026-07-06,22200,22200
2026-07-07,22600,22600
2026-07-08,22700,22700
2026-07-09,22800,22800
2026-07-10,22550,22550
2026-07-13,22450,22450
2026-07-14,22850,22850
2026-07-15,23100,23100
2026-07-16,23750,23750
2026-07-17,23550,23550
2026-07-20,22850,22850
2026-07-21,22850,22850
2026-07-22,22400,22400
2026-07-23,22500,22500
2026-07-24,22500,22500
2026-07-27,22300,22300
2026-07-28,22500,22500
2026-07-29,22300,22300
2026-07-30,22350,22350
2026-07-31,21900,21900
2026-08-03,22550,22550
2026-08-04,22450,22450
2026-08-05,22450,22450
2026-08-06,22150,22150
2026-08-07,22400,22400
2026-08-10,22650,22650
2026-08-11,22650,22650
2026-08-12,22750,22750
2026-08-13,22200,22200
2026-08-14,22150,22150
2026-08-17,21850,21850
2026-08-18,21650,21650
2026-08-19,21800,21800
2026-08-20,21950,21950
2026-08-21,22750,22750
2026-08-24,22500,22500
2026-08-25,22200,22200
2026-08-26,22250,22250
2026-08-27,22600,22600
2026-08-28,22650,22650
2026-09-03,22200,22200
2026-09-04,22200,22200
2026-09-07,22250,22250
2026-09-08,22300,22300
2026-09-09,22450,22450
2026-09-10,22400,22400
2026-09-11,22050,22050
