date,adjusted_price,unadjusted_price
2007-01-02,7500,144000
2007-01-03,7760,149000
2007-01-04,8130,156000
2007-01-05,8280,159000
2007-01-08,8650,166000
2007-01-09,9070,174000
2007-01-10,9480,182000
2007-01-11,9950,191000
2007-01-12,10420,200000
2007-01-15,10940,210000
2007-01-16,11460,220000
2007-01-17,10890,209000
2007-01-18,11250,216000
2007-01-19,11780,226000
2007-01-22,11780,226000
2007-01-23,12350,237000
2007-01-24,11780,226000
2007-01-25,11980,230000
2007-01-26,11410,219000
2007-01-29,11930,229000
2007-01-30,12510,240000
2007-01-31,13080,251000
2007-02-01,13030,250000
2007-02-02,13550,260000
2007-02-05,12970,249000
2007-02-06,13030,250000
2007-02-07,13030,250000
2007-02-08,12400,238000
2007-02-09,11830,227000
2007-02-12,12400,238000
2007-02-13,12970,249000
2007-02-14,13080,249000
2007-02-15,13030,248000
2007-02-26,13660,260000
2007-02-27,13130,250000
2007-02-28,12500,238000
2007-03-01,12610,240000
2007-03-02,13130,250000
2007-03-05,12870,245000
2007-03-06,12870,245000
2007-03-07,12240,233000
2007-03-08,12130,231000
2007-03-09,12710,242000
2007-03-12,12870,245000
2007-03-13,12290,234000
2007-03-14,11710,223000
2007-03-15,11140,212000
2007-03-16,11660,222000
2007-03-19,11140,212000
2007-03-20,11140,212000
2007-03-21,11290,215000
2007-03-22,11290,215000
2007-03-23,11450,218000
2007-03-26,11560,220000
2007-03-27,11560,220000
2007-03-28,11030,210000
2007-03-29,11560,220000
2007-03-30,11560,220000
2007-04-02,11030,210000
2007-04-03,10510,200000
2007-04-04,10560,201000
2007-04-05,10870,207000
2007-04-06,10400,198000
2007-04-09,10400,198000
2007-04-10,10770,205000
2007-04-11,10770,205000
2007-04-12,10820,206000
2007-04-13,10720,204000
2007-04-16,10300,196000
2007-04-17,9820,187000
2007-04-18,10300,196000
2007-04-19,9870,188000
2007-04-20,9870,188000
2007-04-23,9660,184000
2007-04-24,9190,175000
2007-04-25,8770,167000
2007-05-02,8560,163000
2007-05-03,8980,171000
2007-05-04,9400,179000
2007-05-07,9610,183000
2007-05-08,10090,192000
2007-05-09,10560,201000
2007-05-10,10560,201000
2007-05-11,10560,201000
2007-05-14,11080,211000
2007-05-15,11450,218000
2007-05-16,11450,218000
2007-05-17,11030,210000
2007-05-18,10770,205000
2007-05-21,11290,215000
2007-05-22,11820,225000
2007-05-23,11560,220000
2007-05-24,11560,220000
2007-05-25,11560,220000
2007-05-28,11290,215000
2007-05-29,11290,215000
2007-05-30,11030,210000
2007-05-31,11080,211000
2007-06-01,11140,212000
2007-06-04,11030,210000
2007-06-05,11030,210000
2007-06-06,10770,205000
2007-06-07,10770,205000
2007-06-08,10930,208000
2007-06-11,11030,210000
2007-06-12,10930,208000
2007-06-13,10510,200000
2007-06-14,10510,200000
2007-06-15,10300,196000
2007-06-18,9820,187000
2007-06-19,10300,196000
2007-06-20,10450,199000
2007-06-21,10140,193000
2007-06-22,10140,193000
2007-06-25,9980,190000
2007-06-26,10300,196000
2007-06-27,10090,192000
2007-06-28,10140,193000
2007-06-29,10240,195000
2007-07-02,10240,195000
2007-07-03,10190,194000
2007-07-04,10300,196000
2007-07-05,10350,197000
2007-07-06,10090,192000
2007-07-09,9980,190000
2007-07-10,10240,195000
2007-07-11,10090,192000
2007-07-12,10090,192000
2007-07-13,10240,195000
2007-07-16,10030,191000
2007-07-17,10030,191000
2007-07-18,10140,192000
2007-07-19,10030,190000
2007-07-20,9980,189000
2007-07-23,9930,188000
2007-07-24,10030,190000
2007-07-25,10030,190000
2007-07-26,9930,188000
2007-07-27,9450,179000
2007-07-30,9030,171000
2007-07-31,8710,165000
2007-08-01,9130,173000
2007-08-02,9240,175000
2007-08-03,8920,169000
2007-08-06,8980,170000
2007-08-07,9400,178000
2007-08-08,9820,186000
2007-08-09,9980,189000
2007-08-10,9930,188000
2007-08-13,9500,180000
2007-08-14,9500,180000
2007-08-15,9350,177000
2007-08-16,9350,177000
2007-08-17,9350,177000
2007-08-20,9130,173000
2007-08-21,9240,175000
2007-08-22,9240,175000
2007-08-23,9290,176000
2007-08-24,9350,177000
2007-08-27,9400,178000
2007-08-28,9400,178000
2007-08-29,9290,176000
2007-08-30,9350,177000
2007-08-31,9240,175000
2007-09-04,9400,178000
2007-09-05,9400,178000
2007-09-06,9290,176000
2007-09-07,9610,182000
2007-09-10,9450,179000
2007-09-11,9400,178000
2007-09-12,9450,179000
2007-09-13,9450,179000
2007-09-14,9400,178000
2007-09-17,9450,179000
2007-09-18,9400,178000
2007-09-19,9400,178000
2007-09-20,9450,179000
2007-09-21,9400,178000
2007-09-24,9450,179000
2007-09-25,9500,180000
2007-09-26,9610,182000
2007-09-27,9500,180000
2007-09-28,9720,184000
2007-10-01,10030,190000
2007-10-02,9980,189000
2007-10-03,9770,185000
2007-10-04,9400,178000
2007-10-05,9820,186000
2007-10-08,9610,182000
2007-10-09,9870,187000
2007-10-10,9980,189000
2007-10-11,9930,188000
2007-10-12,9930,188000
2007-10-15,9870,187000
2007-10-16,9820,186000
2007-10-17,9870,187000
2007-10-18,9820,186000
2007-10-19,9820,186000
2007-10-22,9720,184000
2007-10-23,9560,181000
2007-10-24,9660,183000
2007-10-25,9660,183000
2007-10-26,9610,182000
2007-10-29,9400,178000
2007-10-30,9190,174000
2007-10-31,9450,179000
2007-11-01,9190,174000
2007-11-02,8980,170000
2007-11-05,9290,176000
2007-11-06,9450,179000
2007-11-07,9450,179000
2007-11-08,9450,179000
2007-11-09,9450,179000
2007-11-12,9240,175000
2007-11-13,9080,172000
2007-11-14,9190,174000
2007-11-15,9190,174000
2007-11-16,9080,172000
2007-11-19,9130,173000
2007-11-20,9130,173000
2007-11-21,9080,172000
2007-11-22,9030,171000
2007-11-23,9030,171000
2007-11-26,9080,172000
2007-11-27,9080,172000
2007-11-28,9130,173000
2007-11-29,9080,172000
2007-11-30,9080,172000
2007-12-03,9130,173000
2007-12-04,9130,173000
2007-12-05,9030,171000
2007-12-06,9030,171000
2007-12-07,8980,170000
2007-12-10,8870,168000
2007-12-11,8870,168000
2007-12-12,8820,167000
2007-12-13,8660,164000
2007-12-14,8500,161000
2007-12-17,8870,168000
2007-12-18,8660,164000
2007-12-19,8710,165000
2007-12-20,8760,166000
2007-12-21,8710,165000
2007-12-24,8710,165000
2007-12-25,8550,162000
2007-12-26,8450,160000
2007-12-27,8710,165000
2007-12-28,8710,165000
2008-01-02,8710,165000
2008-01-03,8710,165000
2008-01-04,8610,163000
2008-01-07,8450,160000
2008-01-08,8500,161000
2008-01-09,8500,161000
2008-01-10,8080,153000
2008-01-11,8180,155000
2008-01-14,7920,150000
2008-01-15,7550,143000
2008-01-16,7920,150000
2008-01-17,7550,143000
2008-01-18,7550,143000
2008-01-21,7760,147000
2008-01-22,7440,141000
2008-01-23,7080,134000
2008-01-24,6920,131000
2008-01-25,6760,128000
2008-01-28,6440,122000
2008-01-29,6760,128000
2008-01-30,7080,134000
2008-01-31,7230,137000
2008-02-01,7290,138000
2008-02-12,7020,133000
2008-02-13,6760,128000
2008-02-14,7020,133000
2008-02-15,7080,134000
2008-02-18,6760,128000
2008-02-19,6650,126000
2008-02-20,6440,122000
2008-02-21,6120,116000
2008-02-22,5860,111000
2008-02-25,6070,115000
2008-02-26,5910,112000
2008-02-27,5910,112000
2008-02-28,5650,107000
2008-02-29,5540,105000
2008-03-03,5280,100000
2008-03-04,5020,95000
2008-03-05,4780,90500
2008-03-06,5020,95000
2008-03-07,5250,99500
2008-03-10,5020,95000
2008-03-11,4860,92000
2008-03-12,4860,92000
2008-03-13,4650,88000
2008-03-14,4800,91000
2008-03-17,4700,89000
2008-03-18,4490,85000
2008-03-19,4490,85000
2008-03-20,4380,83000
2008-03-21,4200,79500
2008-03-24,4010,76000
2008-03-25,3830,72500
2008-03-26,3880,73500
2008-03-27,3910,74000
2008-03-28,3930,74500
2008-03-31,3960,75000
2008-04-01,3990,75500
2008-04-02,4010,76000
2008-04-03,4040,76500
2008-04-04,4070,77000
2008-04-07,4140,78500
2008-04-08,4220,80000
2008-04-09,4170,79000
2008-04-10,4090,77500
2008-04-11,4010,76000
2008-04-16,4090,77500
2008-04-17,4170,79000
2008-04-18,4090,77500
2008-04-21,4010,76000
2008-04-22,4090,77500
2008-04-23,4010,76000
2008-04-24,3930,74500
2008-04-25,3880,73500
2008-04-28,3830,72500
2008-04-29,3800,72000
2008-05-05,3800,72000
2008-05-06,3750,71000
2008-05-07,3700,70000
2008-05-08,3640,69000
2008-05-09,3590,68000
2008-05-12,3540,67000
2008-05-13,3480,66000
2008-05-14,3430,65000
2008-05-15,3380,64000
2008-05-16,3330,63000
2008-05-19,3270,62000
2008-05-20,3220,61000
2008-05-21,3170,60000
2008-05-22,3120,59000
2008-05-23,3060,58000
2008-05-26,3010,57000
2008-05-27,3010,57000
2008-05-28,3010,57000
2008-05-29,3010,57000
2008-05-30,2960,56000
2008-06-02,2900,55000
2008-06-03,2850,54000
2008-06-04,2800,53000
2008-06-05,2750,52000
2008-06-06,2690,51000
2008-06-09,2640,50000
2008-06-10,2590,49000
2008-06-11,2540,48100
2008-06-12,2490,47200
2008-06-13,2440,46300
2008-06-16,2490,39300
2008-06-17,2530,40000
2008-06-18,2480,39200
2008-06-19,2410,38100
2008-06-20,2340,37000
2008-06-23,2270,35900
2008-06-24,2340,36900
2008-06-25,2410,38000
2008-06-26,2340,36900
2008-06-27,2410,38000
2008-06-30,2480,39100
2008-07-01,2550,40200
2008-07-02,2620,41400
2008-07-03,2700,42600
2008-07-04,2780,43800
2008-07-07,2690,42500
2008-07-08,2770,43700
2008-07-09,2850,45000
2008-07-10,2930,46300
2008-07-11,3020,47600
2008-07-14,3100,49000
2008-07-15,3170,50000
2008-07-16,3260,51500
2008-07-17,3360,53000
2008-07-18,3260,51500
2008-07-21,3170,50000
2008-07-22,3070,48500
2008-07-23,2980,47100
2008-07-24,2900,45700
2008-07-25,2810,44400
2008-07-28,2900,45700
2008-07-29,2980,47000
2008-07-30,3070,48400
2008-07-31,3160,49800
2008-08-01,3200,50500
2008-08-04,3260,51500
2008-08-05,3170,50000
2008-08-06,3260,51500
2008-08-07,3290,52000
2008-08-08,3230,51000
2008-08-11,3330,52500
2008-08-12,3420,54000
2008-08-13,3520,55500
2008-08-14,3610,57000
2008-08-15,3710,58500
2008-08-18,3870,61000
2008-08-19,3710,58500
2008-08-20,3610,57000
2008-08-21,3740,59000
2008-08-22,3740,59000
2008-08-25,3900,61500
2008-08-26,4090,64500
2008-08-27,4250,67000
2008-08-28,4060,64000
2008-08-29,3870,61000
2008-09-03,4060,64000
2008-09-04,4180,66000
2008-09-05,3990,63000
2008-09-08,3800,60000
2008-09-09,3800,60000
2008-09-10,3740,59000
2008-09-11,3580,56500
2008-09-12,3420,54000
2008-09-15,3260,51500
2008-09-16,3100,49000
2008-09-17,2950,46600
2008-09-18,2810,44300
2008-09-19,2950,46500
2008-09-22,3090,48800
2008-09-23,2950,46500
2008-09-24,2950,46600
2008-09-25,3100,48900
2008-09-26,3230,51000
2008-09-29,3230,51000
2008-09-30,3070,48500
2008-10-01,3040,48000
2008-10-02,3070,48400
2008-10-03,3070,48400
2008-10-06,2910,46000
2008-10-07,2770,43700
2008-10-08,2640,41600
2008-10-09,2510,39600
2008-10-10,2390,37700
2008-10-13,2270,35900
2008-10-14,2380,37600
2008-10-15,2500,39400
2008-10-16,2380,37600
2008-10-17,2340,37000
2008-10-20,2270,35900
2008-10-21,2380,37600
2008-10-22,2380,37600
2008-10-23,2270,35800
2008-10-24,2160,34100
2008-10-27,2050,32400
2008-10-28,1950,30800
2008-10-29,2050,32300
2008-10-30,2150,33900
2008-10-31,2250,35500
2008-11-03,2220,35000
2008-11-04,2330,36700
2008-11-05,2440,38500
2008-11-06,2440,38500
2008-11-07,2320,36600
2008-11-10,2400,37900
2008-11-11,2290,36100
2008-11-12,2170,34300
2008-11-13,2150,34000
2008-11-14,2250,35500
2008-11-17,2140,33800
2008-11-18,2050,32300
2008-11-19,1990,31400
2008-11-20,1890,29900
2008-11-21,1900,30000
2008-11-24,1990,31400
2008-11-25,1890,29900
2008-11-26,1890,28900
2008-11-27,1800,27500
2008-11-28,1880,28700
2008-12-01,1860,28400
2008-12-02,1770,27000
2008-12-03,1860,28300
2008-12-04,1950,29700
2008-12-05,1930,29400
2008-12-08,1900,29000
2008-12-09,1970,30000
2008-12-10,1870,28500
2008-12-11,1930,29500
2008-12-12,2000,30500
2008-12-15,2030,31000
2008-12-16,1940,29600
2008-12-17,1870,28500
2008-12-18,1900,29000
2008-12-19,1930,29500
2008-12-22,1930,29500
2008-12-23,1900,29000
2008-12-24,1930,29500
2008-12-25,1960,29900
2008-12-26,1970,30000
2008-12-29,1970,30000
2008-12-30,1990,30400
2008-12-31,1990,30400
2009-01-02,2000,30500
2009-01-05,1910,29100
2009-01-06,2000,30500
2009-01-07,2030,31000
2009-01-08,1990,30400
2009-01-09,1990,30400
2009-01-12,1990,30300
2009-01-13,2000,30500
2009-01-14,1990,30400
2009-01-15,1930,29500
2009-01-16,1950,29700
2009-01-19,1960,29900
2009-01-20,1950,29800
2009-01-21,1870,28500
2009-01-22,1950,29800
2009-01-23,1960,29900
2009-02-02,1960,29900
2009-02-03,1870,28500
2009-02-04,1870,28600
2009-02-05,1780,27200
2009-02-06,1780,27200
2009-02-09,1870,28500
2009-02-10,1840,28000
2009-02-11,1800,27400
2009-02-12,1810,27600
2009-02-13,1780,27100
2009-02-16,1740,26500
2009-02-17,1670,25500
2009-02-18,1590,24300
2009-02-19,1530,23300
2009-02-20,1510,23000
2009-02-23,1440,21900
2009-02-24,1440,22000
2009-02-25,1450,22100
2009-02-26,1430,21800
2009-02-27,1440,21900
2009-03-02,1440,22000
2009-03-03,1380,21100
2009-03-04,1450,22100
2009-03-05,1520,23200
2009-03-06,1540,23500
2009-03-09,1510,23100
2009-03-10,1540,23500
2009-03-11,1570,24000
2009-03-12,1570,24000
2009-03-13,1570,23900
2009-03-16,1640,25000
2009-03-17,1720,26200
2009-03-18,1800,27500
2009-03-19,1760,26800
2009-03-20,1720,26200
2009-03-23,1720,26200
2009-03-24,1800,27500
2009-03-25,1850,28200
2009-03-26,1870,28500
2009-03-27,1890,28800
2009-03-30,1800,27500
2009-03-31,1820,27800
2009-04-01,1900,29000
2009-04-02,1970,30000
2009-04-03,2060,31500
2009-04-07,2160,33000
2009-04-08,2160,32000
2009-04-09,2160,32000
2009-04-10,2270,33600
2009-04-13,2380,35200
2009-04-14,2490,36900
2009-04-15,2570,38000
2009-04-16,2680,39600
2009-04-17,2570,38000
2009-04-20,2440,36100
2009-04-21,2410,35700
2009-04-22,2530,37400
2009-04-23,2560,37800
2009-04-24,2500,37000
2009-04-27,2540,37500
2009-04-28,2540,37500
2009-04-29,2660,39300
2009-05-04,2790,41200
2009-05-05,2920,43200
2009-05-06,3060,45300
2009-05-07,3210,47500
2009-05-08,3370,49800
2009-05-11,3520,52000
2009-05-12,3680,54500
2009-05-13,3790,56000
2009-05-14,3620,53500
2009-05-15,3790,56000
2009-05-18,3620,53500
2009-05-19,3580,53000
2009-05-20,3520,52000
2009-05-21,3680,54500
2009-05-22,3620,53500
2009-05-25,3790,56000
2009-05-26,3820,56500
2009-05-27,3790,56000
2009-05-28,3650,54000
2009-05-29,3650,54000
2009-06-01,3820,56500
2009-06-02,3990,59000
2009-06-03,4160,61500
2009-06-04,4360,64500
2009-06-05,4560,67500
2009-06-08,4770,70500
2009-06-09,4770,70500
2009-06-10,4530,67000
2009-06-11,4600,68000
2009-06-12,4730,70000
2009-06-15,4500,66500
2009-06-16,4290,63500
2009-06-17,4500,66500
2009-06-18,4700,69500
2009-06-19,4730,70000
2009-06-22,4560,67500
2009-06-23,4360,64500
2009-06-24,4560,67500
2009-06-25,4430,65500
2009-06-26,4560,67500
2009-06-29,4560,67500
2009-06-30,4360,64500
2009-07-01,4360,64500
2009-07-02,4530,67000
2009-07-03,4560,67500
2009-07-06,4770,70500
2009-07-07,4770,70500
2009-07-08,4770,70500
2009-07-09,4730,70000
2009-07-10,4700,68000
2009-07-13,4660,67500
2009-07-14,4700,68000
2009-07-15,4730,68500
2009-07-16,4900,71000
2009-07-17,4800,69500
2009-07-20,4840,70000
2009-07-21,5080,73500
2009-07-22,5150,74500
2009-07-23,5180,75000
2009-07-24,5420,78500
2009-07-27,5660,82000
2009-07-28,5530,80000
2009-07-29,5530,80000
2009-07-30,5560,80500
2009-07-31,5600,81000
2009-08-03,5530,80000
2009-08-04,5630,81500
2009-08-05,5770,83500
2009-08-06,6040,87500
2009-08-07,6010,87000
2009-08-10,6010,87000
2009-08-11,6220,90000
2009-08-12,6530,94500
2009-08-13,6560,95000
2009-08-14,6560,95000
2009-08-17,6560,95000
2009-08-18,6360,92000
2009-08-19,6390,92500
2009-08-20,6390,92500
2009-08-21,6390,92500
2009-08-24,6390,92500
2009-08-25,6420,93000
2009-08-26,6360,92000
2009-08-27,6220,90000
2009-08-28,6220,90000
2009-08-31,6420,93000
2009-09-01,6290,91000
2009-09-03,6150,89000
2009-09-04,5940,86000
2009-09-07,5940,86000
2009-09-08,6220,90000
2009-09-09,6490,94000
2009-09-10,6460,93500
2009-09-11,6530,94500
2009-09-14,6840,99000
2009-09-15,7120,103000
2009-09-16,7460,108000
2009-09-17,7740,112000
2009-09-18,8080,117000
2009-09-21,8220,119000
2009-09-22,8080,117000
2009-09-23,7740,112000
2009-09-24,7460,108000
2009-09-25,7460,108000
2009-09-28,7250,105000
2009-09-29,7600,110000
2009-09-30,7880,114000
2009-10-01,7530,109000
2009-10-02,7250,105000
2009-10-05,7250,105000
2009-10-06,7180,104000
2009-10-07,7530,109000
2009-10-08,7740,112000
2009-10-09,8080,117000
2009-10-12,8430,122000
2009-10-13,8700,126000
2009-10-14,8840,128000
2009-10-15,8630,125000
2009-10-16,8290,120000
2009-10-19,8430,122000
2009-10-20,8770,127000
2009-10-21,8700,126000
2009-10-22,9120,132000
2009-10-23,9530,138000
2009-10-26,9600,139000
2009-10-27,10020,145000
2009-10-28,10360,150000
2009-10-29,10360,150000
2009-10-30,10090,146000
2009-11-02,9600,139000
2009-11-03,9190,133000
2009-11-04,8840,128000
2009-11-05,9190,133000
2009-11-06,9190,133000
2009-11-09,8770,127000
2009-11-10,8500,123000
2009-11-11,8910,129000
2009-11-12,9260,134000
2009-11-13,9460,137000
2009-11-16,9330,135000
2009-11-17,9190,133000
2009-11-18,9460,137000
2009-11-19,9330,135000
2009-11-20,9190,133000
2009-11-23,8840,128000
2009-11-24,9050,131000
2009-11-25,8630,125000
2009-11-26,8220,119000
2009-11-27,8290,120000
2009-11-30,8290,120000
2009-12-01,8630,125000
2009-12-02,8220,119000
2009-12-03,8220,119000
2009-12-04,8080,117000
2009-12-07,8010,116000
2009-12-08,7740,112000
2009-12-09,7390,107000
2009-12-10,7320,106000
2009-12-11,7120,103000
2009-12-14,7460,108000
2009-12-15,7460,108000
2009-12-16,7180,104000
2009-12-17,6980,101000
2009-12-18,7320,106000
2009-12-21,7670,111000
2009-12-22,7810,113000
2009-12-23,7740,112000
2009-12-24,7600,110000
2009-12-25,7940,115000
2009-12-28,8290,60000
2009-12-29,8700,63000
2009-12-30,8700,63000
2009-12-31,9050,65500
2010-01-04,9460,68500
2010-01-05,9810,71000
2010-01-06,9880,71500
2010-01-07,9530,69000
2010-01-08,9120,66000
2010-01-11,8980,65000
2010-01-12,8700,63000
2010-01-13,8630,62500
2010-01-14,9050,65500
2010-01-15,9050,65500
2010-01-18,8700,63000
2010-01-19,8980,65000
2010-01-20,8700,63000
2010-01-21,8840,64000
2010-01-22,8570,62000
2010-01-25,8570,62000
2010-01-26,8980,65000
2010-01-27,8630,62500
2010-01-28,8360,60500
2010-01-29,8360,60500
2010-02-01,8770,63500
2010-02-02,9050,65500
2010-02-03,9190,66500
2010-02-04,9260,67000
2010-02-05,8980,65000
2010-02-08,8700,63000
2010-02-09,8570,62000
2010-02-10,8910,64500
2010-02-11,8980,65000
2010-02-12,9190,66500
2010-02-22,9190,66500
2010-02-23,8840,64000
2010-02-24,8840,64000
2010-02-25,8840,64000
2010-02-26,8700,63000
2010-03-01,8630,62500
2010-03-02,8570,62000
2010-03-03,8630,62500
2010-03-04,8630,62500
2010-03-05,8700,63000
2010-03-08,8980,65000
2010-03-09,9120,66000
2010-03-10,8980,65000
2010-03-11,8910,64500
2010-03-12,9330,67500
2010-03-15,9330,67500
2010-03-16,8910,64500
2010-03-17,8770,63500
2010-03-18,8910,64500
2010-03-19,8770,63500
2010-03-22,8570,62000
2010-03-23,8500,61500
2010-03-24,8570,62000
2010-03-25,8290,60000
2010-03-26,8290,60000
2010-03-29,8290,60000
2010-03-30,8150,59000
2010-03-31,8150,59000
2010-04-01,8290,60000
2010-04-02,8220,59500
2010-04-05,8080,58500
2010-04-06,8220,59500
2010-04-07,8150,59000
2010-04-08,8220,59500
2010-04-09,8360,60500
2010-04-12,8360,60500
2010-04-13,8290,60000
2010-04-14,8290,60000
2010-04-15,8290,60000
2010-04-16,8080,58500
2010-04-19,8010,58000
2010-04-20,7880,57000
2010-04-21,7740,56000
2010-04-22,8080,58500
2010-04-26,7940,57500
2010-04-27,8010,58000
2010-04-28,7880,57000
2010-04-29,7940,57500
2010-05-04,8010,58000
2010-05-05,8010,58000
2010-05-06,7940,57500
2010-05-07,7740,56000
2010-05-10,7670,55500
2010-05-11,7810,56500
2010-05-12,7600,55000
2010-05-13,7530,54500
2010-05-14,7460,54000
2010-05-17,7250,52500
2010-05-18,7120,51500
2010-05-19,6910,50000
2010-05-20,7250,52500
2010-05-21,7050,51000
2010-05-24,7120,51500
2010-05-25,7120,51500
2010-05-26,7180,52000
2010-05-27,7390,53500
2010-05-28,7740,56000
2010-05-31,7600,55000
2010-06-01,7460,54000
2010-06-02,7530,54500
2010-06-03,7600,55000
2010-06-04,7600,55000
2010-06-07,7250,52500
2010-06-08,7180,52000
2010-06-09,7120,51500
2010-06-10,7050,51000
2010-06-11,7120,51500
2010-06-14,7120,51500
2010-06-15,7120,51500
2010-06-16,7120,51500
2010-06-17,7180,52000
2010-06-18,7250,52500
2010-06-21,7180,52000
2010-06-22,7250,52500
2010-06-23,7250,52500
2010-06-24,7320,53000
2010-06-25,7180,52000
2010-06-28,7180,52000
2010-06-29,7250,52500
2010-06-30,7180,52000
2010-07-01,7180,52000
2010-07-02,7180,52000
2010-07-05,6910,50000
2010-07-06,7120,51500
2010-07-07,7050,51000
2010-07-08,7120,51500
2010-07-09,7120,51500
2010-07-12,7050,51000
2010-07-13,7180,52000
2010-07-14,7120,51500
2010-07-15,7050,51000
2010-07-16,7050,51000
2010-07-19,7050,51000
2010-07-20,7050,51000
2010-07-21,7050,51000
2010-07-22,6980,50500
2010-07-23,7050,51000
2010-07-26,7120,51500
2010-07-27,7120,51500
2010-07-28,7050,51000
2010-07-29,7120,51500
2010-07-30,7250,52500
2010-08-02,7050,51000
2010-08-03,7050,51000
2010-08-04,7050,51000
2010-08-05,6980,50500
2010-08-06,6880,49800
2010-08-09,6850,49600
2010-08-10,6880,49800
2010-08-11,6890,49900
2010-08-12,6800,49200
2010-08-13,6840,49500
2010-08-16,7050,51000
2010-08-17,7050,51000
2010-08-18,6910,50000
2010-08-19,6910,50000
2010-08-20,6910,50000
2010-08-23,6890,49900
2010-08-24,6880,49800
2010-08-25,6700,48500
2010-08-26,6630,48000
2010-08-27,6880,49800
2010-08-30,7120,51500
2010-08-31,7120,51500
2010-09-01,7050,51000
2010-09-06,7050,51000
2010-09-07,6980,50500
2010-09-08,6980,50500
2010-09-09,6980,50500
2010-09-10,6770,49000
2010-09-13,6800,49200
2010-09-14,6840,49500
2010-09-15,6840,49500
2010-09-16,6780,49100
2010-09-17,6840,49500
2010-09-20,6910,50000
2010-09-21,6910,50000
2010-09-22,6980,50500
2010-09-23,6820,49400
2010-09-24,6820,49400
2010-09-27,6980,50500
2010-09-28,6980,50500
2010-09-29,6910,50000
2010-09-30,6910,50000
2010-10-01,6910,50000
2010-10-04,6910,50000
2010-10-05,6910,50000
2010-10-06,6890,49900
2010-10-07,6910,50000
2010-10-08,6910,50000
2010-10-11,6890,49900
2010-10-12,6890,49900
2010-10-13,6870,49700
2010-10-14,6880,49800
2010-10-15,6880,49800
2010-10-18,6890,49900
2010-10-19,6850,49600
2010-10-20,6600,47800
2010-10-21,6530,47300
2010-10-22,6620,47900
2010-10-25,6630,48000
2010-10-26,6670,48300
2010-10-27,6690,48400
2010-10-28,6630,48000
2010-10-29,6630,48000
2010-11-01,6630,48000
2010-11-02,6630,48000
2010-11-03,6650,48100
2010-11-04,6690,48400
2010-11-05,6770,49000
2010-11-08,6980,50500
2010-11-09,7120,51500
2010-11-10,6910,50000
2010-11-11,6970,48400
2010-11-12,6910,48000
2010-11-15,6910,48000
2010-11-16,6980,48500
2010-11-17,6980,48500
2010-11-18,7200,50000
2010-11-19,7270,50500
2010-11-22,7340,51000
2010-11-23,7200,50000
2010-11-24,7120,49500
2010-11-25,7340,51000
2010-11-26,7410,51500
2010-11-29,7410,51500
2010-11-30,7050,49000
2010-12-01,7120,49500
2010-12-02,7200,50000
2010-12-03,7120,49500
2010-12-06,7040,48900
2010-12-07,7050,49000
2010-12-08,7120,49500
2010-12-09,7270,50500
2010-12-10,7410,51500
2010-12-13,7410,51500
2010-12-14,7200,50000
2010-12-15,7080,49200
2010-12-16,6990,48600
2010-12-17,6990,48600
2010-12-20,6980,48500
2010-12-21,6860,47700
2010-12-22,6860,47700
2010-12-23,6850,47600
2010-12-24,6880,47800
2010-12-27,6920,48100
2010-12-28,6970,48400
2010-12-29,7020,48800
2010-12-30,6980,48500
2010-12-31,6840,47500
2011-01-04,6860,47700
2011-01-05,6850,47600
2011-01-06,6760,47000
2011-01-07,6650,46200
2011-01-10,6620,46000
2011-01-11,6650,46200
2011-01-12,6620,46000
2011-01-13,6780,47100
2011-01-14,7100,49300
2011-01-17,7010,48700
2011-01-18,6840,47500
2011-01-19,6990,48600
2011-01-20,7200,50000
2011-01-21,6940,48200
2011-01-24,6850,47600
2011-01-25,6840,47500
2011-01-26,7050,49000
2011-01-27,7110,49400
2011-01-28,6940,48200
2011-02-08,7110,49400
2011-02-09,6980,48500
2011-02-10,7080,49200
2011-02-11,7050,49000
2011-02-14,6970,48400
2011-02-15,6910,48000
2011-02-16,6910,48000
2011-02-17,6910,48000
2011-02-18,6910,48000
2011-02-21,6620,46000
2011-02-22,6620,46000
2011-02-23,6820,47400
2011-02-24,6810,47300
2011-02-25,6840,47500
2011-02-28,6840,47500
2011-03-01,6760,47000
2011-03-02,6690,46500
2011-03-03,6790,47200
2011-03-04,6620,46000
2011-03-07,6620,46000
2011-03-08,6620,46000
2011-03-09,6530,45400
2011-03-10,6760,47000
2011-03-11,6760,47000
2011-03-14,6760,47000
2011-03-15,6580,45700
2011-03-16,6490,45100
2011-03-17,6480,45000
2011-03-18,6620,46000
2011-03-21,6690,46500
2011-03-22,6720,46700
2011-03-23,6720,46700
2011-03-24,6480,45000
2011-03-25,6480,45000
2011-03-28,6350,44100
2011-03-29,6380,44300
2011-03-30,6190,43000
2011-03-31,6220,43200
2011-04-01,6220,43200
2011-04-04,5990,41600
2011-04-05,5840,40600
2011-04-06,5970,41500
2011-04-07,5960,41400
2011-04-08,5840,40600
2011-04-13,5760,40000
2011-04-14,5730,39800
2011-04-15,5680,39500
2011-04-18,5540,38500
2011-04-19,5610,39000
2011-04-20,5660,39300
2011-04-21,5610,39000
2011-04-22,5540,38500
2011-04-25,5610,39000
2011-04-26,5600,38900
2011-04-27,5580,38800
2011-04-28,5580,38800
2011-04-29,5660,39300
2011-05-04,5470,38000
2011-05-05,5480,38100
2011-05-06,5500,38200
2011-05-09,5500,38200
2011-05-10,5560,38600
2011-05-11,5610,39000
2011-05-12,5610,39000
2011-05-13,5630,39100
2011-05-16,5570,38700
2011-05-17,5540,38500
2011-05-18,5540,38500
2011-05-19,5540,38500
2011-05-20,5540,38500
2011-05-23,5350,37200
2011-05-24,5320,37000
2011-05-25,5070,35200
2011-05-26,5270,36600
2011-05-27,5270,36600
2011-05-30,5270,36600
2011-05-31,5510,38300
2011-06-01,5530,38400
2011-06-02,5350,37200
2011-06-03,5370,37300
2011-06-06,5240,36400
2011-06-07,5320,37000
2011-06-08,5350,37200
2011-06-09,5320,37000
2011-06-10,5470,38000
2011-06-13,5540,38500
2011-06-14,5610,39000
2011-06-15,5340,37100
2011-06-16,5470,38000
2011-06-17,5470,38000
2011-06-20,5540,38500
2011-06-21,5580,38800
2011-06-22,5370,37300
2011-06-23,5470,38000
2011-06-24,5470,38000
2011-06-27,5210,36200
2011-06-28,5210,36200
2011-06-29,5180,36000
2011-06-30,5180,36000
2011-07-01,4950,34400
2011-07-04,5010,34800
2011-07-05,5180,36000
2011-07-06,5180,36000
2011-07-07,5180,36000
2011-07-08,5250,36500
2011-07-11,5240,36400
2011-07-12,5180,36000
2011-07-13,5180,36000
2011-07-14,5180,36000
2011-07-15,5180,36000
2011-07-18,5180,36000
2011-07-19,5110,35500
2011-07-20,5110,35500
2011-07-21,5110,35500
2011-07-22,5080,35300
2011-07-25,4890,34000
2011-07-26,5040,35000
2011-07-27,4890,34000
2011-07-28,5090,35400
2011-07-29,5020,34900
2011-08-01,4890,34000
2011-08-02,4710,32700
2011-08-03,4480,31100
2011-08-04,4590,31900
2011-08-05,4590,31900
2011-08-08,4400,30600
2011-08-09,4250,29500
2011-08-10,4250,29500
2011-08-11,4070,28300
2011-08-12,4120,28600
2011-08-15,4170,29000
2011-08-16,4170,29000
2011-08-17,4300,29900
2011-08-18,4500,31300
2011-08-19,4500,31300
2011-08-22,4710,32700
2011-08-23,4860,33800
2011-08-24,4890,34000
2011-08-25,5040,35000
2011-08-26,5250,36500
2011-08-29,5250,36500
2011-08-30,5180,36000
2011-08-31,5180,36000
2011-09-01,5310,36900
2011-09-05,5240,36400
2011-09-06,5240,36400
2011-09-07,5220,36300
2011-09-08,5040,35000
2011-09-09,5180,36000
2011-09-12,5180,36000
2011-09-13,5180,36000
2011-09-14,5040,35000
2011-09-15,4890,34000
2011-09-16,4970,34500
2011-09-19,5180,36000
2011-09-20,5050,35100
2011-09-21,5050,35100
2011-09-22,5170,35900
2011-09-23,5050,35100
2011-09-26,5040,35000
2011-09-27,4910,34100
2011-09-28,5040,35000
2011-09-29,4990,34700
2011-09-30,5020,34900
2011-10-03,5020,34900
2011-10-04,4790,33300
2011-10-05,4880,33900
2011-10-06,4890,34000
2011-10-07,4680,32500
2011-10-10,4650,32300
2011-10-11,4680,32500
2011-10-12,4680,32500
2011-10-13,4860,33800
2011-10-14,4970,34500
2011-10-17,4970,34500
2011-10-18,4970,34500
2011-10-19,4920,34200
2011-10-20,4950,34400
2011-10-21,4970,34500
2011-10-24,4970,34500
2011-10-25,4970,34500
2011-10-26,4970,34500
2011-10-27,5040,35000
2011-10-28,5040,35000
2011-10-31,5220,36300
2011-11-01,5140,35700
2011-11-02,5040,35000
2011-11-03,5110,35500
2011-11-04,5110,35500
2011-11-07,5110,35500
2011-11-08,5180,36000
2011-11-09,5110,35500
2011-11-10,5020,34900
2011-11-11,5210,36200
2011-11-14,4950,34400
2011-11-15,5040,35000
2011-11-16,5040,35000
2011-11-17,4820,33500
2011-11-18,5040,35000
2011-11-21,5280,36700
2011-11-22,5540,38500
2011-11-23,5370,37300
2011-11-24,5320,37000
2011-11-25,5320,37000
2011-11-28,5470,38000
2011-11-29,5250,36500
2011-11-30,5510,36200
2011-12-01,5480,36000
2011-12-02,5480,36000
2011-12-05,5480,36000
2011-12-06,5480,36000
2011-12-07,5410,35500
2011-12-08,5480,36000
2011-12-09,5470,35900
2011-12-12,5330,35000
2011-12-13,5480,36000
2011-12-14,5220,34300
2011-12-15,5470,35900
2011-12-16,5470,35900
2011-12-19,5330,35000
2011-12-20,5390,35400
2011-12-21,5330,35000
2011-12-22,5360,35200
2011-12-23,5330,35000
2011-12-26,5470,35900
2011-12-27,5470,35900
2011-12-28,5330,35000
2011-12-29,5440,35700
2011-12-30,5330,35000
2012-01-03,5310,34900
2012-01-04,5270,34600
2012-01-05,5020,33000
2012-01-06,5020,33000
2012-01-09,5160,33900
2012-01-10,5100,33500
2012-01-11,5090,33400
2012-01-12,4840,31800
2012-01-13,5060,33200
2012-01-16,5100,33500
2012-01-17,5100,33500
2012-01-18,5100,33500
2012-01-19,4870,32000
2012-01-20,4640,30500
2012-01-30,4870,32000
2012-01-31,5120,33600
2012-02-01,5120,33600
2012-02-02,5330,35000
2012-02-03,5190,34100
2012-02-06,4960,32600
2012-02-07,4920,32300
2012-02-08,4980,32700
2012-02-09,5180,34000
2012-02-10,5180,34000
2012-02-13,5020,33000
2012-02-14,4990,32800
2012-02-15,4980,32700
2012-02-16,4950,32500
2012-02-17,5020,33000
2012-02-20,5070,33300
2012-02-21,4950,32500
2012-02-22,5020,33000
2012-02-23,5160,33900
2012-02-24,5330,35000
2012-02-27,5370,35300
2012-02-28,5330,35000
2012-02-29,5160,33900
2012-03-01,5300,34800
2012-03-02,5330,35000
2012-03-05,5590,36700
2012-03-06,5860,38500
2012-03-07,6150,40400
2012-03-08,6230,40900
2012-03-09,6320,41500
2012-03-12,6390,42000
2012-03-13,6710,44100
2012-03-14,6550,43000
2012-03-15,6700,44000
2012-03-16,6760,44400
2012-03-19,6620,43500
2012-03-20,6300,41400
2012-03-21,6610,43400
2012-03-22,6580,43200
2012-03-23,6550,43000
2012-03-26,6700,44000
2012-03-27,6650,43700
2012-03-28,6620,43500
2012-03-29,6470,42500
2012-03-30,6580,43200
2012-04-03,6590,43300
2012-04-04,6680,43900
2012-04-05,6680,43900
2012-04-06,6680,43900
2012-04-09,6650,43700
2012-04-10,6680,43900
2012-04-11,6680,43900
2012-04-12,6680,43900
2012-04-13,6700,44000
2012-04-16,6670,43800
2012-04-17,6590,43300
2012-04-18,6620,43500
2012-04-19,6590,43300
2012-04-20,6470,42500
2012-04-23,6470,42500
2012-04-24,6470,42500
2012-04-25,6490,42600
2012-04-26,6810,44700
2012-04-27,7060,46400
2012-05-02,7320,48100
2012-05-03,7370,48400
2012-05-04,7690,50500
2012-05-07,7770,51000
2012-05-08,8070,53000
2012-05-09,7920,52000
2012-05-10,7690,50500
2012-05-11,7450,48900
2012-05-14,7170,47100
2012-05-15,6820,44800
2012-05-16,7110,46700
2012-05-17,6760,44400
2012-05-18,6430,42200
2012-05-21,6730,44200
2012-05-22,6850,45000
2012-05-23,6780,44500
2012-05-24,6440,42300
2012-05-25,6550,43000
2012-05-28,6230,40900
2012-05-29,6360,41800
2012-05-30,6350,41700
2012-05-31,6140,40300
2012-06-01,6140,40300
2012-06-04,6010,39500
2012-06-05,6270,41200
2012-06-06,6380,41900
2012-06-07,6390,42000
2012-06-08,6390,42000
2012-06-11,6330,41600
2012-06-12,6330,41600
2012-06-13,6320,41500
2012-06-14,6440,42300
2012-06-15,6550,43000
2012-06-18,6560,43100
2012-06-19,6530,42900
2012-06-20,6410,42100
2012-06-21,6470,42500
2012-06-22,6560,43100
2012-06-25,6440,42300
2012-06-26,6430,42200
2012-06-27,6520,42800
2012-06-28,6470,42500
2012-06-29,6270,41200
2012-07-02,6210,40800
2012-07-03,6410,42100
2012-07-04,6390,42000
2012-07-05,6390,42000
2012-07-06,6380,41900
2012-07-09,6380,41900
2012-07-10,6380,41900
2012-07-11,6350,41700
2012-07-12,6380,41900
2012-07-13,6390,42000
2012-07-16,6390,42000
2012-07-17,6620,43500
2012-07-18,6550,43000
2012-07-19,6850,45000
2012-07-20,7060,46400
2012-07-23,7080,46500
2012-07-24,6910,45400
2012-07-25,6810,44700
2012-07-26,6810,44700
2012-07-27,6700,44000
2012-07-30,6730,44200
2012-07-31,6740,44300
2012-08-01,6760,44400
2012-08-02,6810,44700
2012-08-03,7140,46900
2012-08-06,7400,48600
2012-08-07,7540,49500
2012-08-08,7230,47500
2012-08-09,7200,47300
2012-08-10,7230,47500
2012-08-13,7160,47000
2012-08-14,7290,47900
2012-08-15,7290,47900
2012-08-16,7550,49600
2012-08-17,7570,49700
2012-08-20,7460,49000
2012-08-21,7100,46600
2012-08-22,7080,46500
2012-08-23,6730,44200
2012-08-24,7030,46200
2012-08-27,6680,43900
2012-08-28,6670,43800
2012-08-29,6900,45300
2012-08-30,6760,44400
2012-08-31,6780,44500
2012-09-04,6960,45700
2012-09-05,7160,47000
2012-09-06,7320,48100
2012-09-07,7170,47100
2012-09-10,6850,45000
2012-09-11,6780,44500
2012-09-12,6690,41000
2012-09-13,6730,41200
2012-09-14,6870,42100
2012-09-17,6600,40400
2012-09-18,6270,38400
2012-09-19,6040,37000
2012-09-20,6060,37100
2012-09-21,6110,37400
2012-09-24,6070,37200
2012-09-25,6120,37500
2012-09-26,6110,37400
2012-09-27,6110,37400
2012-09-28,6120,37500
2012-10-01,6110,37400
2012-10-02,6270,38400
2012-10-03,6290,38500
2012-10-04,6240,38200
2012-10-05,6220,38100
2012-10-08,6320,38700
2012-10-09,6300,38600
2012-10-10,6270,38400
2012-10-11,6270,38400
2012-10-12,6240,38200
2012-10-15,6270,38400
2012-10-16,6420,39300
2012-10-17,6400,39200
2012-10-18,6200,38000
2012-10-19,6250,38300
2012-10-22,6320,38700
2012-10-23,6400,39200
2012-10-24,6530,40000
2012-10-25,6420,39300
2012-10-26,6430,39400
2012-10-29,6420,39300
2012-10-30,6380,39100
2012-10-31,6370,39000
2012-11-01,6400,39200
2012-11-02,6250,38300
2012-11-05,6250,38300
2012-11-06,6320,38700
2012-11-07,6330,38800
2012-11-08,6320,38700
2012-11-09,6350,38900
2012-11-12,6350,38900
2012-11-13,6400,39200
2012-11-14,6680,40900
2012-11-15,6730,41200
2012-11-16,6680,40900
2012-11-19,6500,39800
2012-11-20,6430,39400
2012-11-21,6530,40000
2012-11-22,6690,41000
2012-11-23,6690,41000
2012-11-26,6660,40800
2012-11-27,6600,40400
2012-11-28,6610,40500
2012-11-29,6690,41000
2012-11-30,6690,41000
2012-12-03,6610,40500
2012-12-04,6630,40600
2012-12-05,6640,40700
2012-12-06,6680,40900
2012-12-07,6680,40900
2012-12-10,6680,40900
2012-12-11,6680,40900
2012-12-12,7000,42900
2012-12-13,7170,43900
2012-12-14,6870,42100
2012-12-17,7000,42900
2012-12-18,6940,42500
2012-12-19,6990,42800
2012-12-20,6920,42400
2012-12-21,6810,41700
2012-12-24,6990,42800
2012-12-25,6990,42800
2012-12-26,6940,42500
2012-12-27,7040,43100
2012-12-28,7270,44500
2013-01-02,7180,44000
2013-01-03,7330,44900
2013-01-04,7350,45000
2013-01-07,7410,45400
2013-01-08,7770,47600
2013-01-09,7920,48500
2013-01-10,8020,49100
2013-01-11,7900,48400
2013-01-14,7840,48000
2013-01-15,7790,47700
2013-01-16,7760,47500
2013-01-17,7670,47000
2013-01-18,7840,48000
2013-01-21,7950,48700
2013-01-22,7980,48900
2013-01-23,8000,49000
2013-01-24,8150,49900
2013-01-25,8570,52500
2013-01-28,8820,54000
2013-01-29,8410,51500
2013-01-30,8730,53500
2013-01-31,8490,52000
2013-02-01,8330,51000
2013-02-04,8490,52000
2013-02-05,8650,53000
2013-02-06,8820,54000
2013-02-07,8820,54000
2013-02-08,8980,55000
2013-02-18,9140,56000
2013-02-19,9060,55500
2013-02-20,8980,55000
2013-02-21,8650,53000
2013-02-22,8820,54000
2013-02-25,8900,54500
2013-02-26,8410,51500
2013-02-27,8650,53000
2013-02-28,8820,54000
2013-03-01,8820,54000
2013-03-04,8410,51500
2013-03-05,8330,51000
2013-03-06,8330,51000
2013-03-07,8490,52000
2013-03-08,8490,52000
2013-03-11,8820,54000
2013-03-12,8650,53000
2013-03-13,8980,55000
2013-03-14,9550,58500
2013-03-15,10120,62000
2013-03-18,10040,61500
2013-03-19,10040,61500
2013-03-20,9960,61000
2013-03-21,10290,63000
2013-03-22,10120,62000
2013-03-25,10120,62000
2013-03-26,10780,66000
2013-03-27,10690,65500
2013-03-28,10690,65500
2013-03-29,10610,65000
2013-04-01,11350,69500
2013-04-02,11020,67500
2013-04-03,11100,68000
2013-04-04,10690,65500
2013-04-05,10860,66500
2013-04-08,10940,67000
2013-04-09,11020,67500
2013-04-10,11100,68000
2013-04-11,11100,68000
2013-04-12,11270,69000
2013-04-15,10940,67000
2013-04-16,10780,66000
2013-04-17,10610,65000
2013-04-18,10940,67000
2013-04-22,10780,66000
2013-04-23,10780,66000
2013-04-24,10940,67000
2013-04-25,10940,67000
2013-04-26,10780,66000
2013-05-02,10610,65000
2013-05-03,10610,65000
2013-05-06,10690,65500
2013-05-07,10780,66000
2013-05-08,10860,66500
2013-05-09,10860,66500
2013-05-10,10780,66000
2013-05-13,10690,65500
2013-05-14,10530,64500
2013-05-15,10610,65000
2013-05-16,10610,65000
2013-05-17,10450,64000
2013-05-20,10530,64500
2013-05-21,10940,67000
2013-05-22,11020,67500
2013-05-23,11100,68000
2013-05-24,11430,70000
2013-05-27,11670,71500
2013-05-28,11750,72000
2013-05-29,11670,71500
2013-05-30,11750,72000
2013-05-31,11670,71500
2013-06-03,11750,72000
2013-06-04,11920,73000
2013-06-05,11920,73000
2013-06-06,12410,76000
2013-06-07,12570,77000
2013-06-10,13220,81000
2013-06-11,13630,83500
2013-06-12,14530,89000
2013-06-13,14940,91500
2013-06-14,14610,89500
2013-06-17,13710,84000
2013-06-18,13710,84000
2013-06-19,14570,67000
2013-06-20,14130,65000
2013-06-21,13700,63000
2013-06-24,13700,63000
2013-06-25,13050,60000
2013-06-26,13050,60000
2013-06-27,13370,61500
2013-06-28,13810,63500
2013-07-01,13920,64000
2013-07-02,14240,65500
2013-07-03,14240,65500
2013-07-04,14350,66000
2013-07-05,14240,65500
2013-07-08,14130,65000
2013-07-09,13920,64000
2013-07-10,13920,64000
2013-07-11,13920,64000
2013-07-12,14240,65500
2013-07-15,14130,65000
2013-07-16,14240,65500
2013-07-17,14350,66000
2013-07-18,15110,69500
2013-07-19,15870,73000
2013-07-22,16200,74500
2013-07-23,15870,73000
2013-07-24,15650,72000
2013-07-25,15650,72000
2013-07-26,15650,72000
2013-07-29,15440,71000
2013-07-30,15650,72000
2013-07-31,15650,72000
2013-08-01,16090,74000
2013-08-02,16200,74500
2013-08-05,16740,77000
2013-08-06,17180,79000
2013-08-07,16520,76000
2013-08-08,16420,75500
2013-08-09,16630,76500
2013-08-12,16960,78000
2013-08-13,17070,78500
2013-08-14,16960,78000
2013-08-15,16960,78000
2013-08-16,16960,78000
2013-08-19,17830,82000
2013-08-20,17830,82000
2013-08-21,17830,82000
2013-08-22,17390,80000
2013-08-23,16630,76500
2013-08-26,16630,76500
2013-08-27,16200,74500
2013-08-28,15440,71000
2013-08-29,15330,70500
2013-08-30,15870,73000
2013-09-03,15760,72500
2013-09-04,15440,71000
2013-09-05,15760,72500
2013-09-06,15760,72500
2013-09-09,15330,70500
2013-09-10,15870,73000
2013-09-11,15980,73500
2013-09-12,15870,73000
2013-09-13,16200,74500
2013-09-16,16310,75000
2013-09-17,16420,75500
2013-09-18,16740,77000
2013-09-19,16850,77500
2013-09-20,16630,76500
2013-09-23,16850,77500
2013-09-24,16850,77500
2013-09-25,16960,78000
2013-09-26,16960,78000
2013-09-27,16740,77000
2013-09-30,16740,77000
2013-10-01,16740,77000
2013-10-02,16740,77000
2013-10-03,16740,77000
2013-10-04,16630,76500
2013-10-07,16630,76500
2013-10-08,16630,76500
2013-10-09,16630,76500
2013-10-10,16520,76000
2013-10-11,16420,75500
2013-10-14,16420,75500
2013-10-15,16420,75500
2013-10-16,16310,75000
2013-10-17,16090,74000
2013-10-18,15000,69000
2013-10-21,15110,69500
2013-10-22,15440,71000
2013-10-23,15330,70500
2013-10-24,15000,69000
2013-10-25,14570,67000
2013-10-28,14570,67000
2013-10-29,14570,67000
2013-10-30,14890,68500
2013-10-31,14680,67500
2013-11-01,14680,67500
2013-11-04,14680,67500
2013-11-05,14570,67000
2013-11-06,14570,67000
2013-11-07,14570,67000
2013-11-08,14780,68000
2013-11-11,14680,67500
2013-11-12,14790,67000
2013-11-13,14570,66000
2013-11-14,14680,66500
2013-11-15,15010,68000
2013-11-18,15450,70000
2013-11-19,15340,69500
2013-11-20,15230,69000
2013-11-21,15230,69000
2013-11-22,15230,69000
2013-11-25,15120,68500
2013-11-26,15340,69500
2013-11-27,15340,69500
2013-11-28,15340,69500
2013-11-29,15340,69500
2013-12-02,15340,69500
2013-12-03,16000,72500
2013-12-04,16220,73500
2013-12-05,16000,72500
2013-12-06,15780,71500
2013-12-09,15780,71500
2013-12-10,15890,72000
2013-12-11,15670,71000
2013-12-12,15780,71500
2013-12-13,15780,71500
2013-12-16,15670,71000
2013-12-17,15560,70500
2013-12-18,15560,70500
2013-12-19,15560,70500
2013-12-20,15450,70000
2013-12-23,15450,70000
2013-12-24,15450,70000
2013-12-25,15450,70000
2013-12-26,15450,70000
2013-12-27,15560,70500
2013-12-30,15340,69500
2013-12-31,15450,70000
2014-01-02,15450,70000
2014-01-03,15450,70000
2014-01-06,15560,70500
2014-01-07,15560,70500
2014-01-08,15670,71000
2014-01-09,15670,71000
2014-01-10,15780,71500
2014-01-13,15890,72000
2014-01-14,16220,73500
2014-01-15,16110,73000
2014-01-16,16220,73500
2014-01-17,16550,75000
2014-01-20,16880,76500
2014-01-21,16990,77000
2014-01-22,16770,76000
2014-01-23,16770,76000
2014-01-24,16880,76500
2014-01-27,16990,77000
2014-02-06,16990,77000
2014-02-07,16770,76000
2014-02-10,16770,76000
2014-02-11,16770,76000
2014-02-12,16770,76000
2014-02-13,16880,76500
2014-02-14,16990,77000
2014-02-17,16770,76000
2014-02-18,16880,76500
2014-02-19,16880,76500
2014-02-20,16550,75000
2014-02-21,16550,75000
2014-02-24,17320,78500
2014-02-25,17210,78000
2014-02-26,17210,78000
2014-02-27,16880,76500
2014-02-28,16880,76500
2014-03-03,16550,75000
2014-03-04,16550,75000
2014-03-05,16550,75000
2014-03-06,16660,75500
2014-03-07,16660,75500
2014-03-10,16550,75000
2014-03-11,16990,77000
2014-03-12,17100,77500
2014-03-13,18210,82500
2014-03-14,18540,84000
2014-03-17,18870,85500
2014-03-18,18650,84500
2014-03-19,18650,84500
2014-03-20,18320,83000
2014-03-21,18430,83500
2014-03-24,18320,83000
2014-03-25,18100,82000
2014-03-26,17430,79000
2014-03-27,17430,79000
2014-03-28,17660,80000
2014-03-31,17430,79000
2014-04-01,17320,78500
2014-04-02,17880,81000
2014-04-03,17880,81000
2014-04-04,17880,81000
2014-04-07,18210,82500
2014-04-08,18320,83000
2014-04-10,18210,82500
2014-04-11,17880,81000
2014-04-14,17660,80000
2014-04-15,17540,79500
2014-04-16,17430,79000
2014-04-17,17660,80000
2014-04-18,17540,79500
2014-04-21,16660,75500
2014-04-22,16990,77000
2014-04-23,16880,76500
2014-04-24,16990,77000
2014-04-25,16990,77000
2014-04-28,16330,74000
2014-04-29,16550,75000
2014-05-05,16220,73500
2014-05-06,15890,72000
2014-05-07,16000,72500
2014-05-08,14900,67500
2014-05-09,15230,69000
2014-05-12,14340,65000
2014-05-13,14340,65000
2014-05-14,14790,67000
2014-05-15,14790,65000
2014-05-16,14670,64500
2014-05-19,14790,65000
2014-05-20,15010,66000
2014-05-21,15130,66500
2014-05-22,15240,67000
2014-05-23,15010,66000
2014-05-26,15010,66000
2014-05-27,15010,66000
2014-05-28,15130,66500
2014-05-29,15010,66000
2014-05-30,15240,67000
2014-06-02,14900,65500
2014-06-03,15240,67000
2014-06-04,15360,67500
2014-06-05,15470,68000
2014-06-06,16270,71500
2014-06-09,16040,70500
2014-06-10,15580,68500
2014-06-11,15360,67500
2014-06-12,15580,68500
2014-06-13,15470,68000
2014-06-16,15700,69000
2014-06-17,15700,69000
2014-06-18,15700,69000
2014-06-19,15580,68500
2014-06-20,15700,69000
2014-06-23,16040,70500
2014-06-24,16040,70500
2014-06-25,15920,70000
2014-06-26,16380,72000
2014-06-27,16270,71500
2014-06-30,15920,70000
2014-07-01,15700,69000
2014-07-02,15920,70000
2014-07-03,15920,70000
2014-07-04,16040,70500
2014-07-07,16040,70500
2014-07-08,16150,71000
2014-07-09,16150,71000
2014-07-10,16150,71000
2014-07-11,16150,71000
2014-07-14,16270,71500
2014-07-15,16380,72000
2014-07-16,16380,72000
2014-07-17,16610,73000
2014-07-18,16380,72000
2014-07-21,16490,72500
2014-07-22,16610,73000
2014-07-23,16380,72000
2014-07-24,16610,73000
2014-07-25,16270,71500
2014-07-28,15700,69000
2014-07-29,15810,69500
2014-07-30,15920,70000
2014-07-31,16040,70500
2014-08-01,15700,69000
2014-08-04,15580,68500
2014-08-05,15580,68500
2014-08-06,15700,69000
2014-08-07,15700,69000
2014-08-08,15700,69000
2014-08-11,15810,69500
2014-08-12,15700,69000
2014-08-13,15700,69000
2014-08-14,15700,69000
2014-08-15,15580,68500
2014-08-18,15580,68500
2014-08-19,15580,68500
2014-08-20,15580,68500
2014-08-21,15700,69000
2014-08-22,15700,69000
2014-08-25,15700,69000
2014-08-26,15700,69000
2014-08-27,15810,69500
2014-08-28,16040,70500
2014-08-29,16270,71500
2014-09-03,16270,71500
2014-09-04,15920,70000
2014-09-05,16150,71000
2014-09-08,15920,70000
2014-09-09,15470,68000
2014-09-10,15580,68500
2014-09-11,15580,68500
2014-09-12,15700,69000
2014-09-15,15580,68500
2014-09-16,15580,68500
2014-09-17,15810,69500
2014-09-18,15700,69000
2014-09-19,15700,69000
2014-09-22,15810,69500
2014-09-23,15700,69000
2014-09-24,15700,69000
2014-09-25,15700,69000
2014-09-26,15700,69000
2014-09-29,15700,69000
2014-09-30,15580,68500
2014-10-01,15700,69000
2014-10-02,15700,69000
2014-10-03,15810,69500
2014-10-06,15810,69500
2014-10-07,15920,70000
2014-10-08,15920,70000
2014-10-09,15920,70000
2014-10-10,15700,69000
2014-10-13,15810,69500
2014-10-14,15810,69500
2014-10-15,15700,69000
2014-10-16,15240,67000
2014-10-17,15240,67000
2014-10-20,15360,67500
2014-10-21,15470,68000
2014-10-22,15470,68000
2014-10-23,15470,68000
2014-10-24,15470,68000
2014-10-27,14790,65000
2014-10-28,15010,66000
2014-10-29,15010,66000
2014-10-30,15010,66000
2014-10-31,15130,66500
2014-11-03,15240,67000
2014-11-04,15010,66000
2014-11-05,15240,67000
2014-11-06,15130,66500
2014-11-07,15240,67000
2014-11-10,15470,67000
2014-11-11,15360,66500
2014-11-12,15360,66500
2014-11-13,15590,67500
2014-11-14,15590,67500
2014-11-17,15240,66000
2014-11-18,15360,66500
2014-11-19,15240,66000
2014-11-20,15240,66000
2014-11-21,15360,66500
2014-11-24,15240,66000
2014-11-25,15360,66500
2014-11-26,15360,66500
2014-11-27,15240,66000
2014-11-28,15360,66500
2014-12-01,16400,71000
2014-12-02,16630,72000
2014-12-03,16630,72000
2014-12-04,16970,73500
2014-12-05,16630,72000
2014-12-08,16860,73000
2014-12-09,16050,69500
2014-12-10,16510,71500
2014-12-11,16400,71000
2014-12-12,16630,72000
2014-12-15,16740,72500
2014-12-16,16860,73000
2014-12-17,16860,73000
2014-12-18,16400,71000
2014-12-19,16280,70500
2014-12-22,16510,71500
2014-12-23,16630,72000
2014-12-24,16630,72000
2014-12-25,16630,72000
2014-12-26,16630,72000
2014-12-29,16170,70000
2014-12-30,16630,72000
2014-12-31,16860,73000
2015-01-05,16970,73500
2015-01-06,17440,75500
2015-01-07,17780,77000
2015-01-08,17780,77000
2015-01-09,17900,77500
2015-01-12,17780,77000
2015-01-13,17900,77500
2015-01-14,17780,77000
2015-01-15,17780,77000
2015-01-16,17780,77000
2015-01-19,17780,77000
2015-01-20,17900,77500
2015-01-21,17670,76500
2015-01-22,17780,77000
2015-01-23,17550,76000
2015-01-26,17550,76000
2015-01-27,18240,79000
2015-01-28,18010,78000
2015-01-29,18130,78500
2015-01-30,18130,78500
2015-02-02,18240,79000
2015-02-03,17550,76000
2015-02-04,18130,78500
2015-02-05,18240,79000
2015-02-06,18710,81000
2015-02-09,18710,81000
2015-02-10,18360,79500
2015-02-11,18470,80000
2015-02-12,18940,82000
2015-02-13,18940,82000
2015-02-24,18820,81500
2015-02-25,18470,80000
2015-02-26,18470,80000
2015-02-27,18470,80000
2015-03-02,18240,79000
2015-03-03,18470,80000
2015-03-04,18710,81000
2015-03-05,18940,82000
2015-03-06,18820,81500
2015-03-09,18710,81000
2015-03-10,18710,81000
2015-03-11,18590,80500
2015-03-12,18240,79000
2015-03-13,18470,80000
2015-03-16,18470,80000
2015-03-17,18240,79000
2015-03-18,18470,80000
2015-03-19,18240,79000
2015-03-20,18240,79000
2015-03-23,17900,77500
2015-03-24,17670,76500
2015-03-25,18010,78000
2015-03-26,18240,79000
2015-03-27,18360,79500
2015-03-30,18240,79000
2015-03-31,18130,78500
2015-04-01,18130,78500
2015-04-02,18130,78500
2015-04-03,18590,80500
2015-04-06,18470,80000
2015-04-07,18360,79500
2015-04-08,18590,80500
2015-04-09,18820,81500
2015-04-10,18710,81000
2015-04-13,18130,78500
2015-04-14,18590,80500
2015-04-15,18130,78500
2015-04-16,18010,78000
2015-04-17,18360,79500
2015-04-20,18360,79500
2015-04-21,18010,78000
2015-04-22,18360,79500
2015-04-23,18010,78000
2015-04-24,17900,77500
2015-04-27,18130,78500
2015-05-04,17320,75000
2015-05-05,17550,76000
2015-05-06,17440,75500
2015-05-07,17550,76000
2015-05-08,17440,75500
2015-05-11,17090,74000
2015-05-12,16860,73000
2015-05-13,16860,73000
2015-05-14,17090,74000
2015-05-15,17200,74500
2015-05-18,16970,73500
2015-05-19,17450,73000
2015-05-20,17690,74000
2015-05-21,18290,76500
2015-05-22,17930,75000
2015-05-25,17930,75000
2015-05-26,17690,74000
2015-05-27,17690,74000
2015-05-28,17810,74500
2015-05-29,17810,74500
2015-06-01,17810,74500
2015-06-02,17690,74000
2015-06-03,17810,74500
2015-06-04,17810,74500
2015-06-05,17930,75000
2015-06-08,18170,76000
2015-06-09,17690,74000
2015-06-10,17810,74500
2015-06-11,18050,75500
2015-06-12,17930,75000
2015-06-15,17930,75000
2015-06-16,17930,75000
2015-06-17,17810,74500
2015-06-18,17810,74500
2015-06-19,18050,75500
2015-06-22,18050,75500
2015-06-23,18050,75500
2015-06-24,18050,75500
2015-06-25,18050,75500
2015-06-26,18530,77500
2015-06-29,19010,79500
2015-06-30,18650,78000
2015-07-01,19600,82000
2015-07-02,19600,82000
2015-07-03,19600,82000
2015-07-06,19600,82000
2015-07-07,19120,80000
2015-07-08,19240,80500
2015-07-09,19240,80500
2015-07-10,19240,80500
2015-07-13,19360,81000
2015-07-14,19240,80500
2015-07-15,19120,80000
2015-07-16,19120,80000
2015-07-17,20440,85500
2015-07-20,20680,86500
2015-07-21,20680,86500
2015-07-22,21160,88500
2015-07-23,21400,89500
2015-07-24,22710,95000
2015-07-27,22830,95500
2015-07-28,22470,94000
2015-07-29,22470,94000
2015-07-30,22590,94500
2015-07-31,22350,93500
2015-08-03,21630,90500
2015-08-04,21750,91000
2015-08-05,21990,92000
2015-08-06,21870,91500
2015-08-07,22230,93000
2015-08-10,22950,96000
2015-08-11,22950,96000
2015-08-12,23310,97500
2015-08-13,23670,99000
2015-08-14,24140,101000
2015-08-17,24620,103000
2015-08-18,23910,100000
2015-08-19,24140,101000
2015-08-20,24860,104000
2015-08-21,24380,102000
2015-08-24,22710,95000
2015-08-25,22710,95000
2015-08-26,23190,97000
2015-08-27,23670,99000
2015-08-28,23910,100000
2015-08-31,23670,99000
2015-09-01,23310,97500
2015-09-03,22950,96000
2015-09-04,23430,98000
2015-09-07,23190,97000
2015-09-08,23190,97000
2015-09-09,23430,98000
2015-09-10,24140,101000
2015-09-11,23670,99000
2015-09-14,23430,98000
2015-09-15,23790,99500
2015-09-16,23670,99000
2015-09-17,23670,99000
2015-09-18,24380,102000
2015-09-21,24380,102000
2015-09-22,25340,106000
2015-09-23,25100,105000
2015-09-24,25580,107000
2015-09-25,26060,109000
2015-09-28,26060,109000
2015-09-29,26060,109000
2015-10-01,27010,113000
2015-10-02,27490,115000
2015-10-05,27250,114000
2015-10-06,26540,111000
2015-10-07,27010,113000
2015-10-08,26770,112000
2015-10-09,26540,111000
2015-10-12,26540,111000
2015-10-13,27490,115000
2015-10-14,28690,120000
2015-10-15,28690,120000
2015-10-16,29170,122000
2015-10-19,29170,122000
2015-10-20,29640,124000
2015-10-21,29400,123000
2015-10-22,29170,122000
2015-10-23,29640,124000
2015-10-26,29400,123000
2015-10-27,29400,123000
2015-10-28,29640,124000
2015-10-29,30120,126000
2015-10-30,30840,129000
2015-11-02,29400,123000
2015-11-03,29640,124000
2015-11-04,29640,124000
2015-11-05,29640,124000
2015-11-06,29640,124000
2015-11-09,29400,123000
2015-11-10,28930,121000
2015-11-11,29170,122000
2015-11-12,29880,125000
2015-11-13,31790,133000
2015-11-16,32990,138000
2015-11-17,32270,135000
2015-11-18,33230,139000
2015-11-19,32510,136000
2015-11-20,32510,136000
2015-11-23,32510,136000
2015-11-24,31560,132000
2015-11-25,31560,132000
2015-11-26,30600,128000
2015-11-27,30360,127000
2015-11-30,29400,123000
2015-12-01,29640,124000
2015-12-02,30360,127000
2015-12-03,30600,128000
2015-12-04,30360,127000
2015-12-07,30360,127000
2015-12-08,31320,131000
2015-12-09,31320,131000
2015-12-10,30840,129000
2015-12-11,31320,131000
2015-12-14,31080,130000
2015-12-15,32030,134000
2015-12-16,32030,134000
2015-12-17,32510,136000
2015-12-18,32510,136000
2015-12-21,32030,134000
2015-12-22,31560,132000
2015-12-23,31190,129000
2015-12-24,30950,128000
2015-12-25,31190,129000
2015-12-28,31920,132000
2015-12-29,32160,133000
2015-12-30,31680,131000
2016-01-04,30950,128000
2016-01-05,30470,126000
2016-01-06,30950,128000
2016-01-07,30230,125000
2016-01-08,30230,125000
2016-01-11,29500,122000
2016-01-12,29990,124000
2016-01-13,30710,127000
2016-01-14,30230,125000
2016-01-15,29740,123000
2016-01-18,29020,120000
2016-01-19,29260,121000
2016-01-20,29020,120000
2016-01-21,28530,118000
2016-01-22,28530,118000
2016-01-25,29020,120000
2016-01-26,28050,116000
2016-01-27,28290,117000
2016-01-28,28530,118000
2016-01-29,29260,121000
2016-02-01,28780,119000
2016-02-02,28530,118000
2016-02-03,29500,122000
2016-02-04,29500,122000
2016-02-05,29500,122000
2016-02-15,29260,121000
2016-02-16,30230,125000
2016-02-17,30950,128000
2016-02-18,31190,129000
2016-02-19,30950,128000
2016-02-22,31680,131000
2016-02-23,31440,130000
2016-02-24,31190,129000
2016-02-25,31440,130000
2016-02-26,31440,130000
2016-02-29,31440,130000
2016-03-01,32650,135000
2016-03-02,33370,138000
2016-03-03,33370,138000
2016-03-04,33610,139000
2016-03-07,32650,135000
2016-03-08,32650,135000
2016-03-09,32400,134000
2016-03-10,32650,135000
2016-03-11,32650,135000
2016-03-14,32890,136000
2016-03-15,32650,135000
2016-03-16,32890,136000
2016-03-17,33130,137000
2016-03-18,34580,143000
2016-03-21,34820,144000
2016-03-22,34100,141000
2016-03-23,34340,142000
2016-03-24,36270,150000
2016-03-25,36510,151000
2016-03-28,37000,153000
2016-03-29,36760,152000
2016-03-30,36760,152000
2016-04-01,35060,145000
2016-04-04,34820,144000
2016-04-05,35790,148000
2016-04-06,36270,150000
2016-04-07,36510,151000
2016-04-08,36270,150000
2016-04-11,36510,151000
2016-04-12,36270,150000
2016-04-13,35550,147000
2016-04-14,34820,144000
2016-04-15,35310,146000
2016-04-19,33130,137000
2016-04-20,32160,133000
2016-04-21,32650,135000
2016-04-22,33850,140000
2016-04-25,33850,140000
2016-04-26,33610,139000
2016-04-27,33370,138000
2016-04-28,33370,138000
2016-04-29,34100,141000
2016-05-04,34100,141000
2016-05-05,35310,146000
2016-05-06,34580,143000
2016-05-09,34820,144000
2016-05-10,34820,144000
2016-05-11,35060,145000
2016-05-12,34820,144000
2016-05-13,34580,143000
2016-05-16,34820,144000
2016-05-17,35060,145000
2016-05-18,35060,145000
2016-05-19,35190,141000
2016-05-20,34940,140000
2016-05-23,34940,140000
2016-05-24,35440,142000
2016-05-25,35190,141000
2016-05-26,34190,137000
2016-05-27,34440,138000
2016-05-30,34440,138000
2016-05-31,34690,139000
2016-06-01,33940,136000
2016-06-02,34190,137000
2016-06-03,33440,134000
2016-06-06,33190,133000
2016-06-07,33690,135000
2016-06-08,33690,135000
2016-06-09,33690,135000
2016-06-10,33690,135000
2016-06-13,33690,135000
2016-06-14,33690,135000
2016-06-15,35190,141000
2016-06-16,34940,140000
2016-06-17,34940,140000
2016-06-20,35940,144000
2016-06-21,36180,145000
2016-06-22,36430,146000
2016-06-23,36430,146000
2016-06-24,35940,144000
2016-06-27,35190,141000
2016-06-28,36430,146000
2016-06-29,36180,145000
2016-07-01,37180,149000
2016-07-04,39680,159000
2016-07-05,40430,162000
2016-07-06,40180,161000
2016-07-07,40680,163000
2016-07-08,40680,163000
2016-07-11,38930,156000
2016-07-12,39430,158000
2016-07-13,39680,159000
2016-07-14,40180,161000
2016-07-15,41430,166000
2016-07-18,41680,167000
2016-07-19,40680,163000
2016-07-20,40680,163000
2016-07-21,41680,167000
2016-07-22,40680,163000
2016-07-25,39680,159000
2016-07-26,39430,158000
2016-07-27,39930,160000
2016-07-28,40930,164000
2016-07-29,40680,163000
2016-08-01,38680,155000
2016-08-02,36680,147000
2016-08-03,36430,146000
2016-08-04,36180,145000
2016-08-05,36680,147000
2016-08-08,35940,144000
2016-08-09,36930,148000
2016-08-10,37180,149000
2016-08-11,38430,154000
2016-08-12,37680,151000
2016-08-15,36930,148000
2016-08-16,37180,149000
2016-08-17,39680,159000
2016-08-18,39930,160000
2016-08-19,39180,157000
2016-08-22,38680,155000
2016-08-23,39430,158000
2016-08-24,39180,157000
2016-08-25,39430,158000
2016-08-26,39930,160000
2016-08-29,39430,158000
2016-08-30,39430,158000
2016-08-31,40680,163000
2016-09-01,40930,164000
2016-09-05,40930,164000
2016-09-06,42420,170000
2016-09-07,42670,171000
2016-09-08,42670,171000
2016-09-09,42670,171000
2016-09-12,41920,168000
2016-09-13,42050,168500
2016-09-14,43020,172400
2016-09-15,43650,174900
2016-09-16,43550,174500
2016-09-19,42550,170500
2016-09-20,42800,171500
2016-09-21,43400,173900
2016-09-22,43670,175000
2016-09-23,43800,175500
2016-09-26,44670,179000
2016-09-27,45420,182000
2016-09-28,46170,185000
2016-09-29,48360,193800
2016-10-03,48910,196000
2016-10-04,48410,194000
2016-10-05,48410,194000
2016-10-06,49160,197000
2016-10-07,48910,196000
2016-10-10,47910,192000
2016-10-11,47960,192200
2016-10-12,48860,195800
2016-10-13,49160,197000
2016-10-14,49910,200000
2016-10-17,50660,203000
2016-10-18,50660,203000
2016-10-19,51330,205700
2016-10-20,50780,203500
2016-10-21,50730,203300
2016-10-24,49910,200000
2016-10-25,49660,199000
2016-10-26,49790,199500
2016-10-27,50110,200800
2016-10-28,50110,200800
2016-10-31,50360,201800
2016-11-01,50330,201700
2016-11-02,50060,200600
2016-11-03,48910,196000
2016-11-04,49410,198000
2016-11-07,50410,202000
2016-11-08,50410,202000
2016-11-09,49910,200000
2016-11-10,50160,201000
2016-11-11,49910,200000
2016-11-14,49240,197300
2016-11-15,48910,196000
2016-11-16,49040,196500
2016-11-17,48660,195000
2016-11-18,48640,194900
2016-11-21,48540,194500
2016-11-22,48510,194400
2016-11-23,48660,195000
2016-11-24,48740,195300
2016-11-25,48660,195000
2016-11-28,48540,194500
2016-11-29,48540,194500
2016-11-30,48660,195000
2016-12-01,48540,194500
2016-12-02,48540,194500
2016-12-05,48410,194000
2016-12-06,47410,190000
2016-12-07,47170,189000
2016-12-08,46790,187500
2016-12-09,47590,190700
2016-12-12,47390,189900
2016-12-13,48660,195000
2016-12-14,48160,193000
2016-12-15,48160,193000
2016-12-16,48660,195000
2016-12-19,48660,195000
2016-12-20,48290,193500
2016-12-21,48640,194900
2016-12-22,48390,193900
2016-12-23,48360,193800
2016-12-26,48390,193900
2016-12-27,48160,193000
2016-12-28,48140,192900
2016-12-29,48140,192900
2016-12-30,48170,191000
2017-01-03,47910,190000
2017-01-04,48060,190600
2017-01-05,48040,190500
2017-01-06,46680,185100
2017-01-09,46650,185000
2017-01-10,46600,184800
2017-01-11,46750,185400
2017-01-12,47740,189300
2017-01-13,47740,189300
2017-01-16,47530,188500
2017-01-17,46650,185000
2017-01-18,46650,185000
2017-01-19,46700,185200
2017-01-20,47790,189500
2017-01-23,48670,193000
2017-01-24,49170,195000
2017-01-25,48670,193000
2017-02-02,48750,193300
2017-02-03,48540,192500
2017-02-06,49050,194500
2017-02-07,49430,196000
2017-02-08,49400,195900
2017-02-09,49150,194900
2017-02-10,48800,193500
2017-02-13,49250,195300
2017-02-14,49100,194700
2017-02-15,49100,194700
2017-02-16,48850,193700
2017-02-17,48290,191500
2017-02-20,47910,190000
2017-02-21,47910,190000
2017-02-22,47410,188000
2017-02-23,47160,187000
2017-02-24,47510,188400
2017-02-27,47410,188000
2017-02-28,47160,187000
2017-03-01,47660,189000
2017-03-02,47460,188200
2017-03-03,47860,189800
2017-03-06,47610,188800
2017-03-07,47380,187900
2017-03-08,47330,187700
2017-03-09,47160,187000
2017-03-10,46900,186000
2017-03-13,47160,187000
2017-03-14,48040,190500
2017-03-15,48040,190500
2017-03-16,47890,189900
2017-03-17,47860,189800
2017-03-20,47890,189900
2017-03-21,48800,193500
2017-03-22,48670,193000
2017-03-23,49910,197900
2017-03-24,49930,198000
2017-03-27,51820,205500
2017-03-28,51820,205500
2017-03-29,51700,205000
2017-03-30,51220,203100
2017-04-03,50960,202100
2017-04-04,49430,196000
2017-04-05,49170,195000
2017-04-07,49170,195000
2017-04-10,50430,200000
2017-04-11,50260,199300
2017-04-12,50060,198500
2017-04-13,50160,198900
2017-04-14,50130,198800
2017-04-17,49680,197000
2017-04-18,49430,196000
2017-04-19,49070,194600
2017-04-20,48220,191200
2017-04-21,47530,188500
2017-04-24,46600,184800
2017-04-25,47410,188000
2017-04-26,47380,187900
2017-04-27,47160,187000
2017-04-28,47160,187000
2017-05-03,46650,185000
2017-05-04,46100,182800
2017-05-05,46000,182400
2017-05-08,45390,180000
2017-05-09,45900,182000
2017-05-10,45870,181900
2017-05-11,45870,181900
2017-05-12,46780,185500
2017-05-15,46780,185500
2017-05-16,46650,185000
2017-05-17,46150,183000
2017-05-18,46370,183900
2017-05-19,46020,182500
2017-05-22,45640,181000
2017-05-23,44890,178000
2017-05-24,43930,174200
2017-05-25,43880,174000
2017-05-26,46150,183000
2017-05-29,45520,180500
2017-05-30,45570,180700
2017-05-31,45540,180600
2017-06-01,46650,185000
2017-06-02,46370,183900
2017-06-05,46350,183800
2017-06-06,46370,183900
2017-06-07,46650,185000
2017-06-08,46350,183800
2017-06-09,46400,184000
2017-06-12,46400,184000
2017-06-13,49330,107500
2017-06-14,49010,106800
2017-06-15,48140,104900
2017-06-16,47500,103500
2017-06-19,47450,103400
2017-06-20,46350,101000
2017-06-21,45200,98500
2017-06-22,45110,98300
2017-06-23,46810,102000
2017-06-26,46810,102000
2017-06-27,46530,101400
2017-06-28,45710,99600
2017-06-29,45660,99500
2017-07-03,44930,97900
2017-07-04,44650,97300
2017-07-05,45200,98500
2017-07-06,45660,99500
2017-07-07,45200,98500
2017-07-10,44930,97900
2017-07-11,44060,96000
2017-07-12,44060,96000
2017-07-13,42910,93500
2017-07-14,41300,90000
2017-07-17,39790,86700
2017-07-18,37030,80700
2017-07-19,36990,80600
2017-07-20,34880,76000
2017-07-21,33130,72200
2017-07-24,35430,77200
2017-07-25,37910,82600
2017-07-26,37910,82600
2017-07-27,36850,80300
2017-07-28,37540,81800
2017-07-31,36480,79500
2017-08-01,36480,79500
2017-08-02,35800,78000
2017-08-03,35800,78000
2017-08-04,35340,77000
2017-08-07,35340,77000
2017-08-08,34920,76100
2017-08-09,35570,77500
2017-08-10,36210,78900
2017-08-11,36160,78800
2017-08-14,37080,80800
2017-08-15,37630,82000
2017-08-16,37590,81900
2017-08-17,37810,82400
2017-08-18,37310,81300
2017-08-21,36940,80500
2017-08-22,36810,80200
2017-08-23,36670,79900
2017-08-24,36250,79000
2017-08-25,35340,77000
2017-08-28,35150,76600
2017-08-29,34050,74200
2017-08-30,34280,74700
2017-08-31,33960,74000
2017-09-01,33730,73500
2017-09-05,33680,73400
2017-09-06,33180,72300
2017-09-07,33360,72700
2017-09-08,33180,72300
2017-09-11,32120,70000
2017-09-12,32490,70800
2017-09-13,34740,75700
2017-09-14,34190,74500
2017-09-15,35340,77000
2017-09-18,34880,76000
2017-09-19,36070,78600
2017-09-20,37170,81000
2017-09-21,36250,79000
2017-09-22,36350,79200
2017-09-25,35750,77900
2017-09-26,35060,76400
2017-09-27,34880,76000
2017-09-28,35290,76900
2017-09-29,35570,77500
2017-10-02,35800,78000
2017-10-03,35750,77900
2017-10-04,35110,76500
2017-10-05,34880,76000
2017-10-06,34740,75700
2017-10-09,34240,74600
2017-10-10,34420,75000
2017-10-11,34600,75400
2017-10-12,35340,77000
2017-10-13,35930,78300
2017-10-16,35340,77000
2017-10-17,34970,76200
2017-10-18,34970,76200
2017-10-19,36250,79000
2017-10-20,36070,78600
2017-10-23,35340,77000
2017-10-24,35800,78000
2017-10-25,35240,76800
2017-10-26,34880,76000
2017-10-27,34690,75600
2017-10-30,34240,74600
2017-10-31,33910,73900
2017-11-01,34010,74100
2017-11-02,34420,75000
2017-11-03,33960,74000
2017-11-06,35430,77200
2017-11-07,35470,77300
2017-11-08,35520,77400
2017-11-09,36810,80200
2017-11-10,38460,83800
2017-11-13,41120,89600
2017-11-14,40600,87000
2017-11-15,41490,88900
2017-11-16,41720,89400
2017-11-17,40600,87000
2017-11-20,43170,92500
2017-11-21,42240,90500
2017-11-22,42940,92000
2017-11-23,42940,92000
2017-11-24,42610,91300
2017-11-27,43170,92500
2017-11-28,43590,93400
2017-11-29,45320,97100
2017-11-30,44800,96000
2017-12-01,44620,95600
2017-12-04,45410,97300
2017-12-05,42700,91500
2017-12-06,43030,92200
2017-12-07,43500,93200
2017-12-08,41540,89000
2017-12-11,40140,86000
2017-12-12,40790,87400
2017-12-13,41300,88500
2017-12-14,42000,90000
2017-12-15,41820,89600
2017-12-18,41580,89100
2017-12-19,39810,85300
2017-12-20,38830,83200
2017-12-21,39110,83800
2017-12-22,38830,83200
2017-12-25,38220,81900
2017-12-26,37570,80500
2017-12-27,36870,79000
2017-12-28,39440,84500
2017-12-29,39950,85600
2018-01-02,40980,87800
2018-01-03,40140,86000
2018-01-04,40000,85700
2018-01-05,38740,83000
2018-01-08,39200,84000
2018-01-09,39160,83900
2018-01-10,39020,83600
2018-01-11,38970,83500
2018-01-12,38640,82800
2018-01-15,38740,83000
2018-01-16,39760,85200
2018-01-17,39200,84000
2018-01-18,38970,83500
2018-01-19,39300,84200
2018-01-22,41400,88700
2018-01-25,41490,88900
2018-01-26,40600,87000
2018-01-29,39720,85100
2018-01-30,40320,86400
2018-01-31,39670,85000
2018-02-01,39860,85400
2018-02-02,40180,86100
2018-02-05,37480,80300
2018-02-06,37340,80000
2018-02-07,38640,82800
2018-02-08,38360,82200
2018-02-09,37800,81000
2018-02-12,39670,85000
2018-02-13,42420,90900
2018-02-21,42940,92000
2018-02-22,41680,89300
2018-02-23,43590,93400
2018-02-26,42840,91800
2018-02-27,42940,92000
2018-02-28,43780,93800
2018-03-01,42470,91000
2018-03-02,41630,89200
2018-03-05,41120,88100
2018-03-06,40650,87100
2018-03-07,40510,86800
2018-03-08,40140,86000
2018-03-09,38600,82700
2018-03-12,36640,78500
2018-03-13,35280,75600
2018-03-14,36820,78900
2018-03-15,35890,76900
2018-03-16,35000,75000
2018-03-19,34540,74000
2018-03-20,35470,76000
2018-03-21,36220,77600
2018-03-22,35140,75300
2018-03-23,34440,73800
2018-03-26,34350,73600
2018-03-27,34070,73000
2018-03-28,33840,72500
2018-03-29,32670,70000
2018-03-30,32110,68800
2018-04-02,33140,71000
2018-04-03,33650,72100
2018-04-04,32670,70000
2018-04-05,33140,71000
2018-04-06,33090,70900
2018-04-09,33090,70900
2018-04-10,33090,70900
2018-04-11,32670,70000
2018-04-12,33280,71300
2018-04-13,32440,69500
2018-04-16,32020,68600
2018-04-17,30990,66400
2018-04-18,29680,63600
2018-04-19,28240,60500
2018-04-20,28610,61300
2018-04-23,26650,57100
2018-04-24,25670,55000
2018-04-26,24410,52300
2018-04-27,24880,53300
2018-05-02,24970,53500
2018-05-03,25110,53800
2018-05-04,24270,52000
2018-05-07,24500,52500
2018-05-08,24970,53500
2018-05-09,24970,53500
2018-05-10,24550,52600
2018-05-14,27490,56100
2018-05-15,29400,60000
2018-05-16,29400,60000
2018-05-17,28960,59100
2018-05-18,28420,58000
2018-05-21,28220,57600
2018-05-22,28860,58900
2018-05-23,29550,60300
2018-05-24,29250,59700
2018-05-25,29250,59700
2018-05-28,28660,58500
2018-05-29,29200,59600
2018-05-30,29400,60000
2018-05-31,31110,63500
2018-06-01,30430,62100
2018-06-04,29990,61200
2018-06-05,30670,62600
2018-06-06,31360,64000
2018-06-07,31020,63300
2018-06-08,30620,62500
2018-06-11,30180,61600
2018-06-12,29200,59600
2018-06-13,29890,61000
2018-06-14,29890,61000
2018-06-15,30530,62300
2018-06-18,30280,61800
2018-06-19,29250,59700
2018-06-20,29400,60000
2018-06-21,28520,58200
2018-06-22,28910,59000
2018-06-25,28960,59100
2018-06-26,29250,59700
2018-06-27,29200,59600
2018-06-28,29150,59500
2018-06-29,28710,58600
2018-07-02,28170,57500
2018-07-03,27680,56500
2018-07-04,28420,58000
2018-07-05,29150,59500
2018-07-06,28420,58000
2018-07-09,27540,56200
2018-07-10,27000,55100
2018-07-11,25530,52100
2018-07-12,25480,52000
2018-07-13,26120,53300
2018-07-16,26120,53300
2018-07-17,25970,53000
2018-07-18,26210,53500
2018-07-19,26750,54600
2018-07-20,27100,55300
2018-07-23,27100,55300
2018-07-24,27050,55200
2018-07-25,26850,54800
2018-07-26,27000,55100
2018-07-27,27240,55600
2018-07-30,28220,57600
2018-07-31,27930,57000
2018-08-01,27830,56800
2018-08-02,27680,56500
2018-08-03,27150,55400
2018-08-06,27340,55800
2018-08-07,27050,55200
2018-08-08,26750,54600
2018-08-09,26610,54300
2018-08-10,26210,53500
2018-08-13,25720,52500
2018-08-14,26310,53700
2018-08-15,26460,54000
2018-08-16,26210,53500
2018-08-17,25870,52800
2018-08-20,25820,52700
2018-08-21,26020,53100
2018-08-22,26510,54100
2018-08-23,26210,53500
2018-08-24,26210,53500
2018-08-27,26120,53300
2018-08-28,26460,54000
2018-08-29,26170,53400
2018-08-30,26560,54200
2018-08-31,27540,56200
2018-09-04,27830,56800
2018-09-05,27830,56800
2018-09-06,27190,55500
2018-09-07,27680,56500
2018-09-10,27540,56200
2018-09-11,27390,55900
2018-09-12,27190,55500
2018-09-13,27440,56000
2018-09-14,28570,58300
2018-09-17,28570,58300
2018-09-18,28710,58600
2018-09-19,28810,58800
2018-09-20,29010,59200
2018-09-21,29500,60200
2018-09-24,30870,63000
2018-09-25,30480,62200
2018-09-26,31260,63800
2018-09-27,31310,63900
2018-09-28,31110,63500
2018-10-01,30770,62800
2018-10-02,32290,65900
2018-10-03,33560,68500
2018-10-04,33120,67600
2018-10-05,33120,67600
2018-10-08,33320,68000
2018-10-09,32630,66600
2018-10-10,30870,63000
2018-10-11,28710,58600
2018-10-12,29640,60500
2018-10-15,29890,61000
2018-10-16,29790,60800
2018-10-17,31560,64400
2018-10-18,30770,62800
2018-10-19,30230,61700
2018-10-22,28910,59000
2018-10-23,28220,57600
2018-10-24,27730,56600
2018-10-25,27290,55700
2018-10-26,27680,56500
2018-10-29,27590,56300
2018-10-30,27390,55900
2018-10-31,27930,57000
2018-11-01,27150,55400
2018-11-02,27590,56300
2018-11-05,27830,56800
2018-11-06,28270,57700
2018-11-07,27780,56700
2018-11-08,27930,57000
2018-11-09,27780,56700
2018-11-12,27490,56100
2018-11-13,27440,56000
2018-11-14,27150,55400
2018-11-15,26850,54800
2018-11-16,27190,55500
2018-11-19,27100,55300
2018-11-20,27000,55100
2018-11-21,27680,56500
2018-11-22,27780,56700
2018-11-23,27390,55900
2018-11-26,27930,57000
2018-11-27,27590,56300
2018-11-28,27240,55600
2018-11-29,27190,55500
2018-11-30,27050,55200
2018-12-03,27640,56400
2018-12-04,28420,58000
2018-12-05,28660,58500
2018-12-06,28130,57400
2018-12-07,28580,56800
2018-12-10,28580,56800
2018-12-11,28530,56700
2018-12-12,28830,57300
2018-12-13,29180,58000
2018-12-14,28830,57300
2018-12-17,28170,56000
2018-12-18,27820,55300
2018-12-19,27620,54900
2018-12-20,27520,54700
2018-12-21,27620,54900
2018-12-24,27220,54100
2018-12-25,26160,52000
2018-12-26,26010,51700
2018-12-27,26410,52500
2018-12-28,26460,52600
2019-01-02,25510,50700
2019-01-03,24750,49200
2019-01-04,24580,48850
2019-01-07,24780,49250
2019-01-08,24700,49100
2019-01-09,25210,50100
2019-01-10,25560,50800
2019-01-11,25460,50600
2019-01-14,25260,50200
2019-01-15,25410,50500
2019-01-16,25160,50000
2019-01-17,24750,49200
2019-01-18,24650,49000
2019-01-21,24200,48100
2019-01-22,24250,48200
2019-01-23,24450,48600
2019-01-24,24450,48600
2019-01-25,24400,48500
2019-01-28,23650,47000
2019-01-29,23140,46000
2019-01-30,23040,45800
2019-01-31,23140,46000
2019-02-01,22940,45600
2019-02-11,23240,46200
2019-02-12,24250,48200
2019-02-13,25560,50800
2019-02-14,25360,50400
2019-02-15,25460,50600
2019-02-18,25160,50000
2019-02-19,24750,49200
2019-02-20,25060,49800
2019-02-21,24900,49500
2019-02-22,24650,49000
2019-02-25,24350,48400
2019-02-26,25160,50000
2019-02-27,26410,52500
2019-02-28,26670,53000
2019-03-01,27170,54000
2019-03-04,26720,53100
2019-03-05,27170,54000
2019-03-06,26820,53300
2019-03-07,27170,54000
2019-03-08,26510,52700
2019-03-11,26560,52800
2019-03-12,26670,53000
2019-03-13,26720,53100
2019-03-14,27170,54000
2019-03-15,27170,54000
2019-03-18,26560,52800
2019-03-19,25760,51200
2019-03-20,26060,51800
2019-03-21,25160,50000
2019-03-22,25260,50200
2019-03-25,24450,48600
2019-03-26,24400,48500
2019-03-27,24450,48600
2019-03-28,24430,48550
2019-03-29,24430,48550
2019-04-01,25000,49700
2019-04-02,24850,49400
2019-04-03,24600,48900
2019-04-04,24650,49000
2019-04-05,24650,49000
2019-04-08,25110,49900
2019-04-09,25110,49900
2019-04-10,24850,49400
2019-04-11,24300,48300
2019-04-12,24500,48700
2019-04-16,24750,49200
2019-04-17,24170,48050
2019-04-18,23550,46800
2019-04-19,23650,47000
2019-04-22,23470,46650
2019-04-23,23650,47000
2019-04-24,23650,47000
2019-04-25,23450,46600
2019-04-26,23850,47400
2019-05-02,23500,46700
2019-05-03,23570,46850
2019-05-06,22890,45500
2019-05-07,22990,45700
2019-05-08,22460,44650
2019-05-09,22490,44700
2019-05-10,22490,44700
2019-05-13,22460,44650
2019-05-14,22410,44550
2019-05-15,22890,45500
2019-05-16,23240,46200
2019-05-17,23140,46000
2019-05-20,22820,45350
2019-05-21,23470,46650
2019-05-22,23290,46300
2019-05-23,23220,46150
2019-05-24,22840,45400
2019-05-27,23270,46250
2019-05-28,23170,46050
2019-05-29,23900,47500
2019-05-30,23770,47250
2019-05-31,23650,47000
2019-06-03,23500,46700
2019-06-04,22850,43000
2019-06-05,22050,41500
2019-06-06,22580,42500
2019-06-07,23650,44500
2019-06-10,23490,44200
2019-06-11,23380,44000
2019-06-12,23570,44350
2019-06-13,23380,44000
2019-06-14,23170,43600
2019-06-17,23220,43700
2019-06-18,22580,42500
2019-06-19,22850,43000
2019-06-20,22850,43000
2019-06-21,22740,42800
2019-06-24,22690,42700
2019-06-25,23010,43300
2019-06-26,22850,43000
2019-06-27,22850,43000
2019-06-28,22640,42600
2019-07-01,22850,43000
2019-07-02,22850,43000
2019-07-03,23010,43300
2019-07-04,23650,44500
2019-07-05,24230,45600
2019-07-08,24020,45200
2019-07-09,24600,46300
2019-07-10,24660,46400
2019-07-11,24600,46300
2019-07-12,25670,48300
2019-07-15,26570,50000
2019-07-16,26840,50500
2019-07-17,26620,50100
2019-07-18,26300,49500
2019-07-19,26490,49850
2019-07-22,26140,49200
2019-07-23,26620,50100
2019-07-24,26730,50300
2019-07-25,26300,49500
2019-07-26,26410,49700
2019-07-29,25930,48800
2019-07-30,25430,47850
2019-07-31,25770,48500
2019-08-01,25880,48700
2019-08-02,25980,48900
2019-08-05,25510,48000
2019-08-06,25190,47400
2019-08-07,26140,49200
2019-08-08,27790,52300
2019-08-09,27580,51900
2019-08-12,27210,51200
2019-08-13,26840,50500
2019-08-14,26780,50400
2019-08-15,26840,50500
2019-08-16,27470,51700
2019-08-19,27100,51000
2019-08-20,27580,51900
2019-08-21,26990,50800
2019-08-22,26890,50600
2019-08-23,26940,50700
2019-08-26,26780,50400
2019-08-27,26140,49200
2019-08-28,25670,48300
2019-08-29,25320,47650
2019-08-30,26570,50000
2019-09-03,26200,49300
2019-09-04,26090,49100
2019-09-05,26570,50000
2019-09-06,26410,49700
2019-09-09,26300,49500
2019-09-10,25880,48700
2019-09-11,26380,49650
2019-09-12,26680,50200
2019-09-13,26680,50200
2019-09-16,27530,51800
2019-09-17,27260,51300
2019-09-18,28320,53300
2019-09-19,28160,53000
2019-09-20,28060,52800
2019-09-23,27370,51500
2019-09-24,27470,51700
2019-09-25,27900,52500
2019-09-26,27630,52000
2019-09-27,26890,50600
2019-10-01,27470,51700
2019-10-02,27370,51500
2019-10-03,27420,51600
2019-10-04,28270,53200
2019-10-07,28430,53500
2019-10-08,28220,53100
2019-10-09,29120,54800
2019-10-10,29120,54800
2019-10-11,28800,54200
2019-10-14,28430,53500
2019-10-15,28690,54000
2019-10-16,28540,53700
2019-10-17,28590,53800
2019-10-18,28380,53400
2019-10-21,27950,52600
2019-10-22,28590,53800
2019-10-23,28270,53200
2019-10-24,28110,52900
2019-10-25,28270,53200
2019-10-28,28220,53100
2019-10-29,28160,53000
2019-10-30,28380,53400
2019-10-31,28220,53100
2019-11-01,28160,53000
2019-11-04,27950,52600
2019-11-05,28060,52800
2019-11-06,28430,53500
2019-11-07,28380,53400
2019-11-08,28160,53000
2019-11-11,28000,52700
2019-11-12,27840,52400
2019-11-13,27530,51800
2019-11-14,27420,51600
2019-11-15,28060,52800
2019-11-18,27790,52300
2019-11-19,28690,54000
2019-11-20,28910,54400
2019-11-21,28640,53900
2019-11-22,27690,52100
2019-11-25,27840,52400
2019-11-26,27900,52500
2019-11-27,27740,52200
2019-11-28,27420,51600
2019-11-29,27690,52100
2019-12-02,27580,51900
2019-12-03,27050,50900
2019-12-04,27490,49700
2019-12-05,27160,49100
2019-12-06,26740,48350
2019-12-09,26000,47000
2019-12-10,26050,47100
2019-12-11,25890,46800
2019-12-12,27100,49000
2019-12-13,26490,47900
2019-12-16,26440,47800
2019-12-17,26220,47400
2019-12-18,25610,46300
2019-12-19,25780,46600
2019-12-20,26050,47100
2019-12-23,26050,47100
2019-12-24,25830,46700
2019-12-25,25800,46650
2019-12-26,25970,46950
2019-12-27,25530,46150
2019-12-30,25190,45550
2020-01-02,24970,45150
2020-01-03,24890,45000
2020-01-06,24720,44700
2020-01-07,24720,44700
2020-01-08,24340,44000
2020-01-09,24890,45000
2020-01-10,25330,45800
2020-01-13,24890,45000
2020-01-14,25170,45500
2020-01-15,25170,45500
2020-01-16,25060,45300
2020-01-17,25280,45700
2020-01-20,25110,45400
2020-01-21,25110,45400
2020-01-22,25110,45400
2020-01-30,24610,44500
2020-01-31,23510,42500
2020-02-03,23340,42200
2020-02-04,23510,42500
2020-02-05,23230,42000
2020-02-06,23230,42000
2020-02-07,22950,41500
2020-02-10,22480,40650
2020-02-11,22460,40600
2020-02-12,22840,41300
2020-02-13,22730,41100
2020-02-14,22620,40900
2020-02-17,22950,41500
2020-02-18,24340,44000
2020-02-19,24230,43800
2020-02-20,24500,44300
2020-02-21,24610,44500
2020-02-24,23230,42000
2020-02-25,23450,42400
2020-02-26,23070,41700
2020-02-27,23120,41800
2020-02-28,22620,40900
2020-03-02,22400,40500
2020-03-03,22900,41400
2020-03-04,23120,41800
2020-03-05,23180,41900
2020-03-06,23200,41950
2020-03-09,21600,39050
2020-03-10,22180,40100
2020-03-11,21790,39400
2020-03-12,20410,36900
2020-03-13,20470,37000
2020-03-16,19910,36000
2020-03-17,20190,36500
2020-03-18,20360,36800
2020-03-19,19940,36050
2020-03-20,19750,35700
2020-03-23,18390,33250
2020-03-24,18530,33500
2020-03-25,19440,35150
2020-03-26,19530,35300
2020-03-27,19360,35000
2020-03-30,19000,34350
2020-04-01,19360,35000
2020-04-03,19910,36000
2020-04-06,20990,37950
2020-04-07,21680,39200
2020-04-08,22120,40000
2020-04-09,22510,40700
2020-04-10,21900,39600
2020-04-13,21880,39550
2020-04-14,21820,39450
2020-04-15,22510,40700
2020-04-16,23400,42300
2020-04-17,24890,45000
2020-04-20,24780,44800
2020-04-21,23780,43000
2020-04-22,24590,44450
2020-04-23,24920,45050
2020-04-24,25110,45400
2020-04-27,25280,45700
2020-04-28,25550,46200
2020-04-29,26110,47200
2020-05-04,25830,46700
2020-05-05,26000,45000
2020-05-06,25630,44350
2020-05-07,25710,44500
2020-05-08,25740,44550
2020-05-11,26000,45000
2020-05-12,27160,47000
2020-05-13,27450,47500
2020-05-14,27040,46800
2020-05-15,26840,46450
2020-05-18,27010,46750
2020-05-19,27040,46800
2020-05-20,27040,46800
2020-05-21,26900,46550
2020-05-22,27010,46750
2020-05-25,27160,47000
2020-05-26,28080,48600
2020-05-27,27940,48350
2020-05-28,27620,47800
2020-05-29,27560,47700
2020-06-01,27510,47600
2020-06-02,27450,47500
2020-06-03,27560,47700
2020-06-04,28430,49200
2020-06-05,29300,50700
2020-06-08,30400,52600
2020-06-09,30050,52000
2020-06-10,29820,51600
2020-06-11,29180,50500
2020-06-12,28720,49700
2020-06-15,28200,48800
2020-06-16,28720,49700
2020-06-17,28720,49700
2020-06-18,29760,51500
2020-06-19,31200,54000
2020-06-22,31780,55000
2020-06-23,31610,54700
2020-06-24,31490,54500
2020-06-25,31200,54000
2020-06-26,31490,54500
2020-06-29,30510,52800
2020-07-01,31090,53800
2020-07-02,31320,54200
2020-07-03,32360,56000
2020-07-06,31320,54200
2020-07-07,31320,54200
2020-07-08,31380,54300
2020-07-09,31380,54300
2020-07-10,31150,53900
2020-07-13,31440,54400
2020-07-14,31200,54000
2020-07-15,30920,53500
2020-07-16,31200,54000
2020-07-17,31500,53500
2020-07-20,31030,52700
2020-07-21,31320,53200
2020-07-22,30910,52500
2020-07-23,30910,52500
2020-07-24,29730,50500
2020-07-27,27670,47000
2020-07-28,29560,50200
2020-07-29,28730,48800
2020-07-30,29080,49400
2020-07-31,28910,49100
2020-08-03,29440,50000
2020-08-04,29730,50500
2020-08-05,30320,51500
2020-08-06,30200,51300
2020-08-07,30560,51900
2020-08-10,30560,51900
2020-08-11,30440,51700
2020-08-12,30440,51700
2020-08-13,30560,51900
2020-08-14,30440,51700
2020-08-17,31970,54300
2020-08-18,31790,54000
2020-08-19,31850,54100
2020-08-20,32560,55300
2020-08-21,33680,57200
2020-08-24,34030,57800
2020-08-25,33620,57100
2020-08-26,33560,57000
2020-08-27,33560,57000
2020-08-28,33740,57300
2020-08-31,32970,56000
2020-09-01,33500,56900
2020-09-03,33380,56700
2020-09-04,33210,56400
2020-09-07,32380,55000
2020-09-08,32560,55300
2020-09-09,33260,56500
2020-09-10,33150,56300
2020-09-11,33090,56200
2020-09-14,33850,57500
2020-09-15,35150,59700
2020-09-16,34800,59100
2020-09-17,34500,58600
2020-09-18,35910,61000
2020-09-21,35910,61000
2020-09-22,35560,60400
2020-09-23,35440,60200
2020-09-24,35440,60200
2020-09-25,35440,60200
2020-09-28,35620,60500
2020-09-29,34910,59300
2020-10-01,36620,62200
2020-10-02,36380,61800
2020-10-05,36440,61900
2020-10-06,36150,61400
2020-10-07,35430,57400
2020-10-08,35250,57100
2020-10-09,35130,56900
2020-10-12,34080,55200
2020-10-13,34200,55400
2020-10-14,33340,54000
2020-10-15,33460,54200
2020-10-16,33580,54400
2020-10-19,33340,54000
2020-10-20,33340,54000
2020-10-21,33150,53700
2020-10-22,33150,53700
2020-10-23,35430,57400
2020-10-26,34260,55500
2020-10-27,33950,55000
2020-10-28,33270,53900
2020-10-29,33640,54500
2020-10-30,33520,54300
2020-11-02,33520,54300
2020-11-03,33210,53800
2020-11-04,33460,54200
2020-11-05,33090,53600
2020-11-06,33030,53500
2020-11-09,33640,54500
2020-11-10,34570,56000
2020-11-11,34080,55200
2020-11-12,33770,54700
2020-11-13,33770,54700
2020-11-16,34080,55200
2020-11-17,35810,58000
2020-11-18,36050,58400
2020-11-19,35930,58200
2020-11-20,36670,59400
2020-11-23,36550,59200
2020-11-24,36180,58600
2020-11-25,36110,58500
2020-11-26,35990,58300
2020-11-27,37600,60900
2020-11-30,37600,60900
2020-12-01,37470,60700
2020-12-02,38090,61700
2020-12-03,38340,62100
2020-12-04,38150,61800
2020-12-07,38710,62700
2020-12-08,40130,65000
2020-12-09,41050,66500
2020-12-10,40440,65500
2020-12-11,39820,64500
2020-12-14,39760,64400
2020-12-15,39940,64700
2020-12-16,39880,64600
2020-12-17,39200,63500
2020-12-18,39690,64300
2020-12-21,39320,63700
2020-12-22,39510,64000
2020-12-23,39940,64700
2020-12-24,38890,63000
2020-12-25,39260,63600
2020-12-28,39140,63400
2020-12-29,39140,63400
2020-12-30,38770,62800
2021-01-04,39510,64000
2021-01-05,39820,64500
2021-01-06,38830,62900
2021-01-07,38150,61800
2021-01-08,38520,62400
2021-01-11,38270,62000
2021-01-12,38830,62900
2021-01-13,40060,64900
2021-01-14,40000,64800
2021-01-15,39570,64100
2021-01-18,39020,63200
2021-01-19,36920,59800
2021-01-20,37040,60000
2021-01-21,37040,60000
2021-01-22,38520,62400
2021-01-25,39140,63400
2021-01-26,38400,62200
2021-01-27,37970,61500
2021-01-28,35310,57200
2021-01-29,36790,59600
2021-02-01,37040,60000
2021-02-02,38030,61600
2021-02-03,38270,62000
2021-02-04,38340,60100
2021-02-05,38790,60800
2021-02-08,38210,59900
2021-02-09,38340,60100
2021-02-17,39550,62000
2021-02-18,40190,63000
2021-02-19,40830,64000
2021-02-22,40450,63400
2021-02-23,40060,62800
2021-02-24,39110,61300
2021-02-25,39550,62000
2021-02-26,40190,63000
2021-03-01,40570,63600
2021-03-02,41400,64900
2021-03-03,41590,65200
2021-03-04,40510,63500
2021-03-05,39930,62600
2021-03-08,39550,62000
2021-03-09,39110,61300
2021-03-10,39420,61800
2021-03-11,39420,61800
2021-03-12,39680,62200
2021-03-15,39490,61900
2021-03-16,39110,61300
2021-03-17,38910,61000
2021-03-18,38910,61000
2021-03-19,38790,60800
2021-03-22,38530,60400
2021-03-23,38400,60200
2021-03-24,38020,59600
2021-03-25,37960,59500
2021-03-26,37260,58400
2021-03-29,37450,58700
2021-03-30,37450,58700
2021-04-01,37770,59200
2021-04-02,38280,60000
2021-04-05,38020,59600
2021-04-06,38280,60000
2021-04-07,39300,61600
2021-04-08,39230,61500
2021-04-09,39230,61500
2021-04-12,39230,61500
2021-04-13,38400,60200
2021-04-14,38530,60400
2021-04-15,38660,60600
2021-04-16,38660,60600
2021-04-19,38340,60100
2021-04-20,38280,60000
2021-04-22,37640,59000
2021-04-23,37510,58800
2021-04-26,37510,58800
2021-04-27,37320,58500
2021-04-28,37770,59200
2021-04-29,37830,59300
2021-05-04,37700,59100
2021-05-05,38020,59600
2021-05-06,37890,59400
2021-05-07,37380,58600
2021-05-10,37060,58100
2021-05-11,37130,58200
2021-05-12,37260,58400
2021-05-13,37510,58800
2021-05-14,37510,58800
2021-05-17,37430,57200
2021-05-18,37760,57700
2021-05-19,37430,57200
2021-05-20,37040,56600
2021-05-21,37240,56900
2021-05-24,37830,57800
2021-05-25,38610,59000
2021-05-26,38410,58700
2021-05-27,37830,57800
2021-05-28,38350,58600
2021-05-31,38020,58100
2021-06-01,37830,57800
2021-06-02,38150,58300
2021-06-03,37700,57600
2021-06-04,37560,57400
2021-06-07,37500,57300
2021-06-08,37110,56700
2021-06-09,37040,56600
2021-06-10,37300,57000
2021-06-11,37830,57800
2021-06-14,38020,58100
2021-06-15,39590,60500
2021-06-16,39920,61000
2021-06-17,40180,61400
2021-06-18,39850,60900
2021-06-21,39660,60600
2021-06-22,39790,60800
2021-06-23,39070,59700
2021-06-24,38810,59300
2021-06-25,38940,59500
2021-06-28,39330,60100
2021-06-29,38810,59300
2021-07-01,38550,58900
2021-07-02,38480,58800
2021-07-05,37700,57600
2021-07-06,37560,57400
2021-07-07,37700,57600
2021-07-08,37430,57200
2021-07-09,37300,57000
2021-07-12,35990,55000
2021-07-13,36580,55900
2021-07-14,36060,55100
2021-07-15,36980,56500
2021-07-16,37170,56800
2021-07-19,36320,55500
2021-07-20,36980,56500
2021-07-21,36710,56100
2021-07-22,36840,56300
2021-07-23,36910,56400
2021-07-26,37170,56800
2021-07-27,37890,57900
2021-07-28,37300,57000
2021-07-29,36520,55800
2021-07-30,36780,56200
2021-08-02,37430,57200
2021-08-03,37170,56800
2021-08-04,37170,56800
2021-08-05,37170,56800
2021-08-06,37170,56800
2021-08-09,37110,56700
2021-08-10,37430,57200
2021-08-11,37830,57800
2021-08-12,37760,57700
2021-08-13,37700,57600
2021-08-16,37500,57300
2021-08-17,37170,56800
2021-08-18,36520,55800
2021-08-19,36520,55800
2021-08-20,36190,55300
2021-08-23,35010,53500
2021-08-24,34680,53000
2021-08-25,35080,53600
2021-08-26,35010,53500
2021-08-27,34950,53400
2021-08-30,35080,53600
2021-08-31,35140,53700
2021-09-01,35670,54500
2021-09-06,36450,55700
2021-09-07,35990,55000
2021-09-08,35270,53900
2021-09-09,35270,53900
2021-09-10,35270,53900
2021-09-13,35400,54100
2021-09-14,35270,53900
2021-09-15,35670,54500
2021-09-16,35470,54200
2021-09-17,35270,53900
2021-09-20,35210,53800
2021-09-21,35600,54400
2021-09-22,35340,54000
2021-09-23,35270,53900
2021-09-24,35080,53600
2021-09-27,34820,53200
2021-09-28,34750,53100
2021-09-29,34550,52800
2021-09-30,34550,52800
2021-10-01,34620,52900
2021-10-04,33960,51900
2021-10-05,33900,51800
2021-10-06,34100,52100
2021-10-07,34680,53000
2021-10-08,34750,53100
2021-10-11,34680,53000
2021-10-12,34680,53000
2021-10-13,34680,53000
2021-10-14,34750,53100
2021-10-15,34750,53100
2021-10-18,34750,53100
2021-10-19,34550,52800
2021-10-20,34880,53300
2021-10-21,36320,55500
2021-10-22,35800,54700
2021-10-25,36190,55300
2021-10-26,37240,56900
2021-10-27,37240,56900
2021-10-28,39000,59600
2021-10-29,39270,60000
2021-11-01,39270,60000
2021-11-02,39530,60400
2021-11-03,39920,61000
2021-11-04,40710,62200
2021-11-05,41160,62900
2021-11-08,41230,63000
2021-11-09,40640,62100
2021-11-10,40900,62500
2021-11-11,40900,62500
2021-11-12,40440,61800
2021-11-15,38680,59100
2021-11-16,39270,60000
2021-11-17,39000,59600
2021-11-18,39000,59600
2021-11-19,38870,59400
2021-11-22,38280,58500
2021-11-23,39070,59700
2021-11-24,38680,59100
2021-11-25,39590,60500
2021-11-26,39270,60000
2021-11-29,38680,59100
2021-11-30,39270,60000
2021-12-01,38870,59400
2021-12-02,38410,58700
2021-12-03,37960,58000
2021-12-06,36650,56000
2021-12-07,37630,57500
2021-12-08,37960,58000
2021-12-09,38410,58700
2021-12-10,38220,58400
2021-12-13,38020,58100
2021-12-14,39270,60000
2021-12-15,39400,60200
2021-12-16,39130,59800
2021-12-17,39590,60500
2021-12-20,40710,62200
2021-12-21,40710,62200
2021-12-22,39920,61000
2021-12-23,38280,58500
2021-12-24,38280,58500
2021-12-27,38870,59400
2021-12-28,39200,59900
2021-12-29,38480,58800
2021-12-30,38940,59500
2022-01-04,38610,59000
2022-01-05,38550,58900
2022-01-06,38280,58500
2022-01-07,38220,58400
2022-01-10,38090,58200
2022-01-11,37830,57800
2022-01-12,37960,58000
2022-01-13,38680,59100
2022-01-14,38580,57700
2022-01-17,37370,55900
2022-01-18,37310,55800
2022-01-19,38040,56900
2022-01-20,38650,57800
2022-01-21,38510,57600
2022-01-24,38310,57300
2022-01-25,38180,57100
2022-01-26,39450,59000
2022-01-27,39850,59600
2022-01-28,41120,61500
2022-02-07,41720,62400
2022-02-08,40120,60000
2022-02-09,40520,60600
2022-02-10,40450,60500
2022-02-11,40120,60000
2022-02-14,39310,58800
2022-02-15,39380,58900
2022-02-16,39450,59000
2022-02-17,39650,59300
2022-02-18,41120,61500
2022-02-21,42320,63300
2022-02-22,42920,64200
2022-02-23,43790,65500
2022-02-24,42860,64100
2022-02-25,42990,64300
2022-02-28,42860,64100
2022-03-01,42320,63300
2022-03-02,40650,60800
2022-03-03,41590,62200
2022-03-04,41790,62500
2022-03-07,40580,60700
2022-03-08,39980,59800
2022-03-09,41120,61500
2022-03-10,40780,61000
2022-03-11,39980,59800
2022-03-14,39450,59000
2022-03-15,40120,60000
2022-03-16,39980,59800
2022-03-17,40050,59900
2022-03-18,39580,59200
2022-03-21,39510,59100
2022-03-22,39510,59100
2022-03-23,39850,59600
2022-03-24,40780,61000
2022-03-25,41320,61800
2022-03-28,40450,60500
2022-03-29,40580,60700
2022-03-30,40450,60500
2022-04-01,43590,65200
2022-04-04,43190,64600
2022-04-05,42460,63500
2022-04-06,42320,63300
2022-04-07,42520,63600
2022-04-08,41250,61700
2022-04-12,40990,61300
2022-04-13,41320,61800
2022-04-14,42260,63200
2022-04-15,42660,63800
2022-04-18,42260,63200
2022-04-19,42390,63400
2022-04-20,41990,62800
2022-04-21,41990,62800
2022-04-22,41720,62400
2022-04-25,39380,58900
2022-04-26,40120,60000
2022-04-27,40180,60100
2022-04-28,41120,61500
2022-04-29,41190,61600
2022-05-04,40580,60700
2022-05-05,39850,59600
2022-05-06,39110,58500
2022-05-09,37110,55500
2022-05-10,37840,56600
2022-05-11,38080,55600
2022-05-12,37330,54500
2022-05-13,36510,53300
2022-05-16,36300,53000
2022-05-17,36990,54000
2022-05-18,37950,55400
2022-05-19,37600,54900
2022-05-20,37540,54800
2022-05-23,37950,55400
2022-05-24,38360,56000
2022-05-25,39110,57100
2022-05-26,40620,59300
2022-05-27,40620,59300
2022-05-30,40620,59300
2022-05-31,40960,59800
2022-06-01,40960,59800
2022-06-02,40890,59700
2022-06-03,40890,59700
2022-06-06,40550,59200
2022-06-07,40070,58500
2022-06-08,40550,59200
2022-06-09,40890,59700
2022-06-10,40070,58500
2022-06-13,38360,56000
2022-06-14,37400,54600
2022-06-15,36170,52800
2022-06-16,38360,56000
2022-06-17,37330,54500
2022-06-20,36990,54000
2022-06-21,36920,53900
2022-06-22,36990,54000
2022-06-23,36920,53900
2022-06-24,36990,54000
2022-06-27,38020,55500
2022-06-28,37670,55000
2022-06-29,38500,56200
2022-06-30,39520,57700
2022-07-01,39180,57200
2022-07-04,39110,57100
2022-07-05,38770,56600
2022-07-06,39040,57000
2022-07-07,38970,56900
2022-07-08,38970,56900
2022-07-11,37600,54900
2022-07-12,38020,55500
2022-07-13,38020,55500
2022-07-14,38360,56000
2022-07-15,38360,56000
2022-07-18,38360,56000
2022-07-19,38080,55600
2022-07-20,39040,57000
2022-07-21,39390,57500
2022-07-22,39730,58000
2022-07-25,40340,58900
2022-07-26,40410,59000
2022-07-27,40280,58800
2022-07-28,40000,58400
2022-07-29,41030,59900
2022-08-01,42130,61500
2022-08-02,41650,60800
2022-08-03,43080,62900
2022-08-04,43080,62900
2022-08-05,43080,62900
2022-08-08,42540,62100
2022-08-09,43150,63000
2022-08-10,43430,63400
2022-08-11,43500,63500
2022-08-12,45890,67000
2022-08-15,46030,67200
2022-08-16,45350,66200
2022-08-17,44520,65000
2022-08-18,44800,65400
2022-08-19,43910,64100
2022-08-22,44520,65000
2022-08-23,44870,65500
2022-08-24,44110,64400
2022-08-25,43500,63500
2022-08-26,44040,64300
2022-08-29,43630,63700
2022-08-30,44520,65000
2022-08-31,44520,65000
2022-09-05,44870,65500
2022-09-06,44520,65000
2022-09-07,42470,62000
2022-09-08,41920,61200
2022-09-09,42400,61900
2022-09-12,42190,61600
2022-09-13,42810,62500
2022-09-14,42610,62200
2022-09-15,43080,62900
2022-09-16,42670,62300
2022-09-19,41850,61100
2022-09-20,41850,61100
2022-09-21,41920,61200
2022-09-22,41300,60300
2022-09-23,41030,59900
2022-09-26,40070,58500
2022-09-27,40410,59000
2022-09-28,39390,57500
2022-09-29,39390,57500
2022-09-30,39450,57600
2022-10-03,37740,55100
2022-10-04,37670,55000
2022-10-05,38430,56100
2022-10-06,38770,56600
2022-10-07,38360,56000
2022-10-10,38970,56900
2022-10-11,37330,54500
2022-10-12,38700,56500
2022-10-13,39870,58200
2022-10-14,40620,59300
2022-10-17,40340,58900
2022-10-18,41440,60500
2022-10-19,41170,60100
2022-10-20,41710,60900
2022-10-21,40960,59800
2022-10-24,40960,59800
2022-10-25,41370,60400
2022-10-26,42600,59000
2022-10-27,45560,63100
2022-10-28,44840,62100
2022-10-31,44040,61000
2022-11-01,47080,65200
2022-11-02,45270,62700
2022-11-03,44400,61500
2022-11-04,44040,61000
2022-11-07,41010,56800
2022-11-08,38270,53000
2022-11-09,40070,55500
2022-11-10,37330,51700
2022-11-11,37690,52200
2022-11-14,37910,52500
2022-11-15,37540,52000
2022-11-16,38990,54000
2022-11-17,40000,55400
2022-11-18,38770,53700
2022-11-21,38920,53900
2022-11-22,39570,54800
2022-11-23,37910,52500
2022-11-24,37540,52000
2022-11-25,38990,54000
2022-11-28,39710,55000
2022-11-29,40070,55500
2022-11-30,42820,59300
2022-12-01,42240,58500
2022-12-02,41150,57000
2022-12-05,41440,57400
2022-12-06,39780,55100
2022-12-07,40870,56600
2022-12-08,42310,58600
2022-12-09,42310,58600
2022-12-12,40870,56600
2022-12-13,41010,56800
2022-12-14,41370,57300
2022-12-15,42170,58400
2022-12-16,42600,59000
2022-12-19,43320,60000
2022-12-20,42450,58800
2022-12-21,42890,59400
2022-12-22,43390,60100
2022-12-23,43750,60600
2022-12-26,43100,59700
2022-12-27,43610,60400
2022-12-28,44110,61100
2022-12-29,43390,60100
2022-12-30,43320,60000
2023-01-03,44550,61700
2023-01-04,43900,60800
2023-01-05,44040,61000
2023-01-06,44040,61000
2023-01-09,44550,61700
2023-01-10,44480,61600
2023-01-11,43750,60600
2023-01-12,43610,60400
2023-01-13,43750,60600
2023-01-16,44760,62000
2023-01-17,46570,64500
2023-01-18,45850,63500
2023-01-19,45780,63400
2023-01-27,46140,63900
2023-01-30,48520,67200
2023-01-31,46930,65000
2023-02-01,44480,61600
2023-02-02,43320,60000
2023-02-03,43030,59600
2023-02-06,42240,58500
2023-02-07,42820,59300
2023-02-08,44040,61000
2023-02-09,43900,60800
2023-02-10,43320,60000
2023-02-13,42740,59200
2023-02-14,44760,62000
2023-02-15,44760,62000
2023-02-16,45130,62500
2023-02-17,43900,60800
2023-02-20,44190,61200
2023-02-21,44620,61800
2023-02-22,44040,61000
2023-02-23,43970,60900
2023-02-24,43390,60100
2023-02-27,43180,59800
2023-02-28,43180,59800
2023-03-01,44190,61200
2023-03-02,43900,60800
2023-03-03,43250,59900
2023-03-06,43100,59700
2023-03-07,43320,60000
2023-03-08,43390,60100
2023-03-09,42960,59500
2023-03-10,42670,59100
2023-03-13,42240,58500
2023-03-14,41730,57800
2023-03-15,42240,58500
2023-03-16,41230,57100
2023-03-17,41440,57400
2023-03-20,41440,57400
2023-03-21,41660,57700
2023-03-22,42090,58300
2023-03-23,41950,58100
2023-03-24,41520,57500
2023-03-27,42380,58700
2023-03-28,42170,58400
2023-03-29,42090,58300
2023-03-30,41950,58100
2023-03-31,42170,58400
2023-04-03,42310,58600
2023-04-04,43030,59600
2023-04-05,43540,60300
2023-04-06,43830,60700
2023-04-07,45270,62700
2023-04-10,44910,62200
2023-04-11,44980,62300
2023-04-12,45270,62700
2023-04-13,44910,62200
2023-04-14,45050,62400
2023-04-17,44980,62300
2023-04-18,44910,62200
2023-04-19,48010,66500
2023-04-20,50110,69400
2023-04-21,53430,74000
2023-04-24,53430,74000
2023-04-25,52200,72300
2023-04-26,55810,77300
2023-04-27,56750,78600
2023-04-28,55880,77400
2023-05-04,59490,82400
2023-05-05,58840,81500
2023-05-08,58920,81600
2023-05-09,58410,80900
2023-05-10,59490,82400
2023-05-11,59780,82800
2023-05-12,59350,82200
2023-05-15,59850,82900
2023-05-16,62740,86900
2023-05-17,61370,85000
2023-05-18,61370,85000
2023-05-19,58140,75500
2023-05-22,58830,76400
2023-05-23,58450,75900
2023-05-24,57220,74300
2023-05-25,60370,78400
2023-05-26,59760,77600
2023-05-29,60300,78300
2023-05-30,60840,79000
2023-05-31,61450,79800
2023-06-01,60450,78500
2023-06-02,58520,76000
2023-06-05,57600,74800
2023-06-06,60370,78400
2023-06-07,60530,78600
2023-06-08,63610,82600
2023-06-09,68000,88300
2023-06-12,69230,89900
2023-06-13,70850,92000
2023-06-14,67770,88000
2023-06-15,69150,89800
2023-06-16,68840,89400
2023-06-19,66760,86700
2023-06-20,67840,88100
2023-06-21,68000,88300
2023-06-22,67000,87000
2023-06-23,68610,89100
2023-06-26,72000,93500
2023-06-27,71080,92300
2023-06-28,70770,91900
2023-06-29,68540,89000
2023-06-30,71150,92400
2023-07-03,71150,92400
2023-07-04,70540,91600
2023-07-05,70460,91500
2023-07-06,71080,92300
2023-07-07,72390,94000
2023-07-10,72390,94000
2023-07-11,71690,93100
2023-07-12,71690,93100
2023-07-13,73080,94900
2023-07-14,73160,95000
2023-07-17,73160,95000
2023-07-18,73160,95000
2023-07-19,78240,101600
2023-07-20,79090,102700
2023-07-21,77620,100800
2023-07-24,78550,102000
2023-07-25,79320,103000
2023-07-26,78550,102000
2023-07-27,76240,99000
2023-07-28,75470,98000
2023-07-31,75470,98000
2023-08-01,74540,96800
2023-08-02,73770,95800
2023-08-03,68920,89500
2023-08-04,67690,87900
2023-08-07,68920,89500
2023-08-08,71460,92800
2023-08-09,70380,91400
2023-08-10,68770,89300
2023-08-11,67460,87600
2023-08-14,68460,88900
2023-08-15,69610,90400
2023-08-16,68380,88800
2023-08-17,65760,85400
2023-08-18,65990,85700
2023-08-21,65840,85500
2023-08-22,65460,85000
2023-08-23,63920,83000
2023-08-24,64610,83900
2023-08-25,68000,88300
2023-08-28,67380,87500
2023-08-29,69310,90000
2023-08-30,68690,89200
2023-08-31,67840,88100
2023-09-05,67460,87600
2023-09-06,72150,93700
2023-09-07,72690,94400
2023-09-08,73850,95900
2023-09-11,71690,93100
2023-09-12,70690,91800
2023-09-13,70460,91500
2023-09-14,67920,88200
2023-09-15,66460,86300
2023-09-18,67150,87200
2023-09-19,67070,87100
2023-09-20,69310,90000
2023-09-21,70000,90900
2023-09-22,68150,88500
2023-09-25,65530,85100
2023-09-26,65690,85300
2023-09-27,67000,87000
2023-09-28,67230,87300
2023-09-29,66230,86000
2023-10-02,66760,86700
2023-10-03,64530,83800
2023-10-04,65220,84700
2023-10-05,66690,86600
2023-10-06,68230,88600
2023-10-09,68230,88600
2023-10-10,69460,90200
2023-10-11,72000,93500
2023-10-12,70850,92000
2023-10-13,70920,92100
2023-10-16,68610,89100
2023-10-17,68610,89100
2023-10-18,66230,86000
2023-10-19,65300,84800
2023-10-20,65460,85000
2023-10-23,64610,83900
2023-10-24,65610,85200
2023-10-25,66760,86700
2023-10-26,63150,82000
2023-10-27,63840,82900
2023-10-30,62610,81300
2023-10-31,60450,78500
2023-11-01,61990,80500
2023-11-02,65840,85500
2023-11-03,67770,88000
2023-11-06,68460,88900
2023-11-07,70080,91000
2023-11-08,72390,94000
2023-11-09,72390,94000
2023-11-10,73390,95300
2023-11-13,74700,97000
2023-11-14,73620,95600
2023-11-15,74160,96300
2023-11-16,73160,95000
2023-11-17,73930,96000
2023-11-20,74260,89900
2023-11-21,77560,93900
2023-11-22,76400,92500
2023-11-23,71120,86100
2023-11-24,73510,89000
2023-11-27,72190,87400
2023-11-28,71360,86400
2023-11-29,72190,87400
2023-11-30,71700,86800
2023-12-01,72030,87200
2023-12-04,76070,92100
2023-12-05,75080,90900
2023-12-06,75740,91700
2023-12-07,75250,91100
2023-12-08,75990,92000
2023-12-11,75410,91300
2023-12-12,75490,91400
2023-12-13,74750,90500
2023-12-14,74340,90000
2023-12-15,73600,89100
2023-12-18,72850,88200
2023-12-19,72930,88300
2023-12-20,76320,92400
2023-12-21,77230,93500
2023-12-22,82600,100000
2023-12-25,87060,105400
2023-12-26,87390,105800
2023-12-27,87550,106000
2023-12-28,87720,106200
2023-12-29,86150,104300
2024-01-02,90030,109000
2024-01-03,88380,107000
2024-01-04,86230,104400
2024-01-05,85570,103600
2024-01-08,87550,106000
2024-01-09,86650,104900
2024-01-10,86070,104200
2024-01-11,88050,106600
2024-01-12,87800,106300
2024-01-15,88460,107100
2024-01-16,89210,108000
2024-01-17,90030,109000
2024-01-18,89950,108900
2024-01-19,89210,108000
2024-01-22,93580,113300
2024-01-23,92510,112000
2024-01-24,89870,108800
2024-01-25,86230,104400
2024-01-26,86730,105000
2024-01-29,85650,103700
2024-01-30,85740,103800
2024-01-31,85240,103200
2024-02-01,88460,107100
2024-02-02,87800,106300
2024-02-05,89210,108000
2024-02-06,87880,106400
2024-02-07,87550,106000
2024-02-15,85900,104000
2024-02-16,86320,104500
2024-02-19,85650,103700
2024-02-20,85900,104000
2024-02-21,86810,105100
2024-02-22,90860,110000
2024-02-23,95400,115500
2024-02-26,98290,119000
2024-02-27,96720,117100
2024-02-28,93750,113500
2024-02-29,96640,117000
2024-03-01,94990,115000
2024-03-04,94160,114000
2024-03-05,95810,116000
2024-03-06,94080,113900
2024-03-07,96310,116600
2024-03-08,93340,113000
2024-03-11,93010,112600
2024-03-12,95810,116000
2024-03-13,95900,116100
2024-03-14,94330,114200
2024-03-15,93910,113700
2024-03-18,90110,109100
2024-03-19,90860,110000
2024-03-20,91350,110600
2024-03-21,91930,111300
2024-03-22,91770,111100
2024-03-25,90030,109000
2024-03-26,89620,108500
2024-03-27,92840,112400
2024-03-28,93340,113000
2024-03-29,90860,110000
2024-04-01,92680,112200
2024-04-02,95570,115700
2024-04-03,94580,114500
2024-04-04,95730,115900
2024-04-05,92510,112000
2024-04-08,92260,111700
2024-04-09,94160,114000
2024-04-10,93170,112800
2024-04-11,92920,112500
2024-04-12,99370,120300
2024-04-15,96640,117000
2024-04-16,96560,116900
2024-04-17,93500,113200
2024-04-19,86980,105300
2024-04-22,87550,106000
2024-04-23,88380,107000
2024-04-24,90780,109900
2024-04-25,90030,109000
2024-04-26,90030,109000
2024-05-02,92010,111400
2024-05-03,95810,116000
2024-05-06,95810,116000
2024-05-07,96640,117000
2024-05-08,95240,115300
2024-05-09,95810,116000
2024-05-10,95810,116000
2024-05-13,96970,117400
2024-05-14,96060,116300
2024-05-15,98290,119000
2024-05-16,98370,119100
2024-05-17,98200,112800
2024-05-20,96980,111400
2024-05-21,95410,109600
2024-05-22,95410,109600
2024-05-23,97500,112000
2024-05-24,95590,109800
2024-05-27,95760,110000
2024-05-28,96630,111000
2024-05-29,94980,109100
2024-05-30,94720,108800
2024-05-31,94110,108100
2024-06-03,94280,108300
2024-06-04,96200,110500
2024-06-05,97500,112000
2024-06-06,96110,110400
2024-06-07,94890,109000
2024-06-10,94720,108800
2024-06-11,94280,108300
2024-06-12,93500,107400
2024-06-13,93150,107000
2024-06-14,93150,107000
2024-06-17,92100,105800
2024-06-18,93150,107000
2024-06-19,94460,108500
2024-06-20,95590,109800
2024-06-21,93580,107500
2024-06-24,91500,105100
2024-06-25,91150,104700
2024-06-26,90970,104500
2024-06-27,89670,103000
2024-06-28,87060,100000
2024-07-01,86180,99000
2024-07-02,85750,98500
2024-07-03,87930,101000
2024-07-04,87230,100200
2024-07-05,86360,99200
2024-07-08,85310,98000
2024-07-09,85580,98300
2024-07-10,85310,98000
2024-07-11,84790,97400
2024-07-12,84880,97500
2024-07-15,83750,96200
2024-07-16,83920,96400
2024-07-17,85840,98600
2024-07-18,86180,99000
2024-07-19,84700,97300
2024-07-22,84010,96500
2024-07-23,81480,93600
2024-07-24,81570,93700
2024-07-25,81140,93200
2024-07-26,82180,94400
2024-07-29,83660,96100
2024-07-30,83310,95700
2024-07-31,84270,96800
2024-08-01,83400,95800
2024-08-02,83400,95800
2024-08-05,79220,91000
2024-08-06,80960,93000
2024-08-07,80870,92900
2024-08-08,80870,92900
2024-08-09,81570,93700
2024-08-12,84440,97000
2024-08-13,84180,96700
2024-08-14,83490,95900
2024-08-15,84270,96800
2024-08-16,88360,101500
2024-08-19,88540,101700
2024-08-20,89320,102600
2024-08-21,90020,103400
2024-08-22,93150,107000
2024-08-23,91580,105200
2024-08-26,90970,104500
2024-08-27,91230,104800
2024-08-28,90540,104000
2024-08-29,89750,103100
2024-08-30,90540,104000
2024-09-04,90360,103800
2024-09-05,88800,102000
2024-09-06,90450,103900
2024-09-09,89320,102600
2024-09-10,92980,106800
2024-09-11,94720,108800
2024-09-12,94890,109000
2024-09-13,97420,111900
2024-09-16,100200,115100
2024-09-17,100720,115700
2024-09-18,98980,113700
2024-09-19,105860,121600
2024-09-20,106730,122600
2024-09-23,111340,127900
2024-09-24,108380,124500
2024-09-25,107510,123500
2024-09-26,110820,127300
2024-09-27,107340,123300
2024-09-30,103250,118600
2024-10-01,101850,117000
2024-10-02,100550,115500
2024-10-03,101160,116200
2024-10-04,100810,115800
2024-10-07,98980,113700
2024-10-08,105860,121600
2024-10-09,105860,121600
2024-10-10,104380,119900
2024-10-11,106990,122900
2024-10-14,106210,122000
2024-10-15,106210,122000
2024-10-16,108730,124900
2024-10-17,113170,130000
2024-10-18,111780,128400
2024-10-21,115350,132500
2024-10-22,112390,129100
2024-10-23,116220,133500
2024-10-24,115780,133000
2024-10-25,115610,132800
2024-10-28,118130,135700
2024-10-29,118310,135900
2024-10-30,119530,137300
2024-10-31,117090,134500
2024-11-01,116390,133700
2024-11-04,113170,130000
2024-11-05,113350,130200
2024-11-06,114910,132000
2024-11-07,113690,130600
2024-11-08,114910,132000
2024-11-11,115780,133000
2024-11-12,115350,132500
2024-11-13,113740,125000
2024-11-14,112380,123500
2024-11-15,110100,121000
2024-11-18,107920,118600
2024-11-19,106100,116600
2024-11-20,108830,119600
2024-11-21,109190,120000
2024-11-22,108740,119500
2024-11-25,107010,117600
2024-11-26,109470,120300
2024-11-27,108280,119000
2024-11-28,112470,123600
2024-11-29,115110,126500
2024-12-02,113740,125000
2024-12-03,112290,123400
2024-12-04,115750,127200
2024-12-05,114650,126000
2024-12-06,115200,126600
2024-12-09,114200,125500
2024-12-10,114650,126000
2024-12-11,114020,125300
2024-12-12,115380,126800
2024-12-13,114290,125600
2024-12-16,112830,124000
2024-12-17,111010,122000
2024-12-18,112830,124000
2024-12-19,113740,125000
2024-12-20,113740,125000
2024-12-23,121660,133700
2024-12-24,123030,135200
2024-12-25,125120,137500
2024-12-26,121570,133600
2024-12-27,122660,134800
2024-12-30,120750,132700
2024-12-31,119300,131100
2025-01-02,121120,133100
2025-01-03,121300,133300
2025-01-06,119200,131000
2025-01-07,122750,134900
2025-01-08,124660,137000
2025-01-09,122840,135000
2025-01-10,118290,130000
2025-01-13,116470,128000
2025-01-14,112830,124000
2025-01-15,113380,124600
2025-01-16,115380,126800
2025-01-17,115930,127400
2025-01-20,113740,125000
2025-01-21,114560,125900
2025-01-22,113930,125200
2025-01-23,114290,125600
2025-01-24,115380,126800
2025-02-04,112830,124000
2025-02-05,113290,124500
2025-02-06,112560,123700
2025-02-07,111920,123000
2025-02-10,108280,119000
2025-02-11,108470,119200
2025-02-12,108650,119400
2025-02-13,108560,119300
2025-02-14,107920,118600
2025-02-17,107920,118600
2025-02-18,107100,117700
2025-02-19,107370,118000
2025-02-20,108650,119400
2025-02-21,107830,118500
2025-02-24,108560,119300
2025-02-25,107740,118400
2025-02-26,110200,121100
2025-02-27,110290,121200
2025-02-28,108740,119500
2025-03-03,108830,119600
2025-03-04,109740,120600
2025-03-05,114560,125900
2025-03-06,114560,125900
2025-03-07,112830,124000
2025-03-10,111110,122100
2025-03-11,113110,124300
2025-03-12,111560,122600
2025-03-13,109470,120300
2025-03-14,108280,119000
2025-03-17,108280,119000
2025-03-18,109380,120200
2025-03-19,108740,119500
2025-03-20,108740,119500
2025-03-21,109920,120800
2025-03-24,109190,120000
2025-03-25,108740,119500
2025-03-26,108380,119100
2025-03-27,108280,119000
2025-03-28,112290,123400
2025-03-31,108560,119300
2025-04-01,111470,122500
2025-04-02,110470,121400
2025-04-03,102820,113000
2025-04-04,104370,114700
2025-04-08,97090,106700
2025-04-09,103830,114100
2025-04-10,111010,122000
2025-04-11,113560,124800
2025-04-14,113560,124800
2025-04-15,112830,124000
2025-04-16,117200,128800
2025-04-17,122390,134500
2025-04-18,118110,129800
2025-04-21,121840,133900
2025-04-22,122840,135000
2025-04-23,131400,144400
2025-04-24,130580,143500
2025-04-25,129850,142700
2025-04-28,128670,141400
2025-04-29,131580,144600
2025-05-05,131940,145000
2025-05-06,131030,144000
2025-05-07,130760,143700
2025-05-08,131030,144000
2025-05-09,133670,146900
2025-05-12,133580,146800
2025-05-13,137490,151100
2025-05-14,137400,151000
2025-05-15,135580,149000
2025-05-16,133580,146800
2025-05-19,128300,141000
2025-05-20,131030,144000
2025-05-21,129400,142200
2025-05-22,125570,138000
2025-05-23,129940,142800
2025-05-26,129850,142700
2025-05-27,129760,142600
2025-05-28,127760,140400
2025-05-29,125850,138300
2025-05-30,124660,137000
2025-06-02,123390,135600
2025-06-03,127030,139600
2025-06-04,125570,138000
2025-06-05,123480,135700
2025-06-06,124750,137100
2025-06-09,121120,133100
2025-06-10,121930,134000
2025-06-11,121930,134000
2025-06-12,124210,136500
2025-06-13,124210,136500
2025-06-16,124300,136600
2025-06-17,126940,139500
2025-06-18,125940,138400
2025-06-19,127390,140000
2025-06-20,126850,139400
2025-06-23,123570,135800
2025-06-24,126480,139000
2025-06-25,126390,138900
2025-06-26,126390,138900
2025-06-27,126480,139000
2025-06-30,127670,140300
2025-07-01,127760,140400
2025-07-02,128210,140900
2025-07-03,126850,139400
2025-07-04,126480,139000
2025-07-07,127670,140300
2025-07-08,131850,144900
2025-07-09,130940,143900
2025-07-10,129490,142300
2025-07-11,131310,144300
2025-07-14,131030,144000
2025-07-15,129120,141900
2025-07-16,127940,140600
2025-07-17,127670,140300
2025-07-18,129760,142600
2025-07-21,132760,145900
2025-07-22,130850,143800
2025-07-23,131120,144100
2025-07-24,132850,146000
2025-07-25,132220,145300
2025-07-28,130490,143400
2025-07-29,130400,143300
2025-07-30,129760,142600
2025-07-31,128030,140700
2025-08-01,128030,140700
2025-08-04,128390,141100
2025-08-05,128030,140700
2025-08-06,128390,141100
2025-08-07,129120,141900
2025-08-08,129030,141800
2025-08-11,128030,140700
2025-08-12,127850,140500
2025-08-13,126850,139400
2025-08-14,125210,137600
2025-08-15,123300,135500
2025-08-18,123660,135900
2025-08-19,123750,136000
2025-08-20,120660,132600
2025-08-21,119200,131000
2025-08-22,122390,134500
2025-08-25,125570,138000
2025-08-26,126030,138500
2025-08-27,128300,141000
2025-08-28,130310,143200
2025-08-29,131030,144000
2025-09-03,138310,152000
2025-09-04,138310,152000
2025-09-05,136400,149900
2025-09-08,138860,152600
2025-09-09,136860,150400
2025-09-10,135130,148500
2025-09-11,137860,151500
2025-09-12,137220,150800
2025-09-15,137860,151500
2025-09-16,138040,151700
2025-09-17,136950,150500
2025-09-18,135220,148600
2025-09-19,135770,149200
2025-09-22,137950,151600
2025-09-23,138310,152000
2025-09-24,132220,145300
2025-09-25,134670,148000
2025-09-26,130580,143500
2025-09-29,129580,142400
2025-09-30,130490,143400
2025-10-01,131220,144200
2025-10-02,128390,141100
2025-10-03,128300,141000
2025-10-06,128760,141500
2025-10-07,128850,141600
2025-10-08,129670,142500
2025-10-09,130310,143200
2025-10-10,130580,143500
2025-10-13,130580,143500
2025-10-14,128760,141500
2025-10-15,128670,141400
2025-10-16,136950,150500
2025-10-17,146500,161000
2025-10-20,143770,158000
2025-10-21,153780,169000
2025-10-22,158330,174000
2025-10-23,150140,165000
2025-10-24,158330,174000
2025-10-27,151960,167000
2025-10-28,154510,169800
2025-10-29,154690,170000
2025-10-30,153780,169000
2025-10-31,154690,170000
2025-11-03,158150,173800
2025-11-04,155600,171000
2025-11-05,155600,171000
2025-11-06,162880,179000
2025-11-07,154240,169500
2025-11-10,151510,166500
2025-11-11,152510,167600
2025-11-12,157700,173300
2025-11-13,157240,172800
2025-11-14,155510,170900
2025-11-17,157590,166600
2025-11-18,155220,164100
2025-11-19,154280,163100
2025-11-20,148510,157000
2025-11-21,148130,156600
2025-11-24,148030,156500
2025-11-25,148980,157500
2025-11-26,149450,158000
2025-11-27,147750,156200
2025-11-28,149360,157900
2025-12-01,149450,158000
2025-12-02,150210,158800
2025-12-03,150400,159000
2025-12-04,155600,164500
2025-12-05,151440,160100
2025-12-08,147470,155900
2025-12-09,148600,157100
2025-12-10,150020,158600
2025-12-11,160520,169700
2025-12-12,166480,176000
2025-12-15,165820,175300
2025-12-16,167990,177600
2025-12-17,178590,188800
2025-12-18,174610,184600
2025-12-19,164590,174000
2025-12-22,166670,176200
2025-12-23,173100,183000
2025-12-24,166570,176100
2025-12-25,165530,175000
2025-12-26,167050,176600
2025-12-29,167420,177000
2025-12-30,165820,175300
2025-12-31,165530,175000
2026-01-05,165060,174500
2026-01-06,164110,173500
2026-01-07,167610,177200
2026-01-08,164960,174400
2026-01-09,165630,175100
2026-01-12,165250,174700
2026-01-13,166290,175800
2026-01-14,165530,175000
2026-01-15,164590,174000
2026-01-16,164110,173500
2026-01-19,160610,169800
2026-01-20,154280,163100
2026-01-21,151440,160100
2026-01-22,151060,159700
2026-01-23,149450,158000
2026-01-26,146710,155100
2026-01-27,154090,162900
2026-01-28,151820,160500
2026-02-02,152290,161000
2026-02-03,150400,159000
2026-02-04,148980,157500
2026-02-05,148130,156600
2026-02-06,147090,155500
2026-02-09,146800,155200
2026-02-10,146800,155200
2026-02-11,148510,157000
2026-02-12,150680,159300
2026-02-13,150400,159000
2026-02-23,153050,161800
2026-02-24,153710,162500
2026-02-25,153240,162000
2026-02-26,152290,161000
2026-02-27,149930,158500
2026-03-02,150110,158700
2026-03-03,148600,157100
2026-03-04,143210,151400
2026-03-05,143780,152000
2026-03-06,142830,151000
2026-03-09,132900,140500
2026-03-10,135450,143200
2026-03-11,137160,145000
2026-03-12,135740,143500
2026-03-13,131010,138500
2026-03-16,130910,138400
2026-03-17,132710,140300
2026-03-18,129300,136700
2026-03-19,121080,128000
2026-03-20,122490,129500
2026-03-23,114640,121200
2026-03-24,118050,124800
2026-03-25,121260,128200
2026-03-26,118330,125100
2026-03-27,121260,128200
2026-03-30,120030,126900
2026-03-31,122120,129100
2026-04-01,124390,131500
2026-04-02,122490,129500
2026-04-03,119280,126100
2026-04-06,118240,125000
2026-04-07,117760,124500
2026-04-08,125990,133200
2026-04-09,123350,130400
2026-04-10,125800,133000
2026-04-13,126750,134000
2026-04-14,135550,143300
2026-04-15,135070,142800
2026-04-16,143300,151500
2026-04-17,140090,148100
2026-04-20,145480,153800
2026-04-21,142830,151000
2026-04-22,141880,150000
2026-04-23,140560,148600
2026-04-24,139050,147000
2026-04-28,137530,145400
2026-04-29,137720,145600
2026-05-04,141880,150000
2026-05-05,142360,150500
2026-05-06,142260,150400
2026-05-07,142450,150600
2026-05-08,141880,150000
2026-05-11,149450,158000
2026-05-12,152760,161500
2026-05-13,152200,160900
2026-05-14,148510,157000
2026-05-15,148700,157200
2026-05-18,146140,154500
2026-05-19,141100,141100
2026-05-20,137000,137000
2026-05-21,139400,139400
2026-05-22,138000,138000
2026-05-25,139400,139400
2026-05-26,139900,139900
2026-05-27,139000,139000
2026-05-28,138300,138300
2026-05-29,137100,137100
2026-06-01,137100,137100
2026-06-02,135500,135500
2026-06-03,135300,135300
2026-06-04,135100,135100
2026-06-05,133600,133600
2026-06-08,131900,131900
2026-06-09,132500,132500
2026-06-10,135200,135200
2026-06-11,135200,135200
2026-06-12,135000,135000
2026-06-15,137900,137900
2026-06-16,142000,142000
2026-06-17,147400,147400
2026-06-18,147000,147000
2026-06-19,145200,145200
2026-06-22,151500,151500
2026-06-23,146400,146400
2026-06-24,148100,148100
2026-06-25,151000,151000
2026-06-26,153000,153000
2026-06-29,154000,154000
2026-06-30,152900,152900
2026-07-01,152900,152900
2026-07-02,154500,154500
2026-07-03,153600,153600
2026-07-06,149000,149000
2026-07-07,149600,149600
2026-07-08,147000,147000
2026-07-09,145500,145500
2026-07-10,146100,146100
2026-07-13,148600,148600
2026-07-14,150900,150900
2026-07-15,153500,153500
2026-07-16,151400,151400
2026-07-17,151600,151600
2026-07-20,154900,154900
2026-07-21,152700,152700
2026-07-22,151000,151000
2026-07-23,151300,151300
2026-07-24,150000,150000
2026-07-27,148500,148500
2026-07-28,148100,148100
2026-07-29,148100,148100
2026-07-30,148100,148100
2026-07-31,153300,153300
2026-08-03,151600,151600
2026-08-04,149800,149800
2026-08-05,149200,149200
2026-08-06,147600,147600
2026-08-07,148800,148800
2026-08-10,148800,148800
2026-08-11,149000,149000
2026-08-12,148500,148500
2026-08-13,149400,149400
2026-08-14,147200,147200
2026-08-17,145600,145600
2026-08-18,146100,146100
2026-08-19,144000,144000
2026-08-20,143600,143600
2026-08-21,145500,145500
2026-08-24,144700,144700
2026-08-25,144500,144500
2026-08-26,144200,144200
2026-08-27,144000,144000
2026-08-28,144800,144800
2026-09-03,143900,143900
2026-09-04,143000,143000
2026-09-07,142000,142000
2026-09-08,141100,141100
2026-09-09,140200,140200
