date,adjusted_price,unadjusted_price
2007-01-02,9630,440000
2007-01-03,9850,450000
2007-01-04,10330,472000
2007-01-05,10830,495000
2007-01-08,10720,490000
2007-01-09,10720,490000
2007-01-10,10830,495000
2007-01-11,10940,500000
2007-01-12,11490,525000
2007-01-15,12060,551000
2007-01-16,12650,578000
2007-01-17,12030,550000
2007-01-18,12060,551000
2007-01-19,12650,578000
2007-01-22,13130,600000
2007-01-23,13170,602000
2007-01-24,12690,580000
2007-01-25,12690,580000
2007-01-26,12690,580000
2007-01-29,13240,605000
2007-01-30,13890,635000
2007-01-31,14110,645000
2007-02-01,13570,620000
2007-02-02,13780,630000
2007-02-05,13110,599000
2007-02-06,13670,625000
2007-02-07,13890,635000
2007-02-08,13220,604000
2007-02-09,12560,574000
2007-02-12,13170,602000
2007-02-13,13780,630000
2007-02-14,13350,610000
2007-02-15,13350,610000
2007-02-26,14000,640000
2007-02-27,14550,665000
2007-02-28,13830,632000
2007-03-01,13460,615000
2007-03-02,14110,645000
2007-03-05,13890,635000
2007-03-06,13230,604000
2007-03-07,13360,610000
2007-03-08,13140,600000
2007-03-09,13140,600000
2007-03-12,13360,610000
2007-03-13,13360,610000
2007-03-14,12700,580000
2007-03-15,12070,551000
2007-03-16,12660,578000
2007-03-19,12660,578000
2007-03-20,12310,562000
2007-03-21,11720,535000
2007-03-22,12150,555000
2007-03-23,12150,555000
2007-03-26,11830,540000
2007-03-27,11230,513000
2007-03-28,11230,513000
2007-03-29,11780,538000
2007-03-30,11850,541000
2007-04-02,11390,520000
2007-04-03,10950,500000
2007-04-04,11260,514000
2007-04-05,11280,515000
2007-04-06,11170,510000
2007-04-09,11280,515000
2007-04-10,11410,521000
2007-04-11,11500,525000
2007-04-12,11830,540000
2007-04-13,11390,520000
2007-04-16,11500,525000
2007-04-17,11280,515000
2007-04-18,11390,520000
2007-04-19,11060,505000
2007-04-20,10510,480000
2007-04-23,9990,456000
2007-04-24,9500,434000
2007-04-25,9310,425000
2007-05-02,9480,433000
2007-05-03,9680,442000
2007-05-04,10160,464000
2007-05-07,10660,487000
2007-05-08,10950,500000
2007-05-09,10950,500000
2007-05-10,11500,525000
2007-05-11,12070,551000
2007-05-14,12660,578000
2007-05-15,12040,550000
2007-05-16,11650,532000
2007-05-17,12200,557000
2007-05-18,11850,541000
2007-05-21,12220,372000
2007-05-22,12220,372000
2007-05-23,12150,370000
2007-05-24,11830,360000
2007-05-25,11760,358000
2007-05-28,11730,357000
2007-05-29,11400,347000
2007-05-30,11500,350000
2007-05-31,11460,349000
2007-06-01,11330,345000
2007-06-04,11170,340000
2007-06-05,10610,323000
2007-06-06,10840,330000
2007-06-07,11100,338000
2007-06-08,10840,330000
2007-06-11,10510,320000
2007-06-12,10480,319000
2007-06-13,10050,306000
2007-06-14,10020,305000
2007-06-15,10180,310000
2007-06-18,10050,306000
2007-06-19,10050,306000
2007-06-20,10050,306000
2007-06-21,9850,300000
2007-06-22,9690,295000
2007-06-25,10150,309000
2007-06-26,10640,324000
2007-06-27,10220,311000
2007-06-28,10120,308000
2007-06-29,10080,307000
2007-07-02,9920,302000
2007-07-03,9950,303000
2007-07-04,10250,312000
2007-07-05,10180,310000
2007-07-06,10120,308000
2007-07-09,10120,308000
2007-07-10,10120,308000
2007-07-11,10120,308000
2007-07-12,10050,306000
2007-07-13,9820,299000
2007-07-16,9530,290000
2007-07-17,9530,290000
2007-07-18,9460,288000
2007-07-19,9360,285000
2007-07-20,9300,283000
2007-07-23,8930,272000
2007-07-24,8790,267000
2007-07-25,8390,255000
2007-07-26,8230,250000
2007-07-27,8230,250000
2007-07-30,8330,253000
2007-07-31,8070,245000
2007-08-01,7900,240000
2007-08-02,7510,228000
2007-08-03,7140,217000
2007-08-06,7180,218000
2007-08-07,7510,228000
2007-08-08,7870,239000
2007-08-09,8230,250000
2007-08-10,7900,240000
2007-08-13,7600,231000
2007-08-14,7740,235000
2007-08-15,7570,230000
2007-08-16,7340,223000
2007-08-17,7240,220000
2007-08-20,7410,225000
2007-08-21,7470,227000
2007-08-22,7540,229000
2007-08-23,7410,225000
2007-08-24,7570,230000
2007-08-27,7440,226000
2007-08-28,7440,226000
2007-08-29,7440,226000
2007-08-30,7410,225000
2007-08-31,7410,225000
2007-09-04,7540,229000
2007-09-05,7410,225000
2007-09-06,7410,225000
2007-09-07,7410,225000
2007-09-10,7340,223000
2007-09-11,7340,223000
2007-09-12,7340,223000
2007-09-13,7340,223000
2007-09-14,7410,225000
2007-09-17,7370,224000
2007-09-18,7310,222000
2007-09-19,7340,223000
2007-09-20,7410,225000
2007-09-21,7510,228000
2007-09-24,7870,239000
2007-09-25,8230,250000
2007-09-26,8230,250000
2007-09-27,8560,260000
2007-09-28,8990,273000
2007-10-01,9420,286000
2007-10-02,9740,296000
2007-10-03,9910,301000
2007-10-04,9710,295000
2007-10-05,9250,281000
2007-10-08,9080,274000
2007-10-09,9520,287000
2007-10-10,9520,287000
2007-10-11,9320,281000
2007-10-12,9380,283000
2007-10-15,9280,280000
2007-10-16,9220,278000
2007-10-17,9350,282000
2007-10-18,9220,278000
2007-10-19,9120,275000
2007-10-22,9020,272000
2007-10-23,8990,271000
2007-10-24,9280,280000
2007-10-25,9180,277000
2007-10-26,9120,275000
2007-10-29,8990,271000
2007-10-30,8950,270000
2007-10-31,9020,272000
2007-11-01,8950,270000
2007-11-02,8750,264000
2007-11-05,8520,257000
2007-11-06,8190,247000
2007-11-07,8090,244000
2007-11-08,8190,247000
2007-11-09,8320,251000
2007-11-12,8320,251000
2007-11-13,7960,240000
2007-11-14,8320,251000
2007-11-15,8160,246000
2007-11-16,8260,249000
2007-11-19,8260,249000
2007-11-20,8160,246000
2007-11-21,7960,240000
2007-11-22,8160,246000
2007-11-23,8190,247000
2007-11-26,8190,247000
2007-11-27,8060,243000
2007-11-28,7990,241000
2007-11-29,7920,239000
2007-11-30,7890,238000
2007-12-03,7920,239000
2007-12-04,7820,236000
2007-12-05,7690,232000
2007-12-06,7630,230000
2007-12-07,7690,232000
2007-12-10,7560,228000
2007-12-11,7490,226000
2007-12-12,7530,227000
2007-12-13,7430,224000
2007-12-14,7360,222000
2007-12-17,7330,221000
2007-12-18,7430,224000
2007-12-19,7630,230000
2007-12-20,7460,225000
2007-12-21,7460,225000
2007-12-24,7390,223000
2007-12-25,7360,222000
2007-12-26,7390,223000
2007-12-27,7360,222000
2007-12-28,7390,223000
2008-01-02,7260,219000
2008-01-03,7130,215000
2008-01-04,7030,212000
2008-01-07,6830,206000
2008-01-08,6900,208000
2008-01-09,6700,202000
2008-01-10,6370,192000
2008-01-11,6530,197000
2008-01-14,6400,193000
2008-01-15,6270,189000
2008-01-16,6560,198000
2008-01-17,6600,199000
2008-01-18,6700,202000
2008-01-21,6370,192000
2008-01-22,6070,183000
2008-01-23,5770,174000
2008-01-24,5640,170000
2008-01-25,5900,178000
2008-01-28,6030,182000
2008-01-29,6330,191000
2008-01-30,6630,200000
2008-01-31,6530,197000
2008-02-01,6560,198000
2008-02-12,6400,193000
2008-02-13,6100,184000
2008-02-14,6130,185000
2008-02-15,6100,184000
2008-02-18,5840,176000
2008-02-19,5800,175000
2008-02-20,5540,167000
2008-02-21,5270,159000
2008-02-22,5040,152000
2008-02-25,5270,159000
2008-02-26,5040,152000
2008-02-27,5010,151000
2008-02-28,4910,148000
2008-02-29,4670,141000
2008-03-03,4440,134000
2008-03-04,4240,128000
2008-03-05,4040,122000
2008-03-06,4240,128000
2008-03-07,4440,134000
2008-03-10,4640,140000
2008-03-11,4440,134000
2008-03-12,4540,137000
2008-03-13,4540,137000
2008-03-14,4540,137000
2008-03-17,4340,131000
2008-03-18,4140,125000
2008-03-19,3950,119000
2008-03-20,3780,114000
2008-03-21,3610,109000
2008-03-24,3450,104000
2008-03-25,3280,99000
2008-03-26,3130,94500
2008-03-27,3150,95000
2008-03-28,3170,95500
2008-03-31,3180,96000
2008-04-01,3200,96500
2008-04-02,3220,97000
2008-04-03,3230,97500
2008-04-04,3250,98000
2008-04-07,3300,99500
2008-04-08,3270,98500
2008-04-09,3230,97500
2008-04-10,3180,96000
2008-04-11,3130,94500
2008-04-16,3080,93000
2008-04-17,3120,94000
2008-04-18,3070,92500
2008-04-21,3020,90000
2008-04-22,2970,88500
2008-04-23,2920,87000
2008-04-24,2870,85500
2008-04-25,2820,84000
2008-04-28,2770,82500
2008-04-29,2710,81000
2008-05-05,2660,79500
2008-05-06,2610,78000
2008-05-07,2560,76500
2008-05-08,2510,75000
2008-05-09,2460,73500
2008-05-12,2430,72500
2008-05-13,2400,71500
2008-05-14,2360,70500
2008-05-15,2330,69500
2008-05-16,2300,68500
2008-05-19,2260,67500
2008-05-20,2230,66500
2008-05-21,2200,65500
2008-05-22,2160,64500
2008-05-23,2130,63500
2008-05-26,2090,62500
2008-05-27,2090,62500
2008-05-28,2090,62500
2008-05-29,2090,62500
2008-05-30,2060,61500
2008-06-02,2030,60500
2008-06-03,1990,59500
2008-06-04,1960,58500
2008-06-05,1930,57500
2008-06-06,1890,56500
2008-06-09,1860,55500
2008-06-10,1830,54500
2008-06-11,1790,53500
2008-06-12,1760,52500
2008-06-13,1730,51500
2008-06-16,1760,52500
2008-06-17,1790,53500
2008-06-18,1760,52500
2008-06-19,1710,51000
2008-06-20,1660,49500
2008-06-23,1610,48100
2008-06-24,1660,49500
2008-06-25,1690,50500
2008-06-26,1660,49500
2008-06-27,1680,50000
2008-06-30,1680,50000
2008-07-01,1730,51500
2008-07-02,1780,53000
2008-07-03,1830,54500
2008-07-04,1880,56000
2008-07-07,1830,54500
2008-07-08,1880,56000
2008-07-09,1930,57500
2008-07-10,1980,59000
2008-07-11,2030,60500
2008-07-14,2080,62000
2008-07-15,2130,63500
2008-07-16,2180,65000
2008-07-17,2230,66500
2008-07-18,2280,68000
2008-07-21,2210,66000
2008-07-22,2160,64500
2008-07-23,2110,63000
2008-07-24,2060,61500
2008-07-25,2080,62000
2008-07-28,2130,62500
2008-07-29,2180,64000
2008-07-30,2230,65500
2008-07-31,2280,67000
2008-08-01,2350,69000
2008-08-04,2280,67000
2008-08-05,2210,65000
2008-08-06,2270,66500
2008-08-07,2320,68000
2008-08-08,2380,70000
2008-08-11,2450,72000
2008-08-12,2520,74000
2008-08-13,2590,76000
2008-08-14,2660,78000
2008-08-15,2730,80000
2008-08-18,2860,84000
2008-08-19,3000,88000
2008-08-20,3130,92000
2008-08-21,3290,96500
2008-08-22,3440,101000
2008-08-25,3610,106000
2008-08-26,3780,111000
2008-08-27,3950,116000
2008-08-28,4120,121000
2008-08-29,4120,121000
2008-09-03,4330,127000
2008-09-04,4530,133000
2008-09-05,4330,127000
2008-09-08,4120,121000
2008-09-09,3920,115000
2008-09-10,3750,110000
2008-09-11,3580,105000
2008-09-12,3410,100000
2008-09-15,3250,95500
2008-09-16,3100,91000
2008-09-17,2950,86500
2008-09-18,2810,82500
2008-09-19,2950,86500
2008-09-22,3080,90500
2008-09-23,3200,94000
2008-09-24,3080,90500
2008-09-25,3240,95000
2008-09-26,3390,99500
2008-09-29,3270,96000
2008-09-30,3120,91500
2008-10-01,3170,93000
2008-10-02,3240,95000
2008-10-03,3120,91500
2008-10-06,2960,87000
2008-10-07,2830,83000
2008-10-08,2690,79000
2008-10-09,2570,75500
2008-10-10,2450,72000
2008-10-13,2330,68500
2008-10-14,2440,71500
2008-10-15,2550,75000
2008-10-16,2590,76000
2008-10-17,2660,78000
2008-10-20,2540,74500
2008-10-21,2660,78000
2008-10-22,2610,76500
2008-10-23,2490,73000
2008-10-24,2370,69500
2008-10-27,2270,66500
2008-10-28,2210,65000
2008-10-29,2320,68000
2008-10-30,2420,71000
2008-10-31,2540,74500
2008-11-03,2660,78000
2008-11-04,2780,81500
2008-11-05,2910,85500
2008-11-06,3030,89000
2008-11-07,3170,61000
2008-11-10,3330,64000
2008-11-11,3170,61000
2008-11-12,3020,58000
2008-11-13,2990,57500
2008-11-14,3120,60000
2008-11-17,3020,58000
2008-11-18,2940,56500
2008-11-19,2860,55000
2008-11-20,2730,52500
2008-11-21,2630,50500
2008-11-24,2730,52500
2008-11-25,2780,53500
2008-11-26,2650,51000
2008-11-27,2520,48500
2008-11-28,2630,50500
2008-12-01,2730,52500
2008-12-02,2600,50000
2008-12-03,2630,50500
2008-12-04,2630,50500
2008-12-05,2540,48900
2008-12-08,2420,46500
2008-12-09,2530,48700
2008-12-10,2460,47300
2008-12-11,2510,48200
2008-12-12,2630,50500
2008-12-15,2760,53000
2008-12-16,2630,50500
2008-12-17,2730,52500
2008-12-18,2730,52500
2008-12-19,2730,52500
2008-12-22,2680,51500
2008-12-23,2580,49600
2008-12-24,2550,49000
2008-12-25,2550,49000
2008-12-26,2530,48700
2008-12-29,2530,48600
2008-12-30,2630,50500
2008-12-31,2600,50000
2009-01-02,2600,50000
2009-01-05,2600,50000
2009-01-06,2680,51500
2009-01-07,2760,53000
2009-01-08,2680,51500
2009-01-09,2630,50500
2009-01-12,2630,50500
2009-01-13,2600,49900
2009-01-14,2650,51000
2009-01-15,2600,50000
2009-01-16,2630,50500
2009-01-19,2630,50500
2009-01-20,2600,49900
2009-01-21,2590,49700
2009-01-22,2630,50500
2009-01-23,2630,50500
2009-02-02,2520,48500
2009-02-03,2420,46600
2009-02-04,2470,47500
2009-02-05,2420,46500
2009-02-06,2470,47500
2009-02-09,2570,49300
2009-02-10,2500,48000
2009-02-11,2450,47100
2009-02-12,2450,47000
2009-02-13,2420,46600
2009-02-16,2360,45300
2009-02-17,2240,43100
2009-02-18,2190,42000
2009-02-19,2190,42000
2009-02-20,2160,41600
2009-02-23,2060,39600
2009-02-24,1960,37700
2009-02-25,2060,39500
2009-02-26,2130,41000
2009-02-27,2230,42900
2009-03-02,2270,43600
2009-03-03,2160,41500
2009-03-04,2180,41900
2009-03-05,2240,43000
2009-03-06,2250,43200
2009-03-09,2290,44100
2009-03-10,2310,44400
2009-03-11,2340,45000
2009-03-12,2260,43400
2009-03-13,2260,43400
2009-03-16,2290,44000
2009-03-17,2370,45600
2009-03-18,2490,47800
2009-03-19,2370,45500
2009-03-20,2370,45500
2009-03-23,2290,44000
2009-03-24,2400,46200
2009-03-25,2520,48400
2009-03-26,2600,49900
2009-03-27,2500,48000
2009-03-30,2380,45700
2009-03-31,2340,44900
2009-04-01,2450,47100
2009-04-02,2570,49400
2009-04-03,2680,51500
2009-04-07,2810,54000
2009-04-08,2710,52000
2009-04-09,2710,52000
2009-04-10,2840,54500
2009-04-13,2970,57000
2009-04-14,3100,59500
2009-04-15,2990,57500
2009-04-16,3020,58000
2009-04-17,2890,55500
2009-04-20,2760,53000
2009-04-21,2680,51500
2009-04-22,2810,54000
2009-04-23,2780,53500
2009-04-24,2810,54000
2009-04-27,2860,55000
2009-04-28,2860,55000
2009-04-29,2890,55500
2009-05-04,3020,58000
2009-05-05,3150,60500
2009-05-06,3150,60500
2009-05-07,3300,63500
2009-05-08,3330,64000
2009-05-11,3430,66000
2009-05-12,3540,68000
2009-05-13,3380,65000
2009-05-14,3300,63500
2009-05-15,3460,66500
2009-05-18,3460,66500
2009-05-19,3490,67000
2009-05-20,3490,67000
2009-05-21,3410,65500
2009-05-22,3300,63500
2009-05-25,3460,66500
2009-05-26,3490,67000
2009-05-27,3490,67000
2009-05-28,3430,66000
2009-05-29,3430,66000
2009-06-01,3560,68500
2009-06-02,3640,70000
2009-06-03,3640,70000
2009-06-04,3720,70500
2009-06-05,3910,74000
2009-06-08,4090,77500
2009-06-09,4060,77000
2009-06-10,3880,73500
2009-06-11,3880,73500
2009-06-12,3720,70500
2009-06-15,3590,68000
2009-06-16,3460,65500
2009-06-17,3620,68500
2009-06-18,3770,71500
2009-06-19,3960,75000
2009-06-22,3770,71500
2009-06-23,3620,68500
2009-06-24,3770,71500
2009-06-25,3800,72000
2009-06-26,3880,73500
2009-06-29,3850,73000
2009-06-30,3700,70000
2009-07-01,3540,67000
2009-07-02,3670,69500
2009-07-03,3720,70500
2009-07-06,3880,73500
2009-07-07,3830,72500
2009-07-08,3800,72000
2009-07-09,3750,71000
2009-07-10,3750,71000
2009-07-13,3750,71000
2009-07-14,3700,70000
2009-07-15,3770,71500
2009-07-16,3800,72000
2009-07-17,3800,72000
2009-07-20,3720,70500
2009-07-21,3800,72000
2009-07-22,3800,72000
2009-07-23,3850,73000
2009-07-24,4040,76500
2009-07-27,4060,77000
2009-07-28,3960,75000
2009-07-29,3960,75000
2009-07-30,3960,75000
2009-07-31,4040,76500
2009-08-03,4040,76500
2009-08-04,4090,77500
2009-08-05,4090,77500
2009-08-06,4120,78000
2009-08-07,4120,78000
2009-08-10,4200,79500
2009-08-11,4200,79500
2009-08-12,4220,80000
2009-08-13,4250,80500
2009-08-14,4220,80000
2009-08-17,4200,79500
2009-08-18,4170,79000
2009-08-19,4220,80000
2009-08-20,4250,80500
2009-08-21,4360,82500
2009-08-24,4570,86500
2009-08-25,4590,87000
2009-08-26,4540,86000
2009-08-27,4540,86000
2009-08-28,4590,87000
2009-08-31,4700,89000
2009-09-01,4620,87500
2009-09-03,4510,85500
2009-09-04,4430,84000
2009-09-07,4330,82000
2009-09-08,4380,83000
2009-09-09,4430,84000
2009-09-10,4460,84500
2009-09-11,4430,84000
2009-09-14,4650,88000
2009-09-15,4750,90000
2009-09-16,4590,87000
2009-09-17,4750,90000
2009-09-18,4750,90000
2009-09-21,4750,90000
2009-09-22,4700,89000
2009-09-23,4650,88000
2009-09-24,4590,87000
2009-09-25,4590,87000
2009-09-28,4590,87000
2009-09-29,4570,86500
2009-09-30,4570,86500
2009-10-01,4490,85000
2009-10-02,4360,82500
2009-10-05,4360,82500
2009-10-06,4380,83000
2009-10-07,4570,86500
2009-10-08,4570,86500
2009-10-09,4570,86500
2009-10-12,4620,87500
2009-10-13,4620,87500
2009-10-14,4700,89000
2009-10-15,4910,93000
2009-10-16,4830,91500
2009-10-19,4700,89000
2009-10-20,4780,90500
2009-10-21,4700,89000
2009-10-22,4780,90500
2009-10-23,4720,89500
2009-10-26,4700,89000
2009-10-27,4650,88000
2009-10-28,4620,87500
2009-10-29,4490,85000
2009-10-30,4540,86000
2009-11-02,4330,82000
2009-11-03,4280,81000
2009-11-04,4330,82000
2009-11-05,4460,84500
2009-11-06,4330,82000
2009-11-09,4300,81500
2009-11-10,4220,80000
2009-11-11,4330,82000
2009-11-12,4430,84000
2009-11-13,4430,84000
2009-11-16,4330,82000
2009-11-17,4360,82500
2009-11-18,4380,83000
2009-11-19,4430,84000
2009-11-20,4430,84000
2009-11-23,4330,82000
2009-11-24,4220,80000
2009-11-25,4010,76000
2009-11-26,3830,72500
2009-11-27,4010,76000
2009-11-30,4200,79500
2009-12-01,4200,79500
2009-12-02,4120,78000
2009-12-03,4010,76000
2009-12-04,4010,76000
2009-12-07,4090,77500
2009-12-08,4040,76500
2009-12-09,3880,73500
2009-12-10,3850,73000
2009-12-11,3800,72000
2009-12-14,3990,74000
2009-12-15,4020,74500
2009-12-16,3880,72000
2009-12-17,3770,70000
2009-12-18,3610,67000
2009-12-21,3770,70000
2009-12-22,3960,73500
2009-12-23,4150,77000
2009-12-24,4260,79000
2009-12-25,4370,81000
2009-12-28,4260,79000
2009-12-29,4150,77000
2009-12-30,4200,78000
2009-12-31,4260,79000
2010-01-04,4450,82500
2010-01-05,4450,82500
2010-01-06,4370,81000
2010-01-07,4340,80500
2010-01-08,4200,78000
2010-01-11,4180,77500
2010-01-12,4100,76000
2010-01-13,4230,78500
2010-01-14,4260,79000
2010-01-15,4180,77500
2010-01-18,4100,76000
2010-01-19,4180,77500
2010-01-20,4260,79000
2010-01-21,4200,78000
2010-01-22,4200,78000
2010-01-25,4230,78500
2010-01-26,4370,81000
2010-01-27,4200,78000
2010-01-28,4200,78000
2010-01-29,4150,77000
2010-02-01,4200,78000
2010-02-02,4370,81000
2010-02-03,4560,84500
2010-02-04,4560,84500
2010-02-05,4370,81000
2010-02-08,4470,83000
2010-02-09,4290,79500
2010-02-10,4420,82000
2010-02-11,4500,83500
2010-02-12,4530,84000
2010-02-22,4500,83500
2010-02-23,4340,80500
2010-02-24,4340,80500
2010-02-25,4340,80500
2010-02-26,4200,78000
2010-03-01,4310,80000
2010-03-02,4310,80000
2010-03-03,4370,81000
2010-03-04,4450,82500
2010-03-05,4420,82000
2010-03-08,4450,82500
2010-03-09,4530,84000
2010-03-10,4740,88000
2010-03-11,4800,89000
2010-03-12,4800,89000
2010-03-15,4740,88000
2010-03-16,4530,84000
2010-03-17,4560,84500
2010-03-18,4660,86500
2010-03-19,4640,86000
2010-03-22,4530,84000
2010-03-23,4470,83000
2010-03-24,4580,85000
2010-03-25,4500,83500
2010-03-26,4470,83000
2010-03-29,4560,84500
2010-03-30,4500,83500
2010-03-31,4500,83500
2010-04-01,4580,85000
2010-04-02,4640,86000
2010-04-05,4640,86000
2010-04-06,4640,86000
2010-04-07,4660,86500
2010-04-08,4640,86000
2010-04-09,4640,86000
2010-04-12,4690,87000
2010-04-13,4690,87000
2010-04-14,4720,87500
2010-04-15,4720,87500
2010-04-16,4690,87000
2010-04-19,4640,86000
2010-04-20,4640,86000
2010-04-21,4640,86000
2010-04-22,4740,88000
2010-04-26,4770,88500
2010-04-27,4770,88500
2010-04-28,4770,88500
2010-04-29,4740,88000
2010-05-04,4770,88500
2010-05-05,4800,89000
2010-05-06,4720,87500
2010-05-07,4660,86500
2010-05-10,4610,85500
2010-05-11,4600,64000
2010-05-12,4490,62500
2010-05-13,4560,63500
2010-05-14,4560,63500
2010-05-17,4380,61000
2010-05-18,4380,61000
2010-05-19,4280,59500
2010-05-20,4420,61500
2010-05-21,4240,59000
2010-05-24,4420,61500
2010-05-25,4640,64500
2010-05-26,4640,64500
2010-05-27,4710,65500
2010-05-28,4740,66000
2010-05-31,4670,65000
2010-06-01,4740,66000
2010-06-02,4740,66000
2010-06-03,4780,66500
2010-06-04,4820,67000
2010-06-07,4640,64500
2010-06-08,4670,65000
2010-06-09,4740,66000
2010-06-10,4780,66500
2010-06-11,4820,67000
2010-06-14,4920,68500
2010-06-15,4780,66500
2010-06-16,4850,67500
2010-06-17,4920,68500
2010-06-18,4850,67500
2010-06-21,4960,69000
2010-06-22,5030,70000
2010-06-23,4850,67500
2010-06-24,5000,69500
2010-06-25,4920,68500
2010-06-28,4890,68000
2010-06-29,5000,69500
2010-06-30,4960,69000
2010-07-01,5030,70000
2010-07-02,4890,68000
2010-07-05,4920,68500
2010-07-06,4890,68000
2010-07-07,4850,67500
2010-07-08,5000,69500
2010-07-09,4960,69000
2010-07-12,4920,68500
2010-07-13,5000,69500
2010-07-14,4920,68500
2010-07-15,5000,69500
2010-07-16,5000,69500
2010-07-19,5030,70000
2010-07-20,5030,70000
2010-07-21,5000,69500
2010-07-22,5030,70000
2010-07-23,5070,70500
2010-07-26,5000,69500
2010-07-27,5210,72500
2010-07-28,5100,71000
2010-07-29,5350,74500
2010-07-30,5530,77000
2010-08-02,5500,76500
2010-08-03,5610,78000
2010-08-04,5430,75500
2010-08-05,5680,79000
2010-08-06,5530,77000
2010-08-09,5390,75000
2010-08-10,5320,74000
2010-08-11,5390,74000
2010-08-12,5170,71000
2010-08-13,5170,71000
2010-08-16,5360,73500
2010-08-17,5460,75000
2010-08-18,5280,72500
2010-08-19,5250,72000
2010-08-20,5460,75000
2010-08-23,5320,73000
2010-08-24,5100,70000
2010-08-25,5060,69500
2010-08-26,5100,70000
2010-08-27,5100,70000
2010-08-30,5250,72000
2010-08-31,5460,75000
2010-09-01,5430,74500
2010-09-06,5390,74000
2010-09-07,5320,73000
2010-09-08,5280,72500
2010-09-09,5360,73500
2010-09-10,5280,72500
2010-09-13,5320,73000
2010-09-14,5320,73000
2010-09-15,5320,73000
2010-09-16,5250,72000
2010-09-17,5360,73500
2010-09-20,5320,73000
2010-09-21,5250,72000
2010-09-22,5210,71500
2010-09-23,5210,71500
2010-09-24,5140,70500
2010-09-27,5100,70000
2010-09-28,5170,71000
2010-09-29,5140,70500
2010-09-30,5170,71000
2010-10-01,5170,71000
2010-10-04,5170,71000
2010-10-05,5250,72000
2010-10-06,5280,72500
2010-10-07,5360,73500
2010-10-08,5320,73000
2010-10-11,5250,72000
2010-10-12,5210,71500
2010-10-13,5280,72500
2010-10-14,5320,73000
2010-10-15,5210,71500
2010-10-18,5210,71500
2010-10-19,5210,71500
2010-10-20,5140,70500
2010-10-21,5060,69500
2010-10-22,5060,69500
2010-10-25,5060,69500
2010-10-26,5210,71500
2010-10-27,5280,72500
2010-10-28,5360,73500
2010-10-29,5570,76500
2010-11-01,5430,74500
2010-11-02,5320,73000
2010-11-03,5320,73000
2010-11-04,5360,73500
2010-11-05,5540,76000
2010-11-08,5280,72500
2010-11-09,5320,73000
2010-11-10,5390,74000
2010-11-11,5280,72500
2010-11-12,5250,72000
2010-11-15,5100,70000
2010-11-16,5060,69500
2010-11-17,4990,68500
2010-11-18,5030,69000
2010-11-19,4950,68000
2010-11-22,5030,69000
2010-11-23,5100,70000
2010-11-24,5170,71000
2010-11-25,5100,70000
2010-11-26,4990,68500
2010-11-29,5140,70500
2010-11-30,5100,70000
2010-12-01,4990,68500
2010-12-02,5030,69000
2010-12-03,5030,69000
2010-12-06,4990,68500
2010-12-07,4920,67500
2010-12-08,4880,67000
2010-12-09,4950,68000
2010-12-10,4990,68500
2010-12-13,5060,69500
2010-12-14,5030,69000
2010-12-15,4920,67500
2010-12-16,4770,65500
2010-12-17,4810,66000
2010-12-20,4810,66000
2010-12-21,4740,65000
2010-12-22,4700,64500
2010-12-23,4740,65000
2010-12-24,4700,64500
2010-12-27,4700,64500
2010-12-28,4740,65000
2010-12-29,4700,64500
2010-12-30,4630,63500
2010-12-31,4700,64500
2011-01-04,4630,63500
2011-01-05,4550,62500
2011-01-06,4550,62500
2011-01-07,4520,62000
2011-01-10,4550,62500
2011-01-11,4550,62500
2011-01-12,4440,61000
2011-01-13,4410,60500
2011-01-14,4630,63500
2011-01-17,4740,65000
2011-01-18,4740,65000
2011-01-19,4700,64500
2011-01-20,4630,63500
2011-01-21,4660,64000
2011-01-24,4590,63000
2011-01-25,4550,62500
2011-01-26,4520,62000
2011-01-27,4740,65000
2011-01-28,4590,63000
2011-02-08,4630,63500
2011-02-09,4590,63000
2011-02-10,4550,62500
2011-02-11,4520,62000
2011-02-14,4480,61500
2011-02-15,4480,61500
2011-02-16,4440,61000
2011-02-17,4440,61000
2011-02-18,4230,58000
2011-02-21,4040,55500
2011-02-22,3930,54000
2011-02-23,3900,53500
2011-02-24,3860,53000
2011-02-25,4040,55500
2011-02-28,3930,54000
2011-03-01,3970,54500
2011-03-02,3930,54000
2011-03-03,3930,54000
2011-03-04,3930,54000
2011-03-07,3930,54000
2011-03-08,4010,55000
2011-03-09,3930,54000
2011-03-10,3970,54500
2011-03-11,3930,54000
2011-03-14,3860,53000
2011-03-15,3830,52500
2011-03-16,3830,52500
2011-03-17,3790,52000
2011-03-18,3860,53000
2011-03-21,3860,53000
2011-03-22,3860,53000
2011-03-23,3900,53500
2011-03-24,3860,53000
2011-03-25,3830,52500
2011-03-28,3790,52000
2011-03-29,3750,51500
2011-03-30,3720,51000
2011-03-31,3720,51000
2011-04-01,3640,49900
2011-04-04,3790,52000
2011-04-05,3970,54500
2011-04-06,4150,57000
2011-04-07,4190,57500
2011-04-08,4190,57500
2011-04-13,4010,55000
2011-04-14,3860,53000
2011-04-15,3860,53000
2011-04-18,3750,51500
2011-04-19,3720,51000
2011-04-20,3680,50500
2011-04-21,3680,50500
2011-04-22,3640,49900
2011-04-25,3790,52000
2011-04-26,3720,51000
2011-04-27,3720,51000
2011-04-28,3680,50500
2011-04-29,3720,51000
2011-05-04,3750,51500
2011-05-05,3790,51500
2011-05-06,3830,52000
2011-05-09,3900,53000
2011-05-10,3900,53000
2011-05-11,3860,52500
2011-05-12,3860,52500
2011-05-13,3860,52500
2011-05-16,3790,51500
2011-05-17,3790,51500
2011-05-18,3750,51000
2011-05-19,3790,51500
2011-05-20,3720,50500
2011-05-23,3530,48000
2011-05-24,3360,45600
2011-05-25,3190,43400
2011-05-26,3350,45500
2011-05-27,3360,45600
2011-05-30,3330,45300
2011-05-31,3330,45300
2011-06-01,3490,47500
2011-06-02,3660,49800
2011-06-03,3720,50500
2011-06-06,3680,50000
2011-06-07,3830,52000
2011-06-08,3750,51000
2011-06-09,3750,51000
2011-06-10,3720,50500
2011-06-13,3720,50500
2011-06-14,3680,50000
2011-06-15,3680,50000
2011-06-16,3720,50500
2011-06-17,3680,50000
2011-06-20,3640,49500
2011-06-21,3680,50000
2011-06-22,3720,50500
2011-06-23,3660,49700
2011-06-24,3640,49500
2011-06-27,3580,48600
2011-06-28,3610,49000
2011-06-29,3540,48100
2011-06-30,3530,48000
2011-07-01,3430,46600
2011-07-04,3380,46000
2011-07-05,3380,45900
2011-07-06,3440,46700
2011-07-07,3430,46600
2011-07-08,3570,48500
2011-07-11,3580,48600
2011-07-12,3630,49300
2011-07-13,3680,50000
2011-07-14,3670,49900
2011-07-15,3630,49300
2011-07-18,3630,49400
2011-07-19,3660,49800
2011-07-20,3830,52000
2011-07-21,3750,51000
2011-07-22,3750,51000
2011-07-25,3790,51500
2011-07-26,3860,52500
2011-07-27,4050,55000
2011-07-28,4190,57000
2011-07-29,4230,57500
2011-08-01,4080,55500
2011-08-02,3940,53500
2011-08-03,4010,54500
2011-08-04,4080,55500
2011-08-05,4050,55000
2011-08-08,3940,53500
2011-08-09,3790,51500
2011-08-10,3860,52500
2011-08-11,3970,54000
2011-08-12,3970,54000
2011-08-15,3970,54000
2011-08-16,3970,54000
2011-08-17,4010,54500
2011-08-18,4050,55000
2011-08-19,3970,54000
2011-08-22,4010,54500
2011-08-23,4010,54500
2011-08-24,4010,54500
2011-08-25,4010,54500
2011-08-26,4050,55000
2011-08-29,4080,55500
2011-08-30,4120,56000
2011-08-31,4080,55500
2011-09-01,4120,56000
2011-09-05,4120,56000
2011-09-06,4120,56000
2011-09-07,4080,55500
2011-09-08,4120,56000
2011-09-09,4050,55000
2011-09-12,3940,53500
2011-09-13,3860,52500
2011-09-14,3720,50500
2011-09-15,3900,53000
2011-09-16,3790,51500
2011-09-19,3970,54000
2011-09-20,3900,53000
2011-09-21,3940,53500
2011-09-22,3940,53500
2011-09-23,3860,52500
2011-09-26,3790,51500
2011-09-27,3830,51000
2011-09-28,3860,51500
2011-09-29,3860,51500
2011-09-30,3860,51500
2011-10-03,3830,51000
2011-10-04,3830,51000
2011-10-05,3790,50500
2011-10-06,3750,50000
2011-10-07,3710,49500
2011-10-10,3680,49000
2011-10-11,3680,49100
2011-10-12,3670,48900
2011-10-13,3710,49400
2011-10-14,3750,50000
2011-10-17,3700,49300
2011-10-18,3680,49000
2011-10-19,3660,48800
2011-10-20,3650,48700
2011-10-21,3720,49600
2011-10-24,3620,48300
2011-10-25,3580,47700
2011-10-26,3640,48500
2011-10-27,3640,48500
2011-10-28,3750,50000
2011-10-31,3710,49500
2011-11-01,3680,49100
2011-11-02,3730,49700
2011-11-03,3700,49300
2011-11-04,3740,49900
2011-11-07,3740,49800
2011-11-08,3680,49000
2011-11-09,3660,48800
2011-11-10,3660,48800
2011-11-11,3650,48600
2011-11-14,3600,48000
2011-11-15,3560,47500
2011-11-16,3600,48000
2011-11-17,3620,48200
2011-11-18,3620,48200
2011-11-21,3620,48200
2011-11-22,3650,48600
2011-11-23,3680,49100
2011-11-24,3680,49100
2011-11-25,3680,49000
2011-11-28,3660,48800
2011-11-29,3660,48800
2011-11-30,3680,49100
2011-12-01,3690,49200
2011-12-02,3700,49300
2011-12-05,3750,50000
2011-12-06,3750,50000
2011-12-07,3750,50000
2011-12-08,3740,49800
2011-12-09,3710,49500
2011-12-12,3710,49500
2011-12-13,3710,49400
2011-12-14,3680,49000
2011-12-15,3650,48600
2011-12-16,3680,49000
2011-12-19,3710,49500
2011-12-20,3710,49500
2011-12-21,3710,49500
2011-12-22,3710,49500
2011-12-23,3680,49000
2011-12-26,3670,48900
2011-12-27,3650,48600
2011-12-28,3650,48700
2011-12-29,3710,49500
2011-12-30,3730,49700
2012-01-03,3690,49200
2012-01-04,3690,49200
2012-01-05,3620,48200
2012-01-06,3650,48600
2012-01-09,3660,48800
2012-01-10,3710,49500
2012-01-11,3710,49500
2012-01-12,3680,49100
2012-01-13,3750,50000
2012-01-16,3830,51000
2012-01-17,3710,49500
2012-01-18,3710,49500
2012-01-19,3730,49700
2012-01-20,3730,49700
2012-01-30,3750,50000
2012-01-31,3730,49700
2012-02-01,3790,50500
2012-02-02,3830,51000
2012-02-03,3790,50500
2012-02-06,3790,50500
2012-02-07,3790,50500
2012-02-08,3860,51500
2012-02-09,3900,52000
2012-02-10,3860,51500
2012-02-13,3830,51000
2012-02-14,3830,51000
2012-02-15,3830,51000
2012-02-16,3860,51500
2012-02-17,3900,52000
2012-02-20,4050,54000
2012-02-21,4050,54000
2012-02-22,4090,54500
2012-02-23,4090,54500
2012-02-24,4090,54500
2012-02-27,4130,55000
2012-02-28,4090,54500
2012-02-29,4130,55000
2012-03-01,4130,55000
2012-03-02,4160,55500
2012-03-05,4350,58000
2012-03-06,4200,56000
2012-03-07,4310,57500
2012-03-08,4240,56500
2012-03-09,4240,56500
2012-03-12,4240,56500
2012-03-13,4280,57000
2012-03-14,4280,57000
2012-03-15,4430,59000
2012-03-16,4430,59000
2012-03-19,4430,59000
2012-03-20,4390,58500
2012-03-21,4390,58500
2012-03-22,4310,57500
2012-03-23,4350,58000
2012-03-26,4350,58000
2012-03-27,4310,57500
2012-03-28,4350,58000
2012-03-29,4350,58000
2012-03-30,4350,58000
2012-04-03,4350,58000
2012-04-04,4350,58000
2012-04-05,4460,59500
2012-04-06,4460,59500
2012-04-09,4500,60000
2012-04-10,4500,60000
2012-04-11,4690,62500
2012-04-12,4730,63000
2012-04-13,4580,61000
2012-04-16,4650,62000
2012-04-17,4690,62500
2012-04-18,4650,62000
2012-04-19,4460,59500
2012-04-20,4430,59000
2012-04-23,4390,58500
2012-04-24,4500,60000
2012-04-25,4540,60500
2012-04-26,4460,59500
2012-04-27,4460,59500
2012-05-02,4650,62000
2012-05-03,4880,65000
2012-05-04,4950,66000
2012-05-07,5030,67000
2012-05-08,4990,66500
2012-05-09,4950,66000
2012-05-10,4910,65500
2012-05-11,4840,64500
2012-05-14,4800,64000
2012-05-15,4720,49500
2012-05-16,4700,49300
2012-05-17,4740,49800
2012-05-18,4620,48500
2012-05-21,4810,50500
2012-05-22,4740,49800
2012-05-23,4650,48800
2012-05-24,4630,48600
2012-05-25,4730,49600
2012-05-28,4730,49600
2012-05-29,4720,49500
2012-05-30,4730,49600
2012-05-31,4710,49400
2012-06-01,4700,49300
2012-06-04,4670,49000
2012-06-05,4670,49000
2012-06-06,4700,49300
2012-06-07,4700,49300
2012-06-08,4670,49000
2012-06-11,4680,49100
2012-06-12,4670,49000
2012-06-13,4670,49000
2012-06-14,4650,48800
2012-06-15,4660,48900
2012-06-18,4680,49100
2012-06-19,4680,49100
2012-06-20,4700,49300
2012-06-21,4690,49200
2012-06-22,4670,49000
2012-06-25,4670,49000
2012-06-26,4630,48600
2012-06-27,4630,48600
2012-06-28,4490,47100
2012-06-29,4490,47100
2012-07-02,4490,47100
2012-07-03,4480,47000
2012-07-04,4500,47200
2012-07-05,4530,47500
2012-07-06,4530,47500
2012-07-09,4490,47100
2012-07-10,4480,47000
2012-07-11,4490,47100
2012-07-12,4490,47100
2012-07-13,4550,47800
2012-07-16,4510,47300
2012-07-17,4510,47300
2012-07-18,4490,47100
2012-07-19,4500,47200
2012-07-20,4490,47100
2012-07-23,4490,47100
2012-07-24,4690,49200
2012-07-25,4530,47500
2012-07-26,4550,47800
2012-07-27,4570,48000
2012-07-30,4640,48700
2012-07-31,4540,47600
2012-08-01,4500,47200
2012-08-02,4500,47200
2012-08-03,4510,47300
2012-08-06,4500,47200
2012-08-07,4500,47200
2012-08-08,4490,47100
2012-08-09,4470,46900
2012-08-10,4360,45800
2012-08-13,4430,46500
2012-08-14,4410,46300
2012-08-15,4390,46100
2012-08-16,4360,45800
2012-08-17,4340,45500
2012-08-20,4390,46100
2012-08-21,4190,44000
2012-08-22,4190,44000
2012-08-23,3980,41800
2012-08-24,4010,42100
2012-08-27,3820,39100
2012-08-28,3720,38100
2012-08-29,3730,38200
2012-08-30,3730,38200
2012-08-31,3910,40100
2012-09-04,4080,41800
2012-09-05,3950,40500
2012-09-06,3850,39400
2012-09-07,3840,39300
2012-09-10,3750,38400
2012-09-11,3760,38500
2012-09-12,3780,38700
2012-09-13,3780,38700
2012-09-14,3780,38700
2012-09-17,3770,38600
2012-09-18,3690,37800
2012-09-19,3580,36700
2012-09-20,3580,36700
2012-09-21,3590,36800
2012-09-24,3570,36600
2012-09-25,3570,36600
2012-09-26,3610,37000
2012-09-27,3710,38000
2012-09-28,3700,37900
2012-10-01,3600,36900
2012-10-02,3600,36900
2012-10-03,3600,36900
2012-10-04,3590,36800
2012-10-05,3590,36800
2012-10-08,3600,36900
2012-10-09,3630,37200
2012-10-10,3660,37500
2012-10-11,3650,37400
2012-10-12,3620,37100
2012-10-15,3600,36900
2012-10-16,3620,37100
2012-10-17,3620,37100
2012-10-18,3580,36700
2012-10-19,3570,36600
2012-10-22,3560,36500
2012-10-23,3560,36500
2012-10-24,3560,36500
2012-10-25,3560,36500
2012-10-26,3550,36400
2012-10-29,3540,36300
2012-10-30,3500,35900
2012-10-31,3490,35800
2012-11-01,3490,35800
2012-11-02,3330,34100
2012-11-05,3310,33900
2012-11-06,3270,33500
2012-11-07,3320,34000
2012-11-08,3320,34000
2012-11-09,3320,34000
2012-11-12,3420,35000
2012-11-13,3410,34900
2012-11-14,3420,35000
2012-11-15,3390,34700
2012-11-16,3370,34500
2012-11-19,3320,34000
2012-11-20,3320,34000
2012-11-21,3310,33900
2012-11-22,3310,33900
2012-11-23,3310,33900
2012-11-26,3290,33700
2012-11-27,3260,33400
2012-11-28,3220,33000
2012-11-29,3180,32600
2012-11-30,3190,32700
2012-12-03,3170,32500
2012-12-04,3200,32800
2012-12-05,3290,32700
2012-12-06,3270,32500
2012-12-07,3250,32300
2012-12-10,3290,32700
2012-12-11,3270,32500
2012-12-12,3320,33000
2012-12-13,3340,33200
2012-12-14,3320,33000
2012-12-17,3310,32900
2012-12-18,3260,32400
2012-12-19,3350,33300
2012-12-20,3300,32800
2012-12-21,3280,32600
2012-12-24,3340,33200
2012-12-25,3340,33200
2012-12-26,3450,34300
2012-12-27,3570,35500
2012-12-28,3540,35200
2013-01-02,3660,36400
2013-01-03,3610,35900
2013-01-04,3660,36400
2013-01-07,3640,36200
2013-01-08,3830,38000
2013-01-09,3930,39000
2013-01-10,3980,39500
2013-01-11,3920,38900
2013-01-14,3800,37700
2013-01-15,3850,38200
2013-01-16,3890,38600
2013-01-17,3840,38100
2013-01-18,3820,37900
2013-01-21,3800,37700
2013-01-22,3730,37100
2013-01-23,3730,37100
2013-01-24,3830,38000
2013-01-25,3960,39300
2013-01-28,4010,39800
2013-01-29,3980,39500
2013-01-30,4110,40800
2013-01-31,4040,40100
2013-02-01,3980,39500
2013-02-04,3970,39400
2013-02-05,3950,39200
2013-02-06,3970,39400
2013-02-07,3990,39600
2013-02-08,4010,39800
2013-02-18,4030,40000
2013-02-19,4000,39700
2013-02-20,3980,39500
2013-02-21,3890,38600
2013-02-22,3880,38500
2013-02-25,3870,38400
2013-02-26,3710,36900
2013-02-27,3680,36600
2013-02-28,3720,37000
2013-03-01,3720,37000
2013-03-04,3640,36200
2013-03-05,3590,35700
2013-03-06,3640,36200
2013-03-07,3620,36000
2013-03-08,3700,36800
2013-03-11,3770,37400
2013-03-12,3770,37400
2013-03-13,3730,37100
2013-03-14,3760,37300
2013-03-15,3740,37200
2013-03-18,3710,36900
2013-03-19,3720,37000
2013-03-20,3740,37200
2013-03-21,3850,38200
2013-03-22,3830,38000
2013-03-25,3880,38500
2013-03-26,3860,38300
2013-03-27,3810,37800
2013-03-28,3810,37800
2013-03-29,3810,37800
2013-04-01,3870,38400
2013-04-02,3900,38700
2013-04-03,3870,38400
2013-04-04,3840,38100
2013-04-05,3870,38400
2013-04-08,4000,39700
2013-04-09,4120,40900
2013-04-10,4010,39800
2013-04-11,3950,39200
2013-04-12,3930,39000
2013-04-15,3810,37800
2013-04-16,3780,37500
2013-04-17,3830,38000
2013-04-18,3720,37000
2013-04-22,3710,36900
2013-04-23,3760,37300
2013-04-24,3730,37100
2013-04-25,3740,37200
2013-04-26,3740,37200
2013-05-02,3720,37000
2013-05-03,3730,37100
2013-05-06,3860,38300
2013-05-07,3780,37500
2013-05-08,3810,37800
2013-05-09,3810,37800
2013-05-10,3820,37900
2013-05-13,3830,38000
2013-05-14,3870,38400
2013-05-15,3910,38800
2013-05-16,3910,38800
2013-05-17,3880,38500
2013-05-20,3960,39300
2013-05-21,4230,42000
2013-05-22,4200,41700
2013-05-23,4200,41700
2013-05-24,4230,42000
2013-05-27,4310,42800
2013-05-28,4340,43100
2013-05-29,4430,44000
2013-05-30,4420,43900
2013-05-31,4480,44500
2013-06-03,4460,44300
2013-06-04,4500,44700
2013-06-05,4550,45200
2013-06-06,4600,45700
2013-06-07,4580,45500
2013-06-10,4590,45600
2013-06-11,4550,45200
2013-06-12,4530,45000
2013-06-13,4500,44700
2013-06-14,4450,44200
2013-06-17,4350,43200
2013-06-18,4320,42900
2013-06-19,4330,43000
2013-06-20,4310,42800
2013-06-21,4300,42700
2013-06-24,4280,42500
2013-06-25,4170,41400
2013-06-26,4180,41500
2013-06-27,4190,41600
2013-06-28,4210,41800
2013-07-01,4230,42000
2013-07-02,4270,42400
2013-07-03,4290,42600
2013-07-04,4370,43400
2013-07-05,4390,43600
2013-07-08,4330,43000
2013-07-09,4290,42600
2013-07-10,4280,42500
2013-07-11,4270,42400
2013-07-12,4330,43000
2013-07-15,4340,43100
2013-07-16,4390,43600
2013-07-17,4400,43700
2013-07-18,4360,43300
2013-07-19,4420,43900
2013-07-22,4420,43900
2013-07-23,4390,43600
2013-07-24,4330,43000
2013-07-25,4370,43400
2013-07-26,4320,42900
2013-07-29,4250,42200
2013-07-30,4330,43000
2013-07-31,4330,43000
2013-08-01,4320,42900
2013-08-02,4350,43200
2013-08-05,4480,44500
2013-08-06,4550,45200
2013-08-07,4660,46300
2013-08-08,4550,45200
2013-08-09,4590,45600
2013-08-12,4580,45500
2013-08-13,4580,45500
2013-08-14,4600,45700
2013-08-15,4770,45800
2013-08-16,4790,46000
2013-08-19,4900,47100
2013-08-20,4870,46800
2013-08-21,4830,46400
2013-08-22,4730,45400
2013-08-23,4650,44700
2013-08-26,4640,44600
2013-08-27,4620,44400
2013-08-28,4450,42800
2013-08-29,4430,42600
2013-08-30,4490,43100
2013-09-03,4450,42800
2013-09-04,4470,42900
2013-09-05,4550,43700
2013-09-06,4610,44300
2013-09-09,4500,43200
2013-09-10,4530,43500
2013-09-11,4510,43300
2013-09-12,4480,43000
2013-09-13,4450,42800
2013-09-16,4440,42700
2013-09-17,4470,42900
2013-09-18,4510,43300
2013-09-19,4520,43400
2013-09-20,4530,43500
2013-09-23,4620,44400
2013-09-24,4700,45200
2013-09-25,4660,44800
2013-09-26,4700,45200
2013-09-27,4680,45000
2013-09-30,4690,45100
2013-10-01,4660,44800
2013-10-02,4690,45100
2013-10-03,4660,44800
2013-10-04,4750,45600
2013-10-07,4800,46100
2013-10-08,4780,45900
2013-10-09,4760,45700
2013-10-10,4690,45100
2013-10-11,4680,45000
2013-10-14,4670,44900
2013-10-15,4740,45500
2013-10-16,4760,45700
2013-10-17,4780,45900
2013-10-18,4810,46200
2013-10-21,4810,46200
2013-10-22,4790,46000
2013-10-23,4810,46200
2013-10-24,4790,46000
2013-10-25,4750,45600
2013-10-28,4730,45400
2013-10-29,4750,45600
2013-10-30,4790,46000
2013-10-31,4770,45800
2013-11-01,4790,46000
2013-11-04,4790,46000
2013-11-05,4780,45900
2013-11-06,4800,46100
2013-11-07,4770,45800
2013-11-08,4790,46000
2013-11-11,4800,46100
2013-11-12,4820,46300
2013-11-13,4810,46200
2013-11-14,4820,46300
2013-11-15,4950,47600
2013-11-18,5010,48100
2013-11-19,5030,48300
2013-11-20,5010,48100
2013-11-21,5000,48000
2013-11-22,5050,48500
2013-11-25,5060,48600
2013-11-26,5060,48600
2013-11-27,5060,48600
2013-11-28,5040,48400
2013-11-29,5010,48100
2013-12-02,5030,48300
2013-12-03,5080,48800
2013-12-04,5080,48800
2013-12-05,5010,48100
2013-12-06,5000,48000
2013-12-09,4940,47500
2013-12-10,4910,47200
2013-12-11,4870,46800
2013-12-12,4870,46800
2013-12-13,4910,47200
2013-12-16,4910,47200
2013-12-17,4910,47200
2013-12-18,4920,47300
2013-12-19,4920,47300
2013-12-20,4890,47000
2013-12-23,4910,47200
2013-12-24,4880,46900
2013-12-25,4870,46800
2013-12-26,4900,47100
2013-12-27,4900,47100
2013-12-30,4860,46700
2013-12-31,4900,47100
2014-01-02,4930,47400
2014-01-03,4920,47300
2014-01-06,5000,48000
2014-01-07,4940,47500
2014-01-08,4980,47800
2014-01-09,5040,48400
2014-01-10,5070,48700
2014-01-13,5110,49100
2014-01-14,5120,49200
2014-01-15,5200,50000
2014-01-16,5260,50500
2014-01-17,5360,51500
2014-01-20,5410,52000
2014-01-21,5520,53000
2014-01-22,5520,53000
2014-01-23,5670,54500
2014-01-24,5830,56000
2014-01-27,5780,55500
2014-02-06,5670,54500
2014-02-07,5570,53500
2014-02-10,5780,55500
2014-02-11,5720,55000
2014-02-12,5930,57000
2014-02-13,5930,57000
2014-02-14,5880,56500
2014-02-17,5830,56000
2014-02-18,5930,57000
2014-02-19,6140,59000
2014-02-20,5930,57000
2014-02-21,6040,58000
2014-02-24,6190,59500
2014-02-25,6400,61500
2014-02-26,6710,64500
2014-02-27,6560,63000
2014-02-28,6660,64000
2014-03-03,6400,61500
2014-03-04,6350,61000
2014-03-05,6450,62000
2014-03-06,6510,62500
2014-03-07,6560,63000
2014-03-10,6610,63500
2014-03-11,6970,67000
2014-03-12,7030,67500
2014-03-13,7080,68000
2014-03-14,7030,67500
2014-03-17,7030,67500
2014-03-18,7390,71000
2014-03-19,7490,72000
2014-03-20,7390,71000
2014-03-21,7440,71500
2014-03-24,7390,71000
2014-03-25,7230,69500
2014-03-26,7080,68000
2014-03-27,7080,68000
2014-03-28,7340,70500
2014-03-31,7290,70000
2014-04-01,7180,69000
2014-04-02,7080,68000
2014-04-03,7130,68500
2014-04-04,7080,68000
2014-04-07,7230,69500
2014-04-08,7340,70500
2014-04-10,7290,70000
2014-04-11,7340,70500
2014-04-14,7440,71500
2014-04-15,7340,70500
2014-04-16,7180,69000
2014-04-17,7290,70000
2014-04-18,7030,67500
2014-04-21,6770,65000
2014-04-22,6970,67000
2014-04-23,6820,65500
2014-04-24,6820,65500
2014-04-25,7030,67500
2014-04-28,7130,68500
2014-04-29,7130,68500
2014-05-05,6870,66000
2014-05-06,6770,65000
2014-05-07,6790,51000
2014-05-08,6330,47500
2014-05-09,6170,46300
2014-05-12,5740,43100
2014-05-13,5430,40800
2014-05-14,5750,43200
2014-05-15,5530,41500
2014-05-16,5860,44000
2014-05-19,5860,44000
2014-05-20,5910,44400
2014-05-21,6150,46200
2014-05-22,6100,45800
2014-05-23,6050,45400
2014-05-26,6020,45200
2014-05-27,6070,45600
2014-05-28,6130,46000
2014-05-29,6140,46100
2014-05-30,6150,46200
2014-06-02,6050,45400
2014-06-03,6020,45200
2014-06-04,5910,44400
2014-06-05,5890,44200
2014-06-06,5990,45000
2014-06-09,5980,44900
2014-06-10,5980,44900
2014-06-11,6190,46500
2014-06-12,6270,47100
2014-06-13,6260,47000
2014-06-16,6190,46500
2014-06-17,6250,46900
2014-06-18,6210,46600
2014-06-19,6150,46200
2014-06-20,6150,46200
2014-06-23,6110,45900
2014-06-24,6150,46200
2014-06-25,6210,46600
2014-06-26,6190,46500
2014-06-27,6230,46800
2014-06-30,6210,46600
2014-07-01,6220,46700
2014-07-02,6260,47000
2014-07-03,6420,48200
2014-07-04,6590,49500
2014-07-07,6660,50000
2014-07-08,6650,49900
2014-07-09,6620,49700
2014-07-10,6500,48800
2014-07-11,6490,48700
2014-07-14,6580,49400
2014-07-15,6660,50000
2014-07-16,6650,49900
2014-07-17,6580,49400
2014-07-18,6990,52500
2014-07-21,6790,51000
2014-07-22,6930,52000
2014-07-23,6860,51500
2014-07-24,6990,52500
2014-07-25,6860,51500
2014-07-28,6660,50000
2014-07-29,6620,49700
2014-07-30,6650,49900
2014-07-31,6730,50500
2014-08-01,6630,49800
2014-08-04,6660,50000
2014-08-05,6860,51500
2014-08-06,6790,51000
2014-08-07,6730,50500
2014-08-08,6730,50500
2014-08-11,6730,50500
2014-08-12,6730,50500
2014-08-13,6860,51500
2014-08-14,6930,52000
2014-08-15,6860,51500
2014-08-18,6990,52500
2014-08-19,7060,53000
2014-08-20,7060,52000
2014-08-21,6990,51500
2014-08-22,7060,52000
2014-08-25,7130,52500
2014-08-26,7470,55000
2014-08-27,7470,55000
2014-08-28,7740,57000
2014-08-29,7810,57500
2014-09-03,7740,57000
2014-09-04,7740,57000
2014-09-05,7870,58000
2014-09-08,7940,58500
2014-09-09,7530,55500
2014-09-10,7600,56000
2014-09-11,7530,55500
2014-09-12,7600,56000
2014-09-15,7600,56000
2014-09-16,7600,56000
2014-09-17,7670,56500
2014-09-18,7470,55000
2014-09-19,7330,54000
2014-09-22,7190,53000
2014-09-23,7130,52500
2014-09-24,7130,52500
2014-09-25,7260,53500
2014-09-26,7130,52500
2014-09-29,7060,52000
2014-09-30,7060,52000
2014-10-01,7260,53500
2014-10-02,7330,54000
2014-10-03,7260,53500
2014-10-06,7260,53500
2014-10-07,7260,53500
2014-10-08,7190,53000
2014-10-09,7130,52500
2014-10-10,7060,52000
2014-10-13,7260,53500
2014-10-14,7060,52000
2014-10-15,7060,52000
2014-10-16,6750,49700
2014-10-17,6860,50500
2014-10-20,6790,50000
2014-10-21,6790,50000
2014-10-22,6860,50500
2014-10-23,6770,49900
2014-10-24,6760,49800
2014-10-27,6610,48700
2014-10-28,6650,49000
2014-10-29,6790,50000
2014-10-30,6790,50000
2014-10-31,6920,51000
2014-11-03,6990,51500
2014-11-04,6920,51000
2014-11-05,6860,50500
2014-11-06,6790,50000
2014-11-07,6860,50500
2014-11-10,6860,50500
2014-11-11,6920,51000
2014-11-12,6860,50500
2014-11-13,6860,50500
2014-11-14,6790,50000
2014-11-17,6770,49900
2014-11-18,6670,49100
2014-11-19,6650,49000
2014-11-20,6650,49000
2014-11-21,6670,49100
2014-11-24,6620,48800
2014-11-25,6680,49200
2014-11-26,6620,48800
2014-11-27,6610,48700
2014-11-28,6530,48100
2014-12-01,6490,47800
2014-12-02,6480,47700
2014-12-03,6540,48200
2014-12-04,6600,48600
2014-12-05,6610,48700
2014-12-08,6560,48300
2014-12-09,6410,47200
2014-12-10,6480,47700
2014-12-11,6430,47400
2014-12-12,6530,48100
2014-12-15,6490,47800
2014-12-16,6410,47200
2014-12-17,6140,45200
2014-12-18,6270,46200
2014-12-19,6190,45600
2014-12-22,6290,46300
2014-12-23,6370,46900
2014-12-24,6370,46900
2014-12-25,6310,46500
2014-12-26,6270,46200
2014-12-29,6230,45900
2014-12-30,6290,46300
2014-12-31,6520,48000
2015-01-05,6490,47800
2015-01-06,6530,48100
2015-01-07,6570,48400
2015-01-08,6500,47900
2015-01-09,6560,48300
2015-01-12,6600,48600
2015-01-13,6610,48700
2015-01-14,6600,48600
2015-01-15,6610,48700
2015-01-16,6580,48500
2015-01-19,6520,48000
2015-01-20,6520,48000
2015-01-21,6570,48400
2015-01-22,6540,48200
2015-01-23,6570,48400
2015-01-26,6570,48400
2015-01-27,6520,48000
2015-01-28,6500,47900
2015-01-29,6500,47900
2015-01-30,6450,47500
2015-02-02,6430,47400
2015-02-03,6380,47000
2015-02-04,6370,46900
2015-02-05,6410,47200
2015-02-06,6420,47300
2015-02-09,6410,47200
2015-02-10,6390,47100
2015-02-11,6450,47500
2015-02-12,6490,47800
2015-02-13,6520,48000
2015-02-24,6600,48600
2015-02-25,6580,48500
2015-02-26,6650,49000
2015-02-27,6620,48800
2015-03-02,6580,48500
2015-03-03,6640,48900
2015-03-04,6790,50000
2015-03-05,6790,50000
2015-03-06,6790,50000
2015-03-09,6680,49200
2015-03-10,6750,49700
2015-03-11,6720,49500
2015-03-12,6680,49200
2015-03-13,6680,49200
2015-03-16,6710,49400
2015-03-17,6790,50000
2015-03-18,6730,49600
2015-03-19,6720,49500
2015-03-20,6760,49800
2015-03-23,6710,49400
2015-03-24,6670,49100
2015-03-25,6680,49200
2015-03-26,6690,49300
2015-03-27,6680,49200
2015-03-30,6570,48400
2015-03-31,6570,48400
2015-04-01,6480,47700
2015-04-02,6530,48100
2015-04-03,6620,48800
2015-04-06,6580,48500
2015-04-07,6640,48900
2015-04-08,6640,48900
2015-04-09,6640,48900
2015-04-10,6680,49200
2015-04-13,6680,49200
2015-04-14,6610,48700
2015-04-15,6640,48900
2015-04-16,6620,48800
2015-04-17,6920,51000
2015-04-20,6860,50500
2015-04-21,6790,50000
2015-04-22,6790,50000
2015-04-23,6860,50500
2015-04-24,6860,50500
2015-04-27,6990,51500
2015-05-04,6710,49400
2015-05-05,6790,50000
2015-05-06,6730,49600
2015-05-07,6770,49900
2015-05-08,6770,49900
2015-05-11,6750,49700
2015-05-12,6680,49200
2015-05-13,6680,49200
2015-05-14,6690,49300
2015-05-15,6670,49100
2015-05-18,6620,48800
2015-05-19,6680,49200
2015-05-20,6920,51000
2015-05-21,7130,52500
2015-05-22,7060,52000
2015-05-25,7330,54000
2015-05-26,7190,53000
2015-05-27,7130,52500
2015-05-28,7230,45400
2015-05-29,7160,45000
2015-06-01,7050,44300
2015-06-02,6950,43700
2015-06-03,7030,44200
2015-06-04,7070,44400
2015-06-05,7130,44800
2015-06-08,7050,44300
2015-06-09,7050,44300
2015-06-10,7100,44600
2015-06-11,7130,44800
2015-06-12,7180,45100
2015-06-15,7160,45000
2015-06-16,7080,44500
2015-06-17,7070,44400
2015-06-18,7080,44500
2015-06-19,7130,44800
2015-06-22,7260,45600
2015-06-23,7240,45500
2015-06-24,7190,45200
2015-06-25,7160,45000
2015-06-26,7370,46300
2015-06-29,7450,46800
2015-06-30,7380,46400
2015-07-01,7450,46800
2015-07-02,7510,47200
2015-07-03,7480,47000
2015-07-06,7560,47500
2015-07-07,7580,47600
2015-07-08,7430,46700
2015-07-09,7430,46700
2015-07-10,7420,46600
2015-07-13,7460,46900
2015-07-14,7460,46900
2015-07-15,7380,46400
2015-07-16,7380,46400
2015-07-17,7380,46400
2015-07-20,7350,46200
2015-07-21,7260,45600
2015-07-22,7400,46500
2015-07-23,7480,47000
2015-07-24,7580,47600
2015-07-27,7800,49000
2015-07-28,7670,48200
2015-07-29,7620,47900
2015-07-30,7530,47300
2015-07-31,7530,47300
2015-08-03,7400,46500
2015-08-04,7480,47000
2015-08-05,7540,47400
2015-08-06,7450,46800
2015-08-07,7530,47300
2015-08-10,7720,48500
2015-08-11,7690,48300
2015-08-12,7580,47600
2015-08-13,7480,47000
2015-08-14,7450,46800
2015-08-17,7350,46200
2015-08-18,7420,46600
2015-08-19,7500,46100
2015-08-20,7400,45500
2015-08-21,7350,45200
2015-08-24,6900,42400
2015-08-25,6980,42900
2015-08-26,7170,44100
2015-08-27,7210,44300
2015-08-28,7270,44700
2015-08-31,7190,44200
2015-09-01,7170,44100
2015-09-03,7110,43700
2015-09-04,7120,43800
2015-09-07,7090,43600
2015-09-08,7140,43900
2015-09-09,7170,44100
2015-09-10,7190,44200
2015-09-11,7160,44000
2015-09-14,7110,43700
2015-09-15,7110,43700
2015-09-16,7110,43700
2015-09-17,7120,43800
2015-09-18,7250,44600
2015-09-21,7400,45500
2015-09-22,7350,45200
2015-09-23,7300,44900
2015-09-24,7340,45100
2015-09-25,7300,44900
2015-09-28,7240,44500
2015-09-29,7240,44500
2015-09-30,7240,44500
2015-10-01,7250,44600
2015-10-02,7250,44600
2015-10-05,7320,45000
2015-10-06,7480,46000
2015-10-07,7350,45200
2015-10-08,7450,45800
2015-10-09,7450,45800
2015-10-12,7450,45800
2015-10-13,7400,45500
2015-10-14,7600,46700
2015-10-15,7580,46600
2015-10-16,7600,46700
2015-10-19,7660,47100
2015-10-20,7690,47300
2015-10-21,7640,47000
2015-10-22,7630,46900
2015-10-23,7660,47100
2015-10-26,7740,47600
2015-10-27,7810,48000
2015-10-28,7940,48800
2015-10-29,8020,49300
2015-10-30,8020,49300
2015-11-02,8050,49500
2015-11-03,8540,52500
2015-11-04,8460,52000
2015-11-05,8700,53500
2015-11-06,8540,52500
2015-11-09,8380,51500
2015-11-10,8290,51000
2015-11-11,8210,50500
2015-11-12,8620,53000
2015-11-13,8860,54500
2015-11-16,8780,54000
2015-11-17,8460,52000
2015-11-18,8460,52000
2015-11-19,8380,51500
2015-11-20,8290,51000
2015-11-23,8050,49500
2015-11-24,7990,49100
2015-11-25,8130,50000
2015-11-26,7970,49000
2015-11-27,7950,48900
2015-11-30,7860,48300
2015-12-01,7840,48200
2015-12-02,7870,48400
2015-12-03,7890,48500
2015-12-04,7790,47900
2015-12-07,7730,47500
2015-12-08,7970,49000
2015-12-09,7840,48200
2015-12-10,7770,47800
2015-12-11,7810,48000
2015-12-14,7770,47800
2015-12-15,7890,48500
2015-12-16,7940,48800
2015-12-17,8000,49200
2015-12-18,7950,48900
2015-12-21,7890,48500
2015-12-22,7820,48100
2015-12-23,7790,47900
2015-12-24,7770,47800
2015-12-25,7770,47800
2015-12-28,7820,48100
2015-12-29,7860,48300
2015-12-30,7860,48300
2015-12-31,7860,48300
2016-01-04,7770,47800
2016-01-05,7770,47800
2016-01-06,7790,47900
2016-01-07,7640,47000
2016-01-08,7530,46300
2016-01-11,7470,45900
2016-01-12,7630,46900
2016-01-13,7550,46400
2016-01-14,7510,46200
2016-01-15,7500,46100
2016-01-18,7300,44900
2016-01-19,7340,45100
2016-01-20,7300,44900
2016-01-21,7300,44900
2016-01-22,7290,44800
2016-01-25,7660,47100
2016-01-26,7470,45900
2016-01-27,7530,46300
2016-01-28,7480,46000
2016-01-29,7550,46400
2016-02-01,7580,46600
2016-02-02,7510,46200
2016-02-03,7580,46600
2016-02-04,7560,46500
2016-02-05,7630,46900
2016-02-15,7600,46700
2016-02-16,7690,47300
2016-02-17,7730,47500
2016-02-18,7820,48100
2016-02-19,7760,47700
2016-02-22,7840,48200
2016-02-23,7770,47800
2016-02-24,7770,47800
2016-02-25,7740,47600
2016-02-26,7760,47700
2016-02-29,7770,47800
2016-03-01,7840,48200
2016-03-02,7920,48700
2016-03-03,7940,48800
2016-03-04,7970,49000
2016-03-07,7900,48600
2016-03-08,7810,48000
2016-03-09,7810,48000
2016-03-10,7840,48200
2016-03-11,7890,48500
2016-03-14,7920,48700
2016-03-15,7890,48500
2016-03-16,7890,48500
2016-03-17,7890,48500
2016-03-18,8020,49300
2016-03-21,8000,49200
2016-03-22,7920,48700
2016-03-23,7920,48700
2016-03-24,7870,48400
2016-03-25,7790,47900
2016-03-28,7810,48000
2016-03-29,7730,47500
2016-03-30,7730,47500
2016-03-31,7660,47100
2016-04-01,7610,46800
2016-04-04,7610,46800
2016-04-05,7640,47000
2016-04-06,7710,47400
2016-04-07,7770,47800
2016-04-08,7740,47600
2016-04-11,7790,47900
2016-04-12,7760,47700
2016-04-13,7740,47600
2016-04-14,7730,47500
2016-04-15,7680,47200
2016-04-19,7640,47000
2016-04-20,7660,47100
2016-04-21,7690,47300
2016-04-22,7770,47800
2016-04-25,7790,47900
2016-04-26,7790,47900
2016-04-27,7760,47700
2016-04-28,7870,48400
2016-04-29,7900,48600
2016-05-04,7820,48100
2016-05-05,7770,47800
2016-05-06,7730,47500
2016-05-09,7680,47200
2016-05-10,7690,47300
2016-05-11,7760,47700
2016-05-12,7710,47400
2016-05-13,7710,47400
2016-05-16,7690,47300
2016-05-17,7740,47600
2016-05-18,7760,47700
2016-05-19,7760,47700
2016-05-20,7790,47900
2016-05-23,7770,47800
2016-05-24,7760,47700
2016-05-25,7760,47700
2016-05-26,7730,47500
2016-05-27,7830,41000
2016-05-30,7850,41100
2016-05-31,7800,40800
2016-06-01,7800,40800
2016-06-02,7800,40800
2016-06-03,7780,40700
2016-06-06,7720,40400
2016-06-07,7740,40500
2016-06-08,7780,40700
2016-06-09,7740,40500
2016-06-10,7740,40500
2016-06-13,7720,40400
2016-06-14,7740,40500
2016-06-15,7700,40300
2016-06-16,7720,40400
2016-06-17,7720,40400
2016-06-20,8160,42700
2016-06-21,8160,42700
2016-06-22,8100,42400
2016-06-23,8010,41900
2016-06-24,7810,40900
2016-06-27,7870,41200
2016-06-28,7870,41200
2016-06-29,8020,42000
2016-06-30,7990,41800
2016-07-01,8010,41900
2016-07-04,8120,42500
2016-07-05,8060,42200
2016-07-06,8080,42300
2016-07-07,8270,43300
2016-07-08,8330,43600
2016-07-11,8140,42600
2016-07-12,8140,42600
2016-07-13,8200,42900
2016-07-14,8220,43000
2016-07-15,8140,42600
2016-07-18,8140,42600
2016-07-19,8010,41900
2016-07-20,7950,41600
2016-07-21,7950,41600
2016-07-22,7890,41300
2016-07-25,7850,41100
2016-07-26,7810,40900
2016-07-27,7890,41300
2016-07-28,7890,41300
2016-07-29,7830,41000
2016-08-01,7850,41100
2016-08-02,7760,40600
2016-08-03,7740,40500
2016-08-04,7720,40400
2016-08-05,7740,40500
2016-08-08,7760,40600
2016-08-09,7810,40900
2016-08-10,7850,41100
2016-08-11,7990,41800
2016-08-12,7950,41600
2016-08-15,7950,41600
2016-08-16,8160,42700
2016-08-17,8250,43200
2016-08-18,8230,43100
2016-08-19,8100,42400
2016-08-22,8120,41500
2016-08-23,8160,41700
2016-08-24,8220,42000
2016-08-25,8300,42400
2016-08-26,8410,43000
2016-08-29,8340,42600
2016-08-30,8340,42600
2016-08-31,8590,43900
2016-09-01,8710,44500
2016-09-05,8710,44500
2016-09-06,8650,44200
2016-09-07,8630,44100
2016-09-08,8920,45600
2016-09-09,8940,45700
2016-09-12,8810,45000
2016-09-13,8840,45200
2016-09-14,8900,45500
2016-09-15,8770,44800
2016-09-16,8810,45000
2016-09-19,8860,45300
2016-09-20,8930,45650
2016-09-21,8900,45500
2016-09-22,9120,46600
2016-09-23,9270,47400
2016-09-26,9350,47800
2016-09-27,9350,47800
2016-09-28,9370,47900
2016-09-29,9260,47350
2016-09-30,9130,46650
2016-10-03,9130,46650
2016-10-04,9160,46800
2016-10-05,9160,46800
2016-10-06,9020,46100
2016-10-07,8820,45050
2016-10-10,8530,43600
2016-10-11,8710,44500
2016-10-12,8570,43800
2016-10-13,8610,44000
2016-10-14,8580,43850
2016-10-17,8490,43400
2016-10-18,8530,43600
2016-10-19,8580,43850
2016-10-20,8510,43500
2016-10-21,8490,43400
2016-10-24,8450,43200
2016-10-25,8450,43200
2016-10-26,8410,43000
2016-10-27,8450,43200
2016-10-28,8530,43600
2016-10-31,8510,43500
2016-11-01,8470,43300
2016-11-02,8340,42600
2016-11-03,8220,42000
2016-11-04,8250,42150
2016-11-07,8370,42800
2016-11-08,8380,42850
2016-11-09,8260,42200
2016-11-10,8360,42700
2016-11-11,8410,43000
2016-11-14,8360,42750
2016-11-15,8450,43200
2016-11-16,8420,43050
2016-11-17,8340,42600
2016-11-18,8430,43100
2016-11-21,8430,43100
2016-11-22,8430,43100
2016-11-23,8600,43950
2016-11-24,8680,44350
2016-11-25,8600,43950
2016-11-28,8510,43500
2016-11-29,8440,43150
2016-11-30,8480,43350
2016-12-01,8450,43200
2016-12-02,8400,42950
2016-12-05,8340,42600
2016-12-06,8280,42300
2016-12-07,8240,42100
2016-12-08,8270,42250
2016-12-09,8390,42900
2016-12-12,8260,42200
2016-12-13,8180,41800
2016-12-14,8220,42000
2016-12-15,8190,41850
2016-12-16,8240,42100
2016-12-19,8360,42700
2016-12-20,8330,42550
2016-12-21,8320,42500
2016-12-22,8330,42550
2016-12-23,8350,42650
2016-12-26,8360,42700
2016-12-27,8440,43150
2016-12-28,8530,43600
2016-12-29,8500,43450
2016-12-30,8610,44000
2017-01-03,8780,44850
2017-01-04,8850,45250
2017-01-05,8820,45100
2017-01-06,8800,44950
2017-01-09,8840,45200
2017-01-10,9000,46000
2017-01-11,9020,46100
2017-01-12,8990,45950
2017-01-13,8790,44900
2017-01-16,8610,44000
2017-01-17,8690,44400
2017-01-18,8570,43800
2017-01-19,8570,43800
2017-01-20,8650,44200
2017-01-23,8700,44450
2017-01-24,8750,44700
2017-01-25,8820,45100
2017-02-02,8790,44900
2017-02-03,8750,44700
2017-02-06,8670,44300
2017-02-07,8710,44500
2017-02-08,8730,44600
2017-02-09,8720,44550
2017-02-10,8700,44450
2017-02-13,8770,44800
2017-02-14,9080,46400
2017-02-15,9000,46000
2017-02-16,8860,45300
2017-02-17,8860,45300
2017-02-20,8820,45050
2017-02-21,8880,45400
2017-02-22,8960,45800
2017-02-23,9000,46000
2017-02-24,9000,46000
2017-02-27,9110,46550
2017-02-28,8970,45850
2017-03-01,8940,45700
2017-03-02,8890,45450
2017-03-03,8930,45650
2017-03-06,8990,45950
2017-03-07,8960,45800
2017-03-08,8960,45800
2017-03-09,8900,45500
2017-03-10,9000,46000
2017-03-13,8950,45750
2017-03-14,8940,45700
2017-03-15,8910,45550
2017-03-16,8940,45700
2017-03-17,8980,45900
2017-03-20,9120,46600
2017-03-21,9120,46600
2017-03-22,9020,46100
2017-03-23,9390,48000
2017-03-24,9330,47700
2017-03-27,9310,47600
2017-03-28,9270,47400
2017-03-29,9290,47500
2017-03-30,9220,47100
2017-03-31,9260,47300
2017-04-03,9080,46400
2017-04-04,9200,47000
2017-04-05,9110,46550
2017-04-07,9200,47000
2017-04-10,9200,47000
2017-04-11,9190,46950
2017-04-12,9300,47550
2017-04-13,9250,47250
2017-04-14,9010,46050
2017-04-17,8940,45700
2017-04-18,9000,46000
2017-04-19,9000,46000
2017-04-20,8970,45850
2017-04-21,8970,45850
2017-04-24,8950,45750
2017-04-25,8930,45650
2017-04-26,9000,46000
2017-04-27,9100,46500
2017-04-28,9090,46450
2017-05-03,9200,47000
2017-05-04,9200,47000
2017-05-05,9220,47100
2017-05-08,9200,47000
2017-05-09,9450,48300
2017-05-10,9410,48100
2017-05-11,9410,48100
2017-05-12,9390,48000
2017-05-15,9350,47800
2017-05-16,9290,47500
2017-05-17,9350,47800
2017-05-18,9370,47900
2017-05-19,9470,48400
2017-05-22,9490,48500
2017-05-23,9560,48850
2017-05-24,9610,49100
2017-05-25,9780,42600
2017-05-26,9670,42100
2017-05-29,9780,42600
2017-05-30,9880,43000
2017-05-31,9880,43000
2017-06-01,9980,43450
2017-06-02,9930,43250
2017-06-05,9930,43250
2017-06-06,10180,44300
2017-06-07,10120,44050
2017-06-08,10150,44200
2017-06-09,10370,45150
2017-06-12,10270,44700
2017-06-13,10420,45350
2017-06-14,10380,45200
2017-06-15,10430,45400
2017-06-16,10500,45700
2017-06-19,10630,46300
2017-06-20,10600,46150
2017-06-21,10910,47500
2017-06-22,10930,47600
2017-06-23,10900,47450
2017-06-26,10730,46700
2017-06-27,10500,45700
2017-06-28,10650,46350
2017-06-29,10680,46500
2017-06-30,10760,46850
2017-07-03,10660,46400
2017-07-04,10700,46600
2017-07-05,10730,46700
2017-07-06,11000,47900
2017-07-07,11160,48600
2017-07-10,11070,48200
2017-07-11,10930,47600
2017-07-12,11010,47950
2017-07-13,11220,48850
2017-07-14,11190,48700
2017-07-17,11020,48000
2017-07-18,10980,47800
2017-07-19,10770,46900
2017-07-20,10750,46800
2017-07-21,10610,46200
2017-07-24,10680,46500
2017-07-25,10730,46700
2017-07-26,10980,47800
2017-07-27,11070,48200
2017-07-28,11150,48550
2017-07-31,11110,48350
2017-08-01,11250,49000
2017-08-02,11350,49400
2017-08-03,11510,50100
2017-08-04,11510,50100
2017-08-07,11450,49850
2017-08-08,11240,48950
2017-08-09,11120,48400
2017-08-10,11230,48900
2017-08-11,11360,49450
2017-08-14,11300,49200
2017-08-15,11230,48900
2017-08-16,11160,48600
2017-08-17,11120,47400
2017-08-18,11140,47500
2017-08-21,11200,47750
2017-08-22,11050,47100
2017-08-23,11070,47200
2017-08-24,11190,47700
2017-08-25,11140,47500
2017-08-28,11160,47600
2017-08-29,11200,47750
2017-08-30,11210,47800
2017-08-31,11370,48500
2017-09-01,11400,48600
2017-09-05,11370,48500
2017-09-06,11300,48200
2017-09-07,11230,47900
2017-09-08,11190,47700
2017-09-11,11100,47350
2017-09-12,11280,48100
2017-09-13,11430,48750
2017-09-14,11340,48350
2017-09-15,11300,48200
2017-09-18,11340,48350
2017-09-19,11350,48400
2017-09-20,11410,48650
2017-09-21,11590,49400
2017-09-22,11600,49450
2017-09-25,11460,48850
2017-09-26,11490,49000
2017-09-27,11490,49000
2017-09-28,11480,48950
2017-09-29,11430,48750
2017-10-02,11300,48200
2017-10-03,11220,47850
2017-10-04,11270,48050
2017-10-05,11330,48300
2017-10-06,11430,48750
2017-10-09,11440,48800
2017-10-10,11560,49300
2017-10-11,11700,49900
2017-10-12,11960,51000
2017-10-13,12010,51200
2017-10-16,12050,51400
2017-10-17,12080,51500
2017-10-18,11840,50500
2017-10-19,11870,50600
2017-10-20,11800,50300
2017-10-23,11560,49300
2017-10-24,11560,49300
2017-10-25,11660,49700
2017-10-26,11630,49600
2017-10-27,11770,50200
2017-10-30,11730,50000
2017-10-31,11820,50400
2017-11-01,11910,50800
2017-11-02,11840,50500
2017-11-03,11960,51000
2017-11-06,12050,51400
2017-11-07,12010,51200
2017-11-08,12430,53000
2017-11-09,12340,52600
2017-11-10,12240,52200
2017-11-13,12660,54000
2017-11-14,12640,53900
2017-11-15,13340,56900
2017-11-16,13370,57000
2017-11-17,13300,56700
2017-11-20,13580,57900
2017-11-21,13410,57200
2017-11-22,13600,58000
2017-11-23,13510,57600
2017-11-24,13580,57900
2017-11-27,13650,58200
2017-11-28,13480,57500
2017-11-29,13910,59300
2017-11-30,13700,58400
2017-12-01,13700,58400
2017-12-04,13790,58800
2017-12-05,13440,57300
2017-12-06,13320,56800
2017-12-07,13160,56100
2017-12-08,13020,55500
2017-12-11,12550,53500
2017-12-12,12590,53700
2017-12-13,12830,54700
2017-12-14,13110,55900
2017-12-15,13250,56500
2017-12-18,13200,56300
2017-12-19,12950,55200
2017-12-20,13200,56300
2017-12-21,13230,56400
2017-12-22,13390,57100
2017-12-25,13510,57600
2017-12-26,13390,57100
2017-12-27,13300,56700
2017-12-28,13410,57200
2017-12-29,13390,57100
2018-01-02,14020,59800
2018-01-03,14020,59800
2018-01-04,14310,61000
2018-01-05,14070,60000
2018-01-08,14280,60900
2018-01-09,14560,62100
2018-01-10,14420,61500
2018-01-11,14420,61500
2018-01-12,14120,60200
2018-01-15,14310,61000
2018-01-16,14310,61000
2018-01-17,13840,59000
2018-01-18,13840,59000
2018-01-19,13810,58900
2018-01-22,14280,60900
2018-01-25,14330,61100
2018-01-26,14260,60800
2018-01-29,14140,60300
2018-01-30,15010,64000
2018-01-31,14750,62900
2018-02-01,14450,61600
2018-02-02,14310,61000
2018-02-05,13390,57100
2018-02-06,12710,54200
2018-02-07,13270,56600
2018-02-08,12950,55200
2018-02-09,12900,55000
2018-02-12,13390,57100
2018-02-13,13840,59000
2018-02-21,13930,59400
2018-02-22,13700,58400
2018-02-23,14190,60500
2018-02-26,14160,60400
2018-02-27,14020,59800
2018-02-28,14020,59800
2018-03-01,14260,60800
2018-03-02,14330,61100
2018-03-05,14420,61500
2018-03-06,14840,63300
2018-03-07,14590,62200
2018-03-08,14590,62200
2018-03-09,14450,61600
2018-03-12,14400,61400
2018-03-13,14090,60100
2018-03-14,14260,60800
2018-03-15,14210,60600
2018-03-16,14090,60100
2018-03-19,14190,60500
2018-03-20,14380,61300
2018-03-21,14310,61000
2018-03-22,14090,60100
2018-03-23,13740,58600
2018-03-26,13880,59200
2018-03-27,13950,59500
2018-03-28,13810,58900
2018-03-29,13950,59500
2018-03-30,14240,60700
2018-04-02,14420,61500
2018-04-03,14350,61200
2018-04-04,14470,61700
2018-04-05,14770,63000
2018-04-06,14700,62700
2018-04-09,14870,63400
2018-04-10,15100,64400
2018-04-11,14770,63000
2018-04-12,14920,63600
2018-04-13,14540,62000
2018-04-16,14330,61100
2018-04-17,14540,62000
2018-04-18,14540,62000
2018-04-19,14240,60700
2018-04-20,14380,61300
2018-04-23,13600,58000
2018-04-24,13230,56400
2018-04-26,12900,55000
2018-04-27,13370,57000
2018-05-02,13370,57000
2018-05-03,13600,58000
2018-05-04,13790,58800
2018-05-07,13980,59600
2018-05-08,13840,59000
2018-05-09,13700,58400
2018-05-10,13670,58300
2018-05-11,13950,59500
2018-05-14,14450,61600
2018-05-15,14400,61400
2018-05-16,14190,60500
2018-05-17,14210,60600
2018-05-18,14260,60800
2018-05-21,14310,61000
2018-05-22,14000,59700
2018-05-23,14210,60600
2018-05-24,13950,59500
2018-05-25,13530,48900
2018-05-28,12590,45500
2018-05-29,13110,47400
2018-05-30,12580,45450
2018-05-31,12730,46000
2018-06-01,12850,46450
2018-06-04,13070,47250
2018-06-05,13230,47800
2018-06-06,13420,48500
2018-06-07,13230,47800
2018-06-08,13270,47950
2018-06-11,13140,47500
2018-06-12,12810,46300
2018-06-13,12950,46800
2018-06-14,12890,46600
2018-06-15,12870,46500
2018-06-18,12560,45400
2018-06-19,12310,44500
2018-06-20,12560,45400
2018-06-21,12280,44400
2018-06-22,12450,45000
2018-06-25,12480,45100
2018-06-26,12310,44500
2018-06-27,12260,44300
2018-06-28,11760,42500
2018-06-29,11480,41500
2018-07-02,11120,40200
2018-07-03,10790,39000
2018-07-04,11070,40000
2018-07-05,10930,39500
2018-07-06,11290,40800
2018-07-09,11110,40150
2018-07-10,11180,40400
2018-07-11,10850,39200
2018-07-12,10740,38800
2018-07-13,11230,40600
2018-07-16,11320,40900
2018-07-17,11590,41900
2018-07-18,11870,42900
2018-07-19,11760,42500
2018-07-20,11510,41600
2018-07-23,11620,42000
2018-07-24,11680,42200
2018-07-25,11730,42400
2018-07-26,11770,42550
2018-07-27,11980,43300
2018-07-30,11980,43300
2018-07-31,11840,42800
2018-08-01,11620,42000
2018-08-02,11810,42700
2018-08-03,11790,42600
2018-08-06,11690,42250
2018-08-07,11610,41950
2018-08-08,11760,42500
2018-08-09,11840,42800
2018-08-10,11930,43100
2018-08-13,12020,43450
2018-08-14,12260,44300
2018-08-15,12120,43800
2018-08-16,12180,43000
2018-08-17,12320,43500
2018-08-20,12370,43700
2018-08-21,12370,43700
2018-08-22,12470,44050
2018-08-23,12570,44400
2018-08-24,12590,44450
2018-08-27,12570,44400
2018-08-28,12510,44200
2018-08-29,12510,44200
2018-08-30,12500,44150
2018-08-31,12510,44200
2018-09-04,12490,44100
2018-09-05,12260,43300
2018-09-06,11990,42350
2018-09-07,12180,43000
2018-09-10,12050,42550
2018-09-11,12220,43150
2018-09-12,12190,43050
2018-09-13,12290,43400
2018-09-14,12610,44550
2018-09-17,12490,44100
2018-09-18,12680,44800
2018-09-19,12870,45450
2018-09-20,13000,45900
2018-09-21,13000,45900
2018-09-24,13050,46100
2018-09-25,13000,45900
2018-09-26,13040,46050
2018-09-27,13080,46200
2018-09-28,13110,46300
2018-10-01,13020,46000
2018-10-02,12830,45300
2018-10-03,12880,45500
2018-10-04,12980,45850
2018-10-05,12910,45600
2018-10-08,12740,45000
2018-10-09,12660,44700
2018-10-10,12830,45300
2018-10-11,12090,42700
2018-10-12,12400,43800
2018-10-15,12180,43000
2018-10-16,12250,43250
2018-10-17,12340,43600
2018-10-18,12340,43600
2018-10-19,12180,43000
2018-10-22,12220,43150
2018-10-23,11950,42200
2018-10-24,11840,41800
2018-10-25,11620,41050
2018-10-26,11550,40800
2018-10-29,11610,41000
2018-10-30,11610,41000
2018-10-31,11880,41950
2018-11-01,11860,41900
2018-11-02,12150,42900
2018-11-05,12050,42550
2018-11-06,11930,42150
2018-11-07,11850,41850
2018-11-08,11930,42150
2018-11-09,11680,41250
2018-11-12,11880,41950
2018-11-13,11790,41650
2018-11-14,11960,42250
2018-11-15,11950,42200
2018-11-16,12100,42750
2018-11-19,12220,43150
2018-11-20,12290,43400
2018-11-21,12290,43400
2018-11-22,12290,43400
2018-11-23,12190,43050
2018-11-26,12020,42450
2018-11-27,12100,42750
2018-11-28,12120,42800
2018-11-29,12150,42900
2018-11-30,12150,42900
2018-12-03,12710,44900
2018-12-04,12730,44950
2018-12-05,12630,44600
2018-12-06,12570,44400
2018-12-07,12770,45100
2018-12-10,12510,44200
2018-12-11,12470,44050
2018-12-12,12590,44450
2018-12-13,12630,44600
2018-12-14,12500,44150
2018-12-17,12180,43000
2018-12-18,11890,42000
2018-12-19,11920,42100
2018-12-20,11910,42050
2018-12-21,12030,42500
2018-12-24,11890,42000
2018-12-25,11750,41500
2018-12-26,11720,41400
2018-12-27,11840,41800
2018-12-28,11950,42200
2019-01-02,11670,41200
2019-01-03,11550,40800
2019-01-04,11640,41100
2019-01-07,11840,41800
2019-01-08,11890,42000
2019-01-09,12010,42400
2019-01-10,11930,42150
2019-01-11,11950,42200
2019-01-14,12030,42500
2019-01-15,12120,42800
2019-01-16,12050,42550
2019-01-17,11890,42000
2019-01-18,11890,42000
2019-01-21,12030,42500
2019-01-22,11990,42350
2019-01-23,11990,42350
2019-01-24,12020,42450
2019-01-25,12010,42400
2019-01-28,11920,42100
2019-01-29,12030,42500
2019-01-30,12230,43200
2019-01-31,12230,43200
2019-02-01,12060,42600
2019-02-11,12500,44150
2019-02-12,12430,43900
2019-02-13,12610,44550
2019-02-14,12530,44250
2019-02-15,12510,44200
2019-02-18,12570,44400
2019-02-19,12570,44400
2019-02-20,12700,44850
2019-02-21,12680,44800
2019-02-22,12800,45200
2019-02-25,12880,45500
2019-02-26,12800,45200
2019-02-27,12770,45100
2019-02-28,12510,44200
2019-03-01,12630,44600
2019-03-04,12740,45000
2019-03-05,12710,44900
2019-03-06,12630,44600
2019-03-07,12670,44750
2019-03-08,12640,44650
2019-03-11,12600,44500
2019-03-12,13170,46500
2019-03-13,13080,46200
2019-03-14,13100,46250
2019-03-15,13020,46000
2019-03-18,13080,46200
2019-03-19,12940,45700
2019-03-20,12870,45450
2019-03-21,12770,45100
2019-03-22,12760,45050
2019-03-25,12570,44400
2019-03-26,12670,44750
2019-03-27,12740,45000
2019-03-28,12780,45150
2019-03-29,12880,45500
2019-04-01,12970,45800
2019-04-02,13020,46000
2019-04-03,13360,47200
2019-04-04,13530,47800
2019-04-05,13530,47800
2019-04-08,13530,47800
2019-04-09,13390,47300
2019-04-10,13280,46900
2019-04-11,13310,47000
2019-04-12,13650,48200
2019-04-16,13560,47900
2019-04-17,13730,48500
2019-04-18,13730,48500
2019-04-19,13720,48450
2019-04-22,13560,47900
2019-04-23,13560,47900
2019-04-24,13750,48550
2019-04-25,13820,48800
2019-04-26,14030,49550
2019-05-02,14110,49850
2019-05-03,14160,50000
2019-05-06,13800,48750
2019-05-07,14070,49700
2019-05-08,14060,49650
2019-05-09,13760,48600
2019-05-10,13870,49000
2019-05-13,14020,49500
2019-05-14,14210,50200
2019-05-15,14270,50400
2019-05-16,14060,49650
2019-05-17,14130,44450
2019-05-20,14380,45250
2019-05-21,14590,45900
2019-05-22,14380,45250
2019-05-23,14530,45700
2019-05-24,14490,45600
2019-05-27,14380,45250
2019-05-28,14260,44850
2019-05-29,14020,44100
2019-05-30,14160,44550
2019-05-31,14020,44100
2019-06-03,13830,43500
2019-06-04,13760,43300
2019-06-05,13860,43600
2019-06-06,14140,44500
2019-06-07,14370,45200
2019-06-10,14340,45100
2019-06-11,14370,45200
2019-06-12,14320,45050
2019-06-13,14160,44550
2019-06-14,14110,44400
2019-06-17,14000,44050
2019-06-18,14000,44050
2019-06-19,14190,44650
2019-06-20,14430,45400
2019-06-21,14430,45400
2019-06-24,14350,45150
2019-06-25,14780,46500
2019-06-26,14670,46150
2019-06-27,14430,45400
2019-06-28,14460,45500
2019-07-01,14970,47100
2019-07-02,14910,46900
2019-07-03,14880,46800
2019-07-04,14920,46950
2019-07-05,14810,46600
2019-07-08,14720,46300
2019-07-09,14860,46750
2019-07-10,14950,47050
2019-07-11,14940,47000
2019-07-12,14940,47000
2019-07-15,15030,47300
2019-07-16,15030,47300
2019-07-17,14950,47050
2019-07-18,14880,46800
2019-07-19,15320,48200
2019-07-22,15370,48350
2019-07-23,15510,48800
2019-07-24,15450,48600
2019-07-25,15460,48650
2019-07-26,15510,48800
2019-07-29,15450,48600
2019-07-30,15190,47800
2019-07-31,15380,48400
2019-08-01,15370,48350
2019-08-02,15510,48800
2019-08-05,15570,49000
2019-08-06,15560,48950
2019-08-07,15810,49750
2019-08-08,15990,50300
2019-08-09,16240,51100
2019-08-12,16620,52300
2019-08-13,16690,52500
2019-08-14,16910,53200
2019-08-15,17170,53000
2019-08-16,16840,52000
2019-08-19,16970,52400
2019-08-20,17490,54000
2019-08-21,17360,53600
2019-08-22,17170,53000
2019-08-23,17620,54400
2019-08-26,17400,53700
2019-08-27,17100,52800
2019-08-28,16880,52100
2019-08-29,17070,52700
2019-08-30,17200,53100
2019-09-03,17400,53700
2019-09-04,17230,53200
2019-09-05,17040,52600
2019-09-06,17140,52900
2019-09-09,17430,53800
2019-09-10,17490,54000
2019-09-11,17530,54100
2019-09-12,18300,56500
2019-09-13,18400,56800
2019-09-16,18690,57700
2019-09-17,18660,57600
2019-09-18,18270,56400
2019-09-19,18720,57800
2019-09-20,18850,58200
2019-09-23,18300,56500
2019-09-24,18210,56200
2019-09-25,18590,57400
2019-09-26,18690,57700
2019-09-27,18950,58500
2019-09-30,18690,57700
2019-10-01,18950,58500
2019-10-02,18530,57200
2019-10-03,18530,57200
2019-10-04,18400,56800
2019-10-07,17980,55500
2019-10-08,18170,56100
2019-10-09,18270,56400
2019-10-10,18270,56400
2019-10-11,18300,56500
2019-10-14,18690,57700
2019-10-15,18590,57400
2019-10-16,18630,57500
2019-10-17,18370,56700
2019-10-18,18500,57100
2019-10-21,18300,56500
2019-10-22,18240,56300
2019-10-23,18270,56400
2019-10-24,18850,58200
2019-10-25,18790,58000
2019-10-28,18820,58100
2019-10-29,18760,57900
2019-10-30,18720,57800
2019-10-31,18760,57900
2019-11-01,18950,58500
2019-11-04,19400,59900
2019-11-05,19370,59800
2019-11-06,19270,59500
2019-11-07,19270,59500
2019-11-08,19310,59600
2019-11-11,19440,60000
2019-11-12,19760,61000
2019-11-13,19600,60500
2019-11-14,18890,58300
2019-11-15,18980,58600
2019-11-18,18630,57500
2019-11-19,18890,58300
2019-11-20,18400,56800
2019-11-21,18140,56000
2019-11-22,18140,56000
2019-11-25,18340,56600
2019-11-26,18500,57100
2019-11-27,18460,57000
2019-11-28,18140,56000
2019-11-29,18270,56400
2019-12-02,17690,54600
2019-12-03,17650,54500
2019-12-04,17950,55400
2019-12-05,17780,54900
2019-12-06,17820,55000
2019-12-09,17910,55300
2019-12-10,17980,55500
2019-12-11,18300,56500
2019-12-12,18460,57000
2019-12-13,18500,57100
2019-12-16,18300,56500
2019-12-17,17950,55400
2019-12-18,17980,55500
2019-12-19,18080,55800
2019-12-20,18300,56500
2019-12-23,18170,56100
2019-12-24,18270,56400
2019-12-25,18630,57500
2019-12-26,18590,57400
2019-12-27,18660,57600
2019-12-30,18980,58600
2019-12-31,18890,58300
2020-01-02,18980,58600
2020-01-03,18660,57600
2020-01-06,18460,57000
2020-01-07,18820,58100
2020-01-08,18400,56800
2020-01-09,18660,57600
2020-01-10,18630,57500
2020-01-13,18500,57100
2020-01-14,18460,57000
2020-01-15,18460,57000
2020-01-16,18790,58000
2020-01-17,18660,57600
2020-01-20,18590,57400
2020-01-21,17980,55500
2020-01-22,18300,56500
2020-01-30,17720,54700
2020-01-31,16840,52000
2020-02-03,16680,51500
2020-02-04,16780,51800
2020-02-05,16840,52000
2020-02-06,17360,53600
2020-02-07,17270,53300
2020-02-10,17040,52600
2020-02-11,17360,53600
2020-02-12,17530,54100
2020-02-13,17590,54300
2020-02-14,17650,54500
2020-02-17,17560,54200
2020-02-18,18140,56000
2020-02-19,18040,55700
2020-02-20,18080,55800
2020-02-21,17720,54700
2020-02-24,17010,52500
2020-02-25,17490,54000
2020-02-26,17820,55000
2020-02-27,18140,56000
2020-02-28,17850,55100
2020-03-02,18040,55700
2020-03-03,18110,55900
2020-03-04,17980,55500
2020-03-05,17690,54600
2020-03-06,17490,54000
2020-03-09,16290,50300
2020-03-10,16750,51700
2020-03-11,16460,50800
2020-03-12,15580,48100
2020-03-13,15600,48150
2020-03-16,15420,47600
2020-03-17,15710,48500
2020-03-18,15680,48400
2020-03-19,15450,47700
2020-03-20,15450,47700
2020-03-23,14380,44400
2020-03-24,14420,44500
2020-03-25,14900,46000
2020-03-26,14320,44200
2020-03-27,13960,43100
2020-03-30,13090,40400
2020-03-31,13310,41100
2020-04-01,13700,42300
2020-04-03,14450,44600
2020-04-06,15390,47500
2020-04-07,15320,47300
2020-04-08,15180,46850
2020-04-09,15180,46850
2020-04-10,15030,46400
2020-04-13,15060,46500
2020-04-14,16040,49500
2020-04-15,16230,50100
2020-04-16,16290,50300
2020-04-17,16590,51200
2020-04-20,16620,51300
2020-04-21,15970,49300
2020-04-22,16550,51100
2020-04-23,16520,51000
2020-04-24,16520,51000
2020-04-27,16420,50700
2020-04-28,16420,50700
2020-04-29,16460,50800
2020-05-04,16360,50500
2020-05-05,16490,50900
2020-05-06,17140,52900
2020-05-07,17330,53500
2020-05-08,17400,53700
2020-05-11,17490,54000
2020-05-12,17620,54400
2020-05-13,18730,49350
2020-05-14,18480,48700
2020-05-15,18220,48000
2020-05-18,18350,48350
2020-05-19,18690,49250
2020-05-20,18560,48900
2020-05-21,18710,49300
2020-05-22,18390,48450
2020-05-25,18390,48450
2020-05-26,18520,48800
2020-05-27,18220,48000
2020-05-28,18220,48000
2020-05-29,18200,47950
2020-06-01,18330,48300
2020-06-02,18220,48000
2020-06-03,18460,48650
2020-06-04,18370,48400
2020-06-05,18480,48700
2020-06-08,18730,49350
2020-06-09,18580,48950
2020-06-10,18520,48800
2020-06-11,17460,46000
2020-06-12,17840,47000
2020-06-15,17460,46000
2020-06-16,17680,46600
2020-06-17,17590,46350
2020-06-18,17680,46600
2020-06-19,17840,47000
2020-06-22,17840,47000
2020-06-23,18050,47550
2020-06-24,17910,47200
2020-06-25,17760,46800
2020-06-26,17780,46850
2020-06-29,17480,46050
2020-06-30,17320,45650
2020-07-01,17530,46200
2020-07-02,17510,46150
2020-07-03,17550,46250
2020-07-06,17760,46800
2020-07-07,18010,47450
2020-07-08,18100,47700
2020-07-09,18350,48350
2020-07-10,18140,47800
2020-07-13,18460,48650
2020-07-14,18420,48550
2020-07-15,18440,48600
2020-07-16,18440,48600
2020-07-17,18250,48100
2020-07-20,17990,47400
2020-07-21,18140,47800
2020-07-22,17990,47400
2020-07-23,18120,47750
2020-07-24,17420,45900
2020-07-27,16580,43700
2020-07-28,17340,45700
2020-07-29,16910,44550
2020-07-30,17130,45150
2020-07-31,16890,44500
2020-08-03,17420,45900
2020-08-04,17670,46550
2020-08-05,17840,47000
2020-08-06,17760,46800
2020-08-07,17870,47100
2020-08-10,17910,47200
2020-08-11,17840,47000
2020-08-12,18030,47500
2020-08-13,18200,47950
2020-08-14,18140,47800
2020-08-17,18220,47000
2020-08-18,18160,46850
2020-08-19,18160,46850
2020-08-20,18240,47050
2020-08-21,18370,47400
2020-08-24,18780,48450
2020-08-25,18930,48850
2020-08-26,18760,48400
2020-08-27,19320,49850
2020-08-28,19340,49900
2020-08-31,19190,49500
2020-09-01,19340,49900
2020-09-03,19540,50400
2020-09-04,19380,50000
2020-09-07,18800,48500
2020-09-08,19190,49500
2020-09-09,19070,49200
2020-09-10,19070,49200
2020-09-11,19050,49150
2020-09-14,19110,49300
2020-09-15,19380,50000
2020-09-16,19570,50500
2020-09-17,19380,50000
2020-09-18,19850,51200
2020-09-21,19850,51200
2020-09-22,19880,51300
2020-09-23,19810,51100
2020-09-24,19570,50500
2020-09-25,19690,50800
2020-09-28,19810,51100
2020-09-29,19460,50200
2020-09-30,19380,50000
2020-10-01,19690,50800
2020-10-02,19500,50300
2020-10-05,19570,50500
2020-10-06,19570,50500
2020-10-07,19540,50400
2020-10-08,19810,51100
2020-10-09,19690,50800
2020-10-12,19730,50900
2020-10-13,19650,50700
2020-10-14,19770,51000
2020-10-15,19850,51200
2020-10-16,20620,53200
2020-10-19,20660,53300
2020-10-20,20620,53200
2020-10-21,20470,52800
2020-10-22,20930,54000
2020-10-23,20890,53900
2020-10-26,20470,52800
2020-10-27,20190,52100
2020-10-28,19650,50700
2020-10-29,19730,50900
2020-10-30,19960,51500
2020-11-02,20040,51700
2020-11-03,20470,52800
2020-11-04,20540,53000
2020-11-05,20160,52000
2020-11-06,20310,52400
2020-11-09,20700,53400
2020-11-10,20540,53000
2020-11-11,20540,53000
2020-11-12,20740,53500
2020-11-13,20850,53800
2020-11-16,20660,53300
2020-11-17,20930,54000
2020-11-18,20930,54000
2020-11-19,21360,55100
2020-11-20,21400,55200
2020-11-23,21670,55900
2020-11-25,21400,55200
2020-11-26,21590,55700
2020-11-27,21780,56200
2020-11-30,21470,55400
2020-12-01,21400,55200
2020-12-02,21550,55600
2020-12-03,21550,55600
2020-12-04,21590,55700
2020-12-07,21590,55700
2020-12-08,21780,56200
2020-12-09,22290,57500
2020-12-10,21900,56500
2020-12-11,22090,57000
2020-12-14,22170,57200
2020-12-15,21980,56700
2020-12-16,22130,57100
2020-12-17,21900,56500
2020-12-18,22050,56900
2020-12-21,22290,57500
2020-12-22,22520,58100
2020-12-23,22290,57500
2020-12-24,22090,57000
2020-12-25,22330,57600
2020-12-28,22440,57900
2020-12-29,22710,58600
2020-12-30,22520,58100
2020-12-31,22910,59100
2021-01-04,23330,60200
2021-01-05,24300,62700
2021-01-06,24190,62400
2021-01-07,24220,62500
2021-01-08,24540,63300
2021-01-11,25080,64700
2021-01-12,25500,65800
2021-01-13,25780,66500
2021-01-14,25740,66400
2021-01-15,25810,66600
2021-01-18,25700,66300
2021-01-19,24030,62000
2021-01-20,24540,63300
2021-01-21,25430,65600
2021-01-22,25930,66900
2021-01-25,25970,67000
2021-01-26,25580,66000
2021-01-27,24420,63000
2021-01-28,22710,58600
2021-01-29,24300,62700
2021-02-01,24610,63500
2021-02-02,25580,66000
2021-02-03,27130,70000
2021-02-04,28100,72500
2021-02-05,28260,72900
2021-02-08,27640,71300
2021-02-09,28920,74600
2021-02-17,30190,77900
2021-02-18,30310,78200
2021-02-19,29690,76600
2021-02-22,29770,76800
2021-02-23,29260,75500
2021-02-24,29230,75400
2021-02-25,29540,76200
2021-02-26,29540,76200
2021-03-01,30190,77900
2021-03-02,30190,77900
2021-03-03,30120,77700
2021-03-04,29420,75900
2021-03-05,29420,75900
2021-03-08,29380,75800
2021-03-09,29070,75000
2021-03-10,29570,76300
2021-03-11,29730,76700
2021-03-12,29650,76500
2021-03-15,29650,76500
2021-03-16,31400,81000
2021-03-17,31320,80800
2021-03-18,31400,81000
2021-03-19,30930,79800
2021-03-22,30500,78700
2021-03-23,30540,78800
2021-03-24,29850,77000
2021-03-25,29690,76600
2021-03-26,29500,76100
2021-03-29,30080,77600
2021-03-30,29880,77100
2021-03-31,30120,77700
2021-04-01,30890,79700
2021-04-02,30930,79800
2021-04-05,30850,79600
2021-04-06,30780,79400
2021-04-07,30850,79600
2021-04-08,30850,79600
2021-04-09,31820,82100
2021-04-12,31820,82100
2021-04-13,31280,80700
2021-04-14,31400,81000
2021-04-15,31010,80000
2021-04-16,30890,79700
2021-04-19,31590,81500
2021-04-20,32130,82900
2021-04-22,31010,80000
2021-04-23,32170,83000
2021-04-26,31400,81000
2021-04-27,31280,80700
2021-04-28,31320,80800
2021-04-29,31360,80900
2021-05-04,32130,82900
2021-05-05,32130,82900
2021-05-06,32050,82700
2021-05-07,32170,83000
2021-05-10,33260,85800
2021-05-11,33020,85200
2021-05-12,33100,85400
2021-05-13,32560,84000
2021-05-14,32870,84800
2021-05-17,33220,85700
2021-05-18,33720,87000
2021-05-19,35190,90800
2021-05-20,37020,95500
2021-05-21,36360,93800
2021-05-24,36240,93500
2021-05-25,36360,93800
2021-05-26,36940,95300
2021-05-27,36360,93800
2021-05-28,36740,94800
2021-05-31,37950,97900
2021-06-01,39220,87100
2021-06-02,38500,85500
2021-06-03,38370,85200
2021-06-04,38140,84700
2021-06-07,37240,82700
2021-06-08,36390,80800
2021-06-09,36790,81700
2021-06-10,36880,81900
2021-06-11,37600,83500
2021-06-14,37740,83800
2021-06-15,37470,83200
2021-06-16,37420,83100
2021-06-17,37200,82600
2021-06-18,37740,83800
2021-06-21,38550,85600
2021-06-22,38460,85400
2021-06-23,38230,84900
2021-06-24,38140,84700
2021-06-25,38370,85200
2021-06-28,38590,85700
2021-06-29,39900,88600
2021-06-30,39630,88000
2021-07-01,40030,88900
2021-07-02,41390,91900
2021-07-05,41750,92700
2021-07-06,39180,87000
2021-07-07,40760,90500
2021-07-08,40440,89800
2021-07-09,40390,89700
2021-07-12,38770,86100
2021-07-13,39180,87000
2021-07-14,38370,85200
2021-07-15,38460,85400
2021-07-16,39090,86800
2021-07-19,38140,84700
2021-07-20,39090,86800
2021-07-21,39000,86600
2021-07-22,40260,89400
2021-07-23,40760,90500
2021-07-26,42200,93700
2021-07-27,41970,93200
2021-07-28,41430,92000
2021-07-29,42060,93400
2021-07-30,42330,94000
2021-08-02,43050,95600
2021-08-03,43140,95800
2021-08-04,43050,95600
2021-08-05,43500,96600
2021-08-06,43500,96600
2021-08-09,43910,97500
2021-08-10,44040,97800
2021-08-11,43280,96100
2021-08-12,42240,93800
2021-08-13,42780,95000
2021-08-16,43050,94600
2021-08-17,42690,93800
2021-08-18,42780,94000
2021-08-19,43010,94500
2021-08-20,42230,92800
2021-08-23,41420,91000
2021-08-24,41820,91900
2021-08-25,41820,91900
2021-08-26,41600,91400
2021-08-27,41870,92000
2021-08-30,41960,92200
2021-08-31,42050,92400
2021-09-01,42050,92400
2021-09-06,43190,94900
2021-09-07,42550,93500
2021-09-08,42370,93100
2021-09-09,42420,93200
2021-09-10,42550,93500
2021-09-13,42330,93000
2021-09-14,42690,93800
2021-09-15,42830,94100
2021-09-16,43100,94700
2021-09-17,43550,95700
2021-09-20,42960,94400
2021-09-21,42550,93500
2021-09-22,42420,93200
2021-09-23,42370,93100
2021-09-24,42190,92700
2021-09-27,41920,92100
2021-09-28,42330,93000
2021-09-29,42420,93200
2021-09-30,42330,93000
2021-10-01,42280,92900
2021-10-04,43050,94600
2021-10-05,42960,94400
2021-10-06,42960,94400
2021-10-07,42920,94300
2021-10-08,45010,98900
2021-10-11,45150,99200
2021-10-12,45060,99000
2021-10-13,45240,99400
2021-10-14,44960,98800
2021-10-15,45010,98900
2021-10-18,45060,99000
2021-10-19,44870,98600
2021-10-20,44420,97600
2021-10-21,44010,96700
2021-10-22,43780,96200
2021-10-25,43190,94900
2021-10-26,44100,96900
2021-10-27,44690,98200
2021-10-28,44600,98000
2021-10-29,44100,96900
2021-11-01,43600,95800
2021-11-02,43740,96100
2021-11-03,43740,96100
2021-11-04,43690,96000
2021-11-05,44420,97600
2021-11-08,44330,97400
2021-11-09,43870,96400
2021-11-10,44150,97000
2021-11-11,43690,96000
2021-11-12,44600,98000
2021-11-15,44280,97300
2021-11-16,44740,98300
2021-11-17,44740,98300
2021-11-18,43920,96500
2021-11-19,43370,95300
2021-11-22,43240,95000
2021-11-23,43960,96600
2021-11-24,44560,97900
2021-11-25,45510,100000
2021-11-26,45010,98900
2021-11-29,44650,98100
2021-11-30,44190,97100
2021-12-01,44690,98200
2021-12-02,44240,97200
2021-12-03,43460,95500
2021-12-06,43010,94500
2021-12-07,43690,96000
2021-12-08,43510,95600
2021-12-09,44150,97000
2021-12-10,43600,95800
2021-12-13,43690,96000
2021-12-14,43550,95700
2021-12-15,43640,95900
2021-12-16,43460,95500
2021-12-17,43870,96400
2021-12-20,43600,95800
2021-12-21,43330,95200
2021-12-22,43240,95000
2021-12-23,42420,93200
2021-12-24,42690,93800
2021-12-27,43010,94500
2021-12-28,43010,94500
2021-12-29,42600,93600
2021-12-30,42600,93600
2021-12-31,42330,93000
2022-01-04,42550,93500
2022-01-05,42600,93600
2022-01-06,42550,93500
2022-01-07,42510,93400
2022-01-10,41870,92000
2022-01-11,40730,89500
2022-01-12,40780,89600
2022-01-13,41920,92100
2022-01-14,41550,91300
2022-01-17,40500,89000
2022-01-18,40100,88100
2022-01-19,40230,88400
2022-01-20,41370,90900
2022-01-21,40140,88200
2022-01-24,38820,85300
2022-01-25,39370,86500
2022-01-26,39140,86000
2022-01-27,39090,85900
2022-01-28,40730,89500
2022-02-07,40730,89500
2022-02-08,41230,90600
2022-02-09,41280,90700
2022-02-10,41870,92000
2022-02-11,41690,91600
2022-02-14,41420,91000
2022-02-15,41460,91100
2022-02-16,41550,91300
2022-02-17,42230,92800
2022-02-18,41960,92200
2022-02-21,42550,93500
2022-02-22,42280,92900
2022-02-23,42330,93000
2022-02-24,41870,92000
2022-02-25,42010,92300
2022-02-28,42460,93300
2022-03-01,42510,93400
2022-03-02,42370,93100
2022-03-03,42510,93400
2022-03-04,42550,93500
2022-03-07,42690,93800
2022-03-08,43140,94800
2022-03-09,43460,95500
2022-03-10,43050,94600
2022-03-11,42420,93200
2022-03-14,41780,91800
2022-03-15,41420,91000
2022-03-16,41690,91600
2022-03-17,41870,92000
2022-03-18,43280,95100
2022-03-21,43370,95300
2022-03-22,43870,96400
2022-03-23,43920,96500
2022-03-24,43690,96000
2022-03-25,43550,95700
2022-03-28,44650,98100
2022-03-29,47740,104900
2022-03-30,48240,106000
2022-03-31,48700,107000
2022-04-01,50520,111000
2022-04-04,49740,109300
2022-04-05,49610,109000
2022-04-06,51430,113000
2022-04-07,51560,113300
2022-04-08,49380,108500
2022-04-12,49970,109800
2022-04-13,52380,115100
2022-04-14,53070,116600
2022-04-15,52340,115000
2022-04-18,52570,115500
2022-04-19,50970,112000
2022-04-20,50970,112000
2022-04-21,50970,112000
2022-04-22,50560,111100
2022-04-25,47060,103400
2022-04-26,47470,104300
2022-04-27,46880,103000
2022-04-28,48010,105500
2022-04-29,47790,105000
2022-05-04,47560,104500
2022-05-05,47650,104700
2022-05-06,45600,100200
2022-05-09,42780,94000
2022-05-10,44780,98400
2022-05-11,46380,101900
2022-05-12,43510,95600
2022-05-13,42600,93600
2022-05-16,42420,93200
2022-05-17,45370,99700
2022-05-18,44460,97700
2022-05-19,44150,97000
2022-05-20,44370,97500
2022-05-23,43920,96500
2022-05-24,44690,98200
2022-05-25,47790,105000
2022-05-26,48060,105600
2022-05-27,50880,111800
2022-05-30,50650,111300
2022-05-31,50020,109900
2022-06-01,50880,111800
2022-06-02,50740,111500
2022-06-03,51880,114000
2022-06-06,51430,113000
2022-06-07,52610,115600
2022-06-08,52340,115000
2022-06-09,52470,115300
2022-06-10,50060,110000
2022-06-13,47510,86200
2022-06-14,49100,89100
2022-06-15,49880,90500
2022-06-16,50700,92000
2022-06-17,50700,92000
2022-06-20,50700,92000
2022-06-21,49100,89100
2022-06-22,46570,84500
2022-06-23,47120,85500
2022-06-24,47120,85500
2022-06-27,47670,86500
2022-06-28,49430,89700
2022-06-29,49600,90000
2022-06-30,47510,86200
2022-07-01,48500,88000
2022-07-04,47780,86700
2022-07-05,47070,85400
2022-07-06,46020,83500
2022-07-07,45800,83100
2022-07-08,46070,83600
2022-07-11,45630,82800
2022-07-12,46020,83500
2022-07-13,45470,82500
2022-07-14,45630,82800
2022-07-15,45300,82200
2022-07-18,45740,83000
2022-07-19,45740,83000
2022-07-20,46790,84900
2022-07-21,46840,85000
2022-07-22,46900,85100
2022-07-25,47070,85400
2022-07-26,46730,84800
2022-07-27,46950,85200
2022-07-28,46790,84900
2022-07-29,46020,83500
2022-08-01,46290,84000
2022-08-02,46840,85000
2022-08-03,46730,84800
2022-08-04,47450,86100
2022-08-05,47290,85800
2022-08-08,47400,86000
2022-08-09,47510,86200
2022-08-10,47400,86000
2022-08-11,47400,86000
2022-08-12,47670,86500
2022-08-15,48990,88900
2022-08-16,48880,88700
2022-08-17,48660,88300
2022-08-18,48660,88300
2022-08-19,47890,86900
2022-08-22,47840,86800
2022-08-23,47950,87000
2022-08-24,48060,86200
2022-08-25,48110,86300
2022-08-26,48620,87200
2022-08-29,48230,86500
2022-08-30,48170,86400
2022-08-31,48280,86600
2022-09-05,48060,86200
2022-09-06,47840,85800
2022-09-07,46830,84000
2022-09-08,47000,84300
2022-09-09,47000,84300
2022-09-12,47170,84600
2022-09-13,47170,84600
2022-09-14,46830,84000
2022-09-15,46660,83700
2022-09-16,46000,82500
2022-09-19,46330,83100
2022-09-20,46500,83400
2022-09-21,45880,82300
2022-09-22,46220,82900
2022-09-23,45940,82400
2022-09-26,45440,81500
2022-09-27,44880,80500
2022-09-28,43490,78000
2022-09-29,42930,77000
2022-09-30,44880,80500
2022-10-03,42930,77000
2022-10-04,43210,77500
2022-10-05,43710,78400
2022-10-06,42650,76500
2022-10-07,41260,74000
2022-10-10,41260,74000
2022-10-11,39580,71000
2022-10-12,40360,72400
2022-10-13,40700,73000
2022-10-14,41260,74000
2022-10-17,41150,73800
2022-10-18,41760,74900
2022-10-19,42090,75500
2022-10-20,43380,77800
2022-10-21,41200,73900
2022-10-24,39640,71100
2022-10-25,40810,73200
2022-10-26,41150,73800
2022-10-27,42260,75800
2022-10-28,41810,75000
2022-10-31,42150,75600
2022-11-01,42090,75500
2022-11-02,41260,74000
2022-11-03,41310,74100
2022-11-04,40640,72900
2022-11-07,40480,72600
2022-11-08,40870,73300
2022-11-09,41260,74000
2022-11-10,40700,73000
2022-11-11,40590,72800
2022-11-14,39470,70800
2022-11-15,36740,65900
2022-11-16,38640,69300
2022-11-17,39580,71000
2022-11-18,39860,71500
2022-11-21,39080,70100
2022-11-22,39310,70500
2022-11-23,39310,70500
2022-11-24,39310,70500
2022-11-25,40140,72000
2022-11-28,41420,74300
2022-11-29,41420,74300
2022-11-30,41590,74600
2022-12-01,41650,74700
2022-12-02,43150,77400
2022-12-05,43650,78300
2022-12-06,42370,76000
2022-12-07,42650,76500
2022-12-08,42930,77000
2022-12-09,43490,78000
2022-12-12,42930,77000
2022-12-13,43040,77200
2022-12-14,42540,76300
2022-12-15,43320,77700
2022-12-16,43430,77900
2022-12-19,42710,76600
2022-12-20,42710,76600
2022-12-21,43040,77200
2022-12-22,43040,77200
2022-12-23,43490,78000
2022-12-26,42600,76400
2022-12-27,42650,76500
2022-12-28,42760,76700
2022-12-29,42480,76200
2022-12-30,42870,76900
2023-01-03,44600,80000
2023-01-04,44600,80000
2023-01-05,44940,80600
2023-01-06,44770,80300
2023-01-09,44770,80300
2023-01-10,44830,80400
2023-01-11,45100,80900
2023-01-12,44990,80700
2023-01-13,44600,80000
2023-01-16,45050,80800
2023-01-17,45720,82000
2023-01-18,46500,83400
2023-01-19,46780,83900
2023-01-27,46830,84000
2023-01-30,46660,83700
2023-01-31,46550,83500
2023-02-01,45720,82000
2023-02-02,45660,81900
2023-02-03,44660,80100
2023-02-06,44880,80500
2023-02-07,44990,80700
2023-02-08,45270,81200
2023-02-09,44990,80700
2023-02-10,44990,80700
2023-02-13,44990,80700
2023-02-14,45050,80800
2023-02-15,45490,81600
2023-02-16,45490,81600
2023-02-17,45490,81600
2023-02-20,46160,82800
2023-02-21,46160,82800
2023-02-22,45610,81800
2023-02-23,45380,81400
2023-02-24,45050,80800
2023-02-27,44770,80300
2023-02-28,44880,80500
2023-03-01,44880,80500
2023-03-02,44600,80000
2023-03-03,43770,78500
2023-03-06,43600,78200
2023-03-07,43930,78800
2023-03-08,44320,79500
2023-03-09,44940,80600
2023-03-10,44320,79500
2023-03-13,43990,78900
2023-03-14,43880,78700
2023-03-15,44880,80500
2023-03-16,44160,79200
2023-03-17,44040,79000
2023-03-20,43260,77600
2023-03-21,43540,78100
2023-03-22,43770,78500
2023-03-23,43490,78000
2023-03-24,43820,78600
2023-03-27,44100,79100
2023-03-28,44160,79200
2023-03-29,44040,79000
2023-03-30,44100,79100
2023-03-31,44100,79100
2023-04-03,45100,80900
2023-04-04,44880,80500
2023-04-05,44940,80600
2023-04-06,44770,80300
2023-04-07,44880,80500
2023-04-10,44770,80300
2023-04-11,44770,80300
2023-04-12,44770,80300
2023-04-13,44380,79600
2023-04-14,44380,79600
2023-04-17,44380,79600
2023-04-18,44270,79400
2023-04-19,44210,79300
2023-04-20,44270,79400
2023-04-21,44210,79300
2023-04-24,44100,79100
2023-04-25,43710,78400
2023-04-26,43650,78300
2023-04-27,43650,78300
2023-04-28,43210,77500
2023-05-04,43770,78500
2023-05-05,43710,78400
2023-05-08,43770,78500
2023-05-09,43990,78900
2023-05-10,44040,79000
2023-05-11,44100,79100
2023-05-12,44880,80500
2023-05-15,45160,81000
2023-05-16,45440,81500
2023-05-17,45440,81500
2023-05-18,46220,82900
2023-05-19,46160,82800
2023-05-22,46000,82500
2023-05-23,45720,82000
2023-05-24,45330,81300
2023-05-25,46390,83200
2023-05-26,46330,83100
2023-05-29,46330,83100
2023-05-30,46830,84000
2023-05-31,46890,84100
2023-06-01,46550,83500
2023-06-02,46720,83800
2023-06-05,47390,85000
2023-06-06,47560,85300
2023-06-07,47390,85000
2023-06-08,46610,83600
2023-06-09,47170,84600
2023-06-12,47330,84900
2023-06-13,47060,84400
2023-06-14,46940,84200
2023-06-15,46890,84100
2023-06-16,47110,84500
2023-06-19,47220,84700
2023-06-20,47670,85500
2023-06-21,47840,85800
2023-06-22,47670,85500
2023-06-23,47450,85100
2023-06-26,47840,85800
2023-06-27,48670,87300
2023-06-28,48500,87000
2023-06-29,48230,86500
2023-06-30,47950,86000
2023-07-03,48170,86400
2023-07-04,48500,87000
2023-07-05,48520,74800
2023-07-06,48390,74600
2023-07-07,48840,75300
2023-07-10,48840,75300
2023-07-11,48650,75000
2023-07-12,48840,75300
2023-07-13,49170,75800
2023-07-14,50790,78300
2023-07-17,51240,79000
2023-07-18,51050,78700
2023-07-19,50920,78500
2023-07-20,52090,80300
2023-07-21,52540,81000
2023-07-24,52540,81000
2023-07-25,52740,81300
2023-07-26,53640,82700
2023-07-27,54290,83700
2023-07-28,54750,84400
2023-07-31,55530,85600
2023-08-01,54810,84500
2023-08-02,54160,83500
2023-08-03,54290,83700
2023-08-04,54030,83300
2023-08-07,54810,84500
2023-08-08,54620,84200
2023-08-09,53900,83100
2023-08-10,53320,82200
2023-08-11,53190,82000
2023-08-14,53580,82600
2023-08-15,54490,84000
2023-08-16,55200,85100
2023-08-17,55780,86000
2023-08-18,55460,85500
2023-08-21,55720,85900
2023-08-22,56110,86500
2023-08-23,56110,86500
2023-08-24,59060,90000
2023-08-25,59460,90600
2023-08-28,61690,94000
2023-08-29,61430,93600
2023-08-30,63400,96600
2023-08-31,63460,96700
2023-09-05,63530,96800
2023-09-06,64970,99000
2023-09-07,64250,97900
2023-09-08,64050,97600
2023-09-11,63920,97400
2023-09-12,64910,98900
2023-09-13,64320,98000
2023-09-14,62940,95900
2023-09-15,63990,97500
2023-09-18,63590,96900
2023-09-19,64580,98400
2023-09-20,64640,98500
2023-09-21,63530,96800
2023-09-22,63460,96700
2023-09-25,61890,94300
2023-09-26,61360,93500
2023-09-27,61890,94300
2023-09-28,61690,94000
2023-09-29,60900,92800
2023-10-02,61160,93200
2023-10-03,60510,92200
2023-10-04,60710,92500
2023-10-05,60110,91600
2023-10-06,60840,92700
2023-10-09,62740,95600
2023-10-10,63200,96300
2023-10-11,63660,97000
2023-10-12,63260,96400
2023-10-13,63070,96100
2023-10-16,63530,96800
2023-10-17,61100,93100
2023-10-18,61030,93000
2023-10-19,60380,92000
2023-10-20,60970,92900
2023-10-23,59720,91000
2023-10-24,60380,92000
2023-10-25,59660,90900
2023-10-26,56960,86800
2023-10-27,57100,87000
2023-10-30,55780,85000
2023-10-31,54470,83000
2023-11-01,56050,85400
2023-11-02,58410,89000
2023-11-03,57100,87000
2023-11-06,58080,88500
2023-11-07,57950,88300
2023-11-08,60770,92600
2023-11-09,60710,92500
2023-11-10,60050,91500
2023-11-13,59980,91400
2023-11-14,60770,92600
2023-11-15,60640,92400
2023-11-16,61030,93000
2023-11-17,59720,91000
2023-11-20,59520,90700
2023-11-21,60310,91900
2023-11-22,61030,93000
2023-11-23,59590,90800
2023-11-24,59850,91200
2023-11-27,59520,90700
2023-11-28,59790,91100
2023-11-29,60180,91700
2023-11-30,60310,91900
2023-12-01,60640,92400
2023-12-04,61430,93600
2023-12-05,62210,94800
2023-12-06,62350,95000
2023-12-07,61890,94300
2023-12-08,61820,94200
2023-12-11,62350,95000
2023-12-12,63530,96800
2023-12-13,62480,95200
2023-12-14,63130,96200
2023-12-15,63130,96200
2023-12-18,61690,94000
2023-12-19,62080,94600
2023-12-20,62150,94700
2023-12-21,62410,95100
2023-12-22,62080,94600
2023-12-25,63000,96000
2023-12-26,63790,97200
2023-12-27,63590,96900
2023-12-28,63400,96600
2023-12-29,63070,96100
2024-01-02,62940,95900
2024-01-03,63200,96300
2024-01-04,63790,97200
2024-01-05,63920,97400
2024-01-08,63860,97300
2024-01-09,63400,96600
2024-01-10,62150,94700
2024-01-11,62350,95000
2024-01-12,62150,94700
2024-01-15,62610,95400
2024-01-16,62810,95700
2024-01-17,62810,95700
2024-01-18,62740,95600
2024-01-19,63200,96300
2024-01-22,63260,96400
2024-01-23,62740,95600
2024-01-24,62350,95000
2024-01-25,62410,95100
2024-01-26,62940,95900
2024-01-29,62940,95900
2024-01-30,62740,95600
2024-01-31,62810,95700
2024-02-01,65560,99900
2024-02-02,66940,102000
2024-02-05,67920,103500
2024-02-06,68320,104100
2024-02-07,68840,104900
2024-02-15,68250,104000
2024-02-16,68970,105100
2024-02-19,68910,105000
2024-02-20,68450,104300
2024-02-21,69500,105900
2024-02-22,68650,104600
2024-02-23,68190,103900
2024-02-26,70880,108000
2024-02-27,70810,107900
2024-02-28,71210,108500
2024-02-29,71530,109000
2024-03-01,72720,110800
2024-03-04,73110,111400
2024-03-05,72650,110700
2024-03-06,71530,109000
2024-03-07,73040,111300
2024-03-08,72190,110000
2024-03-11,72190,110000
2024-03-12,73440,111900
2024-03-13,76780,117000
2024-03-14,76780,117000
2024-03-15,76130,116000
2024-03-18,74160,113000
2024-03-19,73500,112000
2024-03-20,75140,114500
2024-03-21,76260,116200
2024-03-22,75410,114900
2024-03-25,74820,114000
2024-03-26,75470,115000
2024-03-27,75600,115200
2024-03-28,76850,117100
2024-03-29,76460,116500
2024-04-01,76650,116800
2024-04-02,76780,117000
2024-04-03,75540,115100
2024-04-04,74820,114000
2024-04-05,74620,113700
2024-04-08,73900,112600
2024-04-09,74160,113000
2024-04-10,74680,113800
2024-04-11,75410,114900
2024-04-12,75800,115500
2024-04-15,73240,111600
2024-04-16,74160,113000
2024-04-17,73370,111800
2024-04-19,71530,109000
2024-04-22,72390,110300
2024-04-23,73700,112300
2024-04-24,78820,120100
2024-04-25,80850,123200
2024-04-26,80850,123200
2024-05-02,83540,127300
2024-05-03,82630,125900
2024-05-06,83740,127600
2024-05-07,86170,131300
2024-05-08,85970,131000
2024-05-09,85510,130300
2024-05-10,85970,131000
2024-05-13,85120,129700
2024-05-14,85640,130500
2024-05-15,88010,134100
2024-05-16,88860,135400
2024-05-17,88270,134500
2024-05-20,87280,133000
2024-05-21,89250,136000
2024-05-22,90570,138000
2024-05-23,90240,137500
2024-05-24,86560,131900
2024-05-27,87150,132800
2024-05-28,89910,137000
2024-05-29,89060,135700
2024-05-30,88600,135000
2024-05-31,88330,134600
2024-06-03,89840,136900
2024-06-04,91290,139100
2024-06-05,91940,140100
2024-06-06,91620,139600
2024-06-07,93190,142000
2024-06-10,94500,144000
2024-06-11,96140,146500
2024-06-12,100310,132000
2024-06-13,98790,130000
2024-06-14,99550,131000
2024-06-17,97880,128800
2024-06-18,97270,128000
2024-06-19,99930,131500
2024-06-20,101300,133300
2024-06-21,103430,136100
2024-06-24,100390,132100
2024-06-25,98790,130000
2024-06-26,100160,131800
2024-06-27,100920,132800
2024-06-28,99170,130500
2024-07-01,97730,128600
2024-07-02,97270,128000
2024-07-03,99550,131000
2024-07-04,103200,135800
2024-07-05,105400,138700
2024-07-08,106090,139600
2024-07-09,104490,137500
2024-07-10,101830,134000
2024-07-11,101070,133000
2024-07-12,101680,133800
2024-07-15,100840,132700
2024-07-16,101830,134000
2024-07-17,100230,131900
2024-07-18,97200,127900
2024-07-19,95750,126000
2024-07-22,94310,124100
2024-07-23,95370,125500
2024-07-24,95750,126000
2024-07-25,94990,125000
2024-07-26,97270,128000
2024-07-29,98030,129000
2024-07-30,97270,128000
2024-07-31,97730,128600
2024-08-01,94840,124800
2024-08-02,93620,123200
2024-08-05,90130,118600
2024-08-06,91800,120800
2024-08-07,92710,122000
2024-08-08,92260,121400
2024-08-09,96440,126900
2024-08-12,98790,130000
2024-08-13,98560,129700
2024-08-14,98410,129500
2024-08-15,97800,128700
2024-08-16,99250,130600
2024-08-19,99170,130500
2024-08-20,99930,131500
2024-08-21,101450,133500
2024-08-22,101680,133800
2024-08-23,101150,133100
2024-08-26,99930,131500
2024-08-27,100690,132500
2024-08-28,101300,133300
2024-08-29,101600,133700
2024-08-30,102440,134800
2024-09-04,101070,133000
2024-09-05,99250,130600
2024-09-06,100390,132100
2024-09-09,99780,131300
2024-09-10,98790,130000
2024-09-11,99250,130600
2024-09-12,100540,132300
2024-09-13,101070,133000
2024-09-16,99630,131100
2024-09-17,100990,132900
2024-09-18,102290,134600
2024-09-19,102740,135200
2024-09-20,102820,135300
2024-09-23,101830,134000
2024-09-24,102210,134500
2024-09-25,102440,134800
2024-09-26,102060,134300
2024-09-27,101980,134200
2024-09-30,102210,134500
2024-10-01,103270,135900
2024-10-02,102890,135400
2024-10-03,101830,134000
2024-10-04,101910,134100
2024-10-07,101910,134100
2024-10-08,101680,133800
2024-10-09,102890,135400
2024-10-10,107680,141700
2024-10-11,106090,139600
2024-10-14,104570,137600
2024-10-15,104110,137000
2024-10-16,103580,136300
2024-10-17,104110,137000
2024-10-18,104110,137000
2024-10-21,102970,135500
2024-10-22,101150,133100
2024-10-23,101980,134200
2024-10-24,102060,134300
2024-10-25,101830,134000
2024-10-28,102510,134900
2024-10-29,102890,135400
2024-10-30,103270,135900
2024-10-31,103270,135900
2024-11-01,102290,134600
2024-11-04,100920,132800
2024-11-05,100770,132600
2024-11-06,102290,134600
2024-11-07,102670,135100
2024-11-08,103200,135800
2024-11-11,105100,138300
2024-11-12,103960,136800
2024-11-13,104720,137800
2024-11-14,103350,136000
2024-11-15,101750,133900
2024-11-18,101830,134000
2024-11-19,98790,130000
2024-11-20,100610,132400
2024-11-21,101070,133000
2024-11-22,101750,133900
2024-11-25,101750,133900
2024-11-26,102740,135200
2024-11-27,105550,138900
2024-11-28,105930,139400
2024-11-29,109660,144300
2024-12-02,108810,142200
2024-12-03,110960,145000
2024-12-04,109810,143500
2024-12-05,113630,148500
2024-12-06,114400,149500
2024-12-09,112490,147000
2024-12-10,114400,149500
2024-12-11,115160,150500
2024-12-12,114930,150200
2024-12-13,114400,149500
2024-12-16,114700,149900
2024-12-17,113250,148000
2024-12-18,113790,148700
2024-12-19,113330,148100
2024-12-20,114400,149500
2024-12-23,114630,149800
2024-12-24,115090,150400
2024-12-25,115390,150800
2024-12-26,114630,149800
2024-12-27,114480,149600
2024-12-30,115160,150500
2024-12-31,116690,152500
2025-01-02,116310,152000
2025-01-03,114020,149000
2025-01-06,114250,149300
2025-01-07,114860,150100
2025-01-08,113480,148300
2025-01-09,113860,148800
2025-01-10,112720,147300
2025-01-13,112940,147600
2025-01-14,111030,145100
2025-01-15,111340,145500
2025-01-16,112100,146500
2025-01-17,114020,149000
2025-01-20,114780,150000
2025-01-21,114700,149900
2025-01-22,114550,149700
2025-01-23,118070,154300
2025-01-24,117380,153400
2025-02-04,111870,146200
2025-02-05,111950,146300
2025-02-06,112100,146500
2025-02-07,111800,146100
2025-02-10,108660,142000
2025-02-11,111260,145400
2025-02-12,110960,145000
2025-02-13,109500,143100
2025-02-14,110880,144900
2025-02-17,109880,143600
2025-02-18,110110,143900
2025-02-19,110190,144000
2025-02-20,109420,143000
2025-02-21,108660,142000
2025-02-24,107510,140500
2025-02-25,106360,139000
2025-02-26,108510,141800
2025-02-27,108120,141300
2025-02-28,107360,140300
2025-03-03,107510,140500
2025-03-04,107130,140000
2025-03-05,106440,139100
2025-03-06,108350,141600
2025-03-07,108200,141400
2025-03-10,106590,139300
2025-03-11,105220,137500
2025-03-12,103990,135900
2025-03-13,104450,136500
2025-03-14,100550,131400
2025-03-17,99480,130000
2025-03-18,99480,130000
2025-03-19,95350,124600
2025-03-20,95650,125000
2025-03-21,97950,128000
2025-03-24,98710,129000
2025-03-25,96800,126500
2025-03-26,94120,123000
2025-03-27,96570,126200
2025-03-28,94890,124000
2025-03-31,92590,121000
2025-04-01,92210,120500
2025-04-02,93360,122000
2025-04-03,86850,113500
2025-04-04,86470,113000
2025-04-08,80420,105100
2025-04-09,80580,105300
2025-04-10,86160,112600
2025-04-11,90680,118500
2025-04-14,90680,118500
2025-04-15,88760,116000
2025-04-16,82570,107900
2025-04-17,83710,109400
2025-04-18,85400,111600
2025-04-21,85470,111700
2025-04-22,84480,110400
2025-04-23,84480,110400
2025-04-24,85700,112000
2025-04-25,86010,112400
2025-04-28,83790,109500
2025-04-29,83710,109400
2025-05-05,83100,108600
2025-05-06,83940,109700
2025-05-07,83940,109700
2025-05-08,87460,114300
2025-05-09,88760,116000
2025-05-12,90520,118300
2025-05-13,91440,119500
2025-05-14,96650,126300
2025-05-15,95650,125000
2025-05-16,92590,121000
2025-05-19,90450,118200
2025-05-20,91210,119200
2025-05-21,90520,118300
2025-05-22,89380,116800
2025-05-23,89610,117100
2025-05-26,89760,117300
2025-05-27,91060,119000
2025-05-28,90600,118400
2025-05-29,89610,117100
2025-05-30,89150,116500
2025-06-02,88840,116100
2025-06-03,89840,117400
2025-06-04,89610,117100
2025-06-05,89380,116800
2025-06-06,88000,115000
2025-06-09,88920,116200
2025-06-10,88530,115700
2025-06-11,90220,117900
2025-06-12,90300,117000
2025-06-13,89060,115400
2025-06-16,91840,119000
2025-06-17,91690,118800
2025-06-18,90300,117000
2025-06-19,89530,116000
2025-06-20,89600,116100
2025-06-23,89450,115900
2025-06-24,89910,116500
2025-06-25,90370,117100
2025-06-26,90300,117000
2025-06-27,90530,117300
2025-06-30,91220,118200
2025-07-01,91690,118800
2025-07-02,91530,118600
2025-07-03,91070,118000
2025-07-04,94540,122500
2025-07-07,95550,123800
2025-07-08,96090,124500
2025-07-09,94770,122800
2025-07-10,95620,123900
2025-07-11,97710,126600
2025-07-14,98090,127100
2025-07-15,97240,126000
2025-07-16,97470,126300
2025-07-17,98010,127000
2025-07-18,97240,126000
2025-07-21,97890,110300
2025-07-22,99490,112100
2025-07-23,99220,111800
2025-07-24,98600,111100
2025-07-25,98250,110700
2025-07-28,98780,111300
2025-07-29,94080,106000
2025-07-30,94160,106100
2025-07-31,92300,104000
2025-08-01,94960,107000
2025-08-04,94610,106600
2025-08-05,93900,105800
2025-08-06,93100,104900
2025-08-07,94250,106200
2025-08-08,93720,105600
2025-08-11,94430,106400
2025-08-12,95410,107500
2025-08-13,93280,105100
2025-08-14,92120,103800
2025-08-15,89990,101400
2025-08-18,89190,100500
2025-08-19,89020,100300
2025-08-20,86710,97700
2025-08-21,90260,101700
2025-08-22,87860,99000
2025-08-25,87680,98800
2025-08-26,88750,100000
2025-08-27,93190,105000
2025-08-28,92740,104500
2025-08-29,90170,101600
2025-09-03,91590,103200
2025-09-04,93190,105000
2025-09-05,91770,103400
2025-09-08,90440,101900
2025-09-09,90610,102100
2025-09-10,89820,101200
2025-09-11,90520,102000
2025-09-12,90170,101600
2025-09-15,90440,101900
2025-09-16,91860,103500
2025-09-17,93630,105500
2025-09-18,91410,103000
2025-09-19,91410,103000
2025-09-22,88480,99700
2025-09-23,86980,98000
2025-09-24,88310,99500
2025-09-25,86980,98000
2025-09-26,86530,97500
2025-09-29,84760,95500
2025-09-30,82540,93000
2025-10-01,82890,93400
2025-10-02,81740,92100
2025-10-03,82890,93400
2025-10-06,84760,95500
2025-10-07,84760,95500
2025-10-08,83870,94500
2025-10-09,83600,94200
2025-10-10,85290,96100
2025-10-13,83420,94000
2025-10-14,82000,92400
2025-10-15,79520,89600
2025-10-16,79700,89800
2025-10-17,78190,88100
2025-10-20,77210,87000
2025-10-21,82540,93000
2025-10-22,86090,97000
2025-10-23,84310,95000
2025-10-24,86710,97700
2025-10-27,86980,98000
2025-10-28,90700,102200
2025-10-29,90260,101700
2025-10-30,91150,102700
2025-10-31,92210,103900
2025-11-03,93190,105000
2025-11-04,91680,103300
2025-11-05,89550,100900
2025-11-06,88930,100200
2025-11-07,89640,101000
2025-11-10,85380,96200
2025-11-11,85290,96100
2025-11-12,89280,100600
2025-11-13,87770,98900
2025-11-14,88750,100000
2025-11-17,89640,101000
2025-11-18,88750,100000
2025-11-19,86980,98000
2025-11-20,87860,99000
2025-11-21,89460,100800
2025-11-24,88930,100200
2025-11-25,88480,99700
2025-11-26,87860,99000
2025-11-27,88310,99500
2025-11-28,86180,97100
2025-12-01,86620,96600
2025-12-02,86620,96600
2025-12-03,86620,96600
2025-12-04,87430,97500
2025-12-05,86270,96200
2025-12-08,85640,95500
2025-12-09,86890,96900
2025-12-10,85730,95600
2025-12-11,86090,96000
2025-12-12,84020,93700
2025-12-15,84110,93800
2025-12-16,85100,94900
2025-12-17,86000,95900
2025-12-18,84650,94400
2025-12-19,84200,93900
2025-12-22,84020,93700
2025-12-23,84290,94000
2025-12-24,83930,93600
2025-12-25,83400,93000
2025-12-26,82950,92500
2025-12-29,84560,94300
2025-12-30,86540,96500
2025-12-31,85910,95800
2026-01-05,85190,95000
2026-01-06,84290,94000
2026-01-07,87430,97500
2026-01-08,86540,96500
2026-01-09,87340,97400
2026-01-12,89230,99500
2026-01-13,88690,98900
2026-01-14,89490,99800
2026-01-15,88330,98500
2026-01-16,94430,105300
2026-01-19,94870,105800
2026-01-20,93350,104100
2026-01-21,94160,105000
2026-01-22,92810,103500
2026-01-23,90570,101000
2026-01-26,88330,98500
2026-01-27,91560,102100
2026-01-28,93710,104500
2026-02-02,93530,104300
2026-02-03,93170,103900
2026-02-04,91380,101900
2026-02-05,88780,99000
2026-02-06,87520,97600
2026-02-09,88780,99000
2026-02-10,87700,97800
2026-02-11,88420,98600
2026-02-12,88600,98800
2026-02-13,86360,96300
2026-02-23,84740,94500
2026-02-24,82950,92500
2026-02-25,79900,89100
2026-02-26,81150,90500
2026-02-27,83310,92900
2026-03-02,80350,89600
2026-03-03,78020,87000
2026-03-04,76310,85100
2026-03-05,75680,84400
2026-03-06,73170,81600
2026-03-09,68060,75900
2026-03-10,71290,79500
2026-03-11,71920,80200
2026-03-12,69680,77700
2026-03-13,69050,77000
2026-03-16,70120,78200
2026-03-17,71200,79400
2026-03-18,70480,78600
2026-03-19,68870,76800
2026-03-20,66900,74600
2026-03-23,65550,73100
2026-03-24,67610,75400
2026-03-25,69050,77000
2026-03-26,66540,74200
2026-03-27,68240,76100
2026-03-30,66360,74000
2026-03-31,66990,74700
2026-04-01,67520,75300
2026-04-02,66990,74700
2026-04-03,66360,74000
2026-04-06,66270,73900
2026-04-07,66360,74000
2026-04-08,70930,79100
2026-04-09,70210,78300
2026-04-10,69680,77700
2026-04-13,68150,76000
2026-04-14,68330,76200
2026-04-15,67340,75100
2026-04-16,66450,74100
2026-04-17,68150,76000
2026-04-20,68960,76900
2026-04-21,67340,75100
2026-04-22,66900,74600
2026-04-23,66630,74300
2026-04-24,65820,73400
2026-04-28,66720,74400
2026-04-29,67700,75500
2026-05-04,66090,73700
2026-05-05,66630,74300
2026-05-06,65730,73300
2026-05-07,65460,73000
2026-05-08,64480,71900
2026-05-11,62770,70000
2026-05-12,63310,70600
2026-05-13,63400,70700
2026-05-14,66270,73900
2026-05-15,65370,72900
2026-05-18,67170,74900
2026-05-19,66810,74500
2026-05-20,69680,77700
2026-05-21,68600,76500
2026-05-22,67340,75100
2026-05-25,65910,73500
2026-05-26,66810,74500
2026-05-27,66000,73600
2026-05-28,64730,71200
2026-05-29,65090,71600
2026-06-01,66270,72900
2026-06-02,68000,74800
2026-06-03,69550,76500
2026-06-04,69180,76100
2026-06-05,68180,75000
2026-06-08,66270,72900
2026-06-09,67000,73700
2026-06-10,67460,74200
2026-06-11,66460,73100
2026-06-12,66820,73500
2026-06-15,66910,73600
2026-06-16,66550,73200
2026-06-17,65730,72300
2026-06-18,65090,71600
2026-06-19,65000,71500
2026-06-22,64180,70600
2026-06-23,64360,70800
2026-06-24,64360,70800
2026-06-25,64550,71000
2026-06-26,64360,70800
2026-06-29,64000,70400
2026-06-30,63820,70200
2026-07-01,66270,72900
2026-07-02,65910,72500
2026-07-03,65730,72300
2026-07-06,66360,73000
2026-07-07,66550,73200
2026-07-08,65550,72100
2026-07-09,65550,72100
2026-07-10,64180,70600
2026-07-13,64090,70500
2026-07-14,63910,70300
2026-07-15,60730,66800
2026-07-16,61820,68000
2026-07-17,60910,67000
2026-07-20,61000,67100
2026-07-21,58910,64800
2026-07-22,58730,64600
2026-07-23,58820,64700
2026-07-24,57180,62900
2026-07-27,56550,62200
2026-07-28,57270,63000
2026-07-29,59180,65100
2026-07-30,60910,67000
2026-07-31,61000,67100
2026-08-03,65180,71700
2026-08-04,65000,71500
2026-08-05,63910,70300
2026-08-06,64270,70700
2026-08-07,64360,70800
2026-08-10,65270,71800
2026-08-11,64730,71200
2026-08-12,64360,70800
2026-08-13,62910,69200
2026-08-14,62090,68300
2026-08-17,62550,68800
2026-08-18,62730,69000
2026-08-19,62640,68900
2026-08-20,63460,69800
2026-08-21,65460,72000
2026-08-24,64910,71400
2026-08-25,64270,70700
2026-08-26,66000,72600
2026-08-27,65640,72200
2026-08-28,66550,73200
2026-09-03,65640,72200
2026-09-04,66180,72800
2026-09-07,65820,72400
2026-09-08,65640,72200
2026-09-09,65820,72400
2026-09-10,67730,74500
2026-09-11,66090,72700
2026-09-14,65820,72400
2026-09-15,66090,72700
2026-09-16,67090,73800
2026-09-17,67550,74300
2026-09-18,65180,71700
2026-09-21,66400,66400
2026-09-22,66600,66600
2026-09-23,66100,66100
2026-09-24,65300,65300
