date,adjusted_price,unadjusted_price
2007-01-02,3860,146000
2007-01-03,3860,145900
2007-01-04,3970,150000
2007-01-05,4260,161100
2007-01-08,4250,160700
2007-01-09,4660,176000
2007-01-10,5000,189200
2007-01-11,5180,196000
2007-01-12,5340,202000
2007-01-15,5950,225000
2007-01-16,5980,226000
2007-01-17,5500,207800
2007-01-18,5420,205000
2007-01-19,5690,215200
2007-01-22,5550,209900
2007-01-23,5480,207000
2007-01-24,5400,204000
2007-01-25,5580,211000
2007-01-26,5480,207000
2007-01-29,5740,216900
2007-01-30,5980,226000
2007-01-31,6270,237000
2007-02-01,6210,234700
2007-02-02,6060,229000
2007-02-05,5950,225000
2007-02-06,5900,223000
2007-02-07,5940,224500
2007-02-08,5820,220000
2007-02-09,5950,225000
2007-02-12,6450,244000
2007-02-13,6560,248000
2007-02-14,6670,252000
2007-02-15,7320,276700
2007-02-26,8050,304300
2007-02-27,8460,320000
2007-02-28,8280,313000
2007-03-01,7780,294000
2007-03-02,7860,297000
2007-03-05,7720,292000
2007-03-06,7670,290000
2007-03-07,7410,280000
2007-03-08,7540,285000
2007-03-09,7540,284900
2007-03-12,7510,284000
2007-03-13,7410,280000
2007-03-14,7250,274000
2007-03-15,6480,245000
2007-03-16,7140,270000
2007-03-19,7140,269900
2007-03-20,6880,260000
2007-03-21,6750,255000
2007-03-22,6590,249000
2007-03-23,6480,245100
2007-03-26,5900,223000
2007-03-27,5540,209400
2007-03-28,6100,230500
2007-03-29,6260,236600
2007-03-30,6080,230000
2007-04-02,5710,216000
2007-04-03,5560,210000
2007-04-04,5810,219500
2007-04-05,5690,215000
2007-04-06,5770,218000
2007-04-09,5820,220000
2007-04-10,5820,220000
2007-04-11,5790,219000
2007-04-12,5480,207000
2007-04-13,5290,199900
2007-04-16,4790,181000
2007-04-17,5290,200100
2007-04-18,5460,206500
2007-04-19,5160,195000
2007-04-20,5000,189000
2007-04-23,4790,181000
2007-04-24,4760,180000
2007-04-25,4830,182600
2007-05-02,4740,179000
2007-05-03,4760,180000
2007-05-04,4840,182800
2007-05-07,5000,189000
2007-05-08,5250,198500
2007-05-09,5660,214000
2007-05-10,5580,210800
2007-05-11,5690,215000
2007-05-14,5750,217500
2007-05-15,5570,210500
2007-05-16,5730,144000
2007-05-17,5610,141000
2007-05-18,5550,139500
2007-05-21,5450,137000
2007-05-22,5520,138900
2007-05-23,5630,141500
2007-05-24,5460,137400
2007-05-25,5400,135800
2007-05-28,5330,134000
2007-05-29,5310,133600
2007-05-30,5330,134000
2007-05-31,5330,134000
2007-06-01,5310,133600
2007-06-04,5220,131200
2007-06-05,5110,128500
2007-06-06,5110,128500
2007-06-07,5130,128900
2007-06-08,5110,128500
2007-06-11,5020,126200
2007-06-12,4940,124200
2007-06-13,4860,122100
2007-06-14,4850,122000
2007-06-15,4990,125500
2007-06-18,5050,127000
2007-06-19,5110,128500
2007-06-20,5100,128200
2007-06-21,4950,124500
2007-06-22,4940,124100
2007-06-25,4950,124500
2007-06-26,4920,123600
2007-06-27,4890,123000
2007-06-28,4900,123200
2007-06-29,4930,124000
2007-07-02,4730,119000
2007-07-03,4730,118900
2007-07-04,4810,121000
2007-07-05,4730,119000
2007-07-06,4770,120000
2007-07-09,4740,119100
2007-07-10,4830,121500
2007-07-11,4870,122500
2007-07-12,4790,120500
2007-07-13,4790,119500
2007-07-16,4750,118500
2007-07-17,4730,118000
2007-07-18,4720,117600
2007-07-19,4680,116600
2007-07-20,4670,116500
2007-07-23,4610,115000
2007-07-24,4530,113000
2007-07-25,4380,109200
2007-07-26,4090,102000
2007-07-27,4070,101500
2007-07-30,3930,98000
2007-07-31,3810,95000
2007-08-01,3980,99200
2007-08-02,3890,97000
2007-08-03,3810,95100
2007-08-06,3810,95000
2007-08-07,3850,96000
2007-08-08,3900,97300
2007-08-09,4010,100000
2007-08-10,4050,100900
2007-08-13,4010,100000
2007-08-14,4030,100400
2007-08-15,4010,100000
2007-08-16,4010,100000
2007-08-17,3970,99100
2007-08-20,3970,99000
2007-08-21,4010,100000
2007-08-22,3990,99500
2007-08-23,4010,99900
2007-08-24,4050,101000
2007-08-27,4130,103000
2007-08-28,4330,108000
2007-08-29,4450,111000
2007-08-30,4580,114100
2007-08-31,4490,112000
2007-09-04,4490,112000
2007-09-05,4540,113200
2007-09-06,4500,112300
2007-09-07,4510,112400
2007-09-10,4430,110500
2007-09-11,4410,110000
2007-09-12,4370,109000
2007-09-13,4350,108500
2007-09-14,4410,110000
2007-09-17,4450,111000
2007-09-18,4450,110900
2007-09-19,4510,112500
2007-09-20,4530,112900
2007-09-21,4530,113000
2007-09-24,4570,113900
2007-09-25,4740,118300
2007-09-26,4690,117000
2007-09-27,4730,118000
2007-09-28,5130,128000
2007-10-01,5580,139100
2007-10-02,5530,138000
2007-10-03,5530,138000
2007-10-04,5490,137000
2007-10-05,5310,132500
2007-10-08,5250,131000
2007-10-09,5460,136100
2007-10-10,5550,138500
2007-10-11,5450,136000
2007-10-12,5470,136300
2007-10-15,5630,140500
2007-10-16,5940,148000
2007-10-17,5650,141000
2007-10-18,5450,136000
2007-10-19,5530,138000
2007-10-22,5470,136300
2007-10-23,5290,131800
2007-10-24,5410,134800
2007-10-25,5320,132700
2007-10-26,5350,133500
2007-10-29,5290,132000
2007-10-30,5150,128500
2007-10-31,5140,128100
2007-11-01,5130,128000
2007-11-02,5140,128100
2007-11-05,5010,125000
2007-11-06,4970,124000
2007-11-07,5070,126400
2007-11-08,4970,124000
2007-11-09,4930,123000
2007-11-12,4840,120600
2007-11-13,4540,113100
2007-11-14,5010,124900
2007-11-15,4770,119000
2007-11-16,4760,118600
2007-11-19,4690,117000
2007-11-20,4670,116500
2007-11-21,4610,115000
2007-11-22,4610,115000
2007-11-23,4610,115000
2007-11-26,4690,117000
2007-11-27,4670,116500
2007-11-28,4690,116900
2007-11-29,4650,116000
2007-11-30,4630,115500
2007-12-03,4660,116200
2007-12-04,4690,117000
2007-12-05,4670,116500
2007-12-06,4670,116500
2007-12-07,4670,116400
2007-12-10,4600,114600
2007-12-11,4540,113200
2007-12-12,4570,113900
2007-12-13,4490,112000
2007-12-14,4460,111100
2007-12-17,4410,110000
2007-12-18,4490,112000
2007-12-19,4610,114900
2007-12-20,4550,113500
2007-12-21,4570,114000
2007-12-24,4560,113600
2007-12-25,4540,113100
2007-12-26,4550,113500
2007-12-27,4550,113500
2007-12-28,4570,113900
2008-01-02,4530,113000
2008-01-03,4420,110200
2008-01-04,4370,108900
2008-01-07,4160,103800
2008-01-08,4330,108000
2008-01-09,4190,104500
2008-01-10,4090,102000
2008-01-11,4070,101500
2008-01-14,3970,99000
2008-01-15,3730,93000
2008-01-16,4100,102300
2008-01-17,3970,99000
2008-01-18,4090,102000
2008-01-21,3970,99000
2008-01-22,3910,97500
2008-01-23,3770,94000
2008-01-24,3770,94000
2008-01-25,3810,95100
2008-01-28,3820,95300
2008-01-29,3930,98000
2008-01-30,4170,104000
2008-01-31,4150,103500
2008-02-01,4210,105000
2008-02-12,4050,101000
2008-02-13,3890,97000
2008-02-14,3930,98000
2008-02-15,3870,96500
2008-02-18,3690,92000
2008-02-19,3650,91000
2008-02-20,3570,89000
2008-02-21,3250,81000
2008-02-22,3230,80500
2008-02-25,3450,86100
2008-02-26,3230,80500
2008-02-27,3230,80500
2008-02-28,3280,81700
2008-02-29,3220,80200
2008-03-03,3010,75000
2008-03-04,2720,67900
2008-03-05,2690,67000
2008-03-06,2760,68800
2008-03-07,3030,75600
2008-03-10,3210,80000
2008-03-11,3000,74800
2008-03-12,3080,76900
2008-03-13,3130,78000
2008-03-14,3120,77800
2008-03-17,2910,72500
2008-03-18,2650,66000
2008-03-19,2720,67800
2008-03-20,2650,66100
2008-03-21,2550,63500
2008-03-24,2290,57200
2008-03-25,2090,52200
2008-03-26,2310,57500
2008-03-27,2300,57300
2008-03-28,2340,58400
2008-03-31,2390,59500
2008-04-01,2430,60600
2008-04-02,2480,61800
2008-04-03,2530,63000
2008-04-04,2570,64200
2008-04-07,2650,66100
2008-04-08,2680,66700
2008-04-09,2590,64500
2008-04-10,2520,62800
2008-04-11,2450,61100
2008-04-16,2380,59300
2008-04-17,2450,61000
2008-04-18,2320,57800
2008-04-21,2280,56800
2008-04-22,2210,55100
2008-04-23,2150,53700
2008-04-24,2140,53400
2008-04-25,2190,54600
2008-04-28,2240,55800
2008-04-29,2250,56000
2008-05-05,2200,54900
2008-05-06,2140,53400
2008-05-07,2080,51800
2008-05-08,2020,50300
2008-05-09,1960,48800
2008-05-12,1900,47400
2008-05-13,1840,46000
2008-05-14,1790,42700
2008-05-15,1740,41500
2008-05-16,1690,40300
2008-05-19,1640,39200
2008-05-20,1600,38100
2008-05-21,1550,37000
2008-05-22,1510,35900
2008-05-23,1460,34900
2008-05-26,1420,33900
2008-05-27,1380,32900
2008-05-28,1340,32000
2008-05-29,1300,31100
2008-05-30,1270,30200
2008-06-02,1230,29300
2008-06-03,1200,28500
2008-06-04,1160,27700
2008-06-05,1130,26900
2008-06-06,1090,26100
2008-06-09,1060,25400
2008-06-10,1090,25900
2008-06-11,1070,25500
2008-06-12,1090,25900
2008-06-13,1120,26600
2008-06-16,1140,27300
2008-06-17,1180,28100
2008-06-18,1140,27300
2008-06-19,1150,27400
2008-06-20,1110,26400
2008-06-23,1150,27400
2008-06-24,1170,28000
2008-06-25,1220,29100
2008-06-26,1270,30200
2008-06-27,1270,30400
2008-06-30,1280,30600
2008-07-01,1330,31800
2008-07-02,1380,33000
2008-07-03,1440,34300
2008-07-04,1490,35600
2008-07-07,1550,37000
2008-07-08,1580,37800
2008-07-09,1570,37500
2008-07-10,1640,39000
2008-07-11,1700,40500
2008-07-14,1770,42100
2008-07-15,1830,43700
2008-07-16,1900,45400
2008-07-17,1950,46500
2008-07-18,1890,45000
2008-07-21,1890,45100
2008-07-22,1820,43300
2008-07-23,1740,41600
2008-07-24,1680,40000
2008-07-25,1620,38600
2008-07-28,1680,40100
2008-07-29,1690,40200
2008-07-30,1750,41800
2008-07-31,1820,43400
2008-08-01,1890,45100
2008-08-04,1970,46900
2008-08-05,1890,45100
2008-08-06,2000,47600
2008-08-07,2050,48900
2008-08-08,2130,50800
2008-08-11,2210,52700
2008-08-12,2300,54800
2008-08-13,2390,56900
2008-08-14,2480,59100
2008-08-15,2570,61400
2008-08-18,2750,65600
2008-08-19,2940,70100
2008-08-20,2940,70000
2008-08-21,3210,76600
2008-08-22,3120,74500
2008-08-25,3340,79700
2008-08-26,3500,83400
2008-08-27,3250,77500
2008-08-28,3240,77300
2008-08-29,3040,72500
2008-09-03,3230,77000
2008-09-04,2990,71400
2008-09-05,2810,67000
2008-09-08,2620,62500
2008-09-09,2680,63900
2008-09-10,2790,66500
2008-09-11,2640,63000
2008-09-12,2470,59000
2008-09-15,2650,63200
2008-09-16,2520,60000
2008-09-17,2290,54700
2008-09-18,2170,51700
2008-09-19,2330,55500
2008-09-22,2360,56200
2008-09-23,2490,59300
2008-09-24,2430,58000
2008-09-25,2580,61600
2008-09-26,2700,64500
2008-09-29,2660,63500
2008-09-30,2480,59100
2008-10-01,2470,59000
2008-10-02,2530,60300
2008-10-03,2490,59300
2008-10-06,2320,55400
2008-10-07,2180,52000
2008-10-08,2060,49100
2008-10-09,2230,53300
2008-10-10,2050,48800
2008-10-13,2050,49000
2008-10-14,2210,52600
2008-10-15,2200,52500
2008-10-16,2030,48500
2008-10-17,2160,51600
2008-10-20,2080,49500
2008-10-21,2150,51200
2008-10-22,2040,48700
2008-10-23,1900,45400
2008-10-24,1790,42600
2008-10-27,1680,40000
2008-10-28,1710,40700
2008-10-29,1730,41300
2008-10-30,1840,43800
2008-10-31,1870,44500
2008-11-03,1840,43900
2008-11-04,1930,46100
2008-11-05,2030,48300
2008-11-06,2140,51000
2008-11-07,2000,47800
2008-11-10,2050,49000
2008-11-11,1930,46000
2008-11-12,1890,44000
2008-11-13,1940,45000
2008-11-14,1950,45300
2008-11-17,1940,45000
2008-11-18,1920,44500
2008-11-19,1900,44200
2008-11-20,1850,43000
2008-11-21,1740,40500
2008-11-24,1720,39900
2008-11-25,1740,40500
2008-11-26,1630,37800
2008-11-27,1540,35800
2008-11-28,1660,38500
2008-12-01,1640,38200
2008-12-02,1550,36100
2008-12-03,1570,36500
2008-12-04,1560,36300
2008-12-05,1460,34000
2008-12-08,1380,32000
2008-12-09,1390,32200
2008-12-10,1340,31100
2008-12-11,1390,32400
2008-12-12,1450,33800
2008-12-15,1550,35900
2008-12-16,1440,33400
2008-12-17,1500,34900
2008-12-18,1490,34700
2008-12-19,1540,35700
2008-12-22,1620,37600
2008-12-23,1580,36800
2008-12-24,1570,36500
2008-12-25,1550,36000
2008-12-26,1550,36000
2008-12-29,1550,35900
2008-12-30,1570,36500
2008-12-31,1550,36100
2009-01-02,1560,36200
2009-01-05,1560,36300
2009-01-06,1650,38400
2009-01-07,1690,39200
2009-01-08,1660,38500
2009-01-09,1670,38800
2009-01-12,1630,37900
2009-01-13,1610,37500
2009-01-14,1600,37200
2009-01-15,1560,36300
2009-01-16,1580,36600
2009-01-19,1570,36400
2009-01-20,1550,36100
2009-01-21,1550,36000
2009-01-22,1590,36900
2009-01-23,1570,36500
2009-02-02,1530,35500
2009-02-03,1430,33300
2009-02-04,1420,32900
2009-02-05,1330,31000
2009-02-06,1410,32700
2009-02-09,1430,33300
2009-02-10,1380,32100
2009-02-11,1370,31800
2009-02-12,1350,31400
2009-02-13,1360,31500
2009-02-16,1360,31500
2009-02-17,1310,30500
2009-02-18,1260,29300
2009-02-19,1280,29700
2009-02-20,1260,29300
2009-02-23,1180,27500
2009-02-24,1130,26200
2009-02-25,1210,28200
2009-02-26,1210,28200
2009-02-27,1230,28600
2009-03-02,1260,29200
2009-03-03,1230,28500
2009-03-04,1290,30000
2009-03-05,1290,30000
2009-03-06,1250,29000
2009-03-09,1250,29000
2009-03-10,1270,29600
2009-03-11,1300,30300
2009-03-12,1270,29400
2009-03-13,1280,29700
2009-03-16,1320,30700
2009-03-17,1400,32500
2009-03-18,1480,34500
2009-03-19,1460,33900
2009-03-20,1420,33000
2009-03-23,1360,31500
2009-03-24,1460,34000
2009-03-25,1510,35000
2009-03-26,1610,37400
2009-03-27,1590,36900
2009-03-30,1550,36000
2009-03-31,1560,36200
2009-04-01,1610,37300
2009-04-02,1620,37700
2009-04-03,1730,40200
2009-04-07,1840,42800
2009-04-08,1710,39700
2009-04-09,1710,39800
2009-04-10,1850,43000
2009-04-13,1980,46000
2009-04-14,1980,46000
2009-04-15,1890,44000
2009-04-16,1900,44200
2009-04-17,1830,42500
2009-04-20,2010,46800
2009-04-21,2130,49500
2009-04-22,2240,52000
2009-04-23,2090,48500
2009-04-24,2010,46800
2009-04-27,1920,44600
2009-04-28,2010,46700
2009-04-29,2060,47800
2009-05-04,2160,50200
2009-05-05,2310,53700
2009-05-06,2280,53000
2009-05-07,2480,57700
2009-05-08,2560,56400
2009-05-11,2480,54500
2009-05-12,2530,55800
2009-05-13,2440,53800
2009-05-14,2390,52600
2009-05-15,2530,55700
2009-05-18,2440,53800
2009-05-19,2500,55000
2009-05-20,2450,53900
2009-05-21,2480,54600
2009-05-22,2430,53400
2009-05-25,2530,55800
2009-05-26,2490,54900
2009-05-27,2460,54200
2009-05-28,2420,53200
2009-05-29,2500,55000
2009-06-01,2640,58100
2009-06-02,2800,61700
2009-06-03,3000,66000
2009-06-04,3170,69900
2009-06-05,3380,74400
2009-06-08,3540,77900
2009-06-09,3280,72300
2009-06-10,3140,69200
2009-06-11,3230,71100
2009-06-12,3130,69000
2009-06-15,3020,66500
2009-06-16,2820,62000
2009-06-17,3010,66300
2009-06-18,3170,69700
2009-06-19,3270,72000
2009-06-22,3110,68400
2009-06-23,2900,63900
2009-06-24,3110,68500
2009-06-25,3020,66400
2009-06-26,3040,67000
2009-06-29,3070,67500
2009-06-30,2910,64000
2009-07-01,2910,64000
2009-07-02,2990,65900
2009-07-03,3070,67600
2009-07-06,3190,70300
2009-07-07,3160,69600
2009-07-08,3150,69400
2009-07-09,3150,69400
2009-07-10,3150,69300
2009-07-13,3120,68700
2009-07-14,3120,68600
2009-07-15,3150,69400
2009-07-16,3220,70800
2009-07-17,3250,71600
2009-07-20,3250,71600
2009-07-21,3270,71900
2009-07-22,3270,71900
2009-07-23,3380,74500
2009-07-24,3560,78300
2009-07-27,3650,80400
2009-07-28,3560,78300
2009-07-29,3560,78300
2009-07-30,3560,78400
2009-07-31,3620,79700
2009-08-03,3620,79800
2009-08-04,3720,82000
2009-08-05,3870,85100
2009-08-06,3840,84500
2009-08-07,3840,84600
2009-08-10,3870,85300
2009-08-11,3910,86000
2009-08-12,3880,85500
2009-08-13,3950,87000
2009-08-14,3910,86100
2009-08-17,3910,86000
2009-08-18,3850,84700
2009-08-19,3870,85100
2009-08-20,3860,85000
2009-08-21,3850,84700
2009-08-24,4130,91000
2009-08-25,4180,92000
2009-08-26,4220,93000
2009-08-27,4040,88900
2009-08-28,4110,90500
2009-08-31,4200,92500
2009-09-01,4090,90000
2009-09-03,4020,88500
2009-09-04,4000,88000
2009-09-07,3970,87500
2009-09-08,4180,92000
2009-09-09,4400,96800
2009-09-10,4410,97000
2009-09-11,4410,97000
2009-09-14,4400,96800
2009-09-15,4340,95600
2009-09-16,4360,96000
2009-09-17,4360,96000
2009-09-18,4360,96000
2009-09-21,4490,98900
2009-09-22,4430,97600
2009-09-23,4410,97000
2009-09-24,4370,96200
2009-09-25,4360,96100
2009-09-28,4360,96000
2009-09-29,4450,98000
2009-09-30,4500,99000
2009-10-01,4500,99000
2009-10-02,4500,99000
2009-10-05,4440,97800
2009-10-06,4490,98900
2009-10-07,4790,105400
2009-10-08,4800,105600
2009-10-09,5130,113000
2009-10-12,5440,119800
2009-10-13,5270,116000
2009-10-14,5450,120000
2009-10-15,5400,119000
2009-10-16,5270,116000
2009-10-19,5340,117500
2009-10-20,5710,125700
2009-10-21,5980,131600
2009-10-22,6130,135000
2009-10-23,6000,132000
2009-10-26,5900,130000
2009-10-27,5860,129000
2009-10-28,6040,133000
2009-10-29,5860,129000
2009-10-30,5970,131500
2009-11-02,5600,123400
2009-11-03,5360,117900
2009-11-04,5380,118500
2009-11-05,5670,124900
2009-11-06,5450,120000
2009-11-09,5270,116000
2009-11-10,5360,117900
2009-11-11,5460,120200
2009-11-12,5520,121500
2009-11-13,5700,125500
2009-11-16,5630,124000
2009-11-17,5590,123000
2009-11-18,5670,124900
2009-11-19,5650,124400
2009-11-20,5540,122000
2009-11-23,5400,119000
2009-11-24,5340,117500
2009-11-25,5000,110000
2009-11-26,4690,103200
2009-11-27,5000,110000
2009-11-30,5080,110000
2009-12-01,5220,113000
2009-12-02,4980,107900
2009-12-03,4990,108000
2009-12-04,4900,106000
2009-12-07,4840,104700
2009-12-08,4740,102500
2009-12-09,4490,97200
2009-12-10,4400,95200
2009-12-11,4180,90500
2009-12-14,4490,97200
2009-12-15,4400,95300
2009-12-16,4160,90000
2009-12-17,4120,89200
2009-12-18,4410,95500
2009-12-21,4700,101800
2009-12-22,4620,100000
2009-12-23,4760,103000
2009-12-24,4900,106000
2009-12-25,5160,111700
2009-12-28,4970,107500
2009-12-29,4850,105000
2009-12-30,5080,110000
2009-12-31,5040,109200
2010-01-04,5330,115400
2010-01-05,5400,117000
2010-01-06,5310,115000
2010-01-07,5450,118000
2010-01-08,5450,118000
2010-01-11,5270,114000
2010-01-12,5040,109000
2010-01-13,5170,112000
2010-01-14,5220,113000
2010-01-15,5200,112500
2010-01-18,4990,108000
2010-01-19,5080,110000
2010-01-20,4970,107500
2010-01-21,4800,104000
2010-01-22,4920,106500
2010-01-25,4890,105800
2010-01-26,5050,109300
2010-01-27,4910,106300
2010-01-28,4850,105000
2010-01-29,4850,105000
2010-02-01,4830,104500
2010-02-02,4850,105000
2010-02-03,4900,106000
2010-02-04,4950,107100
2010-02-05,4900,106000
2010-02-08,4900,106000
2010-02-09,4800,104000
2010-02-10,4940,107000
2010-02-11,4940,107000
2010-02-12,4990,108000
2010-02-22,4990,108000
2010-02-23,4900,106000
2010-02-24,4950,107100
2010-02-25,4940,107000
2010-02-26,4940,107000
2010-03-01,4990,108000
2010-03-02,4970,107500
2010-03-03,5170,112000
2010-03-04,5060,109500
2010-03-05,5080,110000
2010-03-08,5130,111000
2010-03-09,5170,112000
2010-03-10,5120,110900
2010-03-11,5290,114600
2010-03-12,5480,118600
2010-03-15,5420,117300
2010-03-16,5190,112300
2010-03-17,5260,113800
2010-03-18,5310,115000
2010-03-19,5200,112500
2010-03-22,5100,110500
2010-03-23,5100,110500
2010-03-24,5080,110000
2010-03-25,4920,106500
2010-03-26,4850,105000
2010-03-29,4850,105000
2010-03-30,4850,105000
2010-03-31,4800,104000
2010-04-01,4960,107300
2010-04-02,4900,106000
2010-04-05,4850,105000
2010-04-06,4850,105000
2010-04-07,4860,105200
2010-04-08,4900,106000
2010-04-09,4910,106200
2010-04-12,4940,107000
2010-04-13,4900,106000
2010-04-14,4940,107000
2010-04-15,4950,107200
2010-04-16,4940,107000
2010-04-19,4940,106900
2010-04-20,4940,106900
2010-04-21,4930,106700
2010-04-22,5040,109000
2010-04-26,5010,108400
2010-04-27,5030,108800
2010-04-28,4990,108000
2010-04-29,5040,109000
2010-05-04,5030,108900
2010-05-05,4860,105100
2010-05-06,4940,107000
2010-05-07,4850,105000
2010-05-10,4620,100000
2010-05-11,4760,103000
2010-05-12,4620,100000
2010-05-13,4570,99000
2010-05-14,4570,99000
2010-05-17,4480,97000
2010-05-18,4430,96000
2010-05-19,4320,93500
2010-05-20,4430,96000
2010-05-21,4230,91500
2010-05-24,4300,93000
2010-05-25,4270,92500
2010-05-26,4550,98400
2010-05-27,4530,98000
2010-05-28,4730,102300
2010-05-31,4710,102000
2010-06-01,4570,99000
2010-06-02,4500,97500
2010-06-03,4440,96100
2010-06-04,4480,97000
2010-06-07,4200,91000
2010-06-08,4230,91600
2010-06-09,4300,93000
2010-06-10,4340,93900
2010-06-11,4370,94500
2010-06-14,4320,93600
2010-06-15,4330,93800
2010-06-16,4370,94600
2010-06-17,4320,93600
2010-06-18,4340,94000
2010-06-21,4320,93500
2010-06-22,4240,91800
2010-06-23,4250,92000
2010-06-24,4290,92900
2010-06-25,4330,93700
2010-06-28,4300,93000
2010-06-29,4600,99500
2010-06-30,4630,100300
2010-07-01,4390,95000
2010-07-02,4340,94000
2010-07-05,4300,93000
2010-07-06,4250,92000
2010-07-07,4230,91500
2010-07-08,4230,91500
2010-07-09,4240,91800
2010-07-12,4390,95000
2010-07-13,4300,93000
2010-07-14,4240,91800
2010-07-15,4240,91700
2010-07-16,4250,92000
2010-07-19,4230,91500
2010-07-20,4220,91300
2010-07-21,4220,91400
2010-07-22,4210,91100
2010-07-23,4430,95800
2010-07-26,4340,94000
2010-07-27,4370,94500
2010-07-28,4340,94000
2010-07-29,4350,94100
2010-07-30,4360,94300
2010-08-02,4320,93500
2010-08-03,4300,93100
2010-08-04,4390,95000
2010-08-05,4350,94100
2010-08-06,4330,93800
2010-08-09,4270,92500
2010-08-10,4180,90500
2010-08-11,4250,92000
2010-08-12,3970,86000
2010-08-13,4200,91000
2010-08-16,4270,92500
2010-08-17,4160,90000
2010-08-18,4000,86600
2010-08-19,4030,87300
2010-08-20,4040,87500
2010-08-23,4090,88500
2010-08-24,3970,86000
2010-08-25,3740,81000
2010-08-26,3740,81000
2010-08-27,3740,81000
2010-08-30,3960,85700
2010-08-31,4070,88000
2010-09-01,4090,88500
2010-09-06,4180,90500
2010-09-07,4110,87000
2010-09-08,4140,87600
2010-09-09,4060,86000
2010-09-10,3970,84000
2010-09-13,4070,86200
2010-09-14,4020,85000
2010-09-15,3970,84100
2010-09-16,3920,83000
2010-09-17,3970,84000
2010-09-20,4020,85200
2010-09-21,4110,87000
2010-09-22,4090,86500
2010-09-23,4060,86000
2010-09-24,4060,86000
2010-09-27,4160,88000
2010-09-28,4110,87000
2010-09-29,4020,85000
2010-09-30,3920,83000
2010-10-01,3980,84200
2010-10-04,3870,82000
2010-10-05,3870,82000
2010-10-06,3920,83000
2010-10-07,3900,82500
2010-10-08,3900,82500
2010-10-11,4060,86000
2010-10-12,4020,85000
2010-10-13,3970,84000
2010-10-14,3880,82200
2010-10-15,3900,82500
2010-10-18,3910,82800
2010-10-19,3920,83000
2010-10-20,3900,82500
2010-10-21,3910,82700
2010-10-22,3920,83000
2010-10-25,3920,82900
2010-10-26,3930,83100
2010-10-27,3900,82500
2010-10-28,3900,82500
2010-10-29,3920,83000
2010-11-01,3880,82100
2010-11-02,3910,82700
2010-11-03,3920,82900
2010-11-04,3910,82700
2010-11-05,3960,83800
2010-11-08,3930,83100
2010-11-09,3830,81000
2010-11-10,3870,82000
2010-11-11,3840,81300
2010-11-12,3840,81300
2010-11-15,3830,81000
2010-11-16,3820,80900
2010-11-17,3890,82400
2010-11-18,3900,82600
2010-11-19,3910,82700
2010-11-22,3890,82400
2010-11-23,3890,82300
2010-11-24,3900,82500
2010-11-25,4000,84600
2010-11-26,4020,85000
2010-11-29,3970,84000
2010-11-30,4020,85000
2010-12-01,3900,82600
2010-12-02,4060,86000
2010-12-03,4020,85000
2010-12-06,3970,84000
2010-12-07,3930,83200
2010-12-08,3870,82000
2010-12-09,3900,82600
2010-12-10,4020,85000
2010-12-13,4210,89200
2010-12-14,4060,86000
2010-12-15,4090,86500
2010-12-16,3970,84000
2010-12-17,4060,86000
2010-12-20,4110,87000
2010-12-21,4110,87000
2010-12-22,4160,88000
2010-12-23,4110,86900
2010-12-24,4200,89000
2010-12-27,4110,87000
2010-12-28,4060,86000
2010-12-29,4250,90000
2010-12-30,4220,89400
2010-12-31,4630,98000
2011-01-04,4320,91500
2011-01-05,4280,90500
2011-01-06,4200,89000
2011-01-07,4060,86000
2011-01-10,4040,85500
2011-01-11,4020,85000
2011-01-12,4020,85000
2011-01-13,4110,86900
2011-01-14,4060,86000
2011-01-17,4160,88000
2011-01-18,4200,89000
2011-01-19,4180,88500
2011-01-20,4110,87100
2011-01-21,4200,89000
2011-01-24,4110,87100
2011-01-25,4250,90000
2011-01-26,4250,45000
2011-01-27,4250,45000
2011-01-28,4430,46900
2011-02-08,4340,46000
2011-02-09,4370,46300
2011-02-10,4440,47000
2011-02-11,4340,46000
2011-02-14,4160,44100
2011-02-15,4140,43900
2011-02-16,4250,45000
2011-02-17,4140,43900
2011-02-18,4060,43000
2011-02-21,3870,41000
2011-02-22,3660,38800
2011-02-23,3820,40500
2011-02-24,3680,39000
2011-02-25,3820,40500
2011-02-28,3920,41500
2011-03-01,3770,40000
2011-03-02,3730,39500
2011-03-03,3760,39800
2011-03-04,3770,40000
2011-03-07,3820,40500
2011-03-08,3770,40000
2011-03-09,3770,40000
2011-03-10,3770,40000
2011-03-11,3790,40200
2011-03-14,3770,40000
2011-03-15,3770,40000
2011-03-16,3780,40100
2011-03-17,3720,39400
2011-03-18,3770,39900
2011-03-21,3770,40000
2011-03-22,3730,39500
2011-03-23,3730,39500
2011-03-24,3700,39200
2011-03-25,3680,39000
2011-03-28,3680,39000
2011-03-29,3680,39000
2011-03-30,3730,39500
2011-03-31,3680,39000
2011-04-01,3730,39500
2011-04-04,3730,39500
2011-04-05,3710,39300
2011-04-06,3680,39000
2011-04-07,3630,38500
2011-04-08,3590,38000
2011-04-13,3590,38000
2011-04-14,3580,37900
2011-04-15,3770,39900
2011-04-18,3680,39000
2011-04-19,3630,38500
2011-04-20,3670,38900
2011-04-21,3610,38300
2011-04-22,3570,37800
2011-04-25,3580,37900
2011-04-26,3470,36800
2011-04-27,3470,36800
2011-04-28,3470,36800
2011-04-29,3440,36500
2011-05-04,3400,36000
2011-05-05,3300,35000
2011-05-06,3210,34000
2011-05-09,3110,33000
2011-05-10,3160,33500
2011-05-11,3070,32500
2011-05-12,3120,33100
2011-05-13,3060,32400
2011-05-16,3050,32300
2011-05-17,2930,31000
2011-05-18,3010,31900
2011-05-19,2920,30900
2011-05-20,2900,30700
2011-05-23,2920,30900
2011-05-24,2760,29200
2011-05-25,2740,29000
2011-05-26,2790,29600
2011-05-27,2960,31400
2011-05-30,2770,29400
2011-05-31,2890,30600
2011-06-01,2990,31700
2011-06-02,3150,33400
2011-06-03,3290,34900
2011-06-06,3110,33000
2011-06-07,3210,34000
2011-06-08,3190,33800
2011-06-09,3170,33600
2011-06-10,3420,35200
2011-06-13,3500,36000
2011-06-14,3480,35800
2011-06-15,3400,35000
2011-06-16,3500,36000
2011-06-17,3400,35000
2011-06-20,3400,35000
2011-06-21,3400,35000
2011-06-22,3400,35000
2011-06-23,3350,34500
2011-06-24,3350,34500
2011-06-27,3310,34000
2011-06-28,3310,34000
2011-06-29,3310,34000
2011-06-30,3310,34000
2011-07-01,3260,33500
2011-07-04,3210,33000
2011-07-05,3210,33000
2011-07-06,3210,33000
2011-07-07,2990,30800
2011-07-08,3210,33000
2011-07-11,3110,32000
2011-07-12,3050,31400
2011-07-13,3000,30900
2011-07-14,2980,30600
2011-07-15,2930,30100
2011-07-18,2800,28800
2011-07-19,2850,29300
2011-07-20,2820,29000
2011-07-21,2880,29600
2011-07-22,2870,29500
2011-07-25,2830,29100
2011-07-26,2820,29000
2011-07-27,2790,28700
2011-07-28,2890,29700
2011-07-29,2850,29300
2011-08-01,2850,29300
2011-08-02,2730,28100
2011-08-03,2820,29000
2011-08-04,2920,30000
2011-08-05,2910,29900
2011-08-08,2820,29000
2011-08-09,2850,29300
2011-08-10,2960,30400
2011-08-11,2870,29500
2011-08-12,2870,29500
2011-08-15,2870,29500
2011-08-16,2920,30000
2011-08-17,3010,31000
2011-08-18,2970,30500
2011-08-19,2930,30100
2011-08-22,2980,30600
2011-08-23,2960,30400
2011-08-24,2920,30000
2011-08-25,2940,30200
2011-08-26,2940,30200
2011-08-29,3090,31800
2011-08-30,3120,32100
2011-08-31,3060,31500
2011-09-01,3130,32200
2011-09-05,3040,31300
2011-09-06,3030,31200
2011-09-07,2980,30600
2011-09-08,3010,31000
2011-09-09,3010,31000
2011-09-12,3060,31500
2011-09-13,3040,31300
2011-09-14,3030,31200
2011-09-15,3040,31300
2011-09-16,3010,31000
2011-09-19,3040,31300
2011-09-20,3010,31000
2011-09-21,3040,31300
2011-09-22,3050,31400
2011-09-23,3050,31400
2011-09-26,3010,31000
2011-09-27,2920,30000
2011-09-28,3060,31500
2011-09-29,3010,31000
2011-09-30,2920,30000
2011-10-03,2870,29500
2011-10-04,2960,30400
2011-10-05,2920,30000
2011-10-06,2970,30500
2011-10-07,3010,31000
2011-10-10,3050,31400
2011-10-11,2880,29600
2011-10-12,2920,30000
2011-10-13,2920,30000
2011-10-14,2970,30500
2011-10-17,2880,29600
2011-10-18,2920,30000
2011-10-19,2900,29800
2011-10-20,2870,29500
2011-10-21,2840,29200
2011-10-24,2890,29700
2011-10-25,2880,29600
2011-10-26,2870,29500
2011-10-27,2870,29500
2011-10-28,2820,29000
2011-10-31,2880,29600
2011-11-01,3030,31200
2011-11-02,2920,30000
2011-11-03,2920,30000
2011-11-04,2850,29300
2011-11-07,2920,30000
2011-11-08,2900,29800
2011-11-09,2860,29400
2011-11-10,2920,30000
2011-11-11,2830,29100
2011-11-14,2830,29100
2011-11-15,2630,27000
2011-11-16,2630,27000
2011-11-17,2640,27100
2011-11-18,2630,27000
2011-11-21,2650,27300
2011-11-22,2650,27300
2011-11-23,2650,27300
2011-11-24,2720,28000
2011-11-25,2830,29100
2011-11-28,2680,27600
2011-11-29,2660,27400
2011-11-30,2640,27200
2011-12-01,2850,29300
2011-12-02,2850,29300
2011-12-05,2820,29000
2011-12-06,2670,27500
2011-12-07,2810,28900
2011-12-08,2920,30000
2011-12-09,2820,29000
2011-12-12,2850,29300
2011-12-13,2820,29000
2011-12-14,2820,29000
2011-12-15,2820,29000
2011-12-16,2820,29000
2011-12-19,2920,30000
2011-12-20,2730,27100
2011-12-21,2910,28900
2011-12-22,2710,26900
2011-12-23,2670,26500
2011-12-26,2770,27500
2011-12-27,2800,27800
2011-12-28,3100,30800
2011-12-29,2920,29000
2011-12-30,3020,30000
2012-01-03,3070,30500
2012-01-04,3070,30500
2012-01-05,2870,28500
2012-01-06,2760,27400
2012-01-09,2770,27500
2012-01-10,2720,27000
2012-01-11,2770,27500
2012-01-12,2770,27500
2012-01-13,2770,27500
2012-01-16,2890,28700
2012-01-17,2890,28700
2012-01-18,2900,28800
2012-01-19,2920,29000
2012-01-20,2860,28400
2012-01-30,2950,29300
2012-01-31,2870,28500
2012-02-01,2890,28700
2012-02-02,3070,30500
2012-02-03,3090,30700
2012-02-06,3090,30700
2012-02-07,2930,29100
2012-02-08,2930,29100
2012-02-09,3020,30000
2012-02-10,2920,29000
2012-02-13,3130,31100
2012-02-14,3140,31200
2012-02-15,3160,31400
2012-02-16,3270,32500
2012-02-17,3400,33800
2012-02-20,3540,35200
2012-02-21,3500,34800
2012-02-22,3430,34100
2012-02-23,3410,33900
2012-02-24,3440,34200
2012-02-27,3540,35200
2012-02-28,3620,36000
2012-02-29,3820,38000
2012-03-01,3900,38800
2012-03-02,4020,40000
2012-03-05,4270,42500
2012-03-06,4480,44500
2012-03-07,4500,44700
2012-03-08,4170,41500
2012-03-09,4330,43000
2012-03-12,4330,43000
2012-03-13,4330,43000
2012-03-14,4280,42600
2012-03-15,4410,43800
2012-03-16,4270,42500
2012-03-19,4260,42400
2012-03-20,4430,44000
2012-03-21,4460,44300
2012-03-22,4220,42000
2012-03-23,4510,44800
2012-03-26,4740,47100
2012-03-27,4760,47300
2012-03-28,4830,48000
2012-03-29,4530,45000
2012-03-30,4780,47500
2012-04-03,4680,46500
2012-04-04,4730,47000
2012-04-05,4680,46500
2012-04-06,4680,46500
2012-04-09,4650,46200
2012-04-10,4780,47500
2012-04-11,4530,45000
2012-04-12,4580,45500
2012-04-13,4680,46500
2012-04-16,4650,46200
2012-04-17,4500,44700
2012-04-18,4490,44600
2012-04-19,4440,44100
2012-04-20,4530,45000
2012-04-23,4620,45900
2012-04-24,4590,45600
2012-04-25,4750,47200
2012-04-26,4750,47200
2012-04-27,4790,47600
2012-05-02,5120,50900
2012-05-03,4880,48500
2012-05-04,5030,50000
2012-05-07,5020,49900
2012-05-08,5010,49800
2012-05-09,4900,48700
2012-05-10,4900,48700
2012-05-11,4740,47100
2012-05-14,4900,48700
2012-05-15,4560,45300
2012-05-16,4430,44000
2012-05-17,4430,44000
2012-05-18,4270,42500
2012-05-21,4540,45100
2012-05-22,4380,43500
2012-05-23,4120,41000
2012-05-24,4400,43700
2012-05-25,4240,42200
2012-05-28,4070,40500
2012-05-29,4060,40400
2012-05-30,4220,42000
2012-05-31,3920,39000
2012-06-01,3950,39300
2012-06-04,4070,40500
2012-06-05,4220,42000
2012-06-06,4200,41800
2012-06-07,4280,42600
2012-06-08,4100,40800
2012-06-11,4110,40900
2012-06-12,4020,40000
2012-06-13,4020,40000
2012-06-14,4020,40000
2012-06-15,3910,38900
2012-06-18,3910,38900
2012-06-19,3820,38000
2012-06-20,4020,40000
2012-06-21,4020,40000
2012-06-22,4190,41700
2012-06-25,3950,39300
2012-06-26,3880,38600
2012-06-27,3870,38500
2012-06-28,3950,39300
2012-06-29,3950,39300
2012-07-02,3950,39300
2012-07-03,3920,39000
2012-07-04,3820,38000
2012-07-05,3870,38500
2012-07-06,3840,38200
2012-07-09,3840,38200
2012-07-10,3720,37000
2012-07-11,3730,37100
2012-07-12,3900,38800
2012-07-13,4000,39800
2012-07-16,3750,37300
2012-07-17,3970,39500
2012-07-18,3920,39000
2012-07-19,3940,39200
2012-07-20,3920,39000
2012-07-23,3910,38900
2012-07-24,3670,36500
2012-07-25,3590,35700
2012-07-26,3720,37000
2012-07-27,3570,35500
2012-07-30,3430,34100
2012-07-31,3430,34100
2012-08-01,3370,33500
2012-08-02,3510,34900
2012-08-03,3520,35000
2012-08-06,3720,37000
2012-08-07,3620,36000
2012-08-08,3730,37100
2012-08-09,3620,36000
2012-08-10,3620,36000
2012-08-13,3620,36000
2012-08-14,3620,36000
2012-08-15,3720,37000
2012-08-16,3700,36800
2012-08-17,3700,36800
2012-08-20,3670,36500
2012-08-21,3580,35600
2012-08-22,3580,35600
2012-08-23,3350,33300
2012-08-24,3430,34100
2012-08-27,3310,32900
2012-08-28,3360,33400
2012-08-29,3550,35300
2012-08-30,3540,35200
2012-08-31,3540,35200
2012-09-04,3430,34100
2012-09-05,3570,34500
2012-09-06,3380,32600
2012-09-07,3370,32500
2012-09-10,3350,32300
2012-09-11,3210,31000
2012-09-12,3220,31100
2012-09-13,3320,32000
2012-09-14,3500,33800
2012-09-17,3340,32200
2012-09-18,3320,32000
2012-09-19,3260,31500
2012-09-20,3230,31200
2012-09-21,3250,31400
2012-09-24,3210,31000
2012-09-25,3210,31000
2012-09-26,3140,30300
2012-09-27,3160,30500
2012-09-28,3220,31100
2012-10-01,3210,31000
2012-10-02,3210,31000
2012-10-03,3120,30100
2012-10-04,3310,31900
2012-10-05,3310,31900
2012-10-08,3090,29800
2012-10-09,3110,30000
2012-10-10,3110,30000
2012-10-11,3080,29700
2012-10-12,3200,30900
2012-10-15,3080,29700
2012-10-16,3200,30900
2012-10-17,3120,30100
2012-10-18,3130,30200
2012-10-19,3130,30200
2012-10-22,3130,30200
2012-10-23,3200,30900
2012-10-24,3180,30700
2012-10-25,3120,30100
2012-10-26,3120,30100
2012-10-29,3130,30200
2012-10-30,3110,30000
2012-10-31,3080,29700
2012-11-01,3120,30100
2012-11-02,3090,29800
2012-11-05,3210,31000
2012-11-06,3130,30200
2012-11-07,3170,30600
2012-11-08,3170,30600
2012-11-09,3280,31700
2012-11-12,3280,31700
2012-11-13,3250,31400
2012-11-14,3250,31400
2012-11-15,3260,31500
2012-11-16,3260,31500
2012-11-19,3240,31300
2012-11-20,3260,31500
2012-11-21,3260,31500
2012-11-22,3260,31500
2012-11-23,3300,31800
2012-11-26,3300,31800
2012-11-27,3270,31600
2012-11-28,3230,31200
2012-11-29,3240,31300
2012-11-30,3250,31400
2012-12-03,3250,31400
2012-12-04,3270,31600
2012-12-05,3400,32800
2012-12-06,3350,32300
2012-12-07,3270,31600
2012-12-10,3370,32500
2012-12-11,3300,31800
2012-12-12,3470,33500
2012-12-13,3420,33000
2012-12-14,3450,32300
2012-12-17,3440,32200
2012-12-18,3470,32500
2012-12-19,3530,33000
2012-12-20,3590,33600
2012-12-21,3630,34000
2012-12-24,3560,33300
2012-12-25,3550,33200
2012-12-26,3690,34500
2012-12-27,3630,34000
2012-12-28,3630,34000
2013-01-02,3630,34000
2013-01-03,3630,34000
2013-01-04,3690,34500
2013-01-07,3670,34300
2013-01-08,3920,36700
2013-01-09,4010,37500
2013-01-10,4060,38000
2013-01-11,4060,38000
2013-01-14,3950,37000
2013-01-15,4080,38200
2013-01-16,4120,38600
2013-01-17,3900,36500
2013-01-18,3950,37000
2013-01-21,3990,37300
2013-01-22,3960,37100
2013-01-23,4090,38300
2013-01-24,4140,38700
2013-01-25,4380,41000
2013-01-28,4540,42500
2013-01-29,4230,39600
2013-01-30,4230,39600
2013-01-31,4270,40000
2013-02-01,4590,43000
2013-02-04,4580,42900
2013-02-05,4590,43000
2013-02-06,4570,42800
2013-02-07,4570,42800
2013-02-08,4540,42500
2013-02-18,4490,42000
2013-02-19,4540,42500
2013-02-20,4540,42500
2013-02-21,4380,41000
2013-02-22,4230,39600
2013-02-25,4180,39100
2013-02-26,4060,38000
2013-02-27,4050,37900
2013-02-28,4050,37900
2013-03-01,4010,37500
2013-03-04,4470,41800
2013-03-05,4430,41500
2013-03-06,4430,41500
2013-03-07,4430,41500
2013-03-08,4740,44400
2013-03-11,4590,43000
2013-03-12,4410,41300
2013-03-13,4480,41900
2013-03-14,4490,42000
2013-03-15,4640,43400
2013-03-18,4660,43600
2013-03-19,4700,44000
2013-03-20,4640,43400
2013-03-21,4650,43500
2013-03-22,4560,42700
2013-03-25,4560,42700
2013-03-26,4580,42900
2013-03-27,4570,42800
2013-03-28,4500,42100
2013-03-29,4510,42200
2013-04-01,4540,42500
2013-04-02,4620,43200
2013-04-03,4670,43700
2013-04-04,4620,43200
2013-04-05,4590,43000
2013-04-08,4550,42600
2013-04-09,4620,43200
2013-04-10,4540,42500
2013-04-11,4590,43000
2013-04-12,4700,44000
2013-04-15,4590,43000
2013-04-16,4650,43500
2013-04-17,4700,44000
2013-04-18,4680,43800
2013-04-22,4680,43800
2013-04-23,4700,44000
2013-04-24,4550,42600
2013-04-25,4640,43400
2013-04-26,4590,43000
2013-05-02,4590,43000
2013-05-03,4590,43000
2013-05-06,4680,43800
2013-05-07,4700,44000
2013-05-08,4610,43100
2013-05-09,4650,43500
2013-05-10,4650,43500
2013-05-13,4500,42100
2013-05-14,4510,42200
2013-05-15,4590,43000
2013-05-16,4640,43400
2013-05-17,4640,43400
2013-05-20,4640,43400
2013-05-21,4690,43900
2013-05-22,4610,43100
2013-05-23,4650,43500
2013-05-24,4760,44500
2013-05-27,4870,45600
2013-05-28,5100,47700
2013-05-29,5180,48500
2013-05-30,5130,48000
2013-05-31,4840,45300
2013-06-03,4850,45400
2013-06-04,4940,46200
2013-06-05,4890,45800
2013-06-06,5020,47000
2013-06-07,5130,46000
2013-06-10,5410,48500
2013-06-11,5290,47400
2013-06-12,5550,49700
2013-06-13,5710,51200
2013-06-14,5800,52000
2013-06-17,5470,49000
2013-06-18,5440,48700
2013-06-19,5350,47900
2013-06-20,5220,46800
2013-06-21,5230,46900
2013-06-24,5260,47100
2013-06-25,5170,46300
2013-06-26,5180,46400
2013-06-27,5250,47000
2013-06-28,5130,46000
2013-07-01,5150,46100
2013-07-02,5280,47300
2013-07-03,5220,46800
2013-07-04,5170,46300
2013-07-05,5250,47000
2013-07-08,5250,47000
2013-07-09,5250,47000
2013-07-10,5230,46900
2013-07-11,5290,47400
2013-07-12,5380,48200
2013-07-15,5250,47000
2013-07-16,5300,47500
2013-07-17,5250,47000
2013-07-18,5280,47300
2013-07-19,5410,48500
2013-07-22,5710,51200
2013-07-23,6020,53900
2013-07-24,5800,52000
2013-07-25,5710,51200
2013-07-26,5670,50800
2013-07-29,5610,50300
2013-07-30,5640,50500
2013-07-31,5920,53000
2013-08-01,5930,53100
2013-08-02,6320,56600
2013-08-05,6840,61300
2013-08-06,6860,61500
2013-08-07,6600,59100
2013-08-08,6590,59000
2013-08-09,6660,59700
2013-08-12,6800,60900
2013-08-13,6750,60500
2013-08-14,6740,60400
2013-08-15,6860,61500
2013-08-16,6890,61700
2013-08-19,7090,63500
2013-08-20,6920,62000
2013-08-21,6920,62000
2013-08-22,6700,60000
2013-08-23,6990,62600
2013-08-26,7250,65000
2013-08-27,7030,63000
2013-08-28,7030,63000
2013-08-29,6360,57000
2013-08-30,6470,58000
2013-09-03,6470,58000
2013-09-04,6280,56300
2013-09-05,6400,57300
2013-09-06,6250,56000
2013-09-09,6030,54000
2013-09-10,6160,55200
2013-09-11,6350,56900
2013-09-12,6300,56400
2013-09-13,6470,58000
2013-09-16,6470,58000
2013-09-17,6530,58500
2013-09-18,6570,58900
2013-09-19,6700,60000
2013-09-20,6590,59000
2013-09-23,6610,59200
2013-09-24,6640,59500
2013-09-25,6740,60400
2013-09-26,6690,59900
2013-09-27,6630,59400
2013-10-01,6470,58000
2013-10-02,6550,58700
2013-10-03,6600,59100
2013-10-04,6760,60600
2013-10-07,6980,62500
2013-10-08,6960,62400
2013-10-09,6860,61500
2013-10-10,6880,61600
2013-10-11,6770,60700
2013-10-14,6700,60000
2013-10-15,6750,60500
2013-10-16,6740,60400
2013-10-17,6640,59500
2013-10-18,6640,59500
2013-10-21,6670,59800
2013-10-22,6640,59500
2013-10-23,6640,59500
2013-10-24,6590,59000
2013-10-25,6530,58500
2013-10-28,6510,58300
2013-10-29,6530,58500
2013-10-30,6480,58100
2013-10-31,6690,59900
2013-11-01,6690,59900
2013-11-04,6690,59900
2013-11-05,6690,59900
2013-11-06,6690,59900
2013-11-07,6640,59500
2013-11-08,6670,59800
2013-11-11,6690,59900
2013-11-12,6690,59900
2013-11-13,6670,59800
2013-11-14,6670,59800
2013-11-15,6670,59800
2013-11-18,6600,59100
2013-11-19,6600,59100
2013-11-20,6700,60000
2013-11-21,6640,59500
2013-11-22,6640,59500
2013-11-25,6640,59500
2013-11-26,6650,59600
2013-11-27,6690,59900
2013-11-28,6640,59500
2013-11-29,6640,59500
2013-12-02,6640,59500
2013-12-03,6750,60500
2013-12-04,6750,60500
2013-12-05,6750,59000
2013-12-06,6750,59000
2013-12-09,6860,59900
2013-12-10,6700,58500
2013-12-11,6740,58900
2013-12-12,6810,59500
2013-12-13,6810,59500
2013-12-16,6810,59500
2013-12-17,6810,59500
2013-12-18,6700,58500
2013-12-19,6700,58500
2013-12-20,6700,58500
2013-12-23,6810,59500
2013-12-24,6800,59400
2013-12-25,6830,59700
2013-12-26,6810,59500
2013-12-27,6870,60000
2013-12-30,6820,59600
2013-12-31,6860,59900
2014-01-02,6820,59600
2014-01-03,6870,60000
2014-01-06,7070,61800
2014-01-07,7240,63300
2014-01-08,7210,63000
2014-01-09,7320,64000
2014-01-10,7190,62800
2014-01-13,7110,62100
2014-01-14,7780,68000
2014-01-15,7660,66900
2014-01-16,7780,68000
2014-01-17,7700,67300
2014-01-20,7660,66900
2014-01-21,7360,64300
2014-01-22,7420,64800
2014-01-23,7380,64500
2014-01-24,7320,64000
2014-01-27,7210,63000
2014-02-06,7210,63000
2014-02-07,7530,65800
2014-02-10,7610,66500
2014-02-11,7550,66000
2014-02-12,7350,64200
2014-02-13,7540,65900
2014-02-14,7550,66000
2014-02-17,7500,65500
2014-02-18,7610,66500
2014-02-19,7760,67800
2014-02-20,7770,67900
2014-02-21,7840,68500
2014-02-24,7840,68500
2014-02-25,7840,68500
2014-02-26,7870,68800
2014-02-27,7780,68000
2014-02-28,7730,67500
2014-03-03,7660,66900
2014-03-04,7610,66500
2014-03-05,7650,66800
2014-03-06,7630,66700
2014-03-07,7830,68400
2014-03-10,7740,67600
2014-03-11,7830,68400
2014-03-12,7790,68100
2014-03-13,7770,67900
2014-03-14,8000,69900
2014-03-17,8010,70000
2014-03-18,8240,72000
2014-03-19,8330,72800
2014-03-20,8360,73000
2014-03-21,8250,72100
2014-03-24,8240,72000
2014-03-25,8240,72000
2014-03-26,8020,70100
2014-03-27,8240,72000
2014-03-28,8230,71900
2014-03-31,8230,71900
2014-04-01,8230,71900
2014-04-02,8330,72800
2014-04-03,8300,72500
2014-04-04,8470,74000
2014-04-07,8300,72500
2014-04-08,8300,72500
2014-04-10,8300,72500
2014-04-11,8240,72000
2014-04-14,8250,72100
2014-04-15,8240,72000
2014-04-16,8240,72000
2014-04-17,8240,72000
2014-04-18,8300,72500
2014-04-21,8330,72800
2014-04-22,8270,72300
2014-04-23,8250,72100
2014-04-24,8240,72000
2014-04-25,8250,72100
2014-04-28,8240,72000
2014-04-29,8360,73000
2014-05-05,8240,72000
2014-05-06,8240,72000
2014-05-07,8240,72000
2014-05-08,8160,71300
2014-05-09,8300,72500
2014-05-12,8130,71000
2014-05-13,8130,71000
2014-05-14,8130,71000
2014-05-15,8070,70500
2014-05-16,8130,71000
2014-05-19,8180,71500
2014-05-20,8300,72500
2014-05-21,8240,72000
2014-05-22,8020,70100
2014-05-23,8130,71000
2014-05-26,8130,71000
2014-05-27,8160,71300
2014-05-28,7980,52500
2014-05-29,8060,53000
2014-05-30,7830,51500
2014-06-02,7830,51500
2014-06-03,8120,53400
2014-06-04,8120,53400
2014-06-05,8120,53400
2014-06-06,8120,53400
2014-06-09,7600,50000
2014-06-10,8060,53000
2014-06-11,8060,53000
2014-06-12,8060,53000
2014-06-13,8060,53000
2014-06-16,7750,51000
2014-06-17,7750,51000
2014-06-18,7980,52500
2014-06-19,7980,52500
2014-06-20,7980,52500
2014-06-23,7980,52500
2014-06-24,7980,52500
2014-06-25,7980,52500
2014-06-26,7980,52500
2014-06-27,7980,52500
2014-06-30,7980,52500
2014-07-01,7980,52500
2014-07-02,7980,52500
2014-07-03,7980,52500
2014-07-04,7980,52500
2014-07-07,7980,52500
2014-07-08,8190,53900
2014-07-09,8190,53900
2014-07-10,8190,53900
2014-07-11,8190,53900
2014-07-14,8190,53900
2014-07-15,8190,53900
2014-07-16,8190,53900
2014-07-17,7900,52000
2014-07-18,7900,52000
2014-07-21,8190,53900
2014-07-22,8190,53900
2014-07-23,7480,49200
2014-07-24,7630,50200
2014-07-25,7770,51100
2014-07-28,7220,47500
2014-07-29,7220,47500
2014-07-30,7600,50000
2014-07-31,7660,50400
2014-08-01,7800,51300
2014-08-04,7830,51500
2014-08-05,7220,47500
2014-08-06,7740,50900
2014-08-07,7220,47500
2014-08-08,7300,48000
2014-08-11,7140,47000
2014-08-12,7220,47500
2014-08-13,7160,47100
2014-08-14,7270,47800
2014-08-15,7230,47600
2014-08-18,7140,47000
2014-08-19,7140,47000
2014-08-20,7160,47100
2014-08-21,7140,47000
2014-08-22,7140,47000
2014-08-25,7050,46400
2014-08-26,7100,46700
2014-08-27,7050,46400
2014-08-28,7220,47500
2014-08-29,6990,46000
2014-09-03,6990,46000
2014-09-04,7010,46100
2014-09-05,6980,45900
2014-09-08,6960,45800
2014-09-09,7220,47500
2014-09-10,7140,47000
2014-09-11,7010,46100
2014-09-12,7010,46100
2014-09-15,7020,46200
2014-09-16,7020,46200
2014-09-17,7080,46600
2014-09-18,7040,46300
2014-09-19,7050,46400
2014-09-22,7050,46400
2014-09-23,7050,46400
2014-09-24,7020,46200
2014-09-25,7010,46100
2014-09-26,7010,46100
2014-09-29,6990,46000
2014-09-30,6990,46000
2014-10-01,7070,46500
2014-10-02,7140,47000
2014-10-03,7480,49200
2014-10-06,7300,48000
2014-10-07,7480,49200
2014-10-08,7460,49100
2014-10-09,7450,49000
2014-10-10,7140,47000
2014-10-13,7450,49000
2014-10-14,7450,49000
2014-10-15,7390,48600
2014-10-16,7390,48600
2014-10-17,7070,46500
2014-10-20,7070,46500
2014-10-21,7070,46500
2014-10-22,7450,49000
2014-10-23,7140,47000
2014-10-24,7080,46600
2014-10-27,7080,46600
2014-10-28,7100,46700
2014-10-29,7100,46700
2014-10-30,7100,46700
2014-10-31,7130,46900
2014-11-03,7450,49000
2014-11-04,7450,49000
2014-11-05,7450,49000
2014-11-06,7520,49500
2014-11-07,7480,49200
2014-11-10,7480,49200
2014-11-11,7450,49000
2014-11-12,7600,50000
2014-11-13,7600,50000
2014-11-14,7600,50000
2014-11-17,7830,51500
2014-11-18,8590,56500
2014-11-19,7900,52000
2014-11-20,7900,52000
2014-11-21,7680,50500
2014-11-24,7680,50500
2014-11-25,8360,55000
2014-11-26,7830,51500
2014-11-27,7830,51500
2014-11-28,7450,49000
2014-12-01,7980,52500
2014-12-02,7600,50000
2014-12-03,7600,50000
2014-12-04,7600,50000
2014-12-05,7490,49300
2014-12-08,7450,49000
2014-12-09,7450,49000
2014-12-10,7450,49000
2014-12-11,7750,51000
2014-12-12,7750,51000
2014-12-15,7600,50000
2014-12-16,7600,50000
2014-12-17,7600,50000
2014-12-18,7750,51000
2014-12-19,7680,50500
2014-12-22,7630,50200
2014-12-23,7680,50500
2014-12-24,7680,50500
2014-12-25,7750,51000
2014-12-26,7750,51000
2014-12-29,7750,51000
2014-12-30,7750,51000
2014-12-31,8120,53400
2015-01-05,8060,53000
2015-01-06,8060,53000
2015-01-07,7980,52500
2015-01-08,7980,52500
2015-01-09,7900,52000
2015-01-12,7690,50600
2015-01-13,7750,51000
2015-01-14,7610,50100
2015-01-15,7750,51000
2015-01-16,7750,51000
2015-01-19,7520,49500
2015-01-20,7600,50000
2015-01-21,7690,50600
2015-01-22,8030,52800
2015-01-23,7980,52500
2015-01-26,7980,52500
2015-01-27,8130,53500
2015-01-28,8130,53500
2015-01-29,8210,54000
2015-01-30,7750,51000
2015-02-02,8200,52900
2015-02-03,7750,50000
2015-02-04,7750,50000
2015-02-05,7750,50000
2015-02-06,7750,50000
2015-02-09,7860,50700
2015-02-10,7860,50700
2015-02-11,7860,50700
2015-02-12,7860,50700
2015-02-13,8290,53500
2015-02-24,8290,53500
2015-02-25,7770,50100
2015-02-26,7830,50500
2015-02-27,8110,52300
2015-03-02,8120,52400
2015-03-03,8090,52200
2015-03-04,8060,52000
2015-03-05,7750,50000
2015-03-06,7910,51000
2015-03-09,7910,51000
2015-03-10,7910,51000
2015-03-11,7910,51000
2015-03-12,7910,51000
2015-03-13,7910,51000
2015-03-16,7910,51000
2015-03-17,7910,51000
2015-03-18,7910,51000
2015-03-19,7750,50000
2015-03-20,7750,50000
2015-03-23,7750,50000
2015-03-24,7750,50000
2015-03-25,7750,50000
2015-03-26,7750,50000
2015-03-27,7750,50000
2015-03-30,7830,50500
2015-03-31,7750,50000
2015-04-01,7670,49500
2015-04-02,7670,49500
2015-04-03,7750,50000
2015-04-06,7750,50000
2015-04-07,7750,50000
2015-04-08,7750,50000
2015-04-09,7750,50000
2015-04-10,7770,50100
2015-04-13,7770,50100
2015-04-14,7780,50200
2015-04-15,7750,50000
2015-04-16,7720,49800
2015-04-17,7720,49800
2015-04-20,7720,49800
2015-04-21,7720,49800
2015-04-22,7720,49800
2015-04-23,7720,49800
2015-04-24,7720,49800
2015-04-27,7720,49800
2015-05-04,7320,47200
2015-05-05,7320,47200
2015-05-06,7600,49000
2015-05-07,7890,50900
2015-05-08,7750,50000
2015-05-11,7210,46500
2015-05-12,7910,51000
2015-05-13,7750,50000
2015-05-14,7610,49100
2015-05-15,7460,48100
2015-05-18,7490,48300
2015-05-19,7440,48000
2015-05-20,7440,48000
2015-05-21,7740,49900
2015-05-22,7600,49000
2015-05-25,7600,49000
2015-05-26,8270,48000
2015-05-27,8250,47900
2015-05-28,8290,48100
2015-05-29,8240,47800
2015-06-01,8240,47800
2015-06-02,8240,47800
2015-06-03,8100,47000
2015-06-04,7930,46000
2015-06-05,7930,46000
2015-06-08,7930,46000
2015-06-09,7930,46000
2015-06-10,7930,46000
2015-06-11,7770,45100
2015-06-12,7770,45100
2015-06-15,7790,45200
2015-06-16,7800,45300
2015-06-17,7800,45300
2015-06-18,7750,45000
2015-06-19,7750,45000
2015-06-22,7750,45000
2015-06-23,8100,47000
2015-06-24,7930,46000
2015-06-25,7750,45000
2015-06-26,7750,45000
2015-06-29,7750,45000
2015-06-30,7750,45000
2015-07-01,8100,47000
2015-07-02,8100,47000
2015-07-03,7770,45100
2015-07-06,7770,45100
2015-07-07,7750,45000
2015-07-08,7750,45000
2015-07-09,7750,45000
2015-07-10,7750,45000
2015-07-13,7750,45000
2015-07-14,7750,45000
2015-07-15,7750,45000
2015-07-16,7750,45000
2015-07-17,8100,47000
2015-07-20,8100,47000
2015-07-21,8270,48000
2015-07-22,8270,48000
2015-07-23,8270,48000
2015-07-24,8610,50000
2015-07-27,8680,50400
2015-07-28,8750,50800
2015-07-29,8290,48100
2015-07-30,8510,49400
2015-07-31,8270,48000
2015-08-03,8410,48800
2015-08-04,8410,48800
2015-08-05,8510,49400
2015-08-06,8270,48000
2015-08-07,8270,48000
2015-08-10,8100,47000
2015-08-11,8100,47000
2015-08-12,8050,46700
2015-08-13,8010,46500
2015-08-14,8050,46700
2015-08-17,8010,46500
2015-08-18,8100,47000
2015-08-19,7770,45100
2015-08-20,8080,46900
2015-08-21,8080,46900
2015-08-24,7870,45700
2015-08-25,7840,45500
2015-08-26,7840,45500
2015-08-27,7840,45500
2015-08-28,7930,46000
2015-08-31,7860,45600
2015-09-01,7860,45600
2015-09-03,8440,49000
2015-09-04,8440,49000
2015-09-07,8410,48800
2015-09-08,7930,46000
2015-09-09,7930,46000
2015-09-10,7840,45500
2015-09-11,7840,45500
2015-09-14,8100,47000
2015-09-15,8100,47000
2015-09-16,7930,46000
2015-09-17,8010,46500
2015-09-18,7930,46000
2015-09-21,7790,45200
2015-09-22,7960,46200
2015-09-23,8100,47000
2015-09-24,8100,47000
2015-09-25,8100,47000
2015-09-28,8030,46600
2015-09-29,8030,46600
2015-09-30,7860,45600
2015-10-01,7930,46000
2015-10-02,8340,48400
2015-10-05,8790,51000
2015-10-06,8870,51500
2015-10-07,8670,50300
2015-10-08,8770,50900
2015-10-09,8510,49400
2015-10-12,8600,49900
2015-10-13,8550,49600
2015-10-14,9180,53300
2015-10-15,9170,53200
2015-10-16,9150,53100
2015-10-19,9820,57000
2015-10-20,10510,61000
2015-10-21,10530,61100
2015-10-22,10100,58600
2015-10-23,10530,61100
2015-10-26,10410,60400
2015-10-27,10200,59200
2015-10-28,10340,60000
2015-10-29,11180,64900
2015-10-30,11130,64600
2015-11-02,10300,59800
2015-11-03,10510,61000
2015-11-04,10340,60000
2015-11-05,10250,59500
2015-11-06,9980,57900
2015-11-09,9840,57100
2015-11-10,9910,57500
2015-11-11,9910,57500
2015-11-12,10170,59000
2015-11-13,10730,62300
2015-11-16,11200,65000
2015-11-17,11180,64900
2015-11-18,11370,66000
2015-11-19,11200,65000
2015-11-20,11180,64900
2015-11-23,10820,62800
2015-11-24,10510,61000
2015-11-25,10340,60000
2015-11-26,10180,59100
2015-11-27,10300,59800
2015-11-30,10080,58500
2015-12-01,10080,58500
2015-12-02,10040,58300
2015-12-03,10410,60400
2015-12-04,10340,60000
2015-12-07,10230,59400
2015-12-08,10680,62000
2015-12-09,10340,60000
2015-12-10,10340,60000
2015-12-11,10460,60700
2015-12-14,10420,60500
2015-12-15,10420,60500
2015-12-16,10460,60700
2015-12-17,10610,61600
2015-12-18,10800,62700
2015-12-21,10680,62000
2015-12-22,10490,60900
2015-12-23,10420,60500
2015-12-24,10460,60700
2015-12-25,10360,60100
2015-12-28,10420,60500
2015-12-29,10510,61000
2015-12-30,10390,60300
2015-12-31,10370,60200
2016-01-04,10390,60300
2016-01-05,10440,59100
2016-01-06,10350,58600
2016-01-07,10320,58400
2016-01-08,10250,58000
2016-01-11,9540,54000
2016-01-12,9720,55000
2016-01-13,9750,55200
2016-01-14,9450,53500
2016-01-15,9350,52900
2016-01-18,9030,51100
2016-01-19,9050,51200
2016-01-20,9060,51300
2016-01-21,9030,51100
2016-01-22,9720,55000
2016-01-25,9890,56000
2016-01-26,9380,53100
2016-01-27,9430,53400
2016-01-28,9290,52600
2016-01-29,9540,54000
2016-02-01,9540,54000
2016-02-02,9430,53400
2016-02-03,9430,53400
2016-02-04,9770,55300
2016-02-05,9380,53100
2016-02-15,9450,53500
2016-02-16,9720,55000
2016-02-17,10000,56600
2016-02-18,9980,56500
2016-02-19,10340,58500
2016-02-22,10420,59000
2016-02-23,10410,58900
2016-02-24,10280,58200
2016-02-25,10050,56900
2016-02-26,9960,56400
2016-02-29,9910,56100
2016-03-01,10160,57500
2016-03-02,10410,58900
2016-03-03,10480,59300
2016-03-04,10410,58900
2016-03-07,10180,57600
2016-03-08,9980,56500
2016-03-09,10230,57900
2016-03-10,10180,57600
2016-03-11,10180,57600
2016-03-14,10210,57800
2016-03-15,10050,56900
2016-03-16,10070,57000
2016-03-17,10020,56700
2016-03-18,10250,58000
2016-03-21,10650,60300
2016-03-22,10950,62000
2016-03-23,10920,61800
2016-03-24,11130,63000
2016-03-25,11080,62700
2016-03-28,12170,68900
2016-03-29,11960,67700
2016-03-30,12210,69100
2016-03-31,11930,67500
2016-04-01,11680,66100
2016-04-04,11660,66000
2016-04-05,11660,66000
2016-04-06,12170,68900
2016-04-07,12190,69000
2016-04-08,12210,69100
2016-04-11,12160,68800
2016-04-12,12190,69000
2016-04-13,12010,68000
2016-04-14,12720,72000
2016-04-15,12700,71900
2016-04-19,12470,70600
2016-04-20,12370,70000
2016-04-21,12720,72000
2016-04-22,12700,71900
2016-04-25,12190,69000
2016-04-26,12160,68800
2016-04-27,11930,67500
2016-04-28,12050,68200
2016-04-29,11860,67100
2016-05-04,11960,67700
2016-05-05,12260,69400
2016-05-06,12260,69400
2016-05-09,12230,69200
2016-05-10,12030,68100
2016-05-11,12080,68400
2016-05-12,11940,67600
2016-05-13,11960,67700
2016-05-16,11980,67800
2016-05-17,12000,67900
2016-05-18,11840,67000
2016-05-19,11660,66000
2016-05-20,12010,68000
2016-05-23,12680,58900
2016-05-24,12660,58800
2016-05-25,12480,58000
2016-05-26,12440,57800
2016-05-27,12420,57700
2016-05-30,12400,57600
2016-05-31,12400,57600
2016-06-01,12380,57500
2016-06-02,12330,57300
2016-06-03,12250,56900
2016-06-06,12230,56800
2016-06-07,12200,56700
2016-06-08,12590,58500
2016-06-09,12700,59000
2016-06-10,13110,60900
2016-06-13,13320,61900
2016-06-14,13130,61000
2016-06-15,13410,62300
2016-06-16,13780,64000
2016-06-17,13780,64000
2016-06-20,13730,63800
2016-06-21,13990,65000
2016-06-22,13780,64000
2016-06-23,14210,66000
2016-06-24,14270,66300
2016-06-27,13780,64000
2016-06-28,13800,64100
2016-06-29,13990,65000
2016-06-30,14160,65800
2016-07-01,14190,65900
2016-07-04,14100,65500
2016-07-05,14640,68000
2016-07-06,14940,69400
2016-07-07,15390,71500
2016-07-08,14740,68500
2016-07-11,13990,65000
2016-07-12,14100,65500
2016-07-13,13880,64500
2016-07-14,14400,66900
2016-07-15,14030,65200
2016-07-18,13990,65000
2016-07-19,14210,66000
2016-07-20,14210,66000
2016-07-21,14190,65900
2016-07-22,14080,65400
2016-07-25,13990,65000
2016-07-26,13950,64800
2016-07-27,13990,65000
2016-07-28,14010,65100
2016-07-29,14190,65900
2016-08-01,14100,65500
2016-08-02,13800,64100
2016-08-03,13730,63800
2016-08-04,13780,64000
2016-08-05,13950,64800
2016-08-08,13990,65000
2016-08-09,14030,65200
2016-08-10,14030,65200
2016-08-11,14620,67900
2016-08-12,14590,67800
2016-08-15,14640,68000
2016-08-16,14960,69500
2016-08-17,15990,74300
2016-08-18,15760,73200
2016-08-19,15780,73300
2016-08-22,15650,72700
2016-08-23,15650,72700
2016-08-24,15710,73000
2016-08-25,15500,72000
2016-08-26,15220,70700
2016-08-29,15300,71100
2016-08-30,15460,71800
2016-08-31,16140,75000
2016-09-01,16060,74600
2016-09-05,16570,77000
2016-09-06,16810,78100
2016-09-07,17160,79700
2016-09-08,17220,80000
2016-09-09,17000,79000
2016-09-12,16380,76100
2016-09-13,16900,78500
2016-09-14,16880,78400
2016-09-15,17000,79000
2016-09-16,16830,78200
2016-09-19,17390,80800
2016-09-20,17650,82000
2016-09-21,17820,82800
2016-09-22,17650,82000
2016-09-23,17440,81000
2016-09-26,17540,81500
2016-09-27,17740,82400
2016-09-28,17650,82000
2016-09-29,18080,84000
2016-09-30,18510,86000
2016-10-03,18810,87400
2016-10-04,18620,86500
2016-10-05,18600,86400
2016-10-06,18900,87800
2016-10-07,18430,85600
2016-10-10,17740,82400
2016-10-11,17870,83000
2016-10-12,17670,82100
2016-10-13,17870,83000
2016-10-14,17950,83400
2016-10-17,18060,83900
2016-10-18,18080,84000
2016-10-19,18250,84800
2016-10-20,17890,83100
2016-10-21,17760,82500
2016-10-24,17180,79800
2016-10-25,17000,79000
2016-10-26,16880,78400
2016-10-27,17180,79800
2016-10-28,17330,80500
2016-10-31,17370,80700
2016-11-01,17310,80400
2016-11-02,16880,78400
2016-11-03,16570,77000
2016-11-04,16570,77000
2016-11-07,16730,77700
2016-11-08,16770,77900
2016-11-09,16600,77100
2016-11-10,17200,79900
2016-11-11,17200,79900
2016-11-14,17220,80000
2016-11-15,17650,82000
2016-11-16,17540,81500
2016-11-17,17460,81100
2016-11-18,17460,81100
2016-11-21,17350,80600
2016-11-22,17350,80600
2016-11-23,17520,81400
2016-11-24,17310,80400
2016-11-25,17330,80500
2016-11-28,16420,76300
2016-11-29,16570,77000
2016-11-30,16790,78000
2016-12-01,16700,77600
2016-12-02,16960,78800
2016-12-05,16940,77200
2016-12-06,16810,76600
2016-12-07,16900,77000
2016-12-08,17050,77700
2016-12-09,17050,77700
2016-12-12,17030,77600
2016-12-13,16900,77000
2016-12-14,17120,78000
2016-12-15,17100,77900
2016-12-16,17080,77800
2016-12-19,17250,78600
2016-12-20,17140,78100
2016-12-21,17340,79000
2016-12-22,17340,79000
2016-12-23,17050,77700
2016-12-26,17010,77500
2016-12-27,16900,77000
2016-12-28,17010,77500
2016-12-29,17010,77500
2016-12-30,17010,77500
2017-01-03,17010,77500
2017-01-04,17080,77800
2017-01-05,17010,77500
2017-01-06,16990,77400
2017-01-09,16920,77100
2017-01-10,16900,77000
2017-01-11,16810,76600
2017-01-12,16940,77200
2017-01-13,16990,77400
2017-01-16,16900,77000
2017-01-17,16920,77100
2017-01-18,16900,77000
2017-01-19,16860,76800
2017-01-20,16680,76000
2017-01-23,16680,76000
2017-01-24,16720,76200
2017-01-25,16990,77400
2017-02-02,16940,77200
2017-02-03,16680,76000
2017-02-06,16460,75000
2017-02-07,16590,75600
2017-02-08,16880,76900
2017-02-09,16370,74600
2017-02-10,16350,74500
2017-02-13,16350,74500
2017-02-14,16350,74500
2017-02-15,16350,74500
2017-02-16,16350,74500
2017-02-17,16350,74500
2017-02-20,16260,74100
2017-02-21,16130,73500
2017-02-22,16070,73200
2017-02-23,16020,73000
2017-02-24,15800,72000
2017-02-27,15760,71800
2017-02-28,15470,70500
2017-03-01,15430,70300
2017-03-02,15360,70000
2017-03-03,15390,70100
2017-03-06,15610,71100
2017-03-07,15610,71100
2017-03-08,16180,73700
2017-03-09,15800,72000
2017-03-10,15650,71300
2017-03-13,15650,71300
2017-03-14,15720,71600
2017-03-15,15870,72300
2017-03-16,16220,73900
2017-03-17,16130,73500
2017-03-20,16110,73400
2017-03-21,16040,73100
2017-03-22,15980,72800
2017-03-23,16020,73000
2017-03-24,16460,75000
2017-03-27,16020,73000
2017-03-28,16400,74700
2017-03-29,16480,75100
2017-03-30,17100,77900
2017-03-31,17120,78000
2017-04-03,16530,75300
2017-04-04,16830,76700
2017-04-05,16620,75700
2017-04-07,16680,76000
2017-04-10,16680,76000
2017-04-11,16680,76000
2017-04-12,16620,75700
2017-04-13,16640,75800
2017-04-14,16480,75100
2017-04-17,16460,75000
2017-04-18,16570,75500
2017-04-19,16590,75600
2017-04-20,16680,76000
2017-04-21,16750,76300
2017-04-24,16660,75900
2017-04-25,16570,75500
2017-04-26,16440,74900
2017-04-27,16460,75000
2017-04-28,16570,75500
2017-05-03,16460,75000
2017-05-04,16040,73100
2017-05-05,16200,73800
2017-05-08,16020,73000
2017-05-09,16130,73500
2017-05-10,16240,74000
2017-05-11,16240,74000
2017-05-12,16830,76700
2017-05-15,17120,78000
2017-05-16,16900,77000
2017-05-17,16900,77000
2017-05-18,16880,76900
2017-05-19,16990,77400
2017-05-22,16900,77000
2017-05-23,17010,77500
2017-05-24,16790,76500
2017-05-25,16660,75900
2017-05-26,16790,76500
2017-05-29,16810,76600
2017-05-30,17120,78000
2017-05-31,17450,79500
2017-06-01,17710,66400
2017-06-02,17420,65300
2017-06-05,17100,64100
2017-06-06,17340,65000
2017-06-07,17340,65000
2017-06-08,17600,66000
2017-06-09,17580,65900
2017-06-12,17470,65500
2017-06-13,17470,65500
2017-06-14,17340,65000
2017-06-15,17470,65500
2017-06-16,17390,65200
2017-06-19,17340,65000
2017-06-20,17390,65200
2017-06-21,17470,65500
2017-06-22,17470,65500
2017-06-23,17470,65500
2017-06-26,17710,66400
2017-06-27,17470,65500
2017-06-28,17470,65500
2017-06-29,17680,66300
2017-06-30,17870,67000
2017-07-03,17630,66100
2017-07-04,17600,66000
2017-07-05,17550,65800
2017-07-06,17470,65500
2017-07-07,17600,66000
2017-07-10,17600,66000
2017-07-11,17600,66000
2017-07-12,17470,65500
2017-07-13,17600,66000
2017-07-14,17600,66000
2017-07-17,18160,68100
2017-07-18,18140,68000
2017-07-19,18140,68000
2017-07-20,18140,68000
2017-07-21,18140,68000
2017-07-24,17870,67000
2017-07-25,17740,66500
2017-07-26,17870,67000
2017-07-27,17950,67300
2017-07-28,18110,67900
2017-07-31,18110,67900
2017-08-01,17840,66900
2017-08-02,17840,66900
2017-08-03,17740,66500
2017-08-04,17680,66300
2017-08-07,17820,66800
2017-08-08,17760,66600
2017-08-09,17630,66100
2017-08-10,17630,66100
2017-08-11,17660,66200
2017-08-14,17660,66200
2017-08-15,17820,66800
2017-08-16,17870,67000
2017-08-17,16540,62000
2017-08-18,17600,66000
2017-08-21,17600,66000
2017-08-22,17600,66000
2017-08-23,17340,65000
2017-08-24,17070,64000
2017-08-25,16800,63000
2017-08-28,17200,64500
2017-08-29,17340,65000
2017-08-30,17340,65000
2017-08-31,17870,67000
2017-09-01,17870,67000
2017-09-05,18140,68000
2017-09-06,18160,68100
2017-09-07,18400,69000
2017-09-08,18620,69800
2017-09-11,18510,69400
2017-09-12,18540,69500
2017-09-13,18270,68500
2017-09-14,18270,68500
2017-09-15,18270,68500
2017-09-18,18400,69000
2017-09-19,17920,67200
2017-09-20,18270,68500
2017-09-21,18400,69000
2017-09-22,18400,69000
2017-09-25,18300,68600
2017-09-26,18480,69300
2017-09-27,18990,71200
2017-09-28,19070,71500
2017-09-29,19070,71500
2017-10-02,19340,72500
2017-10-03,19200,72000
2017-10-04,19310,72400
2017-10-05,19200,72000
2017-10-06,19200,72000
2017-10-09,19150,71800
2017-10-10,19070,71500
2017-10-11,19150,71800
2017-10-12,19180,71900
2017-10-13,19150,71800
2017-10-16,19020,71300
2017-10-17,19740,74000
2017-10-18,19550,73300
2017-10-19,19470,73000
2017-10-20,20270,76000
2017-10-23,20270,76000
2017-10-24,20000,75000
2017-10-25,19580,73400
2017-10-26,20540,77000
2017-10-27,19740,74000
2017-10-30,19600,73500
2017-10-31,19520,73200
2017-11-01,19420,72800
2017-11-02,19200,72000
2017-11-03,19200,72000
2017-11-06,19200,72000
2017-11-07,19480,71500
2017-11-08,19580,71900
2017-11-09,19560,71800
2017-11-10,19940,73200
2017-11-13,21930,80500
2017-11-14,21520,79000
2017-11-15,22060,81000
2017-11-16,21870,80300
2017-11-17,22040,80900
2017-11-20,22040,80900
2017-11-21,22470,82500
2017-11-22,22340,82000
2017-11-23,22610,83000
2017-11-24,22470,82500
2017-11-27,22530,82700
2017-11-28,22580,82900
2017-11-29,23890,87700
2017-11-30,23320,85600
2017-12-01,22440,82400
2017-12-04,22060,81000
2017-12-05,20970,77000
2017-12-06,21490,78900
2017-12-07,20890,76700
2017-12-08,20100,73800
2017-12-11,19750,72500
2017-12-12,20290,74500
2017-12-13,20130,73900
2017-12-14,20130,73900
2017-12-15,20430,75000
2017-12-18,20480,75200
2017-12-19,19860,72900
2017-12-20,19750,72500
2017-12-21,19780,72600
2017-12-22,19780,72600
2017-12-25,19480,71500
2017-12-26,19070,70000
2017-12-27,18520,68000
2017-12-28,19340,71000
2017-12-29,19070,70000
2018-01-02,18440,67700
2018-01-03,18000,66100
2018-01-04,18030,66200
2018-01-05,18030,66200
2018-01-08,18060,66300
2018-01-09,18060,66300
2018-01-10,18600,68300
2018-01-11,18790,69000
2018-01-12,18740,68800
2018-01-15,18790,69000
2018-01-16,18770,68900
2018-01-17,18520,68000
2018-01-18,18520,68000
2018-01-19,18440,67700
2018-01-22,18880,69300
2018-01-23,19070,70000
2018-01-24,19070,70000
2018-01-25,18790,69000
2018-01-26,18520,68000
2018-01-29,18390,67500
2018-01-30,18520,68000
2018-01-31,18250,67000
2018-02-01,18090,66400
2018-02-02,17870,65600
2018-02-05,17160,63000
2018-02-06,16340,60000
2018-02-07,17160,63000
2018-02-08,17650,64800
2018-02-09,17430,64000
2018-02-12,17570,64500
2018-02-13,18660,68500
2018-02-21,18900,69400
2018-02-22,18580,68200
2018-02-23,19040,69900
2018-02-26,18410,67600
2018-02-27,18690,68600
2018-02-28,18710,68700
2018-03-01,18440,67700
2018-03-02,18250,67000
2018-03-05,18710,68700
2018-03-06,18250,67000
2018-03-07,18090,66400
2018-03-08,17980,66000
2018-03-09,18250,67000
2018-03-12,17840,65500
2018-03-13,17710,65000
2018-03-14,17920,65800
2018-03-15,17570,64500
2018-03-16,17570,64500
2018-03-19,17380,63800
2018-03-20,17160,63000
2018-03-21,17220,63200
2018-03-22,17300,63500
2018-03-23,17430,64000
2018-03-26,17190,63100
2018-03-27,16890,62000
2018-03-28,17020,62500
2018-03-29,16890,62000
2018-03-30,16890,62000
2018-04-02,16890,62000
2018-04-03,16670,61200
2018-04-04,16670,61200
2018-04-05,16750,61500
2018-04-06,16890,62000
2018-04-09,16890,62000
2018-04-10,16620,61000
2018-04-11,16400,60200
2018-04-12,16340,60000
2018-04-13,15910,58400
2018-04-16,15390,56500
2018-04-17,15690,57600
2018-04-18,15250,56000
2018-04-19,15200,55800
2018-04-20,15340,56300
2018-04-23,14980,55000
2018-04-24,14980,55000
2018-04-26,15250,56000
2018-04-27,15530,57000
2018-05-02,15420,56600
2018-05-03,15280,56100
2018-05-04,15440,56700
2018-05-07,15530,57000
2018-05-08,15230,55900
2018-05-09,14850,54500
2018-05-10,14710,54000
2018-05-11,14440,53000
2018-05-14,14440,53000
2018-05-15,14710,54000
2018-05-16,14710,54000
2018-05-17,14570,53500
2018-05-18,14710,54000
2018-05-21,14520,53300
2018-05-22,14380,52800
2018-05-23,14160,52000
2018-05-24,14190,52100
2018-05-25,14140,51900
2018-05-28,13650,50100
2018-05-29,14420,51400
2018-05-30,14870,53000
2018-05-31,14870,53000
2018-06-01,14870,53000
2018-06-04,14840,52900
2018-06-05,14310,51000
2018-06-06,14370,51200
2018-06-07,14310,51000
2018-06-08,14310,51000
2018-06-11,14310,51000
2018-06-12,14170,50500
2018-06-13,14000,49900
2018-06-14,14000,49900
2018-06-15,13610,48500
2018-06-18,13580,48400
2018-06-19,13330,47500
2018-06-20,13440,47900
2018-06-21,12960,46200
2018-06-22,13860,49400
2018-06-25,13130,46800
2018-06-26,13470,48000
2018-06-27,13330,47500
2018-06-28,12910,46000
2018-06-29,12910,46000
2018-07-02,12540,44700
2018-07-03,11340,40400
2018-07-04,11780,42000
2018-07-05,11500,41000
2018-07-06,11500,41000
2018-07-09,11900,42400
2018-07-10,12070,43000
2018-07-11,11780,42000
2018-07-12,11920,42500
2018-07-13,12070,43000
2018-07-16,12180,43400
2018-07-17,12210,43500
2018-07-18,12290,43800
2018-07-19,11870,42300
2018-07-20,11920,42500
2018-07-23,12210,43500
2018-07-24,11980,42700
2018-07-25,11870,42300
2018-07-26,11950,42600
2018-07-27,12230,43600
2018-07-30,12400,44200
2018-07-31,12400,44200
2018-08-01,12490,44500
2018-08-02,12490,44500
2018-08-03,12540,44700
2018-08-06,12540,44700
2018-08-07,12540,44700
2018-08-08,12350,44000
2018-08-09,12740,45400
2018-08-10,12490,44500
2018-08-13,12630,45000
2018-08-14,12570,44800
2018-08-15,12230,43600
2018-08-16,12350,44000
2018-08-17,12320,43900
2018-08-20,12350,44000
2018-08-21,12350,44000
2018-08-22,12350,44000
2018-08-23,12490,44500
2018-08-24,12630,45000
2018-08-27,12770,45500
2018-08-28,13020,46400
2018-08-29,13580,48400
2018-08-30,13580,48400
2018-08-31,13580,48400
2018-09-04,13550,48300
2018-09-05,13470,48000
2018-09-06,13610,48500
2018-09-07,13550,48300
2018-09-10,13100,46700
2018-09-11,13920,49600
2018-09-12,13920,49600
2018-09-13,13920,49600
2018-09-14,12850,45800
2018-09-17,13440,47900
2018-09-18,13500,48100
2018-09-19,13610,48500
2018-09-20,13610,48500
2018-09-21,14450,51500
2018-09-24,14280,50900
2018-09-25,14480,51600
2018-09-26,14030,50000
2018-09-27,13890,49500
2018-09-28,13860,49400
2018-10-01,14530,51800
2018-10-02,14530,51800
2018-10-03,14030,50000
2018-10-04,14000,49900
2018-10-05,13360,47600
2018-10-08,13970,49800
2018-10-09,13750,49000
2018-10-10,13500,48100
2018-10-11,13330,47500
2018-10-12,13330,47500
2018-10-15,12790,45600
2018-10-16,13190,47000
2018-10-17,12650,45100
2018-10-18,13440,47900
2018-10-19,12680,45200
2018-10-22,12710,45300
2018-10-23,12630,45000
2018-10-24,12630,45000
2018-10-25,12070,43000
2018-10-26,12070,43000
2018-10-29,12070,43000
2018-10-30,12070,43000
2018-10-31,12880,45900
2018-11-01,11950,42600
2018-11-02,12350,44000
2018-11-05,11390,40600
2018-11-06,11420,40700
2018-11-07,11640,41500
2018-11-08,11840,42200
2018-11-09,11840,42200
2018-11-12,11780,42000
2018-11-13,11640,41500
2018-11-14,11640,41500
2018-11-15,12290,43800
2018-11-16,12490,44500
2018-11-19,11640,41500
2018-11-20,11780,42000
2018-11-21,11870,42300
2018-11-22,11780,42000
2018-11-23,12320,43900
2018-11-26,11500,41000
2018-11-27,11780,42000
2018-11-28,11500,41000
2018-11-29,12070,43000
2018-11-30,11760,41900
2018-12-03,12070,43000
2018-12-04,12070,43000
2018-12-05,12210,43500
2018-12-06,11780,42000
2018-12-07,11780,42000
2018-12-10,11780,42000
2018-12-11,11780,42000
2018-12-12,11780,42000
2018-12-13,11780,42000
2018-12-14,11780,42000
2018-12-17,11780,42000
2018-12-18,11780,42000
2018-12-19,11920,42500
2018-12-20,11980,42700
2018-12-21,11980,42700
2018-12-24,11500,41000
2018-12-25,11360,40500
2018-12-26,11500,41000
2018-12-27,11360,40500
2018-12-28,11360,40500
2019-01-02,11360,40500
2019-01-03,11280,40200
2019-01-04,11280,40200
2019-01-07,11360,40500
2019-01-08,11920,42500
2019-01-09,11500,41000
2019-01-10,11450,40800
2019-01-11,11500,41000
2019-01-14,11450,40800
2019-01-15,11840,42200
2019-01-16,11840,42200
2019-01-17,11530,41100
2019-01-18,11500,41000
2019-01-21,11500,41000
2019-01-22,11500,41000
2019-01-23,11500,41000
2019-01-24,11500,41000
2019-01-25,11500,41000
2019-01-28,11530,41100
2019-01-29,11500,41000
2019-01-30,11500,41000
2019-01-31,11500,41000
2019-02-01,11500,41000
2019-02-11,11500,41000
2019-02-12,11360,40500
2019-02-13,11360,40500
2019-02-14,11140,39700
2019-02-15,10940,39000
2019-02-18,10940,39000
2019-02-19,10940,39000
2019-02-20,10830,38600
2019-02-21,10410,37100
2019-02-22,10440,37200
2019-02-25,10940,39000
2019-02-26,10910,38900
2019-02-27,10890,38800
2019-02-28,10660,38000
2019-03-01,10660,38000
2019-03-04,10520,37500
2019-03-05,10580,37700
2019-03-06,10470,37300
2019-03-07,10490,37400
2019-03-08,10520,37500
2019-03-11,10550,37600
2019-03-12,10630,37900
2019-03-13,10660,38000
2019-03-14,10660,38000
2019-03-15,10660,38000
2019-03-18,10800,38500
2019-03-19,10800,38500
2019-03-20,10720,38200
2019-03-21,10720,38200
2019-03-22,10660,38000
2019-03-25,10660,38000
2019-03-26,10660,38000
2019-03-27,10660,38000
2019-03-28,10660,38000
2019-03-29,10660,38000
2019-04-01,10660,38000
2019-04-02,10660,38000
2019-04-03,10660,38000
2019-04-04,10660,38000
2019-04-05,10660,38000
2019-04-08,10630,37900
2019-04-09,10630,37900
2019-04-10,10630,37900
2019-04-11,10630,37900
2019-04-12,10630,37900
2019-04-16,10440,37200
2019-04-17,10440,37200
2019-04-18,10490,37400
2019-04-19,10300,36700
2019-04-22,10630,37900
2019-04-23,10610,37800
2019-04-24,10580,37700
2019-04-25,10520,37500
2019-04-26,10350,36900
2019-05-02,10350,36900
2019-05-03,9820,35000
2019-05-06,9820,35000
2019-05-07,9790,34900
2019-05-08,9570,34100
2019-05-09,9710,34600
2019-05-10,9600,34200
2019-05-13,9600,34200
2019-05-14,9540,34000
2019-05-15,9620,34300
2019-05-16,9620,34300
2019-05-17,9540,34000
2019-05-20,9540,34000
2019-05-21,9820,35000
2019-05-22,9820,35000
2019-05-23,9820,35000
2019-05-24,10040,35800
2019-05-27,9820,35000
2019-05-28,9850,35100
2019-05-29,9710,34600
2019-05-30,9880,35200
2019-05-31,9820,35000
2019-06-03,9680,34500
2019-06-04,9340,33300
2019-06-05,9740,34700
2019-06-06,9680,34500
2019-06-07,9710,34600
2019-06-10,9710,34600
2019-06-11,9760,34800
2019-06-12,9760,34800
2019-06-13,9820,35000
2019-06-14,9820,35000
2019-06-17,9760,34800
2019-06-18,9790,34900
2019-06-19,9790,34900
2019-06-20,9760,34800
2019-06-21,9760,34800
2019-06-24,9820,35000
2019-06-25,9790,34900
2019-06-26,9760,34800
2019-06-27,9740,34700
2019-06-28,9540,34000
2019-07-01,9540,34000
2019-07-02,9510,33900
2019-07-03,9510,33900
2019-07-04,9540,34000
2019-07-05,9540,34000
2019-07-08,9680,34500
2019-07-09,9540,34000
2019-07-10,9540,34000
2019-07-11,9540,34000
2019-07-12,9540,34000
2019-07-15,9540,34000
2019-07-16,9650,34400
2019-07-17,10100,36000
2019-07-18,10100,36000
2019-07-19,10130,36100
2019-07-22,10970,39100
2019-07-23,11250,40100
2019-07-24,11200,39900
2019-07-25,11080,39500
2019-07-26,11280,40200
2019-07-29,11450,39800
2019-07-30,10650,37000
2019-07-31,11220,39000
2019-08-01,11310,39300
2019-08-02,10940,38000
2019-08-05,10940,38000
2019-08-06,10880,37800
2019-08-07,10880,37800
2019-08-08,11940,41500
2019-08-09,11800,41000
2019-08-12,11480,39900
2019-08-13,11220,39000
2019-08-14,11280,39200
2019-08-15,11110,38600
2019-08-16,11370,39500
2019-08-19,11420,39700
2019-08-20,11420,39700
2019-08-21,11020,38300
2019-08-22,11140,38700
2019-08-23,11080,38500
2019-08-26,11050,38400
2019-08-27,11020,38300
2019-08-28,10650,37000
2019-08-29,10560,36700
2019-08-30,10910,37900
2019-09-03,10710,37200
2019-09-04,10560,36700
2019-09-05,10620,36900
2019-09-06,10650,37000
2019-09-09,10620,36900
2019-09-10,10590,36800
2019-09-11,10710,37200
2019-09-12,10680,37100
2019-09-13,10910,37900
2019-09-16,10910,37900
2019-09-17,10820,37600
2019-09-18,11310,39300
2019-09-19,11250,39100
2019-09-20,11110,38600
2019-09-23,10790,37500
2019-09-24,10990,38200
2019-09-25,11080,38500
2019-09-26,11020,38300
2019-09-27,11050,38400
2019-09-30,11170,38800
2019-10-01,11080,38500
2019-10-02,10990,38200
2019-10-03,10910,37900
2019-10-04,11220,39000
2019-10-07,11220,39000
2019-10-08,11190,38900
2019-10-09,11370,39500
2019-10-10,11630,40400
2019-10-11,11400,39600
2019-10-14,11220,39000
2019-10-15,11420,39700
2019-10-16,11480,39900
2019-10-17,11420,39700
2019-10-18,11340,39400
2019-10-21,10680,37100
2019-10-22,10820,37600
2019-10-23,10730,37300
2019-10-24,10650,37000
2019-10-25,10700,33800
2019-10-28,10670,33700
2019-10-29,10480,33100
2019-10-30,10510,33200
2019-10-31,10450,33000
2019-11-01,10380,32800
2019-11-04,10160,32100
2019-11-05,10160,32100
2019-11-06,10190,32200
2019-11-07,10100,31900
2019-11-08,10130,32000
2019-11-11,10100,31900
2019-11-12,10100,31900
2019-11-13,10260,32400
2019-11-14,10220,32300
2019-11-15,10220,32300
2019-11-18,10100,31900
2019-11-19,10130,32000
2019-11-20,10100,31900
2019-11-21,10290,32500
2019-11-22,10030,31700
2019-11-25,10070,31800
2019-11-26,10070,31800
2019-11-27,10070,31800
2019-11-28,10030,31700
2019-11-29,9970,31500
2019-12-02,9970,31500
2019-12-03,10100,31900
2019-12-04,10000,31600
2019-12-05,9940,31400
2019-12-06,9940,31400
2019-12-09,9940,31400
2019-12-10,9970,31500
2019-12-11,10000,31600
2019-12-12,10290,32500
2019-12-13,10350,32700
2019-12-16,10220,32300
2019-12-17,10190,32200
2019-12-18,10190,32200
2019-12-19,10260,32400
2019-12-20,10260,32400
2019-12-23,10260,32400
2019-12-24,10260,32400
2019-12-25,10160,32100
2019-12-26,10260,32400
2019-12-27,10260,32400
2019-12-30,10260,32400
2019-12-31,10550,32300
2020-01-02,10450,32000
2020-01-03,10620,31500
2020-01-06,10620,31500
2020-01-07,10590,31400
2020-01-08,10550,31300
2020-01-09,10350,30700
2020-01-10,10420,30900
2020-01-13,10550,31300
2020-01-14,10420,30900
2020-01-15,10280,30500
2020-01-16,10350,30700
2020-01-17,10380,30800
2020-01-20,10750,31900
2020-01-21,10720,31800
2020-01-22,10720,31800
2020-01-30,10790,32000
2020-01-31,10220,30300
2020-02-03,9610,28500
2020-02-04,9610,28500
2020-02-05,9610,28500
2020-02-06,9780,29000
2020-02-07,9780,29000
2020-02-10,9780,29000
2020-02-11,9780,29000
2020-02-12,9780,29000
2020-02-13,9780,29000
2020-02-14,9780,29000
2020-02-17,9780,29000
2020-02-18,10450,31000
2020-02-19,10450,31000
2020-02-20,10450,31000
2020-02-21,10220,30300
2020-02-24,9680,28700
2020-02-25,9810,29100
2020-02-26,9780,29000
2020-02-27,9740,28900
2020-02-28,9680,28700
2020-03-02,9610,28500
2020-03-03,9610,28500
2020-03-04,9610,28500
2020-03-05,10180,30200
2020-03-06,9840,29200
2020-03-09,9440,28000
2020-03-10,9540,28300
2020-03-11,9510,28200
2020-03-12,9440,28000
2020-03-13,9100,27000
2020-03-16,9100,27000
2020-03-17,9170,27200
2020-03-18,9470,28100
2020-03-19,9440,28000
2020-03-20,9410,27900
2020-03-23,9100,27000
2020-03-24,9100,27000
2020-03-25,9300,27600
2020-03-26,9270,27500
2020-03-27,9270,27500
2020-03-30,9140,27100
2020-03-31,9140,27100
2020-04-01,9170,27200
2020-04-03,9470,28100
2020-04-06,9510,28200
2020-04-07,9570,28400
2020-04-08,9640,28600
2020-04-09,10220,30300
2020-04-10,9980,29600
2020-04-13,10150,30100
2020-04-14,9880,29300
2020-04-15,10320,30600
2020-04-16,10590,31400
2020-04-17,11090,32900
2020-04-20,11020,32700
2020-04-21,10550,31300
2020-04-22,10620,31500
2020-04-23,11020,32700
2020-04-24,10920,32400
2020-04-27,11020,32700
2020-04-28,11060,32800
2020-04-29,11260,33400
2020-05-04,10860,32200
2020-05-05,11060,32800
2020-05-06,11060,32800
2020-05-07,11020,32700
2020-05-08,11230,33300
2020-05-11,11290,33500
2020-05-12,11930,35400
2020-05-13,11930,35400
2020-05-14,12100,35900
2020-05-15,11800,35000
2020-05-18,11800,35000
2020-05-19,11900,35300
2020-05-20,12040,35700
2020-05-21,11870,35200
2020-05-22,11600,34400
2020-05-25,11530,34200
2020-05-26,11730,34800
2020-05-27,11770,34900
2020-05-28,11970,35500
2020-05-29,11970,35500
2020-06-01,12200,36200
2020-06-02,12200,36200
2020-06-03,12200,36200
2020-06-04,12480,36000
2020-06-05,13000,37500
2020-06-08,13070,37700
2020-06-09,13240,38200
2020-06-10,13350,38500
2020-06-11,12830,37000
2020-06-12,12830,37000
2020-06-15,12790,36900
2020-06-16,12860,37100
2020-06-17,13040,37600
2020-06-18,13140,37900
2020-06-19,13630,39300
2020-06-22,13830,39900
2020-06-23,13900,40100
2020-06-24,13520,39000
2020-06-25,13560,32600
2020-06-26,14150,34000
2020-06-29,13310,32000
2020-06-30,13190,31700
2020-07-01,13440,32300
2020-07-02,13600,32700
2020-07-03,13440,32300
2020-07-06,13400,32200
2020-07-07,13310,32000
2020-07-08,12900,31000
2020-07-09,12980,31200
2020-07-10,12900,31000
2020-07-13,13150,31600
2020-07-14,12980,31200
2020-07-15,13060,31400
2020-07-16,12770,30700
2020-07-17,12770,30700
2020-07-20,13060,31400
2020-07-21,12860,30900
2020-07-22,12650,30400
2020-07-23,12520,30100
2020-07-24,11820,28400
2020-07-27,10690,25700
2020-07-28,11610,27900
2020-07-29,11070,26600
2020-07-30,11320,27200
2020-07-31,11860,28500
2020-08-03,11860,28500
2020-08-04,11940,28700
2020-08-05,12110,29100
2020-08-06,12070,29000
2020-08-07,11900,28600
2020-08-10,12110,29100
2020-08-11,12070,29000
2020-08-12,12070,29000
2020-08-13,12110,29100
2020-08-14,12070,29000
2020-08-17,11980,28800
2020-08-18,12400,29800
2020-08-19,12400,29800
2020-08-20,12360,29700
2020-08-21,12440,29900
2020-08-24,12690,30500
2020-08-25,12690,30500
2020-08-26,12810,30800
2020-08-27,12900,31000
2020-08-28,13150,31600
2020-08-31,13060,31400
2020-09-01,12860,30900
2020-09-03,12980,31200
2020-09-04,12980,31200
2020-09-07,12940,31100
2020-09-08,13110,31500
2020-09-09,13190,31700
2020-09-10,13310,32000
2020-09-11,13270,31900
2020-09-14,13310,32000
2020-09-15,13600,32700
2020-09-16,13730,33000
2020-09-17,13810,33200
2020-09-18,13850,33300
2020-09-21,14190,34100
2020-09-22,14150,34000
2020-09-23,14100,33900
2020-09-24,13980,33600
2020-09-25,13810,33200
2020-09-28,14020,33700
2020-09-29,13850,33300
2020-09-30,13600,32700
2020-10-01,13980,33600
2020-10-02,13940,33500
2020-10-05,14020,33700
2020-10-06,13940,33500
2020-10-07,13940,33500
2020-10-08,13730,33000
2020-10-09,13600,32700
2020-10-12,13650,32800
2020-10-13,13560,32600
2020-10-14,13560,32600
2020-10-15,13690,32900
2020-10-16,13850,33300
2020-10-19,14230,34200
2020-10-20,14310,34400
2020-10-21,14150,34000
2020-10-22,14060,33800
2020-10-23,14350,34500
2020-10-26,15190,36500
2020-10-27,15060,36200
2020-10-28,14400,34600
2020-10-29,14100,33900
2020-10-30,14400,34600
2020-11-02,14560,35000
2020-11-03,14610,33600
2020-11-04,14610,33600
2020-11-05,14400,33100
2020-11-06,14350,33000
2020-11-09,14400,33100
2020-11-10,14310,32900
2020-11-11,14270,32800
2020-11-12,14220,32700
2020-11-13,14180,32600
2020-11-16,14140,32500
2020-11-17,14220,32700
2020-11-18,14220,32700
2020-11-19,14570,33500
2020-11-20,14700,33800
2020-11-23,14700,33800
2020-11-24,14480,33300
2020-11-25,14440,33200
2020-11-26,14700,33800
2020-11-27,15010,34500
2020-11-30,15050,34600
2020-12-01,15050,34600
2020-12-02,14960,34400
2020-12-03,15270,35100
2020-12-04,15700,36100
2020-12-07,16220,37300
2020-12-08,16010,36800
2020-12-09,16010,36800
2020-12-10,15880,36500
2020-12-11,16050,36900
2020-12-14,16050,36900
2020-12-15,15960,36700
2020-12-16,15880,36500
2020-12-17,15830,36400
2020-12-18,15790,36300
2020-12-21,15790,36300
2020-12-22,15790,36300
2020-12-23,15660,36000
2020-12-24,15610,35900
2020-12-25,15660,36000
2020-12-28,15740,36200
2020-12-29,15700,36100
2020-12-30,15660,36000
2020-12-31,15660,36000
2021-01-04,16140,37100
2021-01-05,16180,37200
2021-01-06,15920,36600
2021-01-07,16050,36900
2021-01-08,15920,36600
2021-01-11,16010,36800
2021-01-12,16050,36900
2021-01-13,16790,38600
2021-01-14,16610,38200
2021-01-15,16610,38200
2021-01-18,16270,37400
2021-01-19,15660,36000
2021-01-20,15660,36000
2021-01-21,16050,36900
2021-01-22,15960,36700
2021-01-25,15880,36500
2021-01-26,15660,36000
2021-01-27,15610,35900
2021-01-28,14090,32400
2021-01-29,15010,34500
2021-02-01,14830,34100
2021-02-02,14830,34100
2021-02-03,14960,34400
2021-02-04,14830,34100
2021-02-05,14830,34100
2021-02-08,14790,34000
2021-02-09,14960,34400
2021-02-17,15050,34600
2021-02-18,15660,36000
2021-02-19,15880,36500
2021-02-22,15700,36100
2021-02-23,15740,36200
2021-02-24,15610,35900
2021-02-25,15480,35600
2021-02-26,15570,35800
2021-03-01,15570,35800
2021-03-02,15700,36100
2021-03-03,15660,36000
2021-03-04,15790,36300
2021-03-05,16220,37300
2021-03-08,16220,37300
2021-03-09,16140,37100
2021-03-10,15960,36700
2021-03-11,16090,37000
2021-03-12,15920,36600
2021-03-15,15880,36500
2021-03-16,15790,36300
2021-03-17,15740,36200
2021-03-18,15790,36300
2021-03-19,15830,36400
2021-03-22,15790,36300
2021-03-23,15740,36200
2021-03-24,15610,35900
2021-03-25,15530,35700
2021-03-26,15660,36000
2021-03-29,15790,36300
2021-03-30,15660,36000
2021-03-31,15660,36000
2021-04-01,15740,36200
2021-04-02,15790,36300
2021-04-05,15790,36300
2021-04-06,15740,36200
2021-04-07,15830,36400
2021-04-08,15740,36200
2021-04-09,15740,36200
2021-04-12,15610,35900
2021-04-13,15480,35600
2021-04-14,15480,35600
2021-04-15,15440,35500
2021-04-16,15140,34800
2021-04-19,15090,34700
2021-04-20,15050,34600
2021-04-22,15400,35400
2021-04-23,15270,35100
2021-04-26,15220,35000
2021-04-27,15740,36200
2021-04-28,15310,35200
2021-04-29,15570,35800
2021-05-04,15790,36300
2021-05-05,16350,37600
2021-05-06,16180,37200
2021-05-07,16090,36000
2021-05-10,16540,37000
2021-05-11,16360,36600
2021-05-12,16140,36100
2021-05-13,16090,36000
2021-05-14,16090,36000
2021-05-17,16000,35800
2021-05-18,16760,37500
2021-05-19,17650,39500
2021-05-20,18150,40600
2021-05-21,18730,41900
2021-05-24,19220,43000
2021-05-25,18770,42000
2021-05-26,19580,43800
2021-05-27,20110,45000
2021-05-28,19930,44600
2021-05-31,20200,45200
2021-06-01,19670,44000
2021-06-02,20250,45300
2021-06-03,21190,47400
2021-06-04,20650,46200
2021-06-07,21320,47700
2021-06-08,21010,47000
2021-06-09,21680,48500
2021-06-10,21860,48900
2021-06-11,22080,49400
2021-06-14,22570,50500
2021-06-15,23150,51800
2021-06-16,22620,50600
2021-06-17,23020,51500
2021-06-18,24090,53900
2021-06-21,23510,52600
2021-06-22,23690,53000
2021-06-23,23290,52100
2021-06-24,23110,51700
2021-06-25,23470,52500
2021-06-28,23240,52000
2021-06-29,22660,50700
2021-06-30,22710,50800
2021-07-01,22530,50400
2021-07-02,22440,50200
2021-07-05,22300,49900
2021-07-06,22080,49400
2021-07-07,22880,51200
2021-07-08,22440,50200
2021-07-09,22790,51000
2021-07-12,21360,47800
2021-07-13,22170,49600
2021-07-14,22790,51000
2021-07-15,22790,51000
2021-07-16,22750,50900
2021-07-19,22300,49900
2021-07-20,22660,50700
2021-07-21,23020,51500
2021-07-22,23110,51700
2021-07-23,23110,51700
2021-07-26,23150,51800
2021-07-27,22480,50300
2021-07-28,22120,49500
2021-07-29,22710,50800
2021-07-30,22300,49900
2021-08-02,21680,48500
2021-08-03,22210,49700
2021-08-04,22170,49600
2021-08-05,21860,48900
2021-08-06,21860,48900
2021-08-09,21860,48900
2021-08-10,21990,49200
2021-08-11,22080,49400
2021-08-12,21810,48800
2021-08-13,21680,48500
2021-08-16,23330,52200
2021-08-17,23510,52600
2021-08-18,23640,52900
2021-08-19,22790,51000
2021-08-20,22570,50500
2021-08-23,22660,50700
2021-08-24,22350,50000
2021-08-25,22750,50900
2021-08-26,22710,50800
2021-08-27,22710,50800
2021-08-30,22260,49800
2021-08-31,23240,52000
2021-09-01,23060,51600
2021-09-06,23060,51600
2021-09-07,22790,51000
2021-09-08,22790,51000
2021-09-09,23200,51900
2021-09-14,23060,51600
2021-09-15,23200,51900
2021-09-16,23200,51900
2021-09-17,23240,52000
2021-09-20,23240,52000
2021-09-21,23240,52000
2021-09-22,23110,51700
2021-09-23,22750,50900
2021-09-24,22710,50800
2021-09-27,22260,49800
2021-09-28,24450,54700
2021-09-29,22350,50000
2021-09-30,22660,50700
2021-10-01,22620,50600
2021-10-04,21950,49100
2021-10-05,22350,50000
2021-10-06,22790,51000
2021-10-07,22790,51000
2021-10-08,22620,50600
2021-10-11,22390,50100
2021-10-12,22530,50400
2021-10-13,22880,51200
2021-10-14,22970,51400
2021-10-15,22970,51400
2021-10-18,23020,51500
2021-10-19,22710,50800
2021-10-20,22660,50700
2021-10-21,22710,50800
2021-10-22,22970,51400
2021-10-25,25250,56500
2021-10-26,27670,61900
2021-10-27,27260,61000
2021-10-28,26100,58400
2021-10-29,26370,59000
2021-11-01,26150,58500
2021-11-02,25520,57100
2021-11-03,25520,57100
2021-11-04,25700,56000
2021-11-05,25970,56600
2021-11-08,26020,56700
2021-11-09,26110,56900
2021-11-10,27760,60500
2021-11-11,27530,60000
2021-11-12,27070,59000
2021-11-15,27990,61000
2021-11-16,28820,62800
2021-11-17,29230,63700
2021-11-18,29140,63500
2021-11-19,28450,62000
2021-11-22,27760,60500
2021-11-23,27940,60900
2021-11-24,29370,64000
2021-11-25,29820,65000
2021-11-26,29370,64000
2021-11-29,28950,63100
2021-11-30,29550,64400
2021-12-01,29230,63700
2021-12-02,28820,62800
2021-12-03,28260,61600
2021-12-06,27760,60500
2021-12-07,27990,61000
2021-12-08,27990,61000
2021-12-09,28170,61400
2021-12-10,27990,61000
2021-12-13,27990,61000
2021-12-14,27900,60800
2021-12-15,27850,60700
2021-12-16,27810,60600
2021-12-17,27530,60000
2021-12-20,27350,59600
2021-12-21,26520,57800
2021-12-22,27530,60000
2021-12-23,26800,58400
2021-12-24,26980,58800
2021-12-27,26480,57700
2021-12-28,26610,58000
2021-12-29,27350,59600
2021-12-30,27580,60100
2021-12-31,27530,60000
2022-01-04,27620,60200
2022-01-05,27670,60300
2022-01-06,27530,60000
2022-01-07,28220,61500
2022-01-10,27760,60500
2022-01-11,27850,60700
2022-01-12,27850,60700
2022-01-13,29320,63900
2022-01-14,29550,64400
2022-01-17,29820,65000
2022-01-18,29820,65000
2022-01-19,29550,64400
2022-01-20,29550,64400
2022-01-21,29920,65200
2022-01-24,29180,63600
2022-01-25,29370,64000
2022-01-26,29140,63500
2022-01-27,28910,63000
2022-01-28,31800,69300
2022-02-07,30420,66300
2022-02-08,30190,65800
2022-02-09,30190,65800
2022-02-10,30150,65700
2022-02-11,30830,67200
2022-02-14,29820,65000
2022-02-15,29780,64900
2022-02-16,30050,65500
2022-02-17,29920,65200
2022-02-18,29600,64500
2022-02-21,29500,64300
2022-02-22,29140,63500
2022-02-23,29270,63800
2022-02-24,28450,62000
2022-02-25,28910,63000
2022-02-28,28860,62900
2022-03-01,28360,61800
2022-03-02,28680,62500
2022-03-03,29040,63300
2022-03-04,28770,62700
2022-03-07,28490,62100
2022-03-08,28260,61600
2022-03-09,28220,61500
2022-03-10,28220,61500
2022-03-11,27580,60100
2022-03-14,27260,59400
2022-03-15,29820,65000
2022-03-16,27160,59200
2022-03-17,27530,60000
2022-03-18,27440,59800
2022-03-21,26840,58500
2022-03-22,26980,58800
2022-03-23,27070,59000
2022-03-24,28080,61200
2022-03-25,27760,60500
2022-03-28,26930,58700
2022-03-29,26890,58600
2022-03-30,26980,58800
2022-03-31,26750,58300
2022-04-01,26380,57500
2022-04-04,26380,57500
2022-04-05,26700,58200
2022-04-06,26570,57900
2022-04-07,26060,56800
2022-04-08,25920,56500
2022-04-12,25190,54900
2022-04-13,25240,55000
2022-04-14,25700,56000
2022-04-19,25600,55800
2022-04-20,25240,55000
2022-04-21,24690,53800
2022-04-22,24320,53000
2022-04-25,22480,49000
2022-04-26,22710,49500
2022-04-27,23170,50500
2022-04-28,23130,50400
2022-04-29,24690,53800
2022-05-04,24590,53600
2022-05-05,24730,53900
2022-05-06,24320,53000
2022-05-09,22850,49800
2022-05-10,23130,50400
2022-05-11,22620,49300
2022-05-12,22300,48600
2022-05-13,21570,47000
2022-05-16,21430,46700
2022-05-17,21610,47100
2022-05-18,21900,46700
2022-05-19,21570,46000
2022-05-20,21330,45500
2022-05-23,20910,44600
2022-05-24,20630,44000
2022-05-25,20630,44000
2022-05-26,21470,45800
2022-05-27,21330,45500
2022-05-30,21050,44900
2022-05-31,21010,44800
2022-06-01,20860,44500
2022-06-02,20540,43800
2022-06-03,20540,43800
2022-06-06,20580,43900
2022-06-07,20490,43700
2022-06-08,20400,43500
2022-06-09,20210,43100
2022-06-10,20350,43400
2022-06-13,19690,42000
2022-06-14,19220,41000
2022-06-15,18750,40000
2022-06-16,18240,38900
2022-06-17,18240,38900
2022-06-20,18150,38700
2022-06-21,18100,38600
2022-06-22,17820,38000
2022-06-23,17540,37400
2022-06-24,17400,37100
2022-06-27,17820,38000
2022-06-28,17300,36900
2022-06-29,17580,37500
2022-06-30,17400,37100
2022-07-01,17540,37400
2022-07-04,17720,37800
2022-07-05,17770,37900
2022-07-06,17720,37800
2022-07-07,17680,37700
2022-07-08,17860,38100
2022-07-11,17900,34700
2022-07-12,18210,35300
2022-07-13,18770,36400
2022-07-14,19080,37000
2022-07-15,18820,36500
2022-07-18,19190,37200
2022-07-19,19240,37300
2022-07-20,19860,38500
2022-07-21,21040,40800
2022-07-22,21400,41500
2022-07-25,21200,41100
2022-07-26,20940,40600
2022-07-27,20170,39100
2022-07-28,20110,39000
2022-07-29,20580,39900
2022-08-01,21350,41400
2022-08-02,21200,41100
2022-08-03,21350,41400
2022-08-04,20990,40700
2022-08-05,21090,40900
2022-08-08,20890,40500
2022-08-09,20890,40500
2022-08-10,20990,40700
2022-08-11,20730,40200
2022-08-12,22070,42800
2022-08-15,22690,44000
2022-08-16,22740,44100
2022-08-17,22440,43500
2022-08-18,22590,43800
2022-08-19,22440,43500
2022-08-22,22180,43000
2022-08-23,22440,43500
2022-08-24,22230,43100
2022-08-25,22380,43400
2022-08-26,22330,43300
2022-08-29,22020,42700
2022-08-30,22540,43700
2022-08-31,22590,43800
2022-09-05,22490,43600
2022-09-06,22280,43200
2022-09-07,21560,41800
2022-09-08,21460,41600
2022-09-09,21400,41500
2022-09-12,21400,41500
2022-09-13,20890,40500
2022-09-14,20840,40400
2022-09-15,20890,40500
2022-09-16,20990,40700
2022-09-19,19750,38300
2022-09-20,20110,39000
2022-09-21,20270,39300
2022-09-22,20270,39300
2022-09-23,20270,39300
2022-09-26,19860,38500
2022-09-27,20010,38800
2022-09-28,19750,38300
2022-09-29,19600,38000
2022-09-30,19550,37900
2022-10-03,18620,36100
2022-10-04,18570,36000
2022-10-05,19030,36900
2022-10-06,18930,36700
2022-10-07,18310,35500
2022-10-10,18520,35900
2022-10-11,17790,34500
2022-10-12,18310,35500
2022-10-13,18360,35600
2022-10-14,19340,37500
2022-10-17,19550,37900
2022-10-18,19340,37500
2022-10-19,19340,37500
2022-10-20,19390,37600
2022-10-21,18050,35000
2022-10-24,18150,35200
2022-10-25,18050,35000
2022-10-26,17790,34500
2022-10-27,18410,35700
2022-10-28,18410,35700
2022-10-31,18100,35100
2022-11-01,18720,36300
2022-11-02,18310,35500
2022-11-03,18460,35800
2022-11-04,18260,35400
2022-11-07,18000,34900
2022-11-08,17950,34800
2022-11-09,17950,34800
2022-11-10,16190,31400
2022-11-11,16400,31800
2022-11-14,14960,29000
2022-11-15,14030,27200
2022-11-16,15370,29800
2022-11-17,15990,31000
2022-11-18,15730,30500
2022-11-21,15990,31000
2022-11-22,16140,31300
2022-11-23,16140,31300
2022-11-24,16140,31300
2022-11-25,16660,32300
2022-11-28,17590,34100
2022-11-29,17690,34300
2022-11-30,17640,32700
2022-12-01,17320,32100
2022-12-02,16990,31500
2022-12-05,17750,32900
2022-12-06,17260,32000
2022-12-07,17260,32000
2022-12-08,17260,32000
2022-12-09,17530,32500
2022-12-12,17530,32500
2022-12-13,17370,32200
2022-12-14,17480,32400
2022-12-15,17480,32400
2022-12-16,17420,32300
2022-12-19,17420,32300
2022-12-20,17260,32000
2022-12-21,17210,31900
2022-12-22,17150,31800
2022-12-23,17150,31800
2022-12-26,17260,32000
2022-12-27,17260,32000
2022-12-28,17260,32000
2022-12-29,17370,32200
2022-12-30,17260,32000
2023-01-03,17480,32400
2023-01-04,17480,32400
2023-01-05,17480,32400
2023-01-06,17530,32500
2023-01-09,17420,32300
2023-01-10,17320,32100
2023-01-11,17320,32100
2023-01-12,17420,32300
2023-01-13,17260,32000
2023-01-16,17420,32300
2023-01-17,18340,34000
2023-01-18,18340,34000
2023-01-19,18070,33500
2023-01-27,18120,33600
2023-01-30,18230,33800
2023-01-31,18290,33900
2023-02-01,18070,33500
2023-02-02,17860,33100
2023-02-03,17860,33100
2023-02-06,17800,33000
2023-02-07,17690,32800
2023-02-08,17590,32600
2023-02-09,17420,32300
2023-02-10,17100,31700
2023-02-13,17210,31900
2023-02-14,17100,31700
2023-02-15,17100,31700
2023-02-16,17210,31900
2023-02-17,17260,32000
2023-02-20,17420,32300
2023-02-21,17370,32200
2023-02-22,17370,32200
2023-02-23,17150,31800
2023-02-24,17260,32000
2023-02-27,17260,32000
2023-02-28,17210,31900
2023-03-01,17150,31800
2023-03-02,17260,32000
2023-03-03,17100,31700
2023-03-06,16990,31500
2023-03-07,17100,31700
2023-03-08,17150,31800
2023-03-09,17210,31900
2023-03-10,16990,31500
2023-03-13,16990,31500
2023-03-14,16830,31200
2023-03-15,16880,31300
2023-03-16,16990,31500
2023-03-17,16880,31300
2023-03-20,16610,30800
2023-03-21,16610,30800
2023-03-22,16940,31400
2023-03-23,16780,31100
2023-03-24,16720,31000
2023-03-27,16670,30900
2023-03-28,16670,30900
2023-03-29,16720,31000
2023-03-30,16880,31300
2023-03-31,16830,31200
2023-04-03,16780,31100
2023-04-04,16990,31500
2023-04-05,16990,31500
2023-04-06,17100,31700
2023-04-07,16990,31500
2023-04-10,17050,31600
2023-04-11,17480,32400
2023-04-12,17260,32000
2023-04-13,17370,32200
2023-04-14,17210,31900
2023-04-17,17150,31800
2023-04-18,17260,32000
2023-04-19,17590,32600
2023-04-20,18500,34300
2023-04-21,18830,34900
2023-04-24,18340,34000
2023-04-25,17960,33300
2023-04-26,19310,35800
2023-04-27,19100,35400
2023-04-28,18720,34700
2023-05-04,19370,35900
2023-05-05,19040,35300
2023-05-08,18770,34800
2023-05-09,18880,35000
2023-05-10,19150,35500
2023-05-11,18880,35000
2023-05-12,19150,35500
2023-05-15,18930,35100
2023-05-16,19100,35400
2023-05-17,19200,35600
2023-05-18,19150,35500
2023-05-19,18880,35000
2023-05-22,18880,35000
2023-05-23,18830,34900
2023-05-24,18720,34700
2023-05-25,18990,35200
2023-05-26,18990,35200
2023-05-29,18990,35200
2023-05-30,18990,35200
2023-05-31,19150,35000
2023-06-01,19150,35000
2023-06-02,19370,35400
2023-06-05,19430,35500
2023-06-06,19430,35500
2023-06-07,19540,35700
2023-06-08,19540,35700
2023-06-09,19540,35700
2023-06-12,21450,39200
2023-06-13,21510,39300
2023-06-14,20630,37700
2023-06-15,20470,37400
2023-06-16,20360,37200
2023-06-19,20790,38000
2023-06-20,20740,37900
2023-06-21,20680,37800
2023-06-22,20680,37800
2023-06-23,20570,37600
2023-06-26,21010,38400
2023-06-27,21070,38500
2023-06-28,20680,37800
2023-06-29,20360,37200
2023-06-30,20520,37500
2023-07-03,21120,38600
2023-07-04,21780,39800
2023-07-05,22440,41000
2023-07-06,22160,40500
2023-07-07,23310,42600
2023-07-10,23200,42400
2023-07-11,22600,41300
2023-07-12,23200,42400
2023-07-13,23040,42100
2023-07-14,22980,42000
2023-07-17,23260,42500
2023-07-18,22980,42000
2023-07-19,24020,43900
2023-07-20,23690,43300
2023-07-21,23420,42800
2023-07-24,22980,42000
2023-07-25,23260,42500
2023-07-26,22870,41800
2023-07-27,22710,41500
2023-07-28,22820,41700
2023-07-31,22820,41700
2023-08-01,22650,41400
2023-08-02,22600,41300
2023-08-03,22540,41200
2023-08-04,22930,41900
2023-08-07,22930,41900
2023-08-08,22820,41700
2023-08-09,22980,42000
2023-08-10,23150,42300
2023-08-11,22820,41700
2023-08-14,23040,42100
2023-08-15,22980,42000
2023-08-16,22930,41900
2023-08-17,22760,41600
2023-08-18,21340,39000
2023-08-21,21180,38700
2023-08-22,20960,38300
2023-08-23,20790,38000
2023-08-24,21180,38700
2023-08-25,20790,38000
2023-08-28,20570,37600
2023-08-29,21070,38500
2023-08-30,21230,38800
2023-08-31,21010,38400
2023-09-05,21180,38700
2023-09-06,21830,39900
2023-09-07,21780,39800
2023-09-08,21560,39400
2023-09-11,21290,38900
2023-09-12,21120,38600
2023-09-13,21450,39200
2023-09-14,21560,39400
2023-09-15,21070,38500
2023-09-18,20960,38300
2023-09-20,21010,38400
2023-09-21,21010,38400
2023-09-22,20900,38200
2023-09-25,19590,35800
2023-09-26,19590,35800
2023-09-27,19970,36500
2023-09-28,20190,36900
2023-09-29,19920,36400
2023-10-02,20250,37000
2023-10-03,19750,36100
2023-10-04,20030,36600
2023-10-05,20080,36700
2023-10-06,19590,35800
2023-10-09,19640,35900
2023-10-10,19700,36000
2023-10-11,19700,36000
2023-10-12,19750,36100
2023-10-13,19640,35900
2023-10-16,19480,35600
2023-10-17,19480,35600
2023-10-18,19210,35100
2023-10-19,19100,34900
2023-10-20,19590,35800
2023-10-23,20190,36900
2023-10-24,20190,36900
2023-10-25,20470,37400
2023-10-26,19920,36400
2023-10-30,20140,36800
2023-10-31,20140,36800
2023-11-01,20080,36700
2023-11-02,20470,37400
2023-11-03,20470,37400
2023-11-06,20470,37400
2023-11-07,20250,37000
2023-11-08,20520,37500
2023-11-09,21070,38500
2023-11-10,20900,38200
2023-11-13,20680,37800
2023-11-14,20740,37900
2023-11-15,20680,37800
2023-11-16,20960,38300
2023-11-17,21400,39100
2023-11-20,21120,38600
2023-11-21,21230,38800
2023-11-22,21010,38400
2023-11-23,20900,38200
2023-11-24,20740,37900
2023-11-27,20570,37600
2023-11-28,20520,37500
2023-11-29,20470,37400
2023-11-30,20520,37500
2023-12-01,20570,37600
2023-12-04,20920,36700
2023-12-05,20810,36500
2023-12-06,20750,36400
2023-12-07,21260,37300
2023-12-08,21090,37000
2023-12-11,21040,36900
2023-12-12,21040,36900
2023-12-13,20980,36800
2023-12-14,20810,36500
2023-12-15,20580,36100
2023-12-18,20580,36100
2023-12-19,20580,36100
2023-12-20,20690,36300
2023-12-21,20520,36000
2023-12-22,20860,36600
2023-12-25,21150,37100
2023-12-26,21090,37000
2023-12-27,20860,36600
2023-12-28,22000,38600
2023-12-29,22520,39500
2024-01-02,22460,39400
2024-01-03,22460,39400
2024-01-04,22180,38900
2024-01-05,21950,38500
2024-01-08,22570,39600
2024-01-09,23540,41300
2024-01-10,23490,41200
2024-01-11,23430,41100
2024-01-12,24060,42200
2024-01-15,24400,42800
2024-01-16,24570,43100
2024-01-17,24280,42600
2024-01-18,24680,43300
2024-01-19,24680,43300
2024-01-22,24850,43600
2024-01-23,24460,42900
2024-01-24,24000,42100
2024-01-25,24110,42300
2024-01-26,24800,43500
2024-01-29,24630,43200
2024-01-30,24280,42600
2024-01-31,24800,43500
2024-02-01,24850,43600
2024-02-02,25480,44700
2024-02-05,25370,44500
2024-02-06,25370,44500
2024-02-07,25420,44600
2024-02-15,25310,44400
2024-02-16,25370,44500
2024-02-19,25080,44000
2024-02-20,25080,44000
2024-02-21,24680,43300
2024-02-22,25200,44200
2024-02-23,25080,44000
2024-02-26,26220,46000
2024-02-27,26960,47300
2024-02-28,26740,46900
2024-02-29,26790,47000
2024-03-01,26570,46600
2024-03-04,26510,46500
2024-03-05,26220,46000
2024-03-06,26390,46300
2024-03-07,26050,45700
2024-03-08,26000,45600
2024-03-11,25880,45400
2024-03-12,25880,45400
2024-03-13,26050,45700
2024-03-14,26110,45800
2024-03-15,25710,45100
2024-03-18,24680,43300
2024-03-19,24570,43100
2024-03-20,24800,43500
2024-03-21,24740,43400
2024-03-22,24800,43500
2024-03-25,24400,42800
2024-03-26,24800,43500
2024-03-27,24740,43400
2024-03-28,24680,43300
2024-03-29,24510,43000
2024-04-01,24340,42700
2024-04-02,24280,42600
2024-04-03,24680,43300
2024-04-04,24970,43800
2024-04-05,24340,42700
2024-04-08,23830,41800
2024-04-09,23940,42000
2024-04-10,23710,41600
2024-04-11,23600,41400
2024-04-12,23940,42000
2024-04-15,23090,40500
2024-04-16,22630,39700
2024-04-17,22290,39100
2024-04-19,21720,38100
2024-04-22,21950,38500
2024-04-23,22350,39200
2024-04-24,22750,39900
2024-04-25,22800,40000
2024-04-26,23260,40800
2024-05-02,23540,41300
2024-05-03,23770,41700
2024-05-06,23830,41800
2024-05-07,24110,42300
2024-05-08,24060,42200
2024-05-09,23940,42000
2024-05-10,24060,42200
2024-05-13,24110,42300
2024-05-14,24110,42300
2024-05-15,24230,42500
2024-05-16,24340,42700
2024-05-17,24400,42800
2024-05-20,26790,47000
2024-05-21,27930,49000
2024-05-22,30730,53900
2024-05-23,33750,59200
2024-05-24,35690,62600
2024-05-27,33350,58500
2024-05-28,33350,58500
2024-05-29,33580,58900
2024-05-30,31080,53600
2024-05-31,32180,55500
2024-06-03,32470,56000
2024-06-04,32070,55300
2024-06-05,35200,60700
2024-06-06,34790,60000
2024-06-07,33810,58300
2024-06-10,34210,59000
2024-06-11,33520,57800
2024-06-12,34330,59200
2024-06-13,36240,62500
2024-06-14,37050,63900
2024-06-17,35490,61200
2024-06-18,35840,61800
2024-06-19,35720,61600
2024-06-20,36470,62900
2024-06-21,36070,62200
2024-06-24,32820,56600
2024-06-25,33920,58500
2024-06-26,33920,58500
2024-06-27,34150,58900
2024-06-28,33170,57200
2024-07-01,33690,58100
2024-07-02,33690,58100
2024-07-03,33400,57600
2024-07-04,33630,58000
2024-07-05,35310,60900
2024-07-08,36480,57200
2024-07-09,35970,56400
2024-07-10,36870,57800
2024-07-11,36930,57900
2024-07-12,36480,57200
2024-07-15,36100,56600
2024-07-16,35720,56000
2024-07-17,34890,54700
2024-07-18,36040,56500
2024-07-19,34510,54100
2024-07-22,34950,54800
2024-07-23,34640,54300
2024-07-24,36550,57300
2024-07-25,38910,61000
2024-07-26,39230,61500
2024-07-29,38330,60100
2024-07-30,39870,62500
2024-07-31,39160,61400
2024-08-01,35970,56400
2024-08-02,37440,58700
2024-08-05,35210,55200
2024-08-06,36360,57000
2024-08-07,38840,60900
2024-08-08,38270,60000
2024-08-09,38460,60300
2024-08-12,39420,61800
2024-08-13,39100,61300
2024-08-14,40820,64000
2024-08-15,41140,64500
2024-08-16,45220,70900
2024-08-19,45220,70900
2024-08-20,44460,69700
2024-08-21,44840,70300
2024-08-22,44900,70400
2024-08-23,44270,69400
2024-08-26,43180,67700
2024-08-27,44900,70400
2024-08-28,43950,68900
2024-08-29,43820,68700
2024-08-30,44330,69500
2024-09-04,43310,67900
2024-09-05,42350,66400
2024-09-06,43690,68500
2024-09-09,42930,67300
2024-09-10,43820,68700
2024-09-11,44140,69200
2024-09-12,45730,71700
2024-09-13,45480,71300
2024-09-16,44650,70000
2024-09-17,40820,64000
2024-09-18,40760,63900
2024-09-19,42350,66400
2024-09-20,42350,66400
2024-09-23,41650,65300
2024-09-24,42230,66200
2024-09-25,41780,65500
2024-09-26,41400,64900
2024-09-27,40820,64000
2024-09-30,39100,61300
2024-10-01,38650,60600
2024-10-02,37760,59200
2024-10-03,37890,59400
2024-10-04,38460,60300
2024-10-07,37950,59500
2024-10-08,39230,61500
2024-10-09,38840,60900
2024-10-10,38530,60400
2024-10-11,38720,60700
2024-10-14,38530,60400
2024-10-15,38530,60400
2024-10-16,39550,62000
2024-10-17,40180,63000
2024-10-18,39480,61900
2024-10-21,38080,59700
2024-10-22,38020,59600
2024-10-23,37950,59500
2024-10-24,38020,59600
2024-10-25,37630,59000
2024-10-28,37120,58200
2024-10-29,37630,59000
2024-10-30,37630,59000
2024-10-31,37630,59000
2024-11-01,36870,57800
2024-11-04,35780,56100
2024-11-05,36170,56700
2024-11-06,37510,58800
2024-11-07,37060,58100
2024-11-08,36870,57800
2024-11-11,38210,59900
2024-11-12,37380,58600
2024-11-13,37820,59300
2024-11-14,38780,60800
2024-11-15,38020,59600
2024-11-18,37570,58900
2024-11-19,36480,57200
2024-11-20,36870,57800
2024-11-21,36870,57800
2024-11-22,37190,58300
2024-11-25,37630,59000
2024-11-26,37760,59200
2024-11-27,37310,58500
2024-11-28,38400,60200
2024-11-29,38460,60300
2024-12-02,38400,60200
2024-12-03,39290,61600
2024-12-04,40120,62900
2024-12-05,40820,64000
2024-12-06,41080,64400
2024-12-09,40500,63500
2024-12-10,40570,63600
2024-12-11,40570,63600
2024-12-12,42030,65900
2024-12-13,41460,65000
2024-12-16,41080,64400
2024-12-17,41400,64900
2024-12-18,41010,64300
2024-12-19,40820,64000
2024-12-20,40440,63400
2024-12-23,42930,67300
2024-12-24,42480,66600
2024-12-25,41650,65300
2024-12-26,41650,65300
2024-12-27,41080,64400
2024-12-30,40760,63900
2024-12-31,40820,64000
2025-01-02,41720,65400
2025-01-03,41460,65000
2025-01-06,39500,60500
2025-01-07,39560,60600
2025-01-08,39430,60400
2025-01-09,39370,60300
2025-01-10,37800,57900
2025-01-13,37870,58000
2025-01-14,37670,57700
2025-01-15,38320,58700
2025-01-16,38320,58700
2025-01-17,38710,59300
2025-01-20,38450,58900
2025-01-21,39370,60300
2025-01-22,38650,59200
2025-01-23,39300,60200
2025-01-24,39820,61000
2025-02-04,40410,61900
2025-02-05,40280,61700
2025-02-06,40350,61800
2025-02-07,39820,61000
2025-02-10,38980,59700
2025-02-11,39820,61000
2025-02-12,39560,60600
2025-02-13,39960,61200
2025-02-14,40870,62600
2025-02-17,41650,63800
2025-02-18,41060,62900
2025-02-19,41850,64100
2025-02-20,41780,64000
2025-02-21,42110,64500
2025-02-24,41910,64200
2025-02-25,41460,63500
2025-02-26,42310,64800
2025-02-27,43020,65900
2025-02-28,42240,64700
2025-03-03,41460,63500
2025-03-04,41980,64300
2025-03-05,43280,66300
2025-03-06,43740,67000
2025-03-07,44660,68400
2025-03-10,43870,67200
2025-03-11,45700,70000
2025-03-12,44980,68900
2025-03-13,43280,66300
2025-03-14,42570,65200
2025-03-18,42960,65800
2025-03-19,43150,66100
2025-03-20,44390,68000
2025-03-21,43940,67300
2025-03-24,43280,66300
2025-03-25,43810,67100
2025-03-26,44130,67600
2025-03-27,44070,67500
2025-03-28,44260,67800
2025-03-31,43090,66000
2025-04-01,43680,66900
2025-04-02,44070,67500
2025-04-03,39690,60800
2025-04-04,39170,60000
2025-04-08,35250,54000
2025-04-09,35650,54600
2025-04-10,39170,60000
2025-04-11,40150,61500
2025-04-14,41000,62800
2025-04-15,40800,62500
2025-04-16,41720,63900
2025-04-17,42760,65500
2025-04-18,42760,65500
2025-04-21,44390,68000
2025-04-22,44390,68000
2025-04-23,46220,70800
2025-04-24,47460,72700
2025-04-25,46480,71200
2025-04-28,47010,72000
2025-04-29,47400,72600
2025-05-05,48250,73900
2025-05-06,48120,73700
2025-05-07,47530,72800
2025-05-08,46220,70800
2025-05-09,46610,71400
2025-05-12,46610,71400
2025-05-13,47460,72700
2025-05-14,47140,72200
2025-05-15,46220,70800
2025-05-16,47200,72300
2025-05-19,47530,72800
2025-05-20,47010,72000
2025-05-21,47660,73000
2025-05-22,47720,73100
2025-05-23,50140,76800
2025-05-26,50070,76700
2025-05-27,50270,77000
2025-05-28,48830,74800
2025-05-29,48770,74700
2025-05-30,49160,75300
2025-06-02,48380,74100
2025-06-03,49550,75900
2025-06-04,49290,75500
2025-06-05,49290,75500
2025-06-06,48960,75000
2025-06-09,47850,73300
2025-06-10,48510,74300
2025-06-11,48570,74400
2025-06-12,48640,74500
2025-06-13,49560,74900
2025-06-16,52410,79200
2025-06-17,53600,81000
2025-06-18,52610,79500
2025-06-19,52870,79900
2025-06-20,51280,77500
2025-06-23,50560,76400
2025-06-24,50030,75600
2025-06-25,50420,76200
2025-06-26,51350,77600
2025-06-27,51380,64700
2025-06-30,52010,65500
2025-07-01,51380,64700
2025-07-02,51540,64900
2025-07-03,50900,64100
2025-07-04,51220,64500
2025-07-07,52010,65500
2025-07-08,53600,67500
2025-07-09,52970,66700
2025-07-10,52250,65800
2025-07-11,52890,66600
2025-07-14,52330,65900
2025-07-15,51930,65400
2025-07-16,52410,66000
2025-07-17,54400,68500
2025-07-18,54710,68900
2025-07-21,54710,68900
2025-07-22,53680,67600
2025-07-23,54790,69000
2025-07-24,55590,70000
2025-07-25,54790,69000
2025-07-28,54240,68300
2025-07-29,51780,65200
2025-07-30,51780,65200
2025-07-31,51780,65200
2025-08-01,51930,65400
2025-08-04,52170,65700
2025-08-05,51620,65000
2025-08-06,51620,65000
2025-08-07,51930,65400
2025-08-08,51780,65200
2025-08-11,52650,66300
2025-08-12,52090,65600
2025-08-13,51700,65100
2025-08-14,51220,64500
2025-08-15,50190,63200
2025-08-18,50660,63800
2025-08-19,49790,62700
2025-08-20,48440,61000
2025-08-21,47410,59700
2025-08-22,47880,60300
2025-08-25,48440,61000
2025-08-26,48600,61200
2025-08-27,49230,62000
2025-08-28,48840,61500
2025-08-29,48680,61300
2025-09-03,50900,64100
2025-09-04,51460,64800
2025-09-05,50190,63200
2025-09-08,49470,62300
2025-09-09,49870,62800
2025-09-10,49950,62900
2025-09-11,49950,62900
2025-09-12,51620,65000
2025-09-15,53210,67000
2025-09-16,52490,66100
2025-09-17,51930,65400
2025-09-18,51780,65200
2025-09-19,51860,65300
2025-09-22,51140,64400
2025-09-23,49870,62800
2025-09-24,49390,62200
2025-09-25,49160,61900
2025-09-26,49390,62200
2025-09-29,49230,62000
2025-09-30,49390,62200
2025-10-01,49710,62600
2025-10-02,50190,63200
2025-10-03,49390,62200
2025-10-06,50740,63900
2025-10-07,50030,63000
2025-10-08,49710,62600
2025-10-09,50740,63900
2025-10-10,50510,63600
2025-10-13,50030,63000
2025-10-14,50030,63000
2025-10-15,50030,63000
2025-10-16,51700,65100
2025-10-17,52890,66600
2025-10-20,50190,63200
2025-10-21,51930,65400
2025-10-22,52490,66100
2025-10-23,53130,66900
2025-10-24,52410,66000
2025-10-27,51220,64500
2025-10-28,52330,65900
2025-10-29,51540,64900
2025-10-30,51460,64800
2025-10-31,50820,64000
2025-11-03,50030,63000
2025-11-04,50190,63200
2025-11-05,50030,63000
2025-11-06,51220,64500
2025-11-07,50030,63000
2025-11-10,49390,62200
2025-11-11,49310,62100
2025-11-12,49790,62700
2025-11-13,50430,63500
2025-11-14,50660,63800
2025-11-17,50430,63500
2025-11-18,50190,63200
2025-11-19,50820,64000
2025-11-20,51620,65000
2025-11-21,50820,64000
2025-11-24,50510,63600
2025-11-25,49710,62600
2025-11-26,50110,63100
2025-11-27,50430,63500
2025-11-28,50820,64000
2025-12-01,51220,64500
2025-12-02,50980,64200
2025-12-03,51220,64500
2025-12-04,51220,64500
2025-12-05,51060,64300
2025-12-08,50740,63900
2025-12-09,50580,63700
2025-12-10,50510,63600
2025-12-11,52170,65700
2025-12-12,51620,65000
2025-12-15,50270,63300
2025-12-16,50580,63700
2025-12-17,52010,65500
2025-12-18,51540,64900
2025-12-19,50820,64000
2025-12-22,51220,64500
2025-12-23,50980,64200
2025-12-24,50660,63800
2025-12-25,50580,63700
2025-12-26,50110,63100
2025-12-29,50430,63500
2025-12-30,50350,63400
2025-12-31,52330,65900
2026-01-05,50740,63900
2026-01-06,50580,63700
2026-01-07,51380,64700
2026-01-08,52650,66300
2026-01-09,52250,65800
2026-01-12,54120,66600
2026-01-13,54610,67200
2026-01-14,60050,73900
2026-01-15,59160,72800
2026-01-16,58180,71600
2026-01-19,57290,70500
2026-01-20,53960,66400
2026-01-21,51930,63900
2026-01-22,52010,64000
2026-01-23,51680,63600
2026-01-26,50460,62100
2026-01-27,51280,63100
2026-01-28,51200,63000
2026-02-02,51030,62800
2026-02-03,52820,65000
2026-02-04,52660,64800
2026-02-05,51280,63100
2026-02-06,50950,62700
2026-02-09,51520,63400
2026-02-10,51110,62900
2026-02-11,51110,62900
2026-02-12,51200,63000
2026-02-13,51280,63100
2026-02-23,51520,63400
2026-02-24,52580,64700
2026-02-25,52660,64800
2026-02-26,51600,63500
2026-02-27,51680,63600
2026-03-02,51760,63700
2026-03-03,52010,64000
2026-03-04,51280,63100
2026-03-05,50870,62600
2026-03-06,50550,62200
2026-03-09,45510,56000
2026-03-10,46320,57000
2026-03-11,48270,59400
2026-03-12,47300,58200
2026-03-13,46970,57800
2026-03-16,47050,57900
2026-03-17,47210,58100
2026-03-18,47300,58200
2026-03-19,46650,57400
2026-03-20,46650,57400
2026-03-23,44290,54500
2026-03-24,44610,54900
2026-03-25,45510,56000
2026-03-26,44450,54700
2026-03-27,45100,55500
2026-03-30,44690,55000
2026-03-31,45590,56100
2026-04-01,46560,57300
2026-04-02,45670,56200
2026-04-03,45340,55800
2026-04-06,44690,55000
2026-04-07,45180,55600
2026-04-08,46160,56800
2026-04-09,45910,56500
2026-04-10,46400,57100
2026-04-13,46320,57000
2026-04-14,48270,59400
2026-04-15,48030,59100
2026-04-16,48110,59200
2026-04-17,48680,59900
2026-04-20,49570,61000
2026-04-21,49900,61400
2026-04-22,49730,61200
2026-04-23,48840,60100
2026-04-24,48030,59100
2026-04-28,48110,59200
2026-04-29,47540,58500
2026-05-04,47780,58800
2026-05-05,49160,60500
2026-05-06,48840,60100
2026-05-07,50380,62000
2026-05-08,49650,61100
2026-05-11,50060,61600
2026-05-12,50140,61700
2026-05-13,50140,61700
2026-05-14,50300,61900
2026-05-15,50380,62000
2026-05-18,50140,61700
2026-05-19,49650,61100
2026-05-20,48840,60100
2026-05-21,49730,61200
2026-05-22,49250,60600
2026-05-25,49250,60600
2026-05-26,49330,59200
2026-05-27,50750,60900
2026-05-28,50080,60100
2026-05-29,50080,60100
2026-06-01,49750,59700
2026-06-02,49330,59200
2026-06-03,49660,59600
2026-06-04,49410,59300
2026-06-05,50250,60300
2026-06-08,49910,59900
2026-06-09,49580,59500
2026-06-10,50000,50000
2026-06-11,50000,50000
2026-06-12,49900,49900
2026-06-15,49900,49900
2026-06-16,49900,49900
2026-06-17,50200,50200
2026-06-18,50800,50800
2026-06-19,50900,50900
2026-06-22,51100,51100
2026-06-23,50300,50300
2026-06-24,50800,50800
2026-06-25,50700,50700
2026-06-26,50800,50800
2026-06-29,50300,50300
2026-06-30,50300,50300
2026-07-01,50400,50400
2026-07-02,50800,50800
2026-07-03,50600,50600
2026-07-06,49800,49800
2026-07-07,49800,49800
2026-07-08,49700,49700
2026-07-09,49300,49300
2026-07-10,49000,49000
2026-07-13,48500,48500
2026-07-14,49000,49000
2026-07-15,48100,48100
2026-07-16,48200,48200
2026-07-17,49100,49100
2026-07-20,48000,48000
2026-07-21,48200,48200
2026-07-22,47600,47600
2026-07-23,48400,48400
2026-07-24,48500,48500
2026-07-27,48400,48400
2026-07-28,48600,48600
2026-07-29,48600,48600
2026-07-30,48400,48400
2026-07-31,47900,47900
2026-08-03,48600,48600
2026-08-04,49200,49200
2026-08-05,48700,48700
2026-08-06,48300,48300
2026-08-07,48700,48700
2026-08-10,49000,49000
2026-08-11,48200,48200
2026-08-12,48800,48800
2026-08-13,51800,51800
2026-08-14,52300,52300
2026-08-17,50900,50900
2026-08-18,51900,51900
2026-08-19,50500,50500
2026-08-20,50800,50800
2026-08-21,51000,51000
2026-08-24,50800,50800
2026-08-25,50400,50400
2026-08-26,50400,50400
2026-08-27,50400,50400
2026-08-28,50100,50100
2026-09-03,50100,50100
2026-09-04,50100,50100
2026-09-07,51500,51500
2026-09-08,51200,51200
2026-09-09,52300,52300
2026-09-10,55100,55100
