date,adjusted_price,unadjusted_price
2007-01-02,5830,128000
2007-01-03,6100,134000
2007-01-04,6370,140000
2007-01-05,6690,147000
2007-01-08,6600,145000
2007-01-09,6920,152000
2007-01-10,7240,159000
2007-01-11,7560,166000
2007-01-12,7920,174000
2007-01-15,8280,182000
2007-01-16,8330,183000
2007-01-17,7920,174000
2007-01-18,8280,182000
2007-01-19,8690,191000
2007-01-22,8380,184000
2007-01-23,8790,193000
2007-01-24,8650,190000
2007-01-25,8690,191000
2007-01-26,8690,191000
2007-01-29,9100,200000
2007-01-30,9560,210000
2007-01-31,9790,215000
2007-02-01,9560,210000
2007-02-02,10010,220000
2007-02-05,9600,211000
2007-02-06,10060,221000
2007-02-07,10060,221000
2007-02-08,9560,210000
2007-02-09,9560,210000
2007-02-12,10010,220000
2007-02-13,10240,225000
2007-02-14,10740,236000
2007-02-15,11240,247000
2007-02-26,11790,259000
2007-02-27,12340,271000
2007-02-28,12880,283000
2007-03-01,12880,283000
2007-03-02,12750,280000
2007-03-05,12970,285000
2007-03-06,12520,275000
2007-03-07,12340,271000
2007-03-08,12650,278000
2007-03-09,12560,276000
2007-03-12,12750,280000
2007-03-13,12650,278000
2007-03-14,12290,270000
2007-03-15,11740,258000
2007-03-16,12290,270000
2007-03-19,12750,280000
2007-03-20,12470,274000
2007-03-21,12750,280000
2007-03-22,12650,278000
2007-03-23,12750,280000
2007-03-26,12520,275000
2007-03-27,11970,263000
2007-03-28,12560,276000
2007-03-29,12970,285000
2007-03-30,12700,279000
2007-04-02,12110,266000
2007-04-03,11840,260000
2007-04-04,12240,269000
2007-04-05,11970,263000
2007-04-06,11740,258000
2007-04-09,11740,258000
2007-04-10,11560,254000
2007-04-11,11380,250000
2007-04-12,10920,240000
2007-04-13,10700,235000
2007-04-16,10200,224000
2007-04-17,10330,227000
2007-04-18,10830,238000
2007-04-19,10470,230000
2007-04-20,10420,229000
2007-04-23,9920,218000
2007-04-24,9790,215000
2007-04-25,10240,225000
2007-05-02,10700,235000
2007-05-03,10650,234000
2007-05-04,10560,232000
2007-05-07,11060,243000
2007-05-08,11610,170000
2007-05-09,11950,175000
2007-05-10,11610,170000
2007-05-11,11950,175000
2007-05-14,12020,176000
2007-05-15,11740,172000
2007-05-16,11610,170000
2007-05-17,11740,172000
2007-05-18,11740,172000
2007-05-21,11740,172000
2007-05-22,11810,173000
2007-05-23,12020,176000
2007-05-24,11740,172000
2007-05-25,11950,175000
2007-05-28,11810,173000
2007-05-29,11680,171000
2007-05-30,11540,169000
2007-05-31,11610,170000
2007-06-01,11400,167000
2007-06-04,11200,164000
2007-06-05,10720,157000
2007-06-06,11200,164000
2007-06-07,11200,164000
2007-06-08,11060,162000
2007-06-11,10860,159000
2007-06-12,10920,160000
2007-06-13,10990,161000
2007-06-14,10920,160000
2007-06-15,10860,159000
2007-06-18,10860,159000
2007-06-19,10860,159000
2007-06-20,10860,159000
2007-06-21,10790,158000
2007-06-22,10650,156000
2007-06-25,10510,154000
2007-06-26,10580,155000
2007-06-27,10510,154000
2007-06-28,10380,152000
2007-06-29,10240,150000
2007-07-02,9830,144000
2007-07-03,9630,141000
2007-07-04,10100,148000
2007-07-05,9760,143000
2007-07-06,9900,145000
2007-07-09,9830,144000
2007-07-10,10310,151000
2007-07-11,10380,152000
2007-07-12,10170,149000
2007-07-13,10240,150000
2007-07-16,9970,146000
2007-07-17,10040,147000
2007-07-18,9970,146000
2007-07-19,9970,146000
2007-07-20,9900,145000
2007-07-23,9760,143000
2007-07-24,9560,140000
2007-07-25,9490,139000
2007-07-26,9290,136000
2007-07-27,9290,136000
2007-07-30,9080,133000
2007-07-31,8670,127000
2007-08-01,9080,133000
2007-08-02,8940,131000
2007-08-03,8670,127000
2007-08-06,8670,127000
2007-08-07,8880,130000
2007-08-08,8880,130000
2007-08-09,9290,136000
2007-08-10,9220,135000
2007-08-13,8880,130000
2007-08-14,9080,133000
2007-08-15,8940,131000
2007-08-16,8810,129000
2007-08-17,8810,129000
2007-08-20,8940,131000
2007-08-21,8940,131000
2007-08-22,8940,131000
2007-08-23,8880,130000
2007-08-24,9080,133000
2007-08-27,9010,132000
2007-08-28,9010,132000
2007-08-29,8940,131000
2007-08-30,8940,131000
2007-08-31,9010,132000
2007-09-04,9350,137000
2007-09-05,9290,136000
2007-09-06,9290,136000
2007-09-07,9220,135000
2007-09-10,9220,135000
2007-09-11,9080,133000
2007-09-12,9010,132000
2007-09-13,9010,132000
2007-09-14,9080,133000
2007-09-17,9080,133000
2007-09-18,9150,134000
2007-09-19,9420,138000
2007-09-20,9830,144000
2007-09-21,9700,142000
2007-09-24,10170,149000
2007-09-25,10380,152000
2007-09-26,10380,152000
2007-09-27,10240,150000
2007-09-28,10510,154000
2007-10-01,10990,161000
2007-10-02,10920,160000
2007-10-03,10990,161000
2007-10-04,10860,159000
2007-10-05,10650,156000
2007-10-08,10580,155000
2007-10-09,10790,158000
2007-10-10,10790,158000
2007-10-11,10720,157000
2007-10-12,10720,157000
2007-10-15,10860,159000
2007-10-16,10860,159000
2007-10-17,10920,160000
2007-10-18,10920,160000
2007-10-19,10920,160000
2007-10-22,10920,160000
2007-10-23,10790,158000
2007-10-24,10860,159000
2007-10-25,10790,158000
2007-10-26,10720,157000
2007-10-29,10510,154000
2007-10-30,10450,153000
2007-10-31,10380,152000
2007-11-01,10450,153000
2007-11-02,10380,152000
2007-11-05,10100,148000
2007-11-06,10040,147000
2007-11-07,10040,147000
2007-11-08,9900,145000
2007-11-09,9700,142000
2007-11-12,9490,139000
2007-11-13,9290,136000
2007-11-14,9700,142000
2007-11-15,9700,142000
2007-11-16,9700,142000
2007-11-19,9700,142000
2007-11-20,9630,141000
2007-11-21,9490,139000
2007-11-22,9560,140000
2007-11-23,9560,140000
2007-11-26,9760,143000
2007-11-27,9700,142000
2007-11-28,9700,142000
2007-11-29,9700,142000
2007-11-30,9700,142000
2007-12-03,9900,145000
2007-12-04,10100,148000
2007-12-05,9700,142000
2007-12-06,9760,143000
2007-12-07,9900,145000
2007-12-10,9700,142000
2007-12-11,9490,139000
2007-12-12,9630,141000
2007-12-13,9490,139000
2007-12-14,9420,138000
2007-12-17,9290,136000
2007-12-18,9220,135000
2007-12-19,9560,140000
2007-12-20,9350,137000
2007-12-21,9490,139000
2007-12-24,9420,138000
2007-12-25,9350,137000
2007-12-26,9350,137000
2007-12-27,9290,136000
2007-12-28,9350,137000
2008-01-02,9220,135000
2008-01-03,9080,133000
2008-01-04,9150,134000
2008-01-07,8940,131000
2008-01-08,9080,133000
2008-01-09,8940,131000
2008-01-10,8810,129000
2008-01-11,8880,130000
2008-01-14,8600,126000
2008-01-15,8260,121000
2008-01-16,8670,127000
2008-01-17,8530,125000
2008-01-18,8600,126000
2008-01-21,8530,125000
2008-01-22,8330,122000
2008-01-23,8060,118000
2008-01-24,7850,115000
2008-01-25,7920,116000
2008-01-28,8060,118000
2008-01-29,8400,123000
2008-01-30,8810,129000
2008-01-31,8880,130000
2008-02-01,9010,132000
2008-02-12,8670,127000
2008-02-13,8470,124000
2008-02-14,8470,124000
2008-02-15,8400,123000
2008-02-18,7990,117000
2008-02-19,7990,117000
2008-02-20,7650,112000
2008-02-21,7310,107000
2008-02-22,6960,102000
2008-02-25,7170,105000
2008-02-26,6830,100000
2008-02-27,6490,95000
2008-02-28,6210,91000
2008-02-29,5910,86500
2008-03-03,5630,82500
2008-03-04,5360,78500
2008-03-05,5120,75000
2008-03-06,5360,78500
2008-03-07,5600,82000
2008-03-10,5670,83000
2008-03-11,5390,79000
2008-03-12,5390,79000
2008-03-13,5390,79000
2008-03-14,5330,78000
2008-03-17,5090,74500
2008-03-18,4850,71000
2008-03-19,4610,67500
2008-03-20,4400,64500
2008-03-21,4200,61500
2008-03-24,3990,58500
2008-03-25,3820,56000
2008-03-26,3650,53500
2008-03-27,3690,54000
2008-03-28,3720,54500
2008-03-31,3760,55000
2008-04-01,3790,55500
2008-04-02,3820,56000
2008-04-03,3860,56500
2008-04-04,3890,57000
2008-04-07,3960,58000
2008-04-08,4030,59000
2008-04-09,3960,58000
2008-04-10,3890,57000
2008-04-11,3820,56000
2008-04-16,3760,55000
2008-04-17,3820,56000
2008-04-18,3760,55000
2008-04-21,3690,54000
2008-04-22,3620,53000
2008-04-23,3550,52000
2008-04-24,3480,51000
2008-04-25,3410,50000
2008-04-28,3350,49000
2008-04-29,3280,48100
2008-05-05,3220,47200
2008-05-06,3160,46300
2008-05-07,3100,45400
2008-05-08,3040,44500
2008-05-09,2980,43700
2008-05-12,2930,42900
2008-05-13,2870,42100
2008-05-14,2820,41300
2008-05-15,2770,40500
2008-05-16,2710,39700
2008-05-19,2660,39000
2008-05-20,2620,38300
2008-05-21,2570,37600
2008-05-22,2520,36900
2008-05-23,2470,36200
2008-05-26,2420,35500
2008-05-27,2420,35500
2008-05-28,2420,35500
2008-05-29,2420,35500
2008-05-30,2380,34800
2008-06-02,2340,34200
2008-06-03,2290,33600
2008-06-04,2250,33000
2008-06-05,2210,32400
2008-06-06,2170,31800
2008-06-09,2130,31200
2008-06-10,2090,30600
2008-06-11,2050,30000
2008-06-12,2010,29400
2008-06-13,1970,28900
2008-06-16,2010,29400
2008-06-17,2040,29900
2008-06-18,2010,29400
2008-06-19,1950,28600
2008-06-20,1900,27800
2008-06-23,1840,27000
2008-06-24,1790,26200
2008-06-25,1800,26400
2008-06-26,1780,26000
2008-06-27,1820,26700
2008-06-30,1880,27500
2008-07-01,1930,28300
2008-07-02,1990,29100
2008-07-03,2040,29900
2008-07-04,2100,30700
2008-07-07,2030,29800
2008-07-08,2090,30600
2008-07-09,2140,31400
2008-07-10,2210,32300
2008-07-11,2270,33200
2008-07-14,2330,34100
2008-07-15,2400,35100
2008-07-16,2460,36100
2008-07-17,2530,37100
2008-07-18,2460,36100
2008-07-21,2400,35100
2008-07-22,2330,34100
2008-07-23,2260,33100
2008-07-24,2200,32200
2008-07-25,2140,31300
2008-07-28,2080,30400
2008-07-29,2140,31300
2008-07-30,2200,32200
2008-07-31,2260,33100
2008-08-01,2320,34000
2008-08-04,2360,34600
2008-08-05,2290,33600
2008-08-06,2360,34600
2008-08-07,2320,34000
2008-08-08,2390,35000
2008-08-11,2460,36000
2008-08-12,2530,37000
2008-08-13,2600,27200
2008-08-14,2680,28000
2008-08-15,2750,28800
2008-08-18,2890,30200
2008-08-19,3030,31700
2008-08-20,3170,33200
2008-08-21,3330,34800
2008-08-22,3490,36500
2008-08-25,3660,38300
2008-08-26,3840,40200
2008-08-27,4030,42200
2008-08-28,4230,44300
2008-08-29,4440,46500
2008-09-03,4660,48800
2008-09-04,4870,51000
2008-09-05,5110,53500
2008-09-08,5020,52500
2008-09-09,4770,49900
2008-09-10,4590,48000
2008-09-11,4360,45600
2008-09-12,4150,43400
2008-09-15,4160,43500
2008-09-16,3960,41400
2008-09-17,3770,39400
2008-09-18,3580,37500
2008-09-19,3760,39300
2008-09-22,3940,41200
2008-09-23,3940,41200
2008-09-24,3920,41000
2008-09-25,4110,43000
2008-09-26,4210,44000
2008-09-29,4010,42000
2008-09-30,3810,39900
2008-10-01,3750,39200
2008-10-02,3820,40000
2008-10-03,3700,38700
2008-10-06,3520,36800
2008-10-07,3350,35000
2008-10-08,3180,33300
2008-10-09,3030,31700
2008-10-10,2890,30200
2008-10-13,2740,28700
2008-10-14,2880,30100
2008-10-15,2920,30500
2008-10-16,2770,29000
2008-10-17,2690,28100
2008-10-20,2550,26700
2008-10-21,2680,28000
2008-10-22,2760,28900
2008-10-23,2640,27600
2008-10-24,2550,26700
2008-10-27,2430,25400
2008-10-28,2310,24200
2008-10-29,2390,25000
2008-10-30,2440,25500
2008-10-31,2550,26700
2008-11-03,2440,25500
2008-11-04,2550,26700
2008-11-05,2680,28000
2008-11-06,2710,28400
2008-11-07,2580,27000
2008-11-10,2570,26900
2008-11-11,2450,25600
2008-11-12,2330,24400
2008-11-13,2330,24400
2008-11-14,2390,25000
2008-11-17,2280,23900
2008-11-18,2280,23900
2008-11-19,2210,23100
2008-11-20,2160,22600
2008-11-21,2180,22800
2008-11-24,2180,22800
2008-11-25,2250,23500
2008-11-26,2140,22400
2008-11-27,2060,21600
2008-11-28,2160,22600
2008-12-01,2260,23600
2008-12-02,2180,22800
2008-12-03,2160,22600
2008-12-04,2190,22900
2008-12-05,2130,22300
2008-12-08,2060,21600
2008-12-09,2150,22500
2008-12-10,2050,21400
2008-12-11,2050,21400
2008-12-12,2120,22200
2008-12-15,2190,22900
2008-12-16,2100,22000
2008-12-17,2120,22200
2008-12-18,2130,22300
2008-12-19,2160,22600
2008-12-22,2130,22300
2008-12-23,2060,21500
2008-12-24,2030,21200
2008-12-25,2010,21000
2008-12-26,2010,21000
2008-12-29,1960,20500
2008-12-30,2010,21000
2008-12-31,1990,20800
2009-01-02,2000,20900
2009-01-05,2050,21400
2009-01-06,2140,22400
2009-01-07,2250,23500
2009-01-08,2260,23600
2009-01-09,2200,23000
2009-01-12,2140,22400
2009-01-13,2080,21800
2009-01-14,2080,21800
2009-01-15,2060,21600
2009-01-16,2070,21700
2009-01-19,2070,21700
2009-01-20,2050,21400
2009-01-21,2060,21500
2009-01-22,2070,21700
2009-01-23,2100,22000
2009-02-02,2010,21000
2009-02-03,1930,20200
2009-02-04,1950,20400
2009-02-05,1910,20000
2009-02-06,1990,20800
2009-02-09,2060,21600
2009-02-10,1970,20600
2009-02-11,1870,19600
2009-02-12,1790,18700
2009-02-13,1800,18800
2009-02-16,1830,19100
2009-02-17,1790,18700
2009-02-18,1730,18100
2009-02-19,1760,18400
2009-02-20,1760,18400
2009-02-23,1670,17500
2009-02-24,1600,16700
2009-02-25,1670,17500
2009-02-26,1630,17100
2009-02-27,1630,17100
2009-03-02,1630,17100
2009-03-03,1620,16900
2009-03-04,1620,17000
2009-03-05,1630,17100
2009-03-06,1630,17100
2009-03-09,1630,17100
2009-03-10,1660,17400
2009-03-11,1740,18200
2009-03-12,1670,17500
2009-03-13,1750,18300
2009-03-16,1840,19200
2009-03-17,1920,20100
2009-03-18,2020,21100
2009-03-19,2100,22000
2009-03-20,2140,22400
2009-03-23,2040,21300
2009-03-24,2130,22300
2009-03-25,2240,23400
2009-03-26,2340,24500
2009-03-27,2460,25700
2009-03-30,2410,25200
2009-03-31,2320,24300
2009-04-01,2440,25500
2009-04-02,2550,26700
2009-04-03,2680,28000
2009-04-07,2810,29400
2009-04-08,2880,30100
2009-04-09,3000,31400
2009-04-10,3140,32900
2009-04-13,3300,34500
2009-04-14,3460,36200
2009-04-15,3490,36500
2009-04-16,3660,38300
2009-04-17,3480,36400
2009-04-20,3310,34600
2009-04-21,3140,32900
2009-04-22,3080,32200
2009-04-23,2920,30600
2009-04-24,2780,29100
2009-04-27,2720,28500
2009-04-28,2860,29900
2009-04-29,2990,31300
2009-05-04,3140,32800
2009-05-05,3290,34400
2009-05-06,3350,35000
2009-05-07,3510,36700
2009-05-08,3680,38500
2009-05-11,3730,39000
2009-05-12,3910,40900
2009-05-13,3720,38900
2009-05-14,3900,40800
2009-05-15,4090,42800
2009-05-18,4290,44900
2009-05-19,4500,47100
2009-05-20,4710,49300
2009-05-21,4490,47000
2009-05-22,4440,46500
2009-05-25,4660,48800
2009-05-26,4750,49700
2009-05-27,4620,48300
2009-05-28,4390,45900
2009-05-29,4380,45800
2009-06-01,4590,48000
2009-06-02,4770,49900
2009-06-03,4680,49000
2009-06-04,4770,49900
2009-06-05,4970,52000
2009-06-08,5210,54500
2009-06-09,5110,53500
2009-06-10,4870,51000
2009-06-11,5110,53500
2009-06-12,4970,52000
2009-06-15,4720,49400
2009-06-16,4490,47000
2009-06-17,4270,44700
2009-06-18,4310,45100
2009-06-19,4320,45200
2009-06-22,4110,43000
2009-06-23,3910,40900
2009-06-24,4100,42900
2009-06-25,4010,42000
2009-06-26,4120,43100
2009-06-29,4120,43100
2009-06-30,3920,41000
2009-07-01,3730,39000
2009-07-02,3690,38600
2009-07-03,3710,38800
2009-07-06,3890,40700
2009-07-07,3840,40200
2009-07-08,3800,39800
2009-07-09,3760,39300
2009-07-10,3710,38800
2009-07-13,3540,37000
2009-07-14,3470,36300
2009-07-15,3540,37000
2009-07-16,3670,38400
2009-07-17,3580,37500
2009-07-20,3420,35800
2009-07-21,3560,37200
2009-07-22,3590,37600
2009-07-23,3770,39400
2009-07-24,3950,41300
2009-07-27,4140,43300
2009-07-28,4340,45400
2009-07-29,4310,45100
2009-07-30,4210,44000
2009-07-31,4360,45600
2009-08-03,4280,44800
2009-08-04,4300,45000
2009-08-05,4300,45000
2009-08-06,4510,47200
2009-08-07,4510,47200
2009-08-10,4620,48300
2009-08-11,4560,47700
2009-08-12,4780,49300
2009-08-13,5000,51500
2009-08-14,4850,50000
2009-08-17,4680,48200
2009-08-18,4630,47700
2009-08-19,4750,49000
2009-08-20,4750,49000
2009-08-21,4750,49000
2009-08-24,4790,49400
2009-08-25,4750,49000
2009-08-26,4700,48500
2009-08-27,4700,48500
2009-08-28,4750,49000
2009-08-31,4820,49700
2009-09-01,4730,48800
2009-09-03,4620,47600
2009-09-04,4470,46100
2009-09-07,4700,48400
2009-09-08,4660,48000
2009-09-09,4590,47300
2009-09-10,4560,47000
2009-09-11,4560,47000
2009-09-14,4720,48700
2009-09-15,4800,49500
2009-09-16,4710,48600
2009-09-17,4670,48100
2009-09-18,4900,50500
2009-09-21,4900,50500
2009-09-22,4850,50000
2009-09-23,5090,52500
2009-09-24,5240,54000
2009-09-25,5480,56500
2009-09-28,5720,59000
2009-09-29,5480,56500
2009-09-30,5340,55000
2009-10-01,5090,52500
2009-10-02,4950,51000
2009-10-05,4840,49900
2009-10-06,4810,49600
2009-10-07,5040,52000
2009-10-08,5090,52500
2009-10-09,5240,54000
2009-10-12,5340,55000
2009-10-13,5190,53500
2009-10-14,5430,56000
2009-10-15,5680,58500
2009-10-16,5480,56500
2009-10-19,5430,56000
2009-10-20,5580,57500
2009-10-21,5630,58000
2009-10-22,5870,60500
2009-10-23,5820,60000
2009-10-26,5580,57500
2009-10-27,5430,56000
2009-10-28,5340,55000
2009-10-29,5140,53000
2009-10-30,5190,53500
2009-11-02,4950,51000
2009-11-03,4700,48500
2009-11-04,4670,48100
2009-11-05,4900,50500
2009-11-06,4850,50000
2009-11-09,4610,47500
2009-11-10,4610,47500
2009-11-11,4810,49600
2009-11-12,4900,50500
2009-11-13,4950,51000
2009-11-16,4830,49800
2009-11-17,5000,51500
2009-11-18,5090,52500
2009-11-19,5290,54500
2009-11-20,5140,53000
2009-11-23,4900,50500
2009-11-24,4810,49600
2009-11-25,4580,47200
2009-11-26,4360,44900
2009-11-27,4370,45000
2009-11-30,4560,47000
2009-12-01,4580,47200
2009-12-02,4410,45500
2009-12-03,4520,46600
2009-12-04,4560,47000
2009-12-07,4560,47000
2009-12-08,4410,45500
2009-12-09,4200,43300
2009-12-10,4000,41200
2009-12-11,3800,39200
2009-12-14,3980,41000
2009-12-15,3800,39200
2009-12-16,3620,37300
2009-12-17,3510,36200
2009-12-18,3690,38000
2009-12-21,3870,39900
2009-12-22,3880,40000
2009-12-23,3900,40200
2009-12-24,4090,42200
2009-12-25,4300,44300
2009-12-28,4240,43700
2009-12-29,4270,44000
2009-12-30,4370,45000
2009-12-31,4320,44500
2010-01-04,4530,46700
2010-01-05,4710,48600
2010-01-06,4660,48000
2010-01-07,4630,47700
2010-01-08,4510,46500
2010-01-11,4440,45800
2010-01-12,4230,43600
2010-01-13,4430,45700
2010-01-14,4420,45600
2010-01-15,4280,44100
2010-01-18,4070,42000
2010-01-19,4190,43200
2010-01-20,4070,42000
2010-01-21,3880,40000
2010-01-22,3880,40000
2010-01-25,3940,40600
2010-01-26,4130,42600
2010-01-27,4210,43400
2010-01-28,4090,42200
2010-01-29,4100,42300
2010-02-01,4190,43200
2010-02-02,4180,43100
2010-02-03,4240,43700
2010-02-04,4440,45800
2010-02-05,4290,44200
2010-02-08,4280,44100
2010-02-09,4190,43200
2010-02-10,4230,43600
2010-02-11,4360,44900
2010-02-12,4380,45100
2010-02-22,4430,45700
2010-02-23,4290,44200
2010-02-24,4330,44600
2010-02-25,4330,44600
2010-02-26,4350,44800
2010-03-01,4380,45100
2010-03-02,4320,44500
2010-03-03,4420,45600
2010-03-04,4450,45900
2010-03-05,4670,48100
2010-03-08,4850,50000
2010-03-09,4800,49500
2010-03-10,4730,48800
2010-03-11,4700,48500
2010-03-12,4850,50000
2010-03-15,4800,49500
2010-03-16,4660,48000
2010-03-17,4850,50000
2010-03-18,5090,52500
2010-03-19,5290,54500
2010-03-22,5140,53000
2010-03-23,5040,52000
2010-03-24,5140,53000
2010-03-25,5000,51500
2010-03-26,5040,52000
2010-03-29,4950,51000
2010-03-30,4950,51000
2010-03-31,4850,50000
2010-04-01,4950,51000
2010-04-02,4900,50500
2010-04-05,5040,52000
2010-04-06,4950,51000
2010-04-07,4950,51000
2010-04-08,4950,51000
2010-04-09,5000,51500
2010-04-12,5040,52000
2010-04-13,5000,51500
2010-04-14,5000,51500
2010-04-15,5000,51500
2010-04-16,4950,51000
2010-04-19,4900,50500
2010-04-20,4850,50000
2010-04-21,4900,50500
2010-04-22,5040,52000
2010-04-26,5000,51500
2010-04-27,4950,51000
2010-04-28,5040,52000
2010-04-29,5000,51500
2010-05-04,5000,51500
2010-05-05,5000,51500
2010-05-06,5040,52000
2010-05-07,4900,50500
2010-05-10,4830,49800
2010-05-11,4900,50500
2010-05-12,4760,49100
2010-05-13,4750,49000
2010-05-14,4750,49000
2010-05-17,4660,48000
2010-05-18,4630,47700
2010-05-19,4430,45700
2010-05-20,4560,47000
2010-05-21,4340,44700
2010-05-24,4370,45000
2010-05-25,4330,44600
2010-05-26,4370,45000
2010-05-27,4580,47200
2010-05-28,4740,48900
2010-05-31,4750,49000
2010-06-01,4780,49300
2010-06-02,4700,48500
2010-06-03,4700,48500
2010-06-04,4770,49200
2010-06-07,4660,48000
2010-06-08,4700,48500
2010-06-09,4690,48300
2010-06-10,4700,48500
2010-06-11,4900,50500
2010-06-14,4830,49800
2010-06-15,4720,48700
2010-06-16,4720,48700
2010-06-17,4690,48300
2010-06-18,4670,48100
2010-06-21,4690,48300
2010-06-22,4630,47700
2010-06-23,4850,22700
2010-06-24,4780,22400
2010-06-25,4630,21700
2010-06-28,4530,21200
2010-06-29,4550,21300
2010-06-30,4420,20700
2010-07-01,4400,20600
2010-07-02,4400,20600
2010-07-05,4330,20300
2010-07-06,4230,19800
2010-07-07,4180,19600
2010-07-08,4160,19500
2010-07-09,4160,19500
2010-07-12,4200,19700
2010-07-13,4400,20600
2010-07-14,4460,20900
2010-07-15,4350,20400
2010-07-16,4330,20300
2010-07-19,4290,20100
2010-07-20,4250,19900
2010-07-21,4230,19800
2010-07-22,4160,19500
2010-07-23,4180,19600
2010-07-26,4030,18900
2010-07-27,3930,18400
2010-07-28,3840,18000
2010-07-29,3800,17800
2010-07-30,3970,18600
2010-08-02,3880,18200
2010-08-03,3910,18300
2010-08-04,3860,18100
2010-08-05,3820,17900
2010-08-06,3760,17600
2010-08-09,3630,17000
2010-08-10,3590,16800
2010-08-11,3610,16900
2010-08-12,3480,16300
2010-08-13,3540,16600
2010-08-16,3710,17400
2010-08-17,3650,17100
2010-08-18,3540,16600
2010-08-19,3560,16700
2010-08-20,3650,17100
2010-08-23,3520,16500
2010-08-24,3390,15900
2010-08-25,3310,15500
2010-08-26,3420,16000
2010-08-27,3420,16000
2010-08-30,3590,16800
2010-08-31,3650,17100
2010-09-01,3670,17200
2010-09-06,3820,17900
2010-09-07,3740,17500
2010-09-08,3650,17100
2010-09-09,3690,17300
2010-09-10,3560,16700
2010-09-13,3540,16600
2010-09-14,3560,16700
2010-09-15,3520,16500
2010-09-16,3540,16600
2010-09-17,3690,17300
2010-09-20,3630,17000
2010-09-21,3560,16700
2010-09-22,3560,16700
2010-09-23,3520,16500
2010-09-24,3520,16500
2010-09-27,3500,16400
2010-09-28,3520,16500
2010-09-29,3480,16300
2010-09-30,3480,16300
2010-10-01,3460,16200
2010-10-04,3350,15700
2010-10-05,3390,15900
2010-10-06,3500,16400
2010-10-07,3420,16000
2010-10-08,3390,15900
2010-10-11,3370,15800
2010-10-12,3330,15600
2010-10-13,3390,15900
2010-10-14,3390,15900
2010-10-15,3390,15900
2010-10-18,3350,15700
2010-10-19,3270,15300
2010-10-20,3140,14700
2010-10-21,3160,14800
2010-10-22,3160,14800
2010-10-25,3180,14900
2010-10-26,3290,15400
2010-10-27,3200,15000
2010-10-28,3200,15000
2010-10-29,3200,15000
2010-11-01,3180,14900
2010-11-02,3120,14600
2010-11-03,3100,14500
2010-11-04,3180,14900
2010-11-05,3220,15100
2010-11-08,3220,15100
2010-11-09,3120,14600
2010-11-10,3120,14600
2010-11-11,3070,14400
2010-11-12,2970,13900
2010-11-15,2920,13700
2010-11-16,2990,14000
2010-11-17,2950,13800
2010-11-18,2990,14000
2010-11-19,2950,13800
2010-11-22,2900,13600
2010-11-23,2990,14000
2010-11-24,2990,14000
2010-11-25,3010,14100
2010-11-26,3010,14100
2010-11-29,3100,14500
2010-11-30,3240,15200
2010-12-01,3390,15900
2010-12-02,3540,16600
2010-12-03,3710,17400
2010-12-06,3800,17800
2010-12-07,3630,17000
2010-12-08,3460,16200
2010-12-09,3590,16800
2010-12-10,3760,17600
2010-12-13,3930,18400
2010-12-14,3740,17500
2010-12-15,3840,18000
2010-12-16,3670,17200
2010-12-17,3840,18000
2010-12-20,3820,17900
2010-12-21,3800,17800
2010-12-22,3710,17400
2010-12-23,3650,17100
2010-12-24,3610,16900
2010-12-27,3610,16900
2010-12-28,3780,17700
2010-12-29,3780,17700
2010-12-30,3760,17600
2010-12-31,3780,17700
2011-01-04,3760,17600
2011-01-05,3670,17200
2011-01-06,3650,17100
2011-01-07,3650,17100
2011-01-10,3560,16700
2011-01-11,3460,16200
2011-01-12,3480,16300
2011-01-13,3560,16700
2011-01-14,3670,17200
2011-01-17,3710,17400
2011-01-18,3650,17100
2011-01-19,3650,17100
2011-01-20,3610,16900
2011-01-21,3690,17300
2011-01-24,3610,16900
2011-01-25,3590,16800
2011-01-26,3610,16900
2011-01-27,3650,17100
2011-01-28,3630,17000
2011-02-08,3780,17700
2011-02-09,3760,17600
2011-02-10,3800,17800
2011-02-11,3800,17800
2011-02-14,3780,17700
2011-02-15,3730,15900
2011-02-16,3610,15400
2011-02-17,3520,15000
2011-02-18,3450,14700
2011-02-21,3290,14000
2011-02-22,3170,13500
2011-02-23,3310,14100
2011-02-24,3360,14300
2011-02-25,3400,14500
2011-02-28,3290,14000
2011-03-01,3260,13900
2011-03-02,3120,13300
2011-03-03,3140,13400
2011-03-04,3170,13500
2011-03-07,3120,13300
2011-03-08,3120,13300
2011-03-09,3050,13000
2011-03-10,3190,13600
2011-03-11,3330,14200
2011-03-14,3170,13500
2011-03-15,3140,13400
2011-03-16,3170,13500
2011-03-17,3140,13400
2011-03-18,3240,13800
2011-03-21,3240,13800
2011-03-22,3190,13600
2011-03-23,3210,13700
2011-03-24,3170,13500
2011-03-25,3140,13400
2011-03-28,3140,13400
2011-03-29,3120,13300
2011-03-30,3100,13200
2011-03-31,3050,13000
2011-04-01,3120,13300
2011-04-04,3070,13100
2011-04-05,3050,13000
2011-04-06,3140,13400
2011-04-07,3100,13200
2011-04-08,3100,13200
2011-04-13,3070,13100
2011-04-14,3050,13000
2011-04-15,3000,12800
2011-04-18,2930,12500
2011-04-19,2930,12500
2011-04-20,2930,12500
2011-04-21,2890,12300
2011-04-22,2860,12200
2011-04-25,2960,12600
2011-04-26,2860,12200
2011-04-27,2860,12200
2011-04-28,2860,12200
2011-04-29,2860,12200
2011-05-04,2840,12100
2011-05-05,2840,12100
2011-05-06,2840,12100
2011-05-09,2860,12200
2011-05-10,2840,12100
2011-05-11,2820,12000
2011-05-12,2790,11900
2011-05-13,2790,11900
2011-05-16,2720,11600
2011-05-17,2650,11300
2011-05-18,2600,11100
2011-05-19,2580,11000
2011-05-20,2600,11100
2011-05-23,2490,10600
2011-05-24,2370,10100
2011-05-25,2250,9600
2011-05-26,2350,10000
2011-05-27,2460,10500
2011-05-30,2510,10700
2011-05-31,2530,10800
2011-06-01,2650,11300
2011-06-02,2770,11800
2011-06-03,2720,11600
2011-06-06,2750,11700
2011-06-07,2860,12200
2011-06-08,2840,12100
2011-06-09,2840,12100
2011-06-10,2910,12400
2011-06-13,2890,12300
2011-06-14,2860,12200
2011-06-15,2720,11600
2011-06-16,2820,12000
2011-06-17,2700,11500
2011-06-20,2630,11200
2011-06-21,2750,11700
2011-06-22,2750,11700
2011-06-23,2700,11500
2011-06-24,2700,11500
2011-06-27,2700,11500
2011-06-28,2650,11300
2011-06-29,2650,11300
2011-06-30,2630,11200
2011-07-01,2630,11200
2011-07-04,2650,11300
2011-07-05,2720,11600
2011-07-06,2700,11500
2011-07-07,2700,11500
2011-07-08,2720,11600
2011-07-11,2720,11600
2011-07-12,2700,11500
2011-07-13,2700,11500
2011-07-14,2720,11600
2011-07-15,2720,11600
2011-07-18,2700,11500
2011-07-19,2680,11400
2011-07-20,2700,11500
2011-07-21,2680,11400
2011-07-22,2650,11300
2011-07-25,2650,11300
2011-07-26,2630,11200
2011-07-27,2650,11300
2011-07-28,2650,11300
2011-07-29,2650,11300
2011-08-01,2630,11200
2011-08-02,2600,11100
2011-08-03,2560,10900
2011-08-04,2680,11400
2011-08-05,2630,11200
2011-08-08,2580,11000
2011-08-09,2490,10600
2011-08-10,2510,10700
2011-08-11,2510,10700
2011-08-12,2510,10700
2011-08-15,2510,10700
2011-08-16,2530,10800
2011-08-17,2600,11100
2011-08-18,2600,11100
2011-08-19,2580,11000
2011-08-22,2700,11500
2011-08-23,2680,11400
2011-08-24,2600,11100
2011-08-25,2720,11600
2011-08-26,2790,11900
2011-08-29,2910,12400
2011-08-30,3050,13000
2011-08-31,3050,13000
2011-09-01,3100,13200
2011-09-05,2960,12600
2011-09-06,2890,12300
2011-09-07,3030,12900
2011-09-08,3030,12900
2011-09-09,3000,12800
2011-09-12,2960,12600
2011-09-13,3030,12900
2011-09-14,3000,12800
2011-09-15,2980,12700
2011-09-16,2890,12300
2011-09-19,2910,12400
2011-09-20,2820,12000
2011-09-21,2790,11900
2011-09-22,2860,12200
2011-09-23,2820,12000
2011-09-26,2790,11900
2011-09-27,2750,11700
2011-09-28,2750,11700
2011-09-29,2680,11400
2011-09-30,2700,11500
2011-10-03,2650,11300
2011-10-04,2600,11100
2011-10-05,2650,11300
2011-10-06,2750,11700
2011-10-07,2700,11500
2011-10-10,2650,11300
2011-10-11,2650,11300
2011-10-12,2630,11200
2011-10-13,2680,11400
2011-10-14,2720,11600
2011-10-17,2700,11500
2011-10-18,2650,11300
2011-10-19,2680,11400
2011-10-20,2650,11300
2011-10-21,2700,11500
2011-10-24,2680,11400
2011-10-25,2650,11300
2011-10-26,2650,11300
2011-10-27,2650,11300
2011-10-28,2770,11800
2011-10-31,2750,11700
2011-11-01,2700,11500
2011-11-02,2680,11400
2011-11-03,2700,11500
2011-11-04,2680,11400
2011-11-07,2630,11200
2011-11-08,2650,11300
2011-11-09,2650,11300
2011-11-10,2630,11200
2011-11-11,2630,11200
2011-11-14,2630,11200
2011-11-15,2630,11200
2011-11-16,2680,11400
2011-11-17,2630,11200
2011-11-18,2630,11200
2011-11-21,2630,11200
2011-11-22,2630,11200
2011-11-23,2680,11400
2011-11-24,2650,11300
2011-11-25,2650,11300
2011-11-28,2680,11400
2011-11-29,2650,11300
2011-11-30,2650,11300
2011-12-01,2680,11400
2011-12-02,2680,11400
2011-12-05,2770,11800
2011-12-06,2720,11600
2011-12-07,2770,11800
2011-12-08,2720,11600
2011-12-09,2720,11600
2011-12-12,2720,11600
2011-12-13,2700,11500
2011-12-14,2650,11300
2011-12-15,2600,11100
2011-12-16,2700,11500
2011-12-19,2700,11500
2011-12-20,2680,11400
2011-12-21,2700,11500
2011-12-22,2630,11200
2011-12-23,2680,11400
2011-12-26,2680,11400
2011-12-27,2650,11300
2011-12-28,2680,11400
2011-12-29,2680,11400
2011-12-30,2650,11300
2012-01-03,2650,11300
2012-01-04,2720,11600
2012-01-05,2720,11600
2012-01-06,2680,11400
2012-01-09,2770,11800
2012-01-10,2840,12100
2012-01-11,2770,11800
2012-01-12,2750,11700
2012-01-13,2750,11700
2012-01-16,2790,11900
2012-01-17,2790,11900
2012-01-18,2820,12000
2012-01-19,2910,12400
2012-01-20,2860,12200
2012-01-30,3000,12800
2012-01-31,3030,12900
2012-02-01,3050,13000
2012-02-02,3190,13600
2012-02-03,3170,13500
2012-02-06,3140,13400
2012-02-07,3170,13500
2012-02-08,3310,14100
2012-02-09,3330,14200
2012-02-10,3240,13800
2012-02-13,3290,14000
2012-02-14,3310,14100
2012-02-15,3260,13900
2012-02-16,3290,12400
2012-02-17,3340,12600
2012-02-20,3500,13200
2012-02-21,3530,13300
2012-02-22,3660,13800
2012-02-23,3710,14000
2012-02-24,3610,13600
2012-02-27,3630,13700
2012-02-28,3470,13100
2012-02-29,3450,13000
2012-03-01,3550,13400
2012-03-02,3630,13700
2012-03-05,3790,14300
2012-03-06,3660,13800
2012-03-07,3710,14000
2012-03-08,3530,13300
2012-03-09,3530,13300
2012-03-12,3420,12900
2012-03-13,3470,13100
2012-03-14,3470,13100
2012-03-15,3630,13700
2012-03-16,3530,13300
2012-03-19,3530,13300
2012-03-20,3550,13400
2012-03-21,3610,13600
2012-03-22,3630,13700
2012-03-23,3690,13900
2012-03-26,3850,14500
2012-03-27,3740,14100
2012-03-28,3770,14200
2012-03-29,3690,13900
2012-03-30,3690,13900
2012-04-03,3850,14500
2012-04-04,3900,14700
2012-04-05,3980,15000
2012-04-06,4060,15300
2012-04-09,4240,16000
2012-04-10,4320,16300
2012-04-11,4530,17100
2012-04-12,4460,16800
2012-04-13,4460,16800
2012-04-16,4590,17300
2012-04-17,4800,18100
2012-04-18,4720,17800
2012-04-19,4510,17000
2012-04-20,4430,16700
2012-04-23,4460,16800
2012-04-24,4590,17300
2012-04-25,4750,17900
2012-04-26,4640,17500
2012-04-27,4690,17700
2012-05-02,4560,17200
2012-05-03,4510,17000
2012-05-04,4720,17800
2012-05-07,4930,18600
2012-05-08,4830,18200
2012-05-09,4830,18200
2012-05-10,4720,17800
2012-05-11,4690,17700
2012-05-14,4510,17000
2012-05-15,4380,16500
2012-05-16,4380,16500
2012-05-17,4400,16600
2012-05-18,4270,16100
2012-05-21,4480,16900
2012-05-22,4510,17000
2012-05-23,4300,16200
2012-05-24,4300,16200
2012-05-25,4510,17000
2012-05-28,4560,17200
2012-05-29,4510,17000
2012-05-30,4480,16900
2012-05-31,4350,16400
2012-06-01,4300,16200
2012-06-04,4110,15500
2012-06-05,4190,15800
2012-06-06,4270,16100
2012-06-07,4240,16000
2012-06-08,4300,16200
2012-06-11,4270,16100
2012-06-12,4240,16000
2012-06-13,4240,16000
2012-06-14,4060,15300
2012-06-15,3980,15000
2012-06-18,4160,15700
2012-06-19,4110,15500
2012-06-20,4160,15700
2012-06-21,4160,15700
2012-06-22,4160,15700
2012-06-25,4160,15700
2012-06-26,4160,15700
2012-06-27,4190,15800
2012-06-28,4190,15800
2012-06-29,4190,15800
2012-07-02,4190,15800
2012-07-03,4190,15800
2012-07-04,4190,15800
2012-07-05,4190,15800
2012-07-06,4300,16200
2012-07-09,4190,15800
2012-07-10,4190,15800
2012-07-11,4220,15900
2012-07-12,4220,15900
2012-07-13,4320,16300
2012-07-16,4300,16200
2012-07-17,4510,17000
2012-07-18,4610,17400
2012-07-19,4690,17700
2012-07-20,4530,17100
2012-07-23,4510,17000
2012-07-24,4430,16700
2012-07-25,4380,16500
2012-07-26,4460,16800
2012-07-27,4380,16500
2012-07-30,4400,16600
2012-07-31,4400,16600
2012-08-01,4380,16500
2012-08-02,4380,16500
2012-08-03,4350,16400
2012-08-06,4480,16900
2012-08-07,4430,16700
2012-08-08,4460,16800
2012-08-09,4510,17000
2012-08-10,4480,16900
2012-08-13,4460,16800
2012-08-14,4460,16800
2012-08-15,4460,16800
2012-08-16,4460,16800
2012-08-17,4510,17000
2012-08-20,4560,17200
2012-08-21,4350,16400
2012-08-22,4240,16000
2012-08-23,4030,15200
2012-08-24,4190,15800
2012-08-27,4000,15100
2012-08-28,4110,15500
2012-08-29,4220,15900
2012-08-30,4190,15800
2012-08-31,4160,15700
2012-09-04,4190,15800
2012-09-05,4140,15600
2012-09-06,4060,15300
2012-09-07,4060,15300
2012-09-10,3900,14700
2012-09-11,3870,14600
2012-09-12,3870,14600
2012-09-13,4060,15300
2012-09-14,4080,15400
2012-09-17,4080,15400
2012-09-18,3900,14700
2012-09-19,3950,14900
2012-09-20,3870,14600
2012-09-21,3950,14900
2012-09-24,3900,14700
2012-09-25,3900,14700
2012-09-26,3920,14800
2012-09-27,3900,14700
2012-09-28,3900,14700
2012-10-01,3820,14400
2012-10-02,3850,14500
2012-10-03,3900,14700
2012-10-04,3870,14600
2012-10-05,3920,14800
2012-10-08,4060,15300
2012-10-09,4000,15100
2012-10-10,4030,15200
2012-10-11,4000,15100
2012-10-12,4000,15100
2012-10-15,3950,14900
2012-10-16,4140,15600
2012-10-17,4060,15300
2012-10-18,4060,15300
2012-10-19,3980,15000
2012-10-22,3920,14800
2012-10-23,3950,14900
2012-10-24,3950,14900
2012-10-25,3920,14800
2012-10-26,3920,14800
2012-10-29,3920,14800
2012-10-30,3920,14800
2012-10-31,3900,14700
2012-11-01,3920,14800
2012-11-02,3740,14100
2012-11-05,3710,14000
2012-11-06,3710,14000
2012-11-07,3770,14200
2012-11-08,3710,14000
2012-11-09,3790,14300
2012-11-12,3850,14500
2012-11-13,3850,14500
2012-11-14,3870,14600
2012-11-15,3850,14500
2012-11-16,3850,14500
2012-11-19,3820,14400
2012-11-20,3980,15000
2012-11-21,3950,14900
2012-11-22,3920,14800
2012-11-23,3950,14900
2012-11-26,3900,14700
2012-11-27,3900,14700
2012-11-28,3870,14600
2012-11-29,3900,14700
2012-11-30,3870,14600
2012-12-03,3900,14700
2012-12-04,3920,14800
2012-12-05,3950,14900
2012-12-06,3950,14900
2012-12-07,3950,14900
2012-12-10,4030,15200
2012-12-11,3980,15000
2012-12-12,4060,15300
2012-12-13,4000,15100
2012-12-14,4000,15100
2012-12-17,4080,15400
2012-12-18,4030,15200
2012-12-19,4220,15900
2012-12-20,4190,15800
2012-12-21,4160,15700
2012-12-24,4160,15700
2012-12-25,4240,16000
2012-12-26,4430,16700
2012-12-27,4380,16500
2012-12-28,4400,16600
2013-01-02,4510,17000
2013-01-03,4460,16800
2013-01-04,4510,17000
2013-01-07,4530,17100
2013-01-08,4750,17900
2013-01-09,4750,17900
2013-01-10,4830,18200
2013-01-11,4830,18200
2013-01-14,4830,18200
2013-01-15,4850,18300
2013-01-16,4930,18600
2013-01-17,4830,18200
2013-01-18,4750,17900
2013-01-21,4930,18600
2013-01-22,4830,18200
2013-01-23,4850,18300
2013-01-24,4930,18600
2013-01-25,5200,19600
2013-01-28,5540,20900
2013-01-29,5650,21300
2013-01-30,5540,20900
2013-01-31,5380,20300
2013-02-01,5570,21000
2013-02-04,5830,22000
2013-02-05,5670,21400
2013-02-06,5830,22000
2013-02-07,5910,22300
2013-02-08,5970,22500
2013-02-18,6180,23300
2013-02-19,6070,22900
2013-02-20,6160,21600
2013-02-21,5730,20100
2013-02-22,5590,19600
2013-02-25,5730,20100
2013-02-26,5390,18900
2013-02-27,5360,18800
2013-02-28,5450,19100
2013-03-01,5420,19000
2013-03-04,5080,17800
2013-03-05,5050,17700
2013-03-06,5300,18600
2013-03-07,5270,18500
2013-03-08,5330,18700
2013-03-11,5530,19400
2013-03-12,5450,19100
2013-03-13,5420,19000
2013-03-14,5420,19000
2013-03-15,5390,18900
2013-03-18,5450,19100
2013-03-19,5450,19100
2013-03-20,5700,20000
2013-03-21,5760,20200
2013-03-22,5620,19700
2013-03-25,5620,19700
2013-03-26,5590,19600
2013-03-27,5530,19400
2013-03-28,5530,19400
2013-03-29,5470,19200
2013-04-01,5650,19800
2013-04-02,5700,20000
2013-04-03,5840,20500
2013-04-04,5900,20700
2013-04-05,6070,21300
2013-04-08,6100,21400
2013-04-09,6020,21100
2013-04-10,5840,20500
2013-04-11,5870,20600
2013-04-12,5730,20100
2013-04-15,5470,19200
2013-04-16,5470,19200
2013-04-17,5470,19200
2013-04-18,5420,19000
2013-04-22,5360,18800
2013-04-23,5470,19200
2013-04-24,5500,19300
2013-04-25,5590,19600
2013-04-26,5530,19400
2013-05-02,5500,19300
2013-05-03,5530,19400
2013-05-06,5790,20300
2013-05-07,5900,20700
2013-05-08,5760,20200
2013-05-09,5840,20500
2013-05-10,5900,20700
2013-05-13,5990,21000
2013-05-14,5870,20600
2013-05-15,5960,20900
2013-05-16,6160,21600
2013-05-17,6270,22000
2013-05-20,6530,22900
2013-05-21,6870,24100
2013-05-22,6870,24100
2013-05-23,6930,24300
2013-05-24,7410,26000
2013-05-27,7610,26700
2013-05-28,7810,27400
2013-05-29,7610,26700
2013-05-30,8100,28400
2013-05-31,7810,27400
2013-06-03,7560,26500
2013-06-04,7440,26100
2013-06-05,7580,26600
2013-06-06,7980,28000
2013-06-07,7950,27900
2013-06-10,7730,27100
2013-06-11,7560,26500
2013-06-12,7580,26600
2013-06-13,7560,26500
2013-06-14,7530,26400
2013-06-17,7070,24800
2013-06-18,7100,24900
2013-06-19,7040,24700
2013-06-20,7010,24600
2013-06-21,7210,25300
2013-06-24,7130,25000
2013-06-25,6790,23800
2013-06-26,6730,23600
2013-06-27,6930,24300
2013-06-28,6930,24300
2013-07-01,6930,24300
2013-07-02,7180,25200
2013-07-03,7410,26000
2013-07-04,7530,26400
2013-07-05,7410,26000
2013-07-08,7210,25300
2013-07-09,7330,25700
2013-07-10,7270,25500
2013-07-11,7330,25700
2013-07-12,7670,26900
2013-07-15,7640,26800
2013-07-16,7700,27000
2013-07-17,7700,27000
2013-07-18,7640,26800
2013-07-19,7700,27000
2013-07-22,7560,26500
2013-07-23,7530,26400
2013-07-24,7410,26000
2013-07-25,7270,25500
2013-07-26,7270,25500
2013-07-29,7040,24700
2013-07-30,7180,25200
2013-07-31,7130,25000
2013-08-01,7270,25500
2013-08-02,7330,25700
2013-08-05,7270,25500
2013-08-06,7330,25700
2013-08-07,7410,26000
2013-08-08,7330,25700
2013-08-09,7330,25700
2013-08-12,7300,25600
2013-08-13,7180,25200
2013-08-14,7270,25500
2013-08-15,7380,25900
2013-08-16,7530,26400
2013-08-19,7670,26900
2013-08-20,7580,26600
2013-08-21,7530,26400
2013-08-22,7360,25800
2013-08-23,7300,25600
2013-08-26,7360,25800
2013-08-27,7240,25400
2013-08-28,7010,24600
2013-08-29,6930,24300
2013-08-30,6990,24500
2013-09-03,6960,24400
2013-09-04,6760,23700
2013-09-05,6930,24300
2013-09-06,6930,24300
2013-09-09,6760,23700
2013-09-10,6870,24100
2013-09-11,6960,24400
2013-09-12,6930,24300
2013-09-13,6930,24300
2013-09-16,6840,24000
2013-09-17,6990,24500
2013-09-18,6870,24100
2013-09-19,6960,24400
2013-09-20,6960,24400
2013-09-23,7100,24900
2013-09-24,7270,25500
2013-09-25,7210,25300
2013-09-26,7300,25600
2013-09-27,7330,25700
2013-09-30,7360,25800
2013-10-01,7270,25500
2013-10-02,7300,25600
2013-10-03,7300,25600
2013-10-04,7360,25800
2013-10-07,7470,26200
2013-10-08,7410,26000
2013-10-09,7330,25700
2013-10-10,7240,25400
2013-10-11,7210,25300
2013-10-14,7160,25100
2013-10-15,7240,25400
2013-10-16,7270,25500
2013-10-17,7270,25500
2013-10-18,7330,25700
2013-10-21,7380,25900
2013-10-22,7440,26100
2013-10-23,7530,26400
2013-10-24,7440,26100
2013-10-25,7440,26100
2013-10-28,7330,25700
2013-10-29,7380,25900
2013-10-30,7360,25800
2013-10-31,7410,26000
2013-11-01,7440,26100
2013-11-04,7440,26100
2013-11-05,7500,26300
2013-11-06,7500,26300
2013-11-07,7500,26300
2013-11-08,7470,26200
2013-11-11,7560,26500
2013-11-12,7580,26600
2013-11-13,7580,26600
2013-11-14,7640,26800
2013-11-15,7930,27800
2013-11-18,8100,28400
2013-11-19,8130,28500
2013-11-20,8300,29100
2013-11-21,8180,28700
2013-11-22,8380,29400
2013-11-25,8270,29000
2013-11-26,8300,29100
2013-11-27,8300,29100
2013-11-28,8330,29200
2013-11-29,8210,28800
2013-12-02,8150,28600
2013-12-03,8500,29800
2013-12-04,8550,30000
2013-12-05,8520,29900
2013-12-06,8640,30300
2013-12-09,8700,30500
2013-12-10,8640,30300
2013-12-11,8380,29400
2013-12-12,8470,29700
2013-12-13,8440,29600
2013-12-16,8350,29300
2013-12-17,8380,29400
2013-12-18,8440,29600
2013-12-19,8470,29700
2013-12-20,8410,29500
2013-12-23,8380,29400
2013-12-24,8300,29100
2013-12-25,8300,29100
2013-12-26,8410,29500
2013-12-27,8380,29400
2013-12-30,8240,28900
2013-12-31,8440,29600
2014-01-02,8440,29600
2014-01-03,8470,29700
2014-01-06,8610,30200
2014-01-07,8580,30100
2014-01-08,8670,30400
2014-01-09,9120,32000
2014-01-10,8980,31500
2014-01-13,8950,31400
2014-01-14,8950,31400
2014-01-15,9040,31700
2014-01-16,9040,31700
2014-01-17,9040,31700
2014-01-20,9010,31600
2014-01-21,9210,32300
2014-01-22,9320,32700
2014-01-23,9470,33200
2014-01-24,9690,34000
2014-01-27,9890,34700
2014-02-06,9780,34300
2014-02-07,9520,33400
2014-02-10,9690,34000
2014-02-11,9490,33300
2014-02-12,9690,34000
2014-02-13,9690,34000
2014-02-14,9690,34000
2014-02-17,9670,33900
2014-02-18,9920,34800
2014-02-19,10040,33600
2014-02-20,9560,32000
2014-02-21,9620,32200
2014-02-24,9800,32800
2014-02-25,9800,32800
2014-02-26,9800,32800
2014-02-27,9620,32200
2014-02-28,9590,32100
2014-03-03,9180,30700
2014-03-04,9180,30700
2014-03-05,9410,31500
2014-03-06,9380,31400
2014-03-07,9350,31300
2014-03-10,9470,31700
2014-03-11,9560,32000
2014-03-12,9650,32300
2014-03-13,9740,32600
2014-03-14,9560,32000
2014-03-17,9500,31800
2014-03-18,9560,32000
2014-03-19,9530,31900
2014-03-20,9530,31900
2014-03-21,9740,32600
2014-03-24,9800,32800
2014-03-25,9680,32400
2014-03-26,9470,31700
2014-03-27,9410,31500
2014-03-28,9530,31900
2014-03-31,9380,31400
2014-04-01,9350,31300
2014-04-02,9350,31300
2014-04-03,9410,31500
2014-04-04,9380,31400
2014-04-07,9410,31500
2014-04-08,9410,31500
2014-04-10,9320,31200
2014-04-11,9200,30800
2014-04-14,9180,30700
2014-04-15,8670,29000
2014-04-16,8340,27900
2014-04-17,8640,28900
2014-04-18,8370,28000
2014-04-21,8160,27300
2014-04-22,8430,28200
2014-04-23,8220,27500
2014-04-24,8280,27700
2014-04-25,8370,28000
2014-04-28,8220,27500
2014-04-29,8190,27400
2014-05-05,7920,26500
2014-05-06,7680,25700
2014-05-07,7740,25900
2014-05-08,7200,24100
2014-05-09,7140,23900
2014-05-12,6660,22300
2014-05-13,6310,21100
2014-05-14,6660,22300
2014-05-15,6540,21900
2014-05-16,6840,22900
2014-05-19,7080,23700
2014-05-20,7110,23800
2014-05-21,7590,25400
2014-05-22,7440,24900
2014-05-23,7440,24900
2014-05-26,7380,24700
2014-05-27,7620,25500
2014-05-28,7710,25800
2014-05-29,7560,25300
2014-05-30,7530,25200
2014-06-02,7290,24400
2014-06-03,7320,24500
2014-06-04,7110,23800
2014-06-05,7170,24000
2014-06-06,7590,25400
2014-06-09,7470,25000
2014-06-10,7380,24700
2014-06-11,7470,25000
2014-06-12,7440,24900
2014-06-13,7590,25400
2014-06-16,7590,25400
2014-06-17,7770,26000
2014-06-18,7680,25700
2014-06-19,7560,25300
2014-06-20,7560,25300
2014-06-23,7470,25000
2014-06-24,7530,25200
2014-06-25,7710,25800
2014-06-26,7830,26200
2014-06-27,7860,26300
2014-06-30,7860,26300
2014-07-01,7950,26600
2014-07-02,8190,27400
2014-07-03,8190,27400
2014-07-04,8130,27200
2014-07-07,8100,27100
2014-07-08,8070,27000
2014-07-09,8250,27600
2014-07-10,8070,27000
2014-07-11,8070,27000
2014-07-14,8100,27100
2014-07-15,8310,27800
2014-07-16,8430,28200
2014-07-17,8460,28300
2014-07-18,8460,28300
2014-07-21,8520,28500
2014-07-22,8490,28400
2014-07-23,8430,28200
2014-07-24,8490,28400
2014-07-25,8340,27900
2014-07-28,8070,27000
2014-07-29,8100,27100
2014-07-30,8070,27000
2014-07-31,8190,27400
2014-08-01,8130,27200
2014-08-04,8130,27200
2014-08-05,8310,27800
2014-08-06,8250,27600
2014-08-07,8280,27700
2014-08-08,8160,27300
2014-08-11,8010,26800
2014-08-12,8010,26800
2014-08-13,8070,27000
2014-08-14,8100,27100
2014-08-15,8100,27100
2014-08-18,8160,27300
2014-08-19,8130,27200
2014-08-20,8190,27400
2014-08-21,8340,27900
2014-08-22,8310,27800
2014-08-25,8340,27900
2014-08-26,8490,28400
2014-08-27,8550,28600
2014-08-28,8730,29200
2014-08-29,8790,29400
2014-09-03,8730,29200
2014-09-04,8610,28800
2014-09-05,8670,29000
2014-09-08,8700,29100
2014-09-09,8400,28100
2014-09-10,8460,28300
2014-09-11,8430,28200
2014-09-12,8550,28600
2014-09-15,8700,29100
2014-09-16,8700,29100
2014-09-17,8640,28900
2014-09-18,8580,28700
2014-09-19,8610,28800
2014-09-22,8670,29000
2014-09-23,8910,29800
2014-09-24,8970,30000
2014-09-25,8970,30000
2014-09-26,8850,29600
2014-09-29,8820,29500
2014-09-30,9030,30200
2014-10-01,9260,31000
2014-10-02,9260,31000
2014-10-03,9320,31200
2014-10-06,9320,31200
2014-10-07,9230,30900
2014-10-08,9150,30600
2014-10-09,9090,30400
2014-10-10,8940,29900
2014-10-13,8880,29700
2014-10-14,8760,29300
2014-10-15,8700,29100
2014-10-16,8400,28100
2014-10-17,8550,28600
2014-10-20,8520,28500
2014-10-21,8520,28500
2014-10-22,8580,28700
2014-10-23,8460,28300
2014-10-24,8400,28100
2014-10-27,8100,27100
2014-10-28,8250,27600
2014-10-29,8430,28200
2014-10-30,8610,28800
2014-10-31,8700,29100
2014-11-03,8670,29000
2014-11-04,8490,28400
2014-11-05,8550,28600
2014-11-06,8520,28500
2014-11-07,8550,28600
2014-11-10,8610,28800
2014-11-11,8580,28700
2014-11-12,8580,28700
2014-11-13,8550,28600
2014-11-14,8520,28500
2014-11-17,8520,28500
2014-11-18,8430,28200
2014-11-19,8370,28000
2014-11-20,8490,28400
2014-11-21,8400,28100
2014-11-24,8280,27700
2014-11-25,8340,27900
2014-11-26,8280,27700
2014-11-27,8280,27700
2014-11-28,8220,27500
2014-12-01,8250,27600
2014-12-02,8280,27700
2014-12-03,8400,28100
2014-12-04,8370,28000
2014-12-05,8400,28100
2014-12-08,8520,28500
2014-12-09,8340,27900
2014-12-10,8580,28700
2014-12-11,8520,28500
2014-12-12,8520,28500
2014-12-15,8370,28000
2014-12-16,8250,27600
2014-12-17,7890,26400
2014-12-18,8040,26900
2014-12-19,7950,26600
2014-12-22,8160,27300
2014-12-23,8130,27200
2014-12-24,8190,27400
2014-12-25,8100,27100
2014-12-26,8010,26800
2014-12-29,8010,26800
2014-12-30,8220,27500
2014-12-31,8430,28200
2015-01-05,8340,27900
2015-01-06,8490,28400
2015-01-07,8400,28100
2015-01-08,8310,27800
2015-01-09,8370,28000
2015-01-12,8430,28200
2015-01-13,8490,28400
2015-01-14,8610,28800
2015-01-15,8670,29000
2015-01-16,8580,28700
2015-01-19,8430,28200
2015-01-20,8460,28300
2015-01-21,8490,28400
2015-01-22,8520,28500
2015-01-23,8700,29100
2015-01-26,8730,29200
2015-01-27,8520,28500
2015-01-28,8700,29100
2015-01-29,8700,29100
2015-01-30,8520,28500
2015-02-02,8430,28200
2015-02-03,8370,28000
2015-02-04,8340,27900
2015-02-05,8490,28400
2015-02-06,8520,28500
2015-02-09,8430,28200
2015-02-10,8520,28500
2015-02-11,8580,28700
2015-02-12,8730,29200
2015-02-13,8820,29500
2015-02-24,8850,29600
2015-02-25,8780,27800
2015-02-26,8690,27500
2015-02-27,8690,27500
2015-03-02,8630,27300
2015-03-03,8720,27600
2015-03-04,8850,28000
2015-03-05,8820,27900
2015-03-06,8850,28000
2015-03-09,8750,27700
2015-03-10,8720,27600
2015-03-11,8660,27400
2015-03-12,8690,27500
2015-03-13,8690,27500
2015-03-16,8630,27300
2015-03-17,8660,27400
2015-03-18,8590,27200
2015-03-19,8530,27000
2015-03-20,8530,27000
2015-03-23,8440,26700
2015-03-24,8340,26400
2015-03-25,8310,26300
2015-03-26,8340,26400
2015-03-27,8310,26300
2015-03-30,8250,26100
2015-03-31,8310,26300
2015-04-01,8150,25800
2015-04-02,8210,26000
2015-04-03,8150,25800
2015-04-06,8180,25900
2015-04-07,8250,26100
2015-04-08,8280,26200
2015-04-09,8250,26100
2015-04-10,8280,26200
2015-04-13,8310,26300
2015-04-14,8250,26100
2015-04-15,8210,26000
2015-04-16,8310,26300
2015-04-17,8470,26800
2015-04-20,8440,26700
2015-04-21,8340,26400
2015-04-22,8280,26200
2015-04-23,8250,26100
2015-04-24,8280,26200
2015-04-27,8280,26200
2015-05-04,8060,25500
2015-05-05,8120,25700
2015-05-06,7990,25300
2015-05-07,8030,25400
2015-05-08,8030,25400
2015-05-11,8030,25400
2015-05-12,7990,25300
2015-05-13,7960,25200
2015-05-14,7930,25100
2015-05-15,7800,24700
2015-05-18,7550,23900
2015-05-19,7580,24000
2015-05-20,7900,25000
2015-05-21,7990,25300
2015-05-22,8030,25400
2015-05-25,8060,25500
2015-05-26,8060,25500
2015-05-27,7960,25200
2015-05-28,8030,25400
2015-05-29,7990,25300
2015-06-01,7960,25200
2015-06-02,7900,25000
2015-06-03,7900,25000
2015-06-04,7960,25200
2015-06-05,8210,26000
2015-06-08,8180,25900
2015-06-09,8090,25600
2015-06-10,8030,25400
2015-06-11,8120,25700
2015-06-12,8120,25700
2015-06-15,8060,25500
2015-06-16,8090,25600
2015-06-17,8030,25400
2015-06-18,8060,25500
2015-06-19,8120,25700
2015-06-22,8250,26100
2015-06-23,8250,26100
2015-06-24,8210,26000
2015-06-25,8150,25800
2015-06-26,8370,26500
2015-06-29,8560,27100
2015-06-30,8500,26900
2015-07-01,8500,26900
2015-07-02,8530,27000
2015-07-03,8660,27400
2015-07-06,8720,27600
2015-07-07,8880,28100
2015-07-08,8750,27700
2015-07-09,8750,27700
2015-07-10,8780,27800
2015-07-13,8780,27800
2015-07-14,8850,28000
2015-07-15,8780,27800
2015-07-16,8910,28200
2015-07-17,8910,28200
2015-07-20,8720,27600
2015-07-21,8590,27200
2015-07-22,8780,27800
2015-07-23,8780,27800
2015-07-24,8940,28300
2015-07-27,9540,30200
2015-07-28,9420,29800
2015-07-29,9290,29400
2015-07-30,9260,29300
2015-07-31,9230,29200
2015-08-03,8880,28100
2015-08-04,8880,28100
2015-08-05,9070,28700
2015-08-06,8940,28300
2015-08-07,8940,28300
2015-08-10,9290,29400
2015-08-11,9160,29000
2015-08-12,9000,28500
2015-08-13,8850,28000
2015-08-14,8820,27900
2015-08-17,8590,27200
2015-08-18,8690,27500
2015-08-19,8820,27900
2015-08-20,8630,27300
2015-08-21,8530,27000
2015-08-24,7960,25200
2015-08-25,7900,25000
2015-08-26,8060,25500
2015-08-27,8150,25800
2015-08-28,8280,26200
2015-08-31,8090,25600
2015-09-01,8060,25500
2015-09-03,7960,25200
2015-09-04,7930,25100
2015-09-07,7900,25000
2015-09-08,7990,25300
2015-09-09,8060,25500
2015-09-10,8030,25400
2015-09-11,7990,25300
2015-09-14,7870,24900
2015-09-15,7800,24700
2015-09-16,7900,25000
2015-09-17,7900,25000
2015-09-18,7990,25300
2015-09-21,8030,25400
2015-09-22,8150,25800
2015-09-23,8090,25600
2015-09-24,8120,25700
2015-09-25,8090,25600
2015-09-28,8030,25400
2015-09-29,7960,25200
2015-10-01,7930,25100
2015-10-02,7900,25000
2015-10-05,8030,25400
2015-10-06,8150,25800
2015-10-07,8060,25500
2015-10-08,8210,26000
2015-10-09,8180,25900
2015-10-12,8150,25800
2015-10-13,8090,25600
2015-10-14,8030,25400
2015-10-15,8120,25700
2015-10-16,8250,26100
2015-10-19,8400,26600
2015-10-20,8310,26300
2015-10-21,8210,26000
2015-10-22,8280,26200
2015-10-23,8310,26300
2015-10-26,8250,26100
2015-10-27,8440,26700
2015-10-28,8530,27000
2015-10-29,8530,27000
2015-10-30,8470,26800
2015-11-02,8280,26200
2015-11-03,8400,26600
2015-11-04,8340,26400
2015-11-05,8340,26400
2015-11-06,8250,26100
2015-11-09,8180,25900
2015-11-10,8150,25800
2015-11-11,8090,25600
2015-11-12,8030,25400
2015-11-13,7990,25300
2015-11-16,7930,25100
2015-11-17,7990,25300
2015-11-18,7990,25300
2015-11-19,8030,25400
2015-11-20,7990,25300
2015-11-23,7990,25300
2015-11-24,8030,25400
2015-11-25,8060,25500
2015-11-26,8120,25700
2015-11-27,8030,25400
2015-11-30,8030,25400
2015-12-01,8030,25400
2015-12-02,8060,25500
2015-12-03,8060,25500
2015-12-04,8030,25400
2015-12-07,7930,25100
2015-12-08,7960,25200
2015-12-09,7900,25000
2015-12-10,7900,25000
2015-12-11,7900,25000
2015-12-14,7900,25000
2015-12-15,7990,25300
2015-12-16,8120,25700
2015-12-17,8150,25800
2015-12-18,8250,26100
2015-12-21,8180,25900
2015-12-22,8030,25400
2015-12-23,7990,25300
2015-12-24,7990,25300
2015-12-25,8030,25400
2015-12-28,7990,25300
2015-12-29,7990,25300
2015-12-30,7930,25100
2016-01-04,7930,25100
2016-01-05,7800,24700
2016-01-06,7840,24800
2016-01-07,7770,24600
2016-01-08,7650,24200
2016-01-11,7650,24200
2016-01-12,7870,24900
2016-01-13,7960,25200
2016-01-14,7930,25100
2016-01-15,7800,24700
2016-01-18,7460,23600
2016-01-19,7580,24000
2016-01-20,7520,23800
2016-01-21,7390,23400
2016-01-22,7490,23700
2016-01-25,7740,24500
2016-01-26,7800,24700
2016-01-27,7840,24800
2016-01-28,7770,24600
2016-01-29,7990,25300
2016-02-01,7960,25200
2016-02-02,8030,25400
2016-02-03,7990,25300
2016-02-04,7990,25300
2016-02-05,8060,25500
2016-02-15,8150,25800
2016-02-16,8090,25600
2016-02-17,8180,25900
2016-02-18,8180,25900
2016-02-19,8090,25600
2016-02-22,8120,25700
2016-02-23,8120,25700
2016-02-24,8180,25900
2016-02-25,8120,25700
2016-02-26,8120,24700
2016-02-29,8050,24500
2016-03-01,8550,26000
2016-03-02,8420,25600
2016-03-03,8220,25000
2016-03-04,8320,25300
2016-03-07,8250,25100
2016-03-08,8190,24900
2016-03-09,8120,24700
2016-03-10,8120,24700
2016-03-11,8150,24800
2016-03-14,8190,24900
2016-03-15,8090,24600
2016-03-16,8120,24700
2016-03-17,8220,25000
2016-03-18,8190,24900
2016-03-21,8120,24700
2016-03-22,8090,24600
2016-03-23,8120,24700
2016-03-24,8120,24700
2016-03-25,8050,24500
2016-03-28,8020,24400
2016-03-29,8020,24400
2016-03-30,8090,24600
2016-04-01,7920,24100
2016-04-04,7860,23900
2016-04-05,7820,23800
2016-04-06,7860,23900
2016-04-07,7860,23900
2016-04-08,7790,23700
2016-04-11,7820,23800
2016-04-12,7820,23800
2016-04-13,7760,23600
2016-04-14,7760,23600
2016-04-15,7660,23300
2016-04-19,7530,22900
2016-04-20,7500,22800
2016-04-21,7560,23000
2016-04-22,7820,23800
2016-04-25,7790,23700
2016-04-26,7820,23800
2016-04-27,7790,23700
2016-04-28,7760,23600
2016-04-29,7760,23600
2016-05-04,7730,23500
2016-05-05,7820,23800
2016-05-06,7890,24000
2016-05-09,7790,23700
2016-05-10,7760,23600
2016-05-11,7900,20900
2016-05-12,7860,20800
2016-05-13,7790,20600
2016-05-16,7750,20500
2016-05-17,7900,20900
2016-05-18,7900,20900
2016-05-19,7860,20800
2016-05-20,7860,20800
2016-05-23,7830,20700
2016-05-24,7860,20800
2016-05-25,7940,21000
2016-05-26,7860,20800
2016-05-27,7900,20900
2016-05-30,7900,20900
2016-05-31,7830,20700
2016-06-01,7830,20700
2016-06-02,7830,20700
2016-06-03,7830,20700
2016-06-06,7790,20600
2016-06-07,7860,20800
2016-06-08,7900,20900
2016-06-09,7860,20800
2016-06-10,8130,21500
2016-06-13,8050,21300
2016-06-14,8050,21300
2016-06-15,8050,21300
2016-06-16,7980,21100
2016-06-17,7900,20900
2016-06-20,7860,20800
2016-06-21,7980,21100
2016-06-22,8090,21400
2016-06-23,8050,21300
2016-06-24,7790,20600
2016-06-27,7640,20200
2016-06-28,7710,20400
2016-06-29,7750,20500
2016-07-01,7710,20400
2016-07-04,7830,20700
2016-07-05,7790,20600
2016-07-06,7860,20800
2016-07-07,7860,20800
2016-07-08,7790,20600
2016-07-11,7710,20400
2016-07-12,7750,20500
2016-07-13,7830,20700
2016-07-14,7830,20700
2016-07-15,7900,20900
2016-07-18,7860,20800
2016-07-19,7790,20600
2016-07-20,7750,20500
2016-07-21,7750,20500
2016-07-22,7750,20500
2016-07-25,7790,20600
2016-07-26,7710,20400
2016-07-27,7710,20400
2016-07-28,7940,21000
2016-07-29,7790,20600
2016-08-01,7640,20200
2016-08-02,7560,20000
2016-08-03,7410,19600
2016-08-04,7490,19800
2016-08-05,7330,19400
2016-08-08,7490,19800
2016-08-09,7600,20100
2016-08-10,7640,20200
2016-08-11,7670,20300
2016-08-12,7670,20300
2016-08-15,7830,20700
2016-08-16,7790,20600
2016-08-17,7790,20600
2016-08-18,7640,20200
2016-08-19,7640,20200
2016-08-22,7640,20200
2016-08-23,7640,20200
2016-08-24,7670,20300
2016-08-25,7640,20200
2016-08-26,7670,20300
2016-08-29,7560,20000
2016-08-30,7560,20000
2016-08-31,7600,20100
2016-09-01,7600,20100
2016-09-05,7520,19900
2016-09-06,7790,20600
2016-09-07,7790,20600
2016-09-08,7710,20400
2016-09-09,7710,20400
2016-09-12,7750,20500
2016-09-13,7750,20500
2016-09-14,7730,20450
2016-09-15,7660,20250
2016-09-16,7690,20350
2016-09-19,7940,21000
2016-09-20,7940,21000
2016-09-21,7940,21000
2016-09-22,8200,21700
2016-09-23,8370,22150
2016-09-26,8580,22700
2016-09-27,8450,22350
2016-09-28,8350,22100
2016-09-29,8320,22000
2016-10-03,8070,21350
2016-10-04,8010,21200
2016-10-05,8050,21300
2016-10-06,8000,21150
2016-10-07,7940,21000
2016-10-10,7840,20750
2016-10-11,8090,21400
2016-10-12,8050,21300
2016-10-13,8070,21350
2016-10-14,8050,21300
2016-10-17,7920,20950
2016-10-18,7940,21000
2016-10-19,7920,20950
2016-10-20,7840,20750
2016-10-21,7810,20650
2016-10-24,7810,20650
2016-10-25,7790,20600
2016-10-26,7900,20900
2016-10-27,7940,21000
2016-10-28,7980,21100
2016-10-31,8030,21250
2016-11-01,8050,21300
2016-11-02,7980,21100
2016-11-03,7830,20700
2016-11-04,7790,20600
2016-11-07,7810,20650
2016-11-08,7840,20750
2016-11-09,7670,20300
2016-11-10,7810,20650
2016-11-11,8030,21250
2016-11-14,8170,21600
2016-11-15,8280,21900
2016-11-16,8170,21600
2016-11-17,8200,21700
2016-11-18,8320,22000
2016-11-21,8340,22050
2016-11-22,8200,21700
2016-11-23,8180,21650
2016-11-24,8170,21600
2016-11-25,8200,21700
2016-11-28,8170,21600
2016-11-29,8130,21500
2016-11-30,8390,22200
2016-12-01,8320,22000
2016-12-02,8340,22050
2016-12-05,8510,22500
2016-12-06,8280,21900
2016-12-07,8390,22200
2016-12-08,8450,22350
2016-12-09,8430,22300
2016-12-12,8200,21700
2016-12-13,8170,21600
2016-12-14,8390,22200
2016-12-15,8810,23300
2016-12-16,8850,23400
2016-12-19,9020,23850
2016-12-20,9050,23950
2016-12-21,9130,24150
2016-12-22,9040,23900
2016-12-23,9070,24000
2016-12-26,9050,23950
2016-12-27,9340,24700
2016-12-28,9300,24600
2016-12-29,9300,24600
2016-12-30,9320,24650
2017-01-03,9450,25000
2017-01-04,9450,25000
2017-01-05,9560,25300
2017-01-06,9450,25000
2017-01-09,9410,24900
2017-01-10,9150,24200
2017-01-11,9340,24700
2017-01-12,9450,25000
2017-01-13,9490,25100
2017-01-16,9450,25000
2017-01-17,9450,25000
2017-01-18,9730,25750
2017-01-19,9730,25750
2017-01-20,9680,25600
2017-01-23,9390,24850
2017-01-24,9580,25350
2017-01-25,9720,25700
2017-02-02,9830,26000
2017-02-03,9790,25900
2017-02-06,9980,26400
2017-02-07,10170,26900
2017-02-08,10170,26900
2017-02-09,10360,27400
2017-02-10,10360,27400
2017-02-13,10510,27800
2017-02-14,10400,27500
2017-02-15,10430,27600
2017-02-16,10210,27000
2017-02-17,10320,27300
2017-02-20,10400,27500
2017-02-21,10300,27250
2017-02-22,10190,26950
2017-02-23,10090,26700
2017-02-24,10020,26500
2017-02-27,10150,26850
2017-02-28,10090,25100
2017-03-01,9950,24750
2017-03-02,9970,24800
2017-03-03,9910,24650
2017-03-06,10330,25700
2017-03-07,10510,26150
2017-03-08,10490,26100
2017-03-09,10370,25800
2017-03-10,10850,27000
2017-03-13,10930,27200
2017-03-14,11300,28100
2017-03-15,11100,27600
2017-03-16,11260,28000
2017-03-17,11140,27700
2017-03-20,11180,27800
2017-03-21,10770,26800
2017-03-22,10570,26300
2017-03-23,10850,27000
2017-03-24,10770,26800
2017-03-27,10730,26700
2017-03-28,11160,27750
2017-03-29,11260,28000
2017-03-30,11100,27600
2017-04-03,10930,27200
2017-04-04,10890,27100
2017-04-05,10770,26800
2017-04-07,10670,26550
2017-04-10,10690,26600
2017-04-11,10690,26600
2017-04-12,10710,26650
2017-04-13,10770,26800
2017-04-14,10570,26300
2017-04-17,10190,25350
2017-04-18,10210,25400
2017-04-19,10330,25700
2017-04-20,10450,26000
2017-04-21,10450,26000
2017-04-24,10310,25650
2017-04-25,10450,26000
2017-04-26,10710,26650
2017-04-27,10970,27300
2017-04-28,11200,27850
2017-05-03,11960,29750
2017-05-04,11700,29100
2017-05-05,11780,29300
2017-05-08,12420,30900
2017-05-09,12780,31800
2017-05-10,12360,30750
2017-05-11,12460,31000
2017-05-12,12820,31900
2017-05-15,12660,31500
2017-05-16,12500,31100
2017-05-17,12500,31100
2017-05-18,12380,30800
2017-05-19,13250,32950
2017-05-22,13020,32400
2017-05-23,13190,32800
2017-05-24,13450,33450
2017-05-25,13450,33450
2017-05-26,13470,33500
2017-05-29,13310,33100
2017-05-30,12760,31750
2017-05-31,12720,31650
2017-06-01,12900,32100
2017-06-02,12860,32000
2017-06-05,13170,32750
2017-06-06,13670,34000
2017-06-07,13670,34000
2017-06-08,13510,33600
2017-06-09,13550,33700
2017-06-12,13470,33500
2017-06-13,13590,33800
2017-06-14,13590,33800
2017-06-15,14030,34900
2017-06-16,14390,35800
2017-06-19,14310,35600
2017-06-20,14330,35650
2017-06-21,14730,36650
2017-06-22,14610,36350
2017-06-23,14650,36450
2017-06-26,14750,36700
2017-06-27,14570,36250
2017-06-28,14870,37000
2017-06-29,14910,37100
2017-07-03,14690,36550
2017-07-04,14830,36900
2017-07-05,15120,37600
2017-07-06,15050,37450
2017-07-07,14950,37200
2017-07-10,14490,36050
2017-07-11,14470,36000
2017-07-12,14570,36250
2017-07-13,14750,36700
2017-07-14,14710,36600
2017-07-17,14250,35450
2017-07-18,13950,34700
2017-07-19,13650,33950
2017-07-20,14070,35000
2017-07-21,14070,35000
2017-07-24,13910,34600
2017-07-25,14470,36000
2017-07-26,14650,36450
2017-07-27,14890,37050
2017-07-28,14670,36500
2017-07-31,14950,37200
2017-08-01,14750,36700
2017-08-02,14870,37000
2017-08-03,15360,38200
2017-08-04,15440,38400
2017-08-07,15200,37800
2017-08-08,14830,36900
2017-08-09,14430,35900
2017-08-10,14550,36200
2017-08-11,14430,35900
2017-08-14,14710,36600
2017-08-15,14430,35900
2017-08-16,14270,35500
2017-08-17,13990,34800
2017-08-18,14050,34950
2017-08-21,14190,35300
2017-08-22,14030,34900
2017-08-23,14070,35000
2017-08-24,14270,35500
2017-08-25,14210,35350
2017-08-28,14110,35100
2017-08-29,13970,34750
2017-08-30,13850,34450
2017-08-31,14130,35150
2017-09-01,14170,35250
2017-09-05,14170,35250
2017-09-06,14110,35100
2017-09-07,14330,35650
2017-09-08,14150,35200
2017-09-11,14130,35150
2017-09-12,14390,35800
2017-09-13,14470,36000
2017-09-14,14370,35750
2017-09-15,14470,36000
2017-09-18,14670,36500
2017-09-19,14570,36250
2017-09-20,14510,36100
2017-09-21,14510,36100
2017-09-22,14570,36250
2017-09-25,14450,35950
2017-09-26,14290,35550
2017-09-27,14130,35150
2017-09-28,13930,34650
2017-09-29,14110,35100
2017-10-02,13970,34750
2017-10-03,13830,34400
2017-10-04,13910,34600
2017-10-05,13930,34650
2017-10-06,13890,34550
2017-10-09,13990,34800
2017-10-10,14010,34850
2017-10-11,13990,34800
2017-10-12,13870,34500
2017-10-13,13830,34400
2017-10-16,13890,34550
2017-10-17,14110,35100
2017-10-18,14030,34900
2017-10-19,13970,34750
2017-10-20,13870,34500
2017-10-23,13550,33700
2017-10-24,13470,33500
2017-10-25,13550,33700
2017-10-26,13470,33500
2017-10-27,14070,35000
2017-10-30,13850,34450
2017-10-31,13750,34200
2017-11-01,13550,33700
2017-11-02,12860,32000
2017-11-03,13150,32700
2017-11-06,13370,33250
2017-11-07,13270,33000
2017-11-08,13270,33000
2017-11-09,13630,33900
2017-11-10,13630,33900
2017-11-13,13470,33500
2017-11-14,13590,33800
2017-11-15,13830,34400
2017-11-16,14170,35250
2017-11-17,13990,34800
2017-11-20,13990,34800
2017-11-21,14230,35400
2017-11-22,14550,36200
2017-11-23,14550,36200
2017-11-24,15560,38700
2017-11-27,15540,38650
2017-11-28,15680,39000
2017-11-29,16240,40400
2017-11-30,16000,39800
2017-12-01,16300,40550
2017-12-04,16480,41000
2017-12-05,15800,39300
2017-12-06,15720,39100
2017-12-07,15320,38100
2017-12-08,15420,38350
2017-12-11,15440,38400
2017-12-12,15440,38400
2017-12-13,15840,39400
2017-12-14,16280,40500
2017-12-15,16480,41000
2017-12-18,16420,40850
2017-12-19,17170,42700
2017-12-20,17080,42500
2017-12-21,16760,41700
2017-12-22,16400,40800
2017-12-25,16180,40250
2017-12-26,16720,41600
2017-12-27,16400,40800
2017-12-28,16440,40900
2017-12-29,16680,41500
2018-01-02,17370,43200
2018-01-03,17330,43100
2018-01-04,17370,43200
2018-01-05,17080,42500
2018-01-08,17210,42800
2018-01-09,17490,43500
2018-01-10,17610,43800
2018-01-11,17490,43500
2018-01-12,17080,42500
2018-01-15,17100,42550
2018-01-16,17100,42550
2018-01-17,16480,41000
2018-01-18,16640,41400
2018-01-19,16480,41000
2018-01-22,16800,41800
2018-01-25,16900,42050
2018-01-26,16800,41800
2018-01-29,16640,41400
2018-01-30,16680,41500
2018-01-31,17150,42650
2018-02-01,17150,42650
2018-02-02,17170,42700
2018-02-05,15980,39750
2018-02-06,15070,37500
2018-02-07,15400,38300
2018-02-08,15070,37500
2018-02-09,14950,37200
2018-02-12,15480,38500
2018-02-13,15960,39700
2018-02-21,15960,39700
2018-02-22,15700,39050
2018-02-23,16000,39800
2018-02-26,16080,40000
2018-02-27,16060,39950
2018-02-28,16120,38500
2018-03-01,15750,37600
2018-03-02,15620,37300
2018-03-05,15790,37700
2018-03-06,15960,38100
2018-03-07,15700,37500
2018-03-08,15830,37800
2018-03-09,16170,38600
2018-03-12,16710,39900
2018-03-13,16710,39900
2018-03-14,17090,40800
2018-03-15,17210,41100
2018-03-16,16840,40200
2018-03-19,16500,39400
2018-03-20,16460,39300
2018-03-21,16330,39000
2018-03-22,16210,38700
2018-03-23,15790,37700
2018-03-26,15790,37700
2018-03-27,15910,38000
2018-03-28,16170,38600
2018-03-29,15830,37800
2018-03-30,15790,37700
2018-04-02,16000,38200
2018-04-03,16540,39500
2018-04-04,16460,39300
2018-04-05,16400,39150
2018-04-06,16520,39450
2018-04-09,16480,39350
2018-04-10,16710,39900
2018-04-11,16120,38500
2018-04-12,16170,38600
2018-04-13,15980,38150
2018-04-16,15700,37500
2018-04-17,15960,38100
2018-04-18,15910,38000
2018-04-19,15580,37200
2018-04-20,15750,37600
2018-04-23,15120,36100
2018-04-24,15080,36000
2018-04-26,14470,34550
2018-04-27,15030,35900
2018-05-02,14990,35800
2018-05-03,15030,35900
2018-05-04,14910,35600
2018-05-07,15260,36450
2018-05-08,15240,36400
2018-05-09,15120,36100
2018-05-10,14870,35500
2018-05-11,14970,35750
2018-05-14,15200,36300
2018-05-15,15410,36800
2018-05-16,15160,36200
2018-05-17,15160,36200
2018-05-18,15160,36200
2018-05-21,14990,35800
2018-05-22,14240,34000
2018-05-23,14320,34200
2018-05-24,13950,33300
2018-05-25,13610,32500
2018-05-28,12900,30800
2018-05-29,13650,32600
2018-05-30,13400,32000
2018-05-31,13800,32950
2018-06-01,13860,33100
2018-06-04,14200,33900
2018-06-05,14360,34300
2018-06-06,14640,34950
2018-06-07,14360,34300
2018-06-08,14360,34300
2018-06-11,14240,34000
2018-06-12,13990,33400
2018-06-13,14030,33500
2018-06-14,13820,33000
2018-06-15,13900,33200
2018-06-18,13190,31500
2018-06-19,13150,31400
2018-06-20,13300,31750
2018-06-21,13150,31400
2018-06-22,13150,31400
2018-06-25,13360,31900
2018-06-26,13320,31800
2018-06-27,13320,31800
2018-06-28,13110,31300
2018-06-29,13360,31900
2018-07-02,12840,30650
2018-07-03,12400,29600
2018-07-04,12560,30000
2018-07-05,12690,30300
2018-07-06,12860,30700
2018-07-09,12770,30500
2018-07-10,12840,30650
2018-07-11,12520,29900
2018-07-12,12420,29650
2018-07-13,12650,30200
2018-07-16,12710,30350
2018-07-17,12860,30700
2018-07-18,13740,32800
2018-07-19,13990,33400
2018-07-20,13690,32700
2018-07-23,14240,34000
2018-07-24,14050,33550
2018-07-25,14070,33600
2018-07-26,14200,33900
2018-07-27,14240,34000
2018-07-30,14450,34500
2018-07-31,14780,35300
2018-08-01,14450,34500
2018-08-02,14660,35000
2018-08-03,14240,34000
2018-08-06,14030,33500
2018-08-07,13820,33000
2018-08-08,14450,34500
2018-08-09,14200,33900
2018-08-10,14260,34050
2018-08-13,14260,34050
2018-08-14,14660,35000
2018-08-15,14430,34450
2018-08-16,14620,34900
2018-08-17,14360,34300
2018-08-20,14300,34150
2018-08-21,14430,34450
2018-08-22,14740,35200
2018-08-23,15240,36400
2018-08-24,15240,36400
2018-08-27,15240,36400
2018-08-28,15080,36000
2018-08-29,14990,35800
2018-08-30,15290,36500
2018-08-31,14990,35800
2018-09-04,14830,35400
2018-09-05,14570,34800
2018-09-06,14410,34400
2018-09-07,14620,34900
2018-09-10,14430,34450
2018-09-11,14660,35000
2018-09-12,14780,35300
2018-09-13,14780,35300
2018-09-14,14930,35650
2018-09-17,14660,35000
2018-09-18,14870,35500
2018-09-19,14870,35500
2018-09-20,15160,36200
2018-09-21,15080,36000
2018-09-24,15370,36700
2018-09-25,15160,36200
2018-09-26,15580,37200
2018-09-27,15520,37050
2018-09-28,15450,36900
2018-10-01,15290,36500
2018-10-02,15120,36100
2018-10-03,15290,36500
2018-10-04,15470,36950
2018-10-05,15520,37050
2018-10-08,15470,36950
2018-10-09,15500,37000
2018-10-10,15310,36550
2018-10-11,14240,34000
2018-10-12,14550,34750
2018-10-15,14160,33800
2018-10-16,14390,34350
2018-10-17,14660,35000
2018-10-18,14360,34300
2018-10-19,14160,33800
2018-10-22,14240,34000
2018-10-23,13900,33200
2018-10-24,13720,32750
2018-10-25,13400,32000
2018-10-26,13190,31500
2018-10-29,13170,31450
2018-10-30,12880,30750
2018-10-31,13190,31500
2018-11-01,12940,30900
2018-11-02,13400,32000
2018-11-05,13400,32000
2018-11-06,13230,31600
2018-11-07,13110,31300
2018-11-08,13250,31650
2018-11-09,13070,31200
2018-11-12,13050,31150
2018-11-13,12960,30950
2018-11-14,12770,30500
2018-11-15,12860,30700
2018-11-16,13020,31100
2018-11-19,13110,31300
2018-11-20,13050,31150
2018-11-21,13650,32600
2018-11-22,13610,32500
2018-11-23,13690,32700
2018-11-26,13610,32500
2018-11-27,13550,32350
2018-11-28,13550,32350
2018-11-29,13570,32400
2018-11-30,13320,31800
2018-12-03,13880,33150
2018-12-04,13970,33350
2018-12-05,13990,33400
2018-12-06,13920,33250
2018-12-07,13970,33350
2018-12-10,13840,33050
2018-12-11,13690,32700
2018-12-12,13820,33000
2018-12-13,13760,32850
2018-12-14,13570,32400
2018-12-17,13250,31650
2018-12-18,13340,31850
2018-12-19,13380,31950
2018-12-20,13300,31750
2018-12-21,13250,31650
2018-12-24,13110,31300
2018-12-25,12810,30600
2018-12-26,12860,30700
2018-12-27,12940,30900
2018-12-28,12900,30800
2019-01-02,12840,30650
2019-01-03,12560,30000
2019-01-04,12480,29800
2019-01-07,12650,30200
2019-01-08,12560,30000
2019-01-09,12810,30600
2019-01-10,13020,31100
2019-01-11,13190,31500
2019-01-14,13110,31300
2019-01-15,13440,32100
2019-01-16,13340,31850
2019-01-17,13210,31550
2019-01-18,13440,32100
2019-01-21,13690,32700
2019-01-22,13570,32400
2019-01-23,13570,32400
2019-01-24,13780,32900
2019-01-25,13780,32900
2019-01-28,13780,32900
2019-01-29,13820,33000
2019-01-30,14130,33750
2019-01-31,14110,33700
2019-02-01,14110,33700
2019-02-11,14490,34600
2019-02-12,14590,34850
2019-02-13,14640,34950
2019-02-14,14620,34900
2019-02-15,14700,35100
2019-02-18,15060,35950
2019-02-19,14870,35500
2019-02-20,14830,35400
2019-02-21,14890,35550
2019-02-22,14870,35500
2019-02-25,14910,35600
2019-02-26,15040,34100
2019-02-27,15000,34000
2019-02-28,14580,33050
2019-03-01,14580,33050
2019-03-04,14600,33100
2019-03-05,14890,33750
2019-03-06,15220,34500
2019-03-07,15020,34050
2019-03-08,14950,33900
2019-03-11,14820,33600
2019-03-12,15310,34700
2019-03-13,15220,34500
2019-03-14,15220,34500
2019-03-15,15000,34000
2019-03-18,14730,33400
2019-03-19,14470,32800
2019-03-20,14730,33400
2019-03-21,14340,32500
2019-03-22,14450,32750
2019-03-25,13920,31550
2019-03-26,13920,31550
2019-03-27,13980,31700
2019-03-28,14120,32000
2019-03-29,14050,31850
2019-04-01,13940,31600
2019-04-02,14030,31800
2019-04-03,13920,31550
2019-04-04,14010,31750
2019-04-05,14270,32350
2019-04-08,14360,32550
2019-04-09,14250,32300
2019-04-10,14030,31800
2019-04-11,14030,31800
2019-04-12,14030,31800
2019-04-16,13960,31650
2019-04-17,13960,31650
2019-04-18,13830,31350
2019-04-19,13850,31400
2019-04-22,13670,31000
2019-04-23,13670,31000
2019-04-24,13830,31350
2019-04-25,13890,31500
2019-04-26,14030,31800
2019-05-02,14120,32000
2019-05-03,14090,31950
2019-05-06,13670,31000
2019-05-07,13650,30950
2019-05-08,13940,31600
2019-05-09,14070,31900
2019-05-10,14160,32100
2019-05-13,14340,32500
2019-05-14,14530,32950
2019-05-15,14560,33000
2019-05-16,14510,32900
2019-05-17,14470,32800
2019-05-20,14800,33550
2019-05-21,14710,33350
2019-05-22,14530,32950
2019-05-23,14580,33050
2019-05-24,14510,32900
2019-05-27,14380,32600
2019-05-28,14310,32450
2019-05-29,14360,32550
2019-05-30,14560,33000
2019-05-31,14340,32500
2019-06-03,13890,31500
2019-06-04,14090,31950
2019-06-05,14120,32000
2019-06-06,14120,32000
2019-06-07,14380,32600
2019-06-10,14270,32350
2019-06-11,14420,32700
2019-06-12,14200,32200
2019-06-13,14140,32050
2019-06-14,14050,31850
2019-06-17,13920,31550
2019-06-18,13940,31600
2019-06-19,14050,31850
2019-06-20,14180,32150
2019-06-21,14230,32250
2019-06-24,14180,32150
2019-06-25,14010,31750
2019-06-26,14120,32000
2019-06-27,13960,31650
2019-06-28,14010,31750
2019-07-01,14120,32000
2019-07-02,14200,32200
2019-07-03,14580,33050
2019-07-04,14710,33350
2019-07-05,14710,33350
2019-07-08,14780,33500
2019-07-09,14800,33550
2019-07-10,15060,34150
2019-07-11,14910,33800
2019-07-12,14870,33700
2019-07-15,15000,34000
2019-07-16,14840,33650
2019-07-17,14780,33500
2019-07-18,14690,33300
2019-07-19,14580,33050
2019-07-22,14490,32850
2019-07-23,14820,33600
2019-07-24,14710,33350
2019-07-25,14670,33250
2019-07-26,14450,32750
2019-07-29,14380,32600
2019-07-30,14380,32600
2019-07-31,14450,32750
2019-08-01,14690,33300
2019-08-02,14560,33000
2019-08-05,14340,32500
2019-08-06,14140,32050
2019-08-07,14070,31900
2019-08-08,15000,34000
2019-08-09,15170,34400
2019-08-12,15350,34800
2019-08-13,15880,36000
2019-08-14,15840,35900
2019-08-15,16120,36550
2019-08-16,16560,37550
2019-08-19,16540,37500
2019-08-20,16320,37000
2019-08-21,16410,37200
2019-08-22,16190,36700
2019-08-23,16010,36300
2019-08-26,16010,36300
2019-08-27,16100,36500
2019-08-28,16060,36400
2019-08-29,16030,36350
2019-08-30,16170,36650
2019-09-03,16280,36900
2019-09-04,15880,36000
2019-09-05,15570,35300
2019-09-06,15680,35550
2019-09-09,15550,35250
2019-09-10,15440,35000
2019-09-11,15920,36100
2019-09-12,16390,37150
2019-09-13,16370,37100
2019-09-16,16140,36600
2019-09-17,16190,36700
2019-09-18,16410,37200
2019-09-19,16410,37200
2019-09-20,17110,38800
2019-09-23,16760,38000
2019-09-24,16830,38150
2019-09-25,17420,39500
2019-09-26,17490,39650
2019-09-27,17200,39000
2019-10-01,17290,39200
2019-10-02,16780,38050
2019-10-03,17030,38600
2019-10-04,16500,37400
2019-10-07,16320,37000
2019-10-08,16760,38000
2019-10-09,16980,38500
2019-10-10,16670,37800
2019-10-11,16670,37800
2019-10-14,16760,38000
2019-10-15,16630,37700
2019-10-16,16340,37050
2019-10-17,16100,36500
2019-10-18,16210,36750
2019-10-21,16190,36700
2019-10-22,15900,36050
2019-10-23,16010,36300
2019-10-24,16190,36700
2019-10-25,16320,37000
2019-10-28,16140,36600
2019-10-29,16740,37950
2019-10-30,16630,37700
2019-10-31,16540,37500
2019-11-01,16610,37650
2019-11-04,16890,38300
2019-11-05,16720,37900
2019-11-06,16720,37900
2019-11-07,16980,38500
2019-11-08,16810,38100
2019-11-11,16610,37650
2019-11-12,16590,37600
2019-11-13,16590,37600
2019-11-14,16250,36850
2019-11-15,16370,37100
2019-11-18,16480,37350
2019-11-19,16760,38000
2019-11-20,16630,37700
2019-11-21,16430,37250
2019-11-22,16190,36700
2019-11-25,16010,36300
2019-11-26,16100,36500
2019-11-27,15990,36250
2019-11-28,15840,35900
2019-11-29,15950,36150
2019-12-02,15790,35800
2019-12-03,15750,35700
2019-12-04,16010,36300
2019-12-05,15880,36000
2019-12-06,15880,36000
2019-12-09,15990,36250
2019-12-10,16140,36600
2019-12-11,16230,36800
2019-12-12,16250,36850
2019-12-13,16100,36500
2019-12-16,16140,36600
2019-12-17,15880,36000
2019-12-18,15840,35900
2019-12-19,15790,35800
2019-12-20,15790,35800
2019-12-23,15660,35500
2019-12-24,15840,35900
2019-12-25,15700,35600
2019-12-26,15660,35500
2019-12-27,15840,35900
2019-12-30,16170,36650
2020-01-02,16300,36950
2020-01-03,16100,36500
2020-01-06,16080,36450
2020-01-07,16170,36650
2020-01-08,15750,35700
2020-01-09,15750,35700
2020-01-10,15750,35700
2020-01-13,15770,35750
2020-01-14,15790,35800
2020-01-15,15680,35550
2020-01-16,16060,36400
2020-01-17,16100,36500
2020-01-20,16210,36750
2020-01-21,16450,37300
2020-01-22,16320,37000
2020-01-30,15790,35800
2020-01-31,14950,33900
2020-02-03,14780,33500
2020-02-04,14730,33400
2020-02-05,14690,33300
2020-02-06,15000,34000
2020-02-07,14950,33900
2020-02-10,14800,33550
2020-02-11,15110,34250
2020-02-12,15330,34750
2020-02-13,15350,34800
2020-02-14,15500,35150
2020-02-17,15440,35000
2020-02-18,15480,35100
2020-02-19,15500,35150
2020-02-20,15730,35650
2020-02-21,15440,35000
2020-02-24,14840,33650
2020-02-25,15110,34250
2020-02-26,15040,34100
2020-02-27,15260,34600
2020-02-28,15040,34100
2020-03-02,15020,32450
2020-03-03,15000,32400
2020-03-04,15000,32400
2020-03-05,14900,32200
2020-03-06,14810,32000
2020-03-09,13840,29900
2020-03-10,14020,30300
2020-03-11,13820,29850
2020-03-12,12960,28000
2020-03-13,13050,28200
2020-03-16,12980,28050
2020-03-17,13840,29900
2020-03-18,14020,30300
2020-03-19,13790,29800
2020-03-20,13790,29800
2020-03-23,12840,27750
2020-03-24,13050,28200
2020-03-25,13510,29200
2020-03-26,13120,28350
2020-03-27,12960,28000
2020-03-30,12680,27400
2020-04-01,13100,28300
2020-04-03,13350,28850
2020-04-06,13980,30200
2020-04-07,13880,30000
2020-04-08,13790,29800
2020-04-09,13820,29850
2020-04-10,14050,30350
2020-04-13,14070,30400
2020-04-14,14090,30450
2020-04-15,14350,31000
2020-04-16,14250,30800
2020-04-17,14350,31000
2020-04-20,14280,30850
2020-04-21,13560,29300
2020-04-22,13630,29450
2020-04-23,13650,29500
2020-04-24,14160,30600
2020-04-27,14120,30500
2020-04-28,14050,30350
2020-04-29,13880,30000
2020-05-04,13700,29600
2020-05-05,13880,30000
2020-05-06,14070,30400
2020-05-07,14160,30600
2020-05-08,14160,30600
2020-05-11,14210,30700
2020-05-12,14490,31300
2020-05-13,14810,32000
2020-05-14,14790,31950
2020-05-15,14530,31400
2020-05-18,14510,31350
2020-05-19,14560,31450
2020-05-20,14530,31400
2020-05-21,14720,31800
2020-05-22,14440,31200
2020-05-25,14440,31200
2020-05-26,15040,32500
2020-05-27,14600,31550
2020-05-28,14560,31450
2020-05-29,14460,31250
2020-06-01,14670,31700
2020-06-02,14650,31650
2020-06-03,14670,31700
2020-06-04,14810,32000
2020-06-05,14810,32000
2020-06-08,14880,32150
2020-06-09,14790,31950
2020-06-10,14790,31950
2020-06-11,14120,30500
2020-06-12,14250,30800
2020-06-15,14000,30250
2020-06-16,14210,30700
2020-06-17,14190,30650
2020-06-18,14300,30900
2020-06-19,14530,31400
2020-06-22,14460,31250
2020-06-23,14510,31350
2020-06-24,14510,31350
2020-06-25,14390,31100
2020-06-26,14440,31200
2020-06-29,14210,30700
2020-07-01,14280,30850
2020-07-02,14320,30950
2020-07-03,14690,31750
2020-07-06,14790,31950
2020-07-07,14740,31850
2020-07-08,14810,32000
2020-07-09,14860,32100
2020-07-10,14810,32000
2020-07-13,15230,32900
2020-07-14,15230,32900
2020-07-15,15300,33050
2020-07-16,15320,33100
2020-07-17,15110,32650
2020-07-20,15000,32400
2020-07-21,15110,32650
2020-07-22,14970,32350
2020-07-23,15550,33600
2020-07-24,15040,32500
2020-07-27,14670,31700
2020-07-28,14950,32300
2020-07-29,14810,32000
2020-07-30,15020,32450
2020-07-31,15020,32450
2020-08-03,15600,33700
2020-08-04,15600,33700
2020-08-05,15780,34100
2020-08-06,15810,34150
2020-08-07,16010,34600
2020-08-10,15990,34550
2020-08-11,15970,34500
2020-08-12,15990,34550
2020-08-13,16340,35300
2020-08-14,16340,35300
2020-08-17,16200,35000
2020-08-18,16310,35250
2020-08-19,16340,35300
2020-08-20,16340,35300
2020-08-21,16480,35600
2020-08-24,16640,35950
2020-08-25,17050,36850
2020-08-26,16870,36450
2020-08-27,17010,36750
2020-08-28,17050,36850
2020-08-31,17080,36900
2020-09-01,17120,37000
2020-09-03,17360,37500
2020-09-04,17260,37300
2020-09-07,16940,36600
2020-09-08,16990,36700
2020-09-09,17190,37150
2020-09-10,18050,39000
2020-09-11,17910,38700
2020-09-14,18190,39300
2020-09-15,18030,38950
2020-09-16,18050,39000
2020-09-17,18470,39900
2020-09-18,18650,40300
2020-09-21,18700,40400
2020-09-22,18700,40400
2020-09-23,18540,40050
2020-09-24,18700,40400
2020-09-25,18700,40400
2020-09-28,18650,40300
2020-09-29,18490,39950
2020-10-01,19350,41800
2020-10-02,18580,40150
2020-10-05,19420,41950
2020-10-06,19300,41700
2020-10-07,19140,41350
2020-10-08,19180,41450
2020-10-09,19440,42000
2020-10-12,19300,41700
2020-10-13,19280,41650
2020-10-14,19020,41100
2020-10-15,19350,41800
2020-10-16,19250,41600
2020-10-19,19250,41600
2020-10-20,19250,41600
2020-10-21,19350,41800
2020-10-22,19370,41850
2020-10-23,19440,42000
2020-10-26,19390,41900
2020-10-27,19390,41900
2020-10-28,19320,41750
2020-10-29,19250,41600
2020-10-30,19390,41900
2020-11-02,19230,41550
2020-11-03,19530,42200
2020-11-04,19390,41900
2020-11-05,19350,41800
2020-11-06,19390,41900
2020-11-09,19460,42050
2020-11-10,19580,42300
2020-11-11,19600,42350
2020-11-12,20600,44500
2020-11-13,20600,44500
2020-11-16,20230,43700
2020-11-17,20430,44150
2020-11-18,20320,43900
2020-11-19,20320,43900
2020-11-20,20600,44500
2020-11-23,21310,46050
2020-11-24,21290,46000
2020-11-25,21240,45900
2020-11-26,21470,46400
2020-11-27,22030,47600
2020-11-30,22490,48600
2020-12-01,22420,48450
2020-12-02,22350,48300
2020-12-03,21840,47200
2020-12-04,21750,47000
2020-12-07,21710,46900
2020-12-08,21520,46500
2020-12-09,21640,46750
2020-12-10,21890,47300
2020-12-11,21980,47500
2020-12-14,22010,47550
2020-12-15,21980,47500
2020-12-16,21890,47300
2020-12-17,21430,46300
2020-12-18,21570,46600
2020-12-21,21800,47100
2020-12-22,22490,48600
2020-12-23,22450,48500
2020-12-24,22080,47700
2020-12-25,22220,48000
2020-12-28,22050,47650
2020-12-29,22080,47700
2020-12-30,22350,48300
2021-01-04,23280,50300
2021-01-05,23230,50200
2021-01-06,23140,50000
2021-01-07,23600,51000
2021-01-08,23740,51300
2021-01-11,23700,51200
2021-01-12,24580,53100
2021-01-13,24620,53200
2021-01-14,24530,53000
2021-01-15,24760,53500
2021-01-18,24950,53900
2021-01-19,24440,52800
2021-01-20,24530,53000
2021-01-21,24810,53600
2021-01-22,25040,54100
2021-01-25,25130,54300
2021-01-26,24710,53400
2021-01-27,24020,51900
2021-01-28,22350,48300
2021-01-29,23600,51000
2021-02-01,23190,50100
2021-02-02,24760,53500
2021-02-03,24990,54000
2021-02-04,24760,53500
2021-02-05,24760,53500
2021-02-08,24990,54000
2021-02-09,26380,57000
2021-02-17,27350,59100
2021-02-18,27580,59600
2021-02-19,27120,58600
2021-02-22,26380,57000
2021-02-23,26100,56400
2021-02-24,26380,57000
2021-02-25,26100,56400
2021-02-26,26240,56700
2021-03-01,26330,56900
2021-03-02,26330,56900
2021-03-03,26430,57100
2021-03-04,25690,55500
2021-03-05,25640,55400
2021-03-08,25920,56000
2021-03-09,25450,55000
2021-03-10,25410,54900
2021-03-11,25690,55500
2021-03-12,25690,55500
2021-03-15,25410,54900
2021-03-16,24950,53900
2021-03-17,24950,53900
2021-03-18,25040,54100
2021-03-19,26010,56200
2021-03-22,26150,56500
2021-03-23,25690,55500
2021-03-24,24990,54000
2021-03-25,24710,53400
2021-03-26,24990,54000
2021-03-29,25130,54300
2021-03-30,24620,53200
2021-04-01,24950,53900
2021-04-02,24850,53700
2021-04-05,24810,53600
2021-04-06,24670,53300
2021-04-07,24670,53300
2021-04-08,24440,52800
2021-04-09,24760,53500
2021-04-12,24810,53600
2021-04-13,24620,53200
2021-04-14,24480,52900
2021-04-15,23930,51700
2021-04-16,23600,51000
2021-04-19,24390,52700
2021-04-20,24070,52000
2021-04-22,23700,51200
2021-04-23,24210,52300
2021-04-26,23740,51300
2021-04-27,23600,51000
2021-04-28,23600,51000
2021-04-29,24810,53600
2021-05-04,24110,52100
2021-05-05,24440,52800
2021-05-06,25500,55100
2021-05-07,25960,56100
2021-05-10,26240,56700
2021-05-11,25410,54900
2021-05-12,25590,55300
2021-05-13,25450,55000
2021-05-14,25920,56000
2021-05-17,25550,55200
2021-05-18,25690,55500
2021-05-19,25450,55000
2021-05-20,27030,58400
2021-05-21,26840,58000
2021-05-24,27350,59100
2021-05-25,27350,59100
2021-05-26,27350,59100
2021-05-27,27400,59200
2021-05-28,27440,59300
2021-05-31,26940,58200
2021-06-01,26380,57000
2021-06-02,25920,56000
2021-06-03,26750,57800
2021-06-04,26570,57400
2021-06-07,25820,55800
2021-06-08,25920,56000
2021-06-09,25690,55500
2021-06-10,25220,54500
2021-06-11,25410,54900
2021-06-14,25690,55500
2021-06-15,26330,56900
2021-06-16,26330,56900
2021-06-17,27770,60000
2021-06-18,27630,59700
2021-06-21,26940,58200
2021-06-22,26660,57600
2021-06-23,26330,56900
2021-06-24,26100,56400
2021-06-25,26150,56500
2021-06-28,26520,57300
2021-06-29,26700,57700
2021-07-01,26660,57600
2021-07-02,26240,56700
2021-07-05,25360,54800
2021-07-06,24300,52500
2021-07-07,24950,53900
2021-07-08,24530,53000
2021-07-09,24480,52900
2021-07-12,24210,52300
2021-07-13,24020,51900
2021-07-14,23650,51100
2021-07-15,23700,51200
2021-07-16,24020,51900
2021-07-19,23510,50800
2021-07-20,23930,51700
2021-07-21,24160,52200
2021-07-22,24440,52800
2021-07-23,23830,51500
2021-07-26,24070,52000
2021-07-27,24440,52800
2021-07-28,24250,52400
2021-07-29,24250,52400
2021-07-30,25450,55000
2021-08-02,24990,54000
2021-08-03,25130,54300
2021-08-04,24990,54000
2021-08-05,24990,54000
2021-08-06,24990,54000
2021-08-09,25870,55900
2021-08-10,25870,55900
2021-08-11,26100,56400
2021-08-12,25780,55700
2021-08-13,25780,55700
2021-08-16,26150,56500
2021-08-17,26200,56600
2021-08-18,28000,60500
2021-08-19,28090,60700
2021-08-20,28370,61300
2021-08-23,26840,58000
2021-08-24,26800,57900
2021-08-25,26890,58100
2021-08-26,28740,62100
2021-08-27,30080,65000
2021-08-30,30080,65000
2021-08-31,30550,66000
2021-09-01,30780,66500
2021-09-06,30640,66200
2021-09-07,29620,64000
2021-09-08,29760,64300
2021-09-09,30550,66000
2021-09-10,30500,65900
2021-09-13,29850,64500
2021-09-14,30040,64900
2021-09-15,30080,65000
2021-09-16,30080,65000
2021-09-17,30960,66900
2021-09-20,30360,65600
2021-09-21,30550,66000
2021-09-22,31470,68000
2021-09-23,31010,67000
2021-09-24,30180,65200
2021-09-27,28690,62000
2021-09-28,29850,64500
2021-09-29,30130,65100
2021-09-30,30180,65200
2021-10-01,30500,65900
2021-10-04,32300,69800
2021-10-05,32300,69800
2021-10-06,33230,71800
2021-10-07,33000,71300
2021-10-08,32630,70500
2021-10-11,32630,70500
2021-10-12,33510,72400
2021-10-13,33790,73000
2021-10-14,33790,73000
2021-10-15,33790,73000
2021-10-18,34250,74000
2021-10-19,34620,74800
2021-10-20,34660,74900
2021-10-21,34660,74900
2021-10-22,35170,76000
2021-10-25,35170,76000
2021-10-26,34800,75200
2021-10-27,35170,76000
2021-10-28,35170,76000
2021-10-29,34620,74800
2021-11-01,33320,72000
2021-11-02,33460,72300
2021-11-03,33460,72300
2021-11-04,32770,70800
2021-11-05,32910,71100
2021-11-08,33320,72000
2021-11-09,33320,72000
2021-11-10,32770,70800
2021-11-11,32770,70800
2021-11-12,33790,73000
2021-11-15,33370,72100
2021-11-16,33230,71800
2021-11-17,33230,71800
2021-11-18,32400,70000
2021-11-19,31050,67100
2021-11-22,29850,64500
2021-11-23,30870,66700
2021-11-24,31290,67600
2021-11-25,30960,66900
2021-11-26,31010,67000
2021-11-29,31930,69000
2021-11-30,32630,70500
2021-12-01,32350,69900
2021-12-02,31930,69000
2021-12-03,31240,67500
2021-12-06,30130,65100
2021-12-07,31240,67500
2021-12-08,31100,67200
2021-12-09,31240,67500
2021-12-10,31520,68100
2021-12-13,32120,69400
2021-12-14,31800,68700
2021-12-15,30550,66000
2021-12-16,31100,67200
2021-12-17,31290,67600
2021-12-20,31050,67100
2021-12-21,31930,69000
2021-12-22,31930,69000
2021-12-23,32400,70000
2021-12-24,33230,71800
2021-12-27,33280,71900
2021-12-28,33280,71900
2021-12-29,32540,70300
2021-12-30,32350,69900
2022-01-04,32400,70000
2022-01-05,32860,71000
2022-01-06,32350,69900
2022-01-07,32070,69300
2022-01-10,31520,68100
2022-01-11,30550,66000
2022-01-12,30590,66100
2022-01-13,30590,66100
2022-01-14,30730,66400
2022-01-17,29620,64000
2022-01-18,29620,64000
2022-01-19,29760,64300
2022-01-20,30220,65300
2022-01-21,30360,65600
2022-01-24,29160,63000
2022-01-25,29760,64300
2022-01-26,30040,64900
2022-01-27,31190,67400
2022-01-28,31930,69000
2022-02-07,31750,68600
2022-02-08,32120,69400
2022-02-09,32260,69700
2022-02-10,31560,68200
2022-02-11,31610,68300
2022-02-14,31240,67500
2022-02-15,31610,68300
2022-02-16,33460,72300
2022-02-17,33090,71500
2022-02-18,33550,72500
2022-02-21,33510,72400
2022-02-22,33140,71600
2022-02-23,34480,74500
2022-02-24,34020,73500
2022-02-25,34250,74000
2022-02-28,34990,75600
2022-03-01,34570,74700
2022-03-02,34250,74000
2022-03-03,35030,75700
2022-03-04,34660,74900
2022-03-07,34160,73800
2022-03-08,33550,72500
2022-03-09,32910,71100
2022-03-10,33180,71700
2022-03-11,33420,72200
2022-03-14,33740,72900
2022-03-15,33320,72000
2022-03-16,32950,71200
2022-03-17,33230,71800
2022-03-18,33230,71800
2022-03-21,33320,72000
2022-03-22,34290,74100
2022-03-23,34480,74500
2022-03-24,36890,79700
2022-03-25,36560,79000
2022-03-28,36980,79900
2022-03-29,37260,80500
2022-03-30,37670,81400
2022-04-01,38920,84100
2022-04-04,38180,82500
2022-04-05,37950,82000
2022-04-06,39200,84700
2022-04-07,37490,81000
2022-04-08,37860,81800
2022-04-12,36610,79100
2022-04-13,37530,81100
2022-04-14,37950,82000
2022-04-15,40260,87000
2022-04-18,41010,88600
2022-04-19,39600,84600
2022-04-20,37450,80000
2022-04-21,37820,80800
2022-04-22,35860,76600
2022-04-25,33380,71300
2022-04-26,34590,73900
2022-04-27,34640,74000
2022-04-28,37030,79100
2022-04-29,38570,82400
2022-05-04,38850,83000
2022-05-05,38480,82200
2022-05-06,40260,86000
2022-05-09,37920,81000
2022-05-10,40540,86600
2022-05-11,43350,92600
2022-05-12,40720,87000
2022-05-13,37920,81000
2022-05-16,35300,75400
2022-05-17,37730,70100
2022-05-18,39300,73000
2022-05-19,41180,76500
2022-05-20,41020,76200
2022-05-23,39560,73500
2022-05-24,40370,75000
2022-05-25,43170,80200
2022-05-26,45110,83800
2022-05-27,48230,89600
2022-05-30,50980,94700
2022-05-31,48720,90500
2022-06-01,51410,95500
2022-06-02,49740,92400
2022-06-03,50060,93000
2022-06-06,49420,91800
2022-06-07,51680,96000
2022-06-08,52910,98300
2022-06-09,52110,96800
2022-06-10,48500,90100
2022-06-13,46560,86500
2022-06-14,48720,90500
2022-06-15,48880,90800
2022-06-16,52110,96800
2022-06-17,53290,99000
2022-06-20,49580,92100
2022-06-21,46130,85700
2022-06-22,42960,79800
2022-06-23,45920,85300
2022-06-24,46190,85800
2022-06-27,46290,86000
2022-06-28,47150,87600
2022-06-29,46510,86400
2022-06-30,46400,86200
2022-07-01,46290,86000
2022-07-04,45760,85000
2022-07-05,42580,79100
2022-07-06,39670,73700
2022-07-07,40590,75400
2022-07-08,41400,76900
2022-07-11,38760,72000
2022-07-12,40860,75900
2022-07-13,41660,77400
2022-07-14,41720,77500
2022-07-15,41930,77900
2022-07-18,42630,79200
2022-07-19,43710,81200
2022-07-20,44410,82500
2022-07-21,43980,81700
2022-07-22,43550,80900
2022-07-25,42850,79600
2022-07-26,41070,76300
2022-07-27,41770,77600
2022-07-28,41830,77700
2022-07-29,40480,75200
2022-08-01,40910,76000
2022-08-02,42310,78600
2022-08-03,43710,81200
2022-08-04,43060,80000
2022-08-05,43600,81000
2022-08-08,44140,82000
2022-08-09,43280,80400
2022-08-10,43390,80600
2022-08-11,43170,80200
2022-08-12,43390,80600
2022-08-15,45000,83600
2022-08-16,45320,84200
2022-08-17,44570,82800
2022-08-18,44620,82900
2022-08-19,43980,81700
2022-08-22,44790,83200
2022-08-23,45490,84500
2022-08-24,45760,85000
2022-08-25,45860,85200
2022-08-26,44950,83500
2022-08-29,45220,84000
2022-08-30,45380,84300
2022-08-31,46350,86100
2022-09-05,46560,86500
2022-09-06,46460,86300
2022-09-07,44680,83000
2022-09-08,43760,81300
2022-09-09,45700,84900
2022-09-12,45810,85100
2022-09-13,46290,86000
2022-09-14,46080,85600
2022-09-15,46290,86000
2022-09-16,45270,84100
2022-09-19,44300,82300
2022-09-20,45160,83900
2022-09-21,45110,83800
2022-09-22,45430,84400
2022-09-23,45000,83600
2022-09-26,42260,78500
2022-09-27,42470,78900
2022-09-28,40430,75100
2022-09-29,40370,75000
2022-09-30,41450,77000
2022-10-03,39400,73200
2022-10-04,39560,73500
2022-10-05,41720,77500
2022-10-06,39890,74100
2022-10-07,39560,73500
2022-10-10,40960,76100
2022-10-11,40370,75000
2022-10-12,41230,76600
2022-10-13,40860,75900
2022-10-14,41610,77300
2022-10-17,42960,79800
2022-10-18,43120,80100
2022-10-19,43060,80000
2022-10-20,43710,81200
2022-10-21,42530,79000
2022-10-24,41340,76800
2022-10-25,42260,78500
2022-10-26,42740,79400
2022-10-27,43600,81000
2022-10-28,42960,79800
2022-10-31,42530,79000
2022-11-01,41450,77000
2022-11-02,40430,75100
2022-11-03,40530,75300
2022-11-04,37730,70100
2022-11-07,36870,68500
2022-11-08,37570,69800
2022-11-09,37140,69000
2022-11-10,36600,68000
2022-11-11,37250,69200
2022-11-14,36930,68600
2022-11-15,34340,63800
2022-11-16,36280,67400
2022-11-17,36930,68600
2022-11-18,37140,69000
2022-11-21,37410,69500
2022-11-22,37680,70000
2022-11-23,37790,70200
2022-11-24,37570,69800
2022-11-25,37900,70400
2022-11-28,39030,72500
2022-11-29,39240,72900
2022-11-30,39830,74000
2022-12-01,40100,74500
2022-12-02,41990,78000
2022-12-05,42740,79400
2022-12-06,41990,78000
2022-12-07,41660,77400
2022-12-08,41660,77400
2022-12-09,43060,80000
2022-12-12,43060,80000
2022-12-13,42530,79000
2022-12-14,41880,77800
2022-12-15,41560,77200
2022-12-16,42530,79000
2022-12-19,41500,77100
2022-12-20,40590,75400
2022-12-21,39560,73500
2022-12-22,39560,73500
2022-12-23,39780,73900
2022-12-26,37840,70300
2022-12-27,38760,72000
2022-12-28,38650,71800
2022-12-29,38650,71800
2022-12-30,38490,71500
2023-01-03,39030,72500
2023-01-04,39350,73100
2023-01-05,40100,74500
2023-01-06,40000,74300
2023-01-09,39510,73400
2023-01-10,38760,72000
2023-01-11,39030,72500
2023-01-12,39030,72500
2023-01-13,38650,71800
2023-01-16,38170,70900
2023-01-17,37140,69000
2023-01-18,37200,69100
2023-01-19,37630,69900
2023-01-27,39030,72500
2023-01-30,39560,73500
2023-01-31,40160,74600
2023-02-01,39350,73100
2023-02-02,38970,72400
2023-02-03,37950,70500
2023-02-06,39240,72900
2023-02-07,39560,73500
2023-02-08,39560,73500
2023-02-09,39030,72500
2023-02-10,38490,71500
2023-02-13,37950,70500
2023-02-14,37840,70300
2023-02-15,37950,70500
2023-02-16,38220,71000
2023-02-17,38330,71200
2023-02-20,39240,72900
2023-02-21,39240,72900
2023-02-22,38430,71400
2023-02-23,37680,70000
2023-02-24,37680,70000
2023-02-27,36870,68500
2023-02-28,37040,67800
2023-03-01,37150,68000
2023-03-02,37530,68700
2023-03-03,36650,67100
2023-03-06,36600,67000
2023-03-07,36820,67400
2023-03-08,37150,68000
2023-03-09,37150,68000
2023-03-10,37260,68200
2023-03-13,37470,68600
2023-03-14,37200,68100
2023-03-15,37580,68800
2023-03-16,37150,68000
2023-03-17,37150,68000
2023-03-20,36440,66700
2023-03-21,36600,67000
2023-03-22,36600,67000
2023-03-23,36650,67100
2023-03-24,36870,67500
2023-03-27,37150,68000
2023-03-28,37150,68000
2023-03-29,36710,67200
2023-03-30,36760,67300
2023-03-31,36930,67600
2023-04-03,37200,68100
2023-04-04,38130,69800
2023-04-05,38290,70100
2023-04-06,37860,69300
2023-04-07,37910,69400
2023-04-10,38240,70000
2023-04-11,37580,68800
2023-04-12,38130,69800
2023-04-13,37690,69000
2023-04-14,37150,68000
2023-04-17,37040,67800
2023-04-18,37150,68000
2023-04-19,36930,67600
2023-04-20,36930,67600
2023-04-21,36440,66700
2023-04-24,35780,65500
2023-04-25,35510,65000
2023-04-26,35020,64100
2023-04-27,35180,64400
2023-04-28,36330,66500
2023-05-04,36490,66800
2023-05-05,36160,66200
2023-05-08,36490,66800
2023-05-09,36330,66500
2023-05-10,36270,66400
2023-05-11,36330,66500
2023-05-12,36110,66100
2023-05-15,36650,67100
2023-05-16,36870,67500
2023-05-17,36440,66700
2023-05-18,36440,66700
2023-05-19,36870,58700
2023-05-22,38070,60600
2023-05-23,39320,62600
2023-05-24,38700,61600
2023-05-25,38320,61000
2023-05-26,38630,61500
2023-05-29,38630,61500
2023-05-30,38450,61200
2023-05-31,38630,61500
2023-06-01,38510,61300
2023-06-02,38570,61400
2023-06-05,39260,62500
2023-06-06,39640,63100
2023-06-07,39640,63100
2023-06-08,38950,62000
2023-06-09,38880,61900
2023-06-12,39010,62100
2023-06-13,39450,62800
2023-06-14,39140,62300
2023-06-15,38820,61800
2023-06-16,39200,62400
2023-06-19,39760,63300
2023-06-20,39890,63500
2023-06-21,39760,63300
2023-06-22,39700,63200
2023-06-23,39510,62900
2023-06-26,39260,62500
2023-06-27,39450,62800
2023-06-28,40960,65200
2023-06-29,40080,63800
2023-06-30,40960,65200
2023-07-03,40960,65200
2023-07-04,41080,65400
2023-07-05,41210,65600
2023-07-06,40900,65100
2023-07-07,40960,65200
2023-07-10,41270,65700
2023-07-11,41400,65900
2023-07-12,40830,65000
2023-07-13,41460,66000
2023-07-14,41460,66000
2023-07-17,41020,65300
2023-07-18,41020,65300
2023-07-19,40830,65000
2023-07-20,40580,64600
2023-07-21,41080,65400
2023-07-24,40710,64800
2023-07-25,41020,65300
2023-07-26,42650,67900
2023-07-27,42150,67100
2023-07-28,42720,68000
2023-07-31,42090,67000
2023-08-01,41150,65500
2023-08-02,40770,64900
2023-08-03,40770,64900
2023-08-04,40200,64000
2023-08-07,40770,64900
2023-08-08,40770,64900
2023-08-09,40330,64200
2023-08-10,39510,62900
2023-08-11,39700,63200
2023-08-14,39890,63500
2023-08-15,39760,63300
2023-08-16,39640,63100
2023-08-17,39390,62700
2023-08-18,38010,60500
2023-08-21,38320,61000
2023-08-22,38380,61100
2023-08-23,38380,61100
2023-08-24,38630,61500
2023-08-25,38630,61500
2023-08-28,39580,63000
2023-08-29,39450,62800
2023-08-30,39580,63000
2023-08-31,39450,62800
2023-09-05,40080,63800
2023-09-06,40270,64100
2023-09-07,39950,63600
2023-09-08,40200,64000
2023-09-11,39950,63600
2023-09-12,39830,63400
2023-09-13,39830,63400
2023-09-14,39510,62900
2023-09-15,39580,63000
2023-09-18,39260,62500
2023-09-19,39890,63500
2023-09-20,40390,64300
2023-09-21,41150,65500
2023-09-22,39890,63500
2023-09-25,38820,61800
2023-09-26,38880,61900
2023-09-27,39510,62900
2023-09-28,39890,63500
2023-09-29,39700,63200
2023-10-02,39890,63500
2023-10-03,38950,62000
2023-10-04,39450,62800
2023-10-05,38950,62000
2023-10-06,39070,62200
2023-10-09,38880,61900
2023-10-10,39320,62600
2023-10-11,39320,62600
2023-10-12,39510,62900
2023-10-13,39450,62800
2023-10-16,39070,62200
2023-10-17,38700,61600
2023-10-18,37940,60400
2023-10-19,37440,59600
2023-10-20,37940,60400
2023-10-23,37190,59200
2023-10-24,37440,59600
2023-10-25,37060,59000
2023-10-26,35180,56000
2023-10-27,34550,55000
2023-10-30,34300,54600
2023-10-31,33040,52600
2023-11-01,32730,52100
2023-11-02,34300,54600
2023-11-03,33290,53000
2023-11-06,34800,55400
2023-11-07,34680,55200
2023-11-08,35810,57000
2023-11-09,35810,57000
2023-11-10,36060,57400
2023-11-13,36000,57300
2023-11-14,36370,57900
2023-11-15,36620,58300
2023-11-16,36370,57900
2023-11-17,36430,58000
2023-11-20,36310,57800
2023-11-21,36250,57700
2023-11-22,36120,57500
2023-11-23,36120,57500
2023-11-24,35870,57100
2023-11-27,35740,56900
2023-11-28,35930,57200
2023-11-29,36180,57600
2023-11-30,35870,57100
2023-12-01,36000,57300
2023-12-04,36430,58000
2023-12-05,37250,59300
2023-12-06,36940,58800
2023-12-07,36430,58000
2023-12-08,37190,59200
2023-12-11,36870,58700
2023-12-12,37060,59000
2023-12-13,36250,57700
2023-12-14,35870,57100
2023-12-15,35620,56700
2023-12-18,35680,56800
2023-12-19,35370,56300
2023-12-20,35370,56300
2023-12-21,35490,56500
2023-12-22,35050,55800
2023-12-25,35240,56100
2023-12-26,35050,55800
2023-12-27,35430,56400
2023-12-28,35430,56400
2023-12-29,35680,56800
2024-01-02,36120,57500
2024-01-03,36180,57600
2024-01-04,36250,57700
2024-01-05,36060,57400
2024-01-08,35680,56800
2024-01-09,35240,56100
2024-01-10,35050,55800
2024-01-11,35050,55800
2024-01-12,34610,55100
2024-01-15,34680,55200
2024-01-16,34930,55600
2024-01-17,35240,56100
2024-01-18,34990,55700
2024-01-19,35180,56000
2024-01-22,35240,56100
2024-01-23,35740,56900
2024-01-24,35680,56800
2024-01-25,35370,56300
2024-01-26,35300,56200
2024-01-29,35490,56500
2024-01-30,35430,56400
2024-01-31,35180,56000
2024-02-01,34800,55400
2024-02-02,34550,55000
2024-02-05,34860,55500
2024-02-06,35300,56200
2024-02-07,35490,56500
2024-02-15,36620,58300
2024-02-16,36870,58700
2024-02-19,37190,59200
2024-02-20,36940,58800
2024-02-21,37820,60200
2024-02-22,37440,59600
2024-02-23,36750,58500
2024-02-26,36500,58100
2024-02-27,37130,59100
2024-02-28,38450,61200
2024-02-29,38450,61200
2024-03-01,39140,62300
2024-03-04,39070,62200
2024-03-05,39760,63300
2024-03-06,39200,62400
2024-03-07,39580,63000
2024-03-08,39640,63100
2024-03-11,38950,62000
2024-03-12,38950,62000
2024-03-13,39950,63600
2024-03-14,40390,64300
2024-03-15,40200,64000
2024-03-18,38760,61700
2024-03-19,38820,61800
2024-03-20,39010,62100
2024-03-21,39510,62900
2024-03-22,40270,64100
2024-03-25,39890,63500
2024-03-26,40270,64100
2024-03-27,40140,63900
2024-03-28,40140,63900
2024-03-29,40080,63800
2024-04-01,39760,63300
2024-04-02,40270,64100
2024-04-03,40020,63700
2024-04-04,39510,62900
2024-04-05,39320,62600
2024-04-08,39260,62500
2024-04-09,39450,62800
2024-04-10,39320,62600
2024-04-11,39510,62900
2024-04-12,40090,62800
2024-04-15,38870,60900
2024-04-16,38560,60400
2024-04-17,38300,60000
2024-04-19,37020,58000
2024-04-22,37600,58900
2024-04-23,37280,58400
2024-04-24,38490,60300
2024-04-25,38300,60000
2024-04-26,39320,61600
2024-05-02,40980,64200
2024-05-03,42070,65900
2024-05-06,41680,65300
2024-05-07,41490,65000
2024-05-08,42390,66400
2024-05-09,42130,66000
2024-05-10,42130,66000
2024-05-13,42770,67000
2024-05-14,42510,66600
2024-05-15,42510,66600
2024-05-16,43790,68600
2024-05-17,43410,68000
2024-05-20,43090,67500
2024-05-21,43460,59200
2024-05-22,43460,59200
2024-05-23,45140,61500
2024-05-24,44630,60800
2024-05-27,45660,62200
2024-05-28,46470,63300
2024-05-29,45510,62000
2024-05-30,45510,62000
2024-05-31,45730,62300
2024-06-03,46250,63000
2024-06-04,45880,62500
2024-06-05,45950,62600
2024-06-06,45510,62000
2024-06-07,45510,62000
2024-06-10,45660,62200
2024-06-11,45510,62000
2024-06-12,46610,63500
2024-06-13,46980,64000
2024-06-14,45140,61500
2024-06-17,45220,61600
2024-06-18,46610,63500
2024-06-19,46760,63700
2024-06-20,48230,65700
2024-06-21,47350,64500
2024-06-24,46690,63600
2024-06-25,47050,64100
2024-06-26,46980,64000
2024-06-27,46980,64000
2024-06-28,45950,62600
2024-07-01,46610,63500
2024-07-02,46390,63200
2024-07-03,46980,64000
2024-07-04,47930,65300
2024-07-05,47860,65200
2024-07-08,48820,66500
2024-07-09,51020,69500
2024-07-10,52260,71200
2024-07-11,52490,71500
2024-07-12,52190,71100
2024-07-15,52850,72000
2024-07-16,54250,73900
2024-07-17,53000,72200
2024-07-18,52850,72000
2024-07-19,51600,70300
2024-07-22,50280,68500
2024-07-23,50140,68300
2024-07-24,50650,69000
2024-07-25,51750,70500
2024-07-26,52120,71000
2024-07-29,52490,71500
2024-07-30,51750,70500
2024-07-31,51090,69600
2024-08-01,49840,67900
2024-08-02,51600,70300
2024-08-05,48010,65400
2024-08-06,48960,66700
2024-08-07,48300,65800
2024-08-08,48670,66300
2024-08-09,49180,67000
2024-08-12,50580,68900
2024-08-13,49770,67800
2024-08-14,50650,69000
2024-08-15,49550,67500
2024-08-16,51310,69900
2024-08-19,51600,70300
2024-08-20,51310,69900
2024-08-21,51460,70100
2024-08-22,51160,69700
2024-08-23,51820,70600
2024-08-26,51380,70000
2024-08-27,50360,68600
2024-08-28,50360,68600
2024-08-29,50650,69000
2024-08-30,50360,68600
2024-09-04,49180,67000
2024-09-05,47930,65300
2024-09-06,48150,65600
2024-09-09,48520,66100
2024-09-10,47710,65000
2024-09-11,47790,65100
2024-09-12,48230,65700
2024-09-13,48230,65700
2024-09-16,47490,64700
2024-09-17,47640,64900
2024-09-18,48300,65800
2024-09-19,48520,66100
2024-09-20,48890,66600
2024-09-23,48960,66700
2024-09-24,48890,66600
2024-09-25,49550,67500
2024-09-26,49480,67400
2024-09-27,48960,66700
2024-09-30,48890,66600
2024-10-01,48960,66700
2024-10-02,49480,67400
2024-10-03,49040,66800
2024-10-04,48670,66300
2024-10-07,48300,65800
2024-10-08,48150,65600
2024-10-09,48150,65600
2024-10-10,48080,65500
2024-10-11,48150,65600
2024-10-14,48370,65900
2024-10-15,47860,65200
2024-10-16,47640,64900
2024-10-17,47640,64900
2024-10-18,47570,64800
2024-10-21,47050,64100
2024-10-22,46320,63100
2024-10-23,46470,63300
2024-10-24,46610,63500
2024-10-25,46250,63000
2024-10-28,46470,63300
2024-10-29,47420,64600
2024-10-30,47710,65000
2024-10-31,47050,64100
2024-11-01,45510,62000
2024-11-04,46980,64000
2024-11-05,46690,63600
2024-11-06,46910,63900
2024-11-07,47350,64500
2024-11-08,47420,64600
2024-11-11,47710,65000
2024-11-12,48300,65800
2024-11-13,48010,65400
2024-11-14,47710,65000
2024-11-15,47710,65000
2024-11-18,46760,63700
2024-11-19,46100,62800
2024-11-20,46830,63800
2024-11-21,47710,65000
2024-11-22,47490,64700
2024-11-25,49110,66900
2024-11-26,48960,66700
2024-11-27,49180,67000
2024-11-28,49180,67000
2024-11-29,49330,67200
2024-12-02,49040,66800
2024-12-03,49770,67800
2024-12-04,49330,67200
2024-12-05,50210,68400
2024-12-06,49770,67800
2024-12-09,49770,67800
2024-12-10,49480,67400
2024-12-11,48890,66600
2024-12-12,48450,66000
2024-12-13,48820,66500
2024-12-16,48590,66200
2024-12-17,48820,66500
2024-12-18,49770,67800
2024-12-19,49400,67300
2024-12-20,49700,67700
2024-12-23,49920,68000
2024-12-24,49550,67500
2024-12-25,50430,68700
2024-12-26,49920,68000
2024-12-27,49920,68000
2024-12-30,49180,67000
2024-12-31,49840,67900
2025-01-02,49180,67000
2025-01-03,48010,65400
2025-01-06,46980,64000
2025-01-07,47570,64800
2025-01-08,47050,64100
2025-01-09,47270,64400
2025-01-10,47200,64300
2025-01-13,47710,65000
2025-01-14,48010,65400
2025-01-15,47640,64900
2025-01-16,48150,65600
2025-01-17,48960,66700
2025-01-20,49110,66900
2025-01-21,48450,66000
2025-01-22,48010,65400
2025-01-23,48370,65900
2025-01-24,47710,65000
2025-02-04,48450,66000
2025-02-05,48820,66500
2025-02-06,48450,66000
2025-02-07,49040,66800
2025-02-10,49040,66800
2025-02-11,49550,67500
2025-02-12,49920,68000
2025-02-13,49840,67900
2025-02-14,49550,67500
2025-02-17,48960,66700
2025-02-18,49550,67500
2025-02-19,53000,72200
2025-02-20,52930,72100
2025-02-21,52850,72000
2025-02-24,55050,75000
2025-02-25,54540,74300
2025-02-26,54030,73600
2025-02-27,55070,74000
2025-02-28,53880,72400
2025-03-03,54030,72600
2025-03-04,54400,73100
2025-03-05,54400,73100
2025-03-06,54850,73700
2025-03-07,54550,73300
2025-03-10,55810,75000
2025-03-11,55520,74600
2025-03-12,54920,73800
2025-03-13,53730,72200
2025-03-14,52760,70900
2025-03-17,52690,70800
2025-03-18,53060,71300
2025-03-19,52170,70100
2025-03-20,53210,71500
2025-03-21,53210,71500
2025-03-24,53580,72000
2025-03-25,53950,72500
2025-03-26,54030,72600
2025-03-27,54400,73100
2025-03-28,52760,70900
2025-03-31,53130,71400
2025-04-01,53210,71500
2025-04-02,52840,71000
2025-04-03,49190,66100
2025-04-04,48970,65800
2025-04-08,45540,61200
2025-04-09,45400,61000
2025-04-10,48520,65200
2025-04-11,50230,67500
2025-04-14,50160,67400
2025-04-15,48740,65500
2025-04-16,48670,65400
2025-04-17,48220,64800
2025-04-18,48740,65500
2025-04-21,50750,68200
2025-04-22,50230,67500
2025-04-23,50980,68500
2025-04-24,50900,68400
2025-04-25,52020,69900
2025-04-28,51350,69000
2025-04-29,50980,68500
2025-05-05,52460,70500
2025-05-06,51870,69700
2025-05-07,51720,69500
2025-05-08,51870,69700
2025-05-09,51130,68700
2025-05-12,51350,69000
2025-05-13,51130,68700
2025-05-14,53210,71500
2025-05-15,52840,71000
2025-05-16,52840,71000
2025-05-19,52540,70600
2025-05-20,53950,72500
2025-05-21,53430,71800
2025-05-22,52540,70600
2025-05-23,52390,70400
2025-05-26,53510,71900
2025-05-27,54180,72800
2025-05-28,53880,72400
2025-05-29,53130,71400
2025-05-30,53360,71700
2025-06-02,54330,73000
2025-06-03,54250,72900
2025-06-04,53800,72300
2025-06-05,57530,77300
2025-06-06,58050,78000
2025-06-09,57300,77000
2025-06-10,56930,76500
2025-06-11,57760,67500
2025-06-12,57760,67500
2025-06-13,57340,67000
2025-06-16,59220,69200
2025-06-17,58960,68900
2025-06-18,59050,69000
2025-06-19,59050,69000
2025-06-20,58530,68400
2025-06-23,57590,67300
2025-06-24,56740,66300
2025-06-25,57340,67000
2025-06-26,57760,67500
2025-06-27,57590,67300
2025-06-30,58280,68100
2025-07-01,57760,67500
2025-07-02,56740,66300
2025-07-03,57250,66900
2025-07-04,56990,66600
2025-07-07,56910,66500
2025-07-08,57760,67500
2025-07-09,57760,67500
2025-07-10,57760,67500
2025-07-11,57250,66900
2025-07-14,58620,68500
2025-07-15,58710,68600
2025-07-16,58880,68800
2025-07-17,58190,68000
2025-07-18,58620,68500
2025-07-21,58710,68600
2025-07-22,58880,68800
2025-07-23,59310,69300
2025-07-24,59390,69400
2025-07-25,59650,69700
2025-07-28,59480,69500
2025-07-29,57170,66800
2025-07-30,57590,67300
2025-07-31,57170,66800
2025-08-01,56050,65500
2025-08-04,57170,66800
2025-08-05,56910,66500
2025-08-06,57250,66900
2025-08-07,57250,66900
2025-08-08,58190,68000
2025-08-11,58110,67900
2025-08-12,58710,68600
2025-08-13,58620,68500
2025-08-14,58530,68400
2025-08-15,56990,66600
2025-08-18,56480,66000
2025-08-19,56050,65500
2025-08-20,56050,65500
2025-08-21,56570,66100
2025-08-22,55200,64500
2025-08-25,54770,64000
2025-08-26,55970,65400
2025-08-27,56480,66000
2025-08-28,56140,65600
2025-08-29,55800,65200
2025-09-03,55540,64900
2025-09-04,55970,65400
2025-09-05,57510,67200
2025-09-08,57170,66800
2025-09-09,56570,66100
2025-09-10,57250,66900
2025-09-11,56820,66400
2025-09-12,57170,66800
2025-09-15,58190,68000
2025-09-16,57590,67300
2025-09-17,57680,67400
2025-09-18,57080,66700
2025-09-19,57340,67000
2025-09-22,57680,67400
2025-09-23,57510,67200
2025-09-24,57080,66700
2025-09-25,57850,67600
2025-09-26,56740,66300
2025-09-29,55630,65000
2025-09-30,56050,65500
2025-10-01,56310,65800
2025-10-02,55800,65200
2025-10-03,55200,64500
2025-10-06,55630,65000
2025-10-07,55540,64900
2025-10-08,55630,65000
2025-10-09,55280,64600
2025-10-10,55800,65200
2025-10-13,55450,64800
2025-10-14,56050,65500
2025-10-15,55370,64700
2025-10-16,54600,63800
2025-10-17,53830,62900
2025-10-20,51350,60000
2025-10-21,52630,61500
2025-10-22,52890,61800
2025-10-23,53140,62100
2025-10-24,53140,62100
2025-10-27,53570,62600
2025-10-28,54340,63500
2025-10-29,55200,64500
2025-10-30,55710,65100
2025-10-31,56480,66000
2025-11-03,55630,65000
2025-11-04,55630,65000
2025-11-05,55800,65200
2025-11-06,55710,65100
2025-11-07,55280,64600
2025-11-10,54340,63500
2025-11-11,54680,63900
2025-11-12,55200,64500
2025-11-13,56310,65800
2025-11-14,56820,66400
2025-11-17,56740,66300
2025-11-18,57680,67400
2025-11-19,58190,68000
2025-11-20,57760,67500
2025-11-21,57340,67000
2025-11-24,56740,66300
2025-11-25,55630,65000
2025-11-26,55630,65000
2025-11-27,56480,66000
2025-11-28,55800,65200
2025-12-01,55280,64600
2025-12-02,54000,63100
2025-12-03,54940,64200
2025-12-04,54680,63900
2025-12-05,54940,64200
2025-12-08,54260,63400
2025-12-09,53660,62700
2025-12-10,54170,63300
2025-12-11,53660,62700
2025-12-12,53310,62300
2025-12-15,53310,62300
2025-12-16,53570,62600
2025-12-17,52970,61900
2025-12-18,52630,61500
2025-12-19,52970,61900
2025-12-22,52970,61900
2025-12-23,52540,61400
2025-12-24,52200,61000
2025-12-25,52540,61400
2025-12-26,52460,61300
2025-12-29,52460,61300
2025-12-30,52370,61200
2025-12-31,52200,61000
2026-01-05,52030,60800
2026-01-06,52370,61200
2026-01-07,53060,62000
2026-01-08,52800,61700
2026-01-09,52200,61000
2026-01-12,52630,61500
2026-01-13,53140,62100
2026-01-14,53310,62300
2026-01-15,53310,62300
2026-01-16,54510,63700
2026-01-19,54170,63300
2026-01-20,53740,62800
2026-01-21,53140,62100
2026-01-22,54080,63200
2026-01-23,53740,62800
2026-01-26,52890,61800
2026-01-27,53400,62400
2026-01-28,52890,61800
2026-02-02,52370,61200
2026-02-03,53660,62700
2026-02-04,53570,62600
2026-02-05,53140,62100
2026-02-06,52460,61300
2026-02-09,52540,61400
2026-02-10,51770,60500
2026-02-11,52890,61800
2026-02-12,53060,62000
2026-02-13,52720,61600
2026-02-23,53060,62000
2026-02-24,53310,62300
2026-02-25,53910,63000
2026-02-26,54090,62200
2026-02-27,53740,61800
2026-03-02,55920,64300
2026-03-03,56090,64500
2026-03-04,56090,64500
2026-03-05,55220,63500
2026-03-06,53920,62000
2026-03-09,50180,57700
2026-03-10,51830,59600
2026-03-11,52520,60400
2026-03-12,54350,62500
2026-03-13,55480,63800
2026-03-16,55130,63400
2026-03-17,54780,63000
2026-03-18,55650,64000
2026-03-19,56870,65400
2026-03-20,58610,67400
2026-03-23,56520,65000
2026-03-24,57650,66300
2026-03-25,61650,70900
2026-03-26,62350,71700
2026-03-27,62350,71700
2026-03-30,60870,70000
2026-03-31,59570,68500
2026-04-01,58610,67400
2026-04-02,57650,66300
2026-04-03,56000,64400
2026-04-06,56000,64400
2026-04-07,56700,65200
2026-04-08,58000,66700
2026-04-09,56960,65500
2026-04-10,57220,65800
2026-04-13,57830,66500
2026-04-14,57310,65900
2026-04-15,56440,64900
2026-04-16,56090,64500
2026-04-17,56000,64400
2026-04-20,56780,65300
2026-04-21,56350,64800
2026-04-22,56350,64800
2026-04-23,54090,62200
2026-04-24,54180,62300
2026-04-28,52180,60000
2026-04-29,52440,60300
2026-05-04,53220,61200
2026-05-05,52870,60800
2026-05-06,53480,61500
2026-05-07,53390,61400
2026-05-08,53050,61000
2026-05-11,53130,61100
2026-05-12,53220,61200
2026-05-13,52960,60900
2026-05-14,52610,60500
2026-05-15,52440,60300
2026-05-18,52800,52800
2026-05-19,53700,53700
2026-05-20,53500,53500
2026-05-21,53300,53300
2026-05-22,52600,52600
2026-05-25,52400,52400
2026-05-26,52800,52800
2026-05-27,53300,53300
2026-05-28,53000,53000
2026-05-29,52700,52700
2026-06-01,51200,51200
2026-06-02,50500,50500
2026-06-03,51200,51200
2026-06-04,51200,51200
2026-06-05,50900,50900
2026-06-08,50200,50200
2026-06-09,50200,50200
2026-06-10,50300,50300
2026-06-11,50600,50600
2026-06-12,50400,50400
2026-06-15,51000,51000
2026-06-16,50900,50900
2026-06-17,50900,50900
2026-06-18,50500,50500
2026-06-19,50400,50400
2026-06-22,51200,51200
2026-06-23,50600,50600
2026-06-24,50300,50300
2026-06-25,49850,49850
2026-06-26,49200,49200
2026-06-29,49750,49750
2026-06-30,49650,49650
2026-07-01,49900,49900
2026-07-02,49650,49650
2026-07-03,48800,48800
2026-07-06,47250,47250
2026-07-07,47450,47450
2026-07-08,47200,47200
2026-07-09,47200,47200
2026-07-10,47000,47000
2026-07-13,46150,46150
2026-07-14,46150,46150
2026-07-15,46200,46200
2026-07-16,45850,45850
2026-07-17,46250,46250
2026-07-20,45450,45450
2026-07-21,45600,45600
2026-07-22,43850,43850
2026-07-23,44500,44500
2026-07-24,44400,44400
2026-07-27,44400,44400
2026-07-28,44500,44500
2026-07-29,44500,44500
2026-07-30,45300,45300
2026-07-31,46500,46500
2026-08-03,48400,48400
2026-08-04,48350,48350
2026-08-05,47450,47450
2026-08-06,47500,47500
2026-08-07,47100,47100
2026-08-10,47600,47600
2026-08-11,47250,47250
2026-08-12,47150,47150
2026-08-13,46600,46600
2026-08-14,45900,45900
2026-08-17,45550,45550
2026-08-18,45350,45350
2026-08-19,45750,45750
2026-08-20,45600,45600
2026-08-21,46100,46100
2026-08-24,46150,46150
2026-08-25,45200,45200
2026-08-26,45950,45950
2026-08-27,45800,45800
2026-08-28,45550,45550
2026-09-03,45250,45250
2026-09-04,45550,45550
2026-09-07,45750,45750
2026-09-08,45650,45650
2026-09-09,45400,45400
2026-09-10,45500,45500
2026-09-11,44950,44950
