date,adjusted_price,unadjusted_price
2007-01-02,11680,71500
2007-01-03,11920,73000
2007-01-04,12410,76000
2007-01-05,12330,75500
2007-01-08,12170,74500
2007-01-09,12090,74000
2007-01-10,11920,73000
2007-01-11,11840,72500
2007-01-12,11760,72000
2007-01-15,11840,72500
2007-01-16,12410,76000
2007-01-17,12990,79500
2007-01-18,13560,83000
2007-01-19,14210,87000
2007-01-22,14860,91000
2007-01-23,15600,95500
2007-01-24,16330,100000
2007-01-25,15520,95000
2007-01-26,16010,98000
2007-01-29,16250,99500
2007-01-30,16330,100000
2007-01-31,16010,98000
2007-02-01,15680,96000
2007-02-02,15520,95000
2007-02-05,15680,96000
2007-02-06,16010,98000
2007-02-07,16330,100000
2007-02-08,15840,97000
2007-02-09,15840,97000
2007-02-12,16170,99000
2007-02-13,16170,99000
2007-02-14,16090,98500
2007-02-15,16010,98000
2007-02-26,16660,102000
2007-02-27,17480,107000
2007-02-28,17640,108000
2007-03-01,18130,111000
2007-03-02,18950,116000
2007-03-05,19760,121000
2007-03-06,20740,127000
2007-03-07,21720,133000
2007-03-08,22700,139000
2007-03-09,22870,140000
2007-03-12,24010,147000
2007-03-13,25150,154000
2007-03-14,24010,147000
2007-03-15,22870,140000
2007-03-16,24010,147000
2007-03-19,25150,154000
2007-03-20,26300,161000
2007-03-21,27280,167000
2007-03-22,26950,165000
2007-03-23,26130,160000
2007-03-26,24830,152000
2007-03-27,23680,145000
2007-03-28,24830,152000
2007-03-29,25150,154000
2007-03-30,24170,148000
2007-04-02,23680,145000
2007-04-03,23520,144000
2007-04-04,24010,147000
2007-04-05,23850,146000
2007-04-06,23680,145000
2007-04-09,24010,147000
2007-04-10,23850,146000
2007-04-11,23850,146000
2007-04-12,23680,145000
2007-04-13,23190,142000
2007-04-16,22050,135000
2007-04-17,21890,134000
2007-04-18,22870,140000
2007-04-19,24010,147000
2007-04-20,23030,141000
2007-04-23,22210,136000
2007-04-24,22540,138000
2007-04-25,22870,140000
2007-05-02,22700,139000
2007-05-03,22540,138000
2007-05-04,22540,138000
2007-05-07,23190,142000
2007-05-08,23520,144000
2007-05-09,23190,142000
2007-05-10,23030,141000
2007-05-11,24170,148000
2007-05-14,24830,152000
2007-05-15,24500,150000
2007-05-16,24340,149000
2007-05-17,25150,154000
2007-05-18,25640,157000
2007-05-21,26300,161000
2007-05-22,27440,168000
2007-05-23,26620,163000
2007-05-24,26130,160000
2007-05-25,27110,166000
2007-05-28,27110,166000
2007-05-29,27110,166000
2007-05-30,26300,161000
2007-05-31,26300,161000
2007-06-01,25480,156000
2007-06-04,24340,149000
2007-06-05,23520,144000
2007-06-06,23520,144000
2007-06-07,24620,78500
2007-06-08,24620,78500
2007-06-11,23520,75000
2007-06-12,22740,72500
2007-06-13,23370,74500
2007-06-14,23520,75000
2007-06-15,23210,74000
2007-06-18,22890,73000
2007-06-19,22580,72000
2007-06-20,22270,71000
2007-06-21,21480,68500
2007-06-22,21010,67000
2007-06-25,21480,68500
2007-06-26,21800,69500
2007-06-27,21330,68000
2007-06-28,21010,67000
2007-06-29,20700,66000
2007-07-02,19920,63500
2007-07-03,19130,61000
2007-07-04,20070,64000
2007-07-05,19600,62500
2007-07-06,19440,62000
2007-07-09,19760,63000
2007-07-10,19920,63500
2007-07-11,20070,64000
2007-07-12,19760,63000
2007-07-13,19760,63000
2007-07-16,19290,61500
2007-07-17,19440,62000
2007-07-18,19440,62000
2007-07-19,19130,61000
2007-07-20,19130,61000
2007-07-23,18970,60500
2007-07-24,18820,60000
2007-07-25,18660,59500
2007-07-26,18350,58500
2007-07-27,18350,58500
2007-07-30,17880,57000
2007-07-31,17090,54500
2007-08-01,17880,57000
2007-08-02,17880,57000
2007-08-03,17560,56000
2007-08-06,17250,55000
2007-08-07,17560,56000
2007-08-08,17560,56000
2007-08-09,18030,57500
2007-08-10,17880,57000
2007-08-13,17560,56000
2007-08-14,17720,56500
2007-08-15,17560,56000
2007-08-16,17250,55000
2007-08-17,16780,53500
2007-08-20,16310,52000
2007-08-21,16470,52500
2007-08-22,16000,51000
2007-08-23,16000,51000
2007-08-24,16780,53500
2007-08-27,16780,53500
2007-08-28,16620,53000
2007-08-29,16620,53000
2007-08-30,16620,53000
2007-08-31,16780,53500
2007-09-04,17250,55000
2007-09-05,17090,54500
2007-09-06,17250,55000
2007-09-07,17250,55000
2007-09-10,17250,55000
2007-09-11,17090,54500
2007-09-12,17250,55000
2007-09-13,17250,55000
2007-09-14,17410,55500
2007-09-17,17720,56500
2007-09-18,18500,59000
2007-09-19,19290,61500
2007-09-20,20230,64500
2007-09-21,19920,63500
2007-09-24,20860,66500
2007-09-25,21800,69500
2007-09-26,22270,71000
2007-09-27,21480,68500
2007-09-28,21950,70000
2007-10-01,22110,70500
2007-10-02,21800,69500
2007-10-03,21640,69000
2007-10-04,21480,68500
2007-10-05,21330,68000
2007-10-08,22270,71000
2007-10-09,23210,74000
2007-10-10,22740,72500
2007-10-11,22890,73000
2007-10-12,22890,73000
2007-10-15,22740,72500
2007-10-16,22420,71500
2007-10-17,22270,71000
2007-10-18,21640,69000
2007-10-19,22580,72000
2007-10-22,22110,70500
2007-10-23,21800,69500
2007-10-24,21950,70000
2007-10-25,21800,69500
2007-10-26,21800,69500
2007-10-29,21480,68500
2007-10-30,21330,68000
2007-10-31,21170,67500
2007-11-01,21800,69500
2007-11-02,21330,68000
2007-11-05,21010,67000
2007-11-06,20700,66000
2007-11-07,21010,67000
2007-11-08,21010,67000
2007-11-09,20700,66000
2007-11-12,19920,63500
2007-11-13,19130,61000
2007-11-14,20070,64000
2007-11-15,20860,66500
2007-11-16,20390,65000
2007-11-19,20390,65000
2007-11-20,20230,64500
2007-11-21,20070,64000
2007-11-22,20390,65000
2007-11-23,21010,67000
2007-11-26,21640,69000
2007-11-27,21170,67500
2007-11-28,21330,68000
2007-11-29,21480,68500
2007-11-30,21480,68500
2007-12-03,21950,70000
2007-12-04,21950,70000
2007-12-05,21480,68500
2007-12-06,21330,68000
2007-12-07,21480,68500
2007-12-10,21170,67500
2007-12-11,20860,66500
2007-12-12,20860,66500
2007-12-13,20540,65500
2007-12-14,20700,66000
2007-12-17,20540,65500
2007-12-18,20540,65500
2007-12-19,21170,67500
2007-12-20,20700,66000
2007-12-21,20860,66500
2007-12-24,20860,66500
2007-12-25,20230,64500
2007-12-26,20540,65500
2007-12-27,20390,65000
2007-12-28,20540,65500
2008-01-02,20230,64500
2008-01-03,19920,63500
2008-01-04,20070,64000
2008-01-07,19600,62500
2008-01-08,19760,63000
2008-01-09,19290,61500
2008-01-10,18970,60500
2008-01-11,19290,61500
2008-01-14,18820,60000
2008-01-15,18190,58000
2008-01-16,18970,60500
2008-01-17,19130,61000
2008-01-18,19440,62000
2008-01-21,19290,61500
2008-01-22,18820,60000
2008-01-23,18350,58500
2008-01-24,18030,57500
2008-01-25,18350,58500
2008-01-28,18660,59500
2008-01-29,19290,61500
2008-01-30,20230,64500
2008-01-31,20230,64500
2008-02-01,20230,64500
2008-02-12,19600,62500
2008-02-13,19290,61500
2008-02-14,19440,62000
2008-02-15,19290,61500
2008-02-18,18500,59000
2008-02-19,18350,58500
2008-02-20,17560,56000
2008-02-21,16780,53500
2008-02-22,16620,53000
2008-02-25,17410,55500
2008-02-26,16620,53000
2008-02-27,16470,52500
2008-02-28,16310,52000
2008-02-29,16150,51500
2008-03-03,15370,49000
2008-03-04,14620,46600
2008-03-05,13890,44300
2008-03-06,14580,46500
2008-03-07,15300,48800
2008-03-10,15840,50500
2008-03-11,15050,48000
2008-03-12,15370,49000
2008-03-13,15430,49200
2008-03-14,15300,48800
2008-03-17,14550,46400
2008-03-18,13830,44100
2008-03-19,13170,42000
2008-03-20,12610,40200
2008-03-21,11980,38200
2008-03-24,11380,36300
2008-03-25,10820,34500
2008-03-26,11350,36200
2008-03-27,11450,36500
2008-03-28,11540,36800
2008-03-31,11640,37100
2008-04-01,11730,37400
2008-04-02,11820,37700
2008-04-03,11920,38000
2008-04-04,12010,38300
2008-04-07,12230,39000
2008-04-08,12450,39700
2008-04-09,12670,40400
2008-04-10,12420,39600
2008-04-11,12200,38900
2008-04-16,11980,38200
2008-04-17,12200,38900
2008-04-18,11980,38200
2008-04-21,11760,37500
2008-04-22,11540,36800
2008-04-23,11320,36100
2008-04-24,11100,35400
2008-04-25,10880,34700
2008-04-28,10690,34100
2008-04-29,10510,33500
2008-05-05,10320,32900
2008-05-06,10130,32300
2008-05-07,9940,31700
2008-05-08,9750,31100
2008-05-09,9570,30500
2008-05-12,9380,29900
2008-05-13,9220,29400
2008-05-14,9060,28900
2008-05-15,8910,28400
2008-05-16,8750,27900
2008-05-19,8590,27400
2008-05-20,8440,26900
2008-05-21,8280,26400
2008-05-22,8120,25900
2008-05-23,7970,25400
2008-05-26,7810,24900
2008-05-27,7810,24900
2008-05-28,7810,24900
2008-05-29,7810,24900
2008-05-30,7680,24500
2008-06-02,7560,24100
2008-06-03,7430,23700
2008-06-04,7310,23300
2008-06-05,7180,22900
2008-06-06,7060,22500
2008-06-09,6930,22100
2008-06-10,6810,21700
2008-06-11,6680,21300
2008-06-12,6550,20900
2008-06-13,6430,20500
2008-06-16,6550,20900
2008-06-17,6680,21300
2008-06-18,6550,20900
2008-06-19,6370,20300
2008-06-20,6180,19700
2008-06-23,6340,20200
2008-06-24,6520,20800
2008-06-25,6710,21400
2008-06-26,6590,21000
2008-06-27,6770,21600
2008-06-30,6870,21900
2008-07-01,7060,22500
2008-07-02,7240,23100
2008-07-03,7430,23700
2008-07-04,7650,24400
2008-07-07,7430,23700
2008-07-08,7650,24400
2008-07-09,7870,25100
2008-07-10,8090,25800
2008-07-11,8310,26500
2008-07-14,8530,27200
2008-07-15,8780,28000
2008-07-16,9030,28800
2008-07-17,9280,29600
2008-07-18,9280,29600
2008-07-21,9030,28800
2008-07-22,8780,28000
2008-07-23,8550,23700
2008-07-24,8300,23000
2008-07-25,8080,22400
2008-07-28,8300,23000
2008-07-29,8510,23600
2008-07-30,8480,23500
2008-07-31,8510,23600
2008-08-01,8260,22900
2008-08-04,8040,22300
2008-08-05,7830,21700
2008-08-06,8040,22300
2008-08-07,7860,21800
2008-08-08,8080,22400
2008-08-11,8300,23000
2008-08-12,8510,23600
2008-08-13,8760,24300
2008-08-14,9020,25000
2008-08-15,9270,25700
2008-08-18,9700,26900
2008-08-19,10170,28200
2008-08-20,10030,27800
2008-08-21,10500,29100
2008-08-22,10710,29700
2008-08-25,11220,31100
2008-08-26,11760,32600
2008-08-27,12330,34200
2008-08-28,11720,32500
2008-08-29,11140,30900
2008-09-03,11690,32400
2008-09-04,11870,32900
2008-09-05,11290,31300
2008-09-08,10750,29800
2008-09-09,10240,28400
2008-09-10,10100,28000
2008-09-11,9700,26900
2008-09-12,9230,25600
2008-09-15,9670,26800
2008-09-16,9200,25500
2008-09-17,8760,24300
2008-09-18,8330,23100
2008-09-19,8730,24200
2008-09-22,9160,25400
2008-09-23,9020,25000
2008-09-24,8730,24200
2008-09-25,9160,25400
2008-09-26,9380,26000
2008-09-29,9020,25000
2008-09-30,8580,23800
2008-10-01,8660,24000
2008-10-02,8980,24900
2008-10-03,8840,24500
2008-10-06,8400,23300
2008-10-07,8010,22200
2008-10-08,7610,21100
2008-10-09,7650,21200
2008-10-10,7290,20200
2008-10-13,7390,20500
2008-10-14,7750,21500
2008-10-15,8110,22500
2008-10-16,7830,21700
2008-10-17,7900,21900
2008-10-20,7720,21400
2008-10-21,8080,22400
2008-10-22,7930,22000
2008-10-23,7540,20900
2008-10-24,7290,20200
2008-10-27,6920,19200
2008-10-28,6850,19000
2008-10-29,7180,19900
2008-10-30,7500,20800
2008-10-31,7860,21800
2008-11-03,7930,22000
2008-11-04,8330,23100
2008-11-05,8730,24200
2008-11-06,8840,24500
2008-11-07,8400,23300
2008-11-10,8300,23000
2008-11-11,7900,21900
2008-11-12,8260,22900
2008-11-13,8330,23100
2008-11-14,8510,23600
2008-11-17,8370,23200
2008-11-18,8330,23100
2008-11-19,8150,22600
2008-11-20,7750,21500
2008-11-21,7430,20600
2008-11-24,7470,20700
2008-11-25,7500,20800
2008-11-26,7180,19900
2008-11-27,6920,19200
2008-11-28,7250,20100
2008-12-01,7320,20300
2008-12-02,7140,19800
2008-12-03,7100,19700
2008-12-04,7070,19600
2008-12-05,6850,19000
2008-12-08,6560,18200
2008-12-09,6640,18400
2008-12-10,6490,18000
2008-12-11,6530,18100
2008-12-12,6850,19000
2008-12-15,7180,19900
2008-12-16,6850,19000
2008-12-17,6920,19200
2008-12-18,6960,19300
2008-12-19,6920,19200
2008-12-22,6850,19000
2008-12-23,6670,18500
2008-12-24,6710,18600
2008-12-25,6600,18300
2008-12-26,6600,18300
2008-12-29,6420,17800
2008-12-30,6640,18400
2008-12-31,6640,18400
2009-01-02,6600,18300
2009-01-05,6560,18200
2009-01-06,6640,18400
2009-01-07,6710,18600
2009-01-08,6640,18400
2009-01-09,6640,18400
2009-01-12,6560,18200
2009-01-13,6460,17900
2009-01-14,6490,18000
2009-01-15,6460,17900
2009-01-16,6460,17900
2009-01-19,6380,17700
2009-01-20,6280,17400
2009-01-21,6170,17100
2009-01-22,6240,17300
2009-01-23,6310,17500
2009-02-02,6170,17100
2009-02-03,5950,16500
2009-02-04,5990,16600
2009-02-05,5840,16200
2009-02-06,5840,16200
2009-02-09,6020,16700
2009-02-10,5840,16200
2009-02-11,5770,16000
2009-02-12,5730,15900
2009-02-13,5730,15900
2009-02-16,5700,15800
2009-02-17,5480,15200
2009-02-18,5230,14500
2009-02-19,5190,14400
2009-02-20,5160,14300
2009-02-23,4900,13600
2009-02-24,4690,13000
2009-02-25,4900,13600
2009-02-26,5120,14200
2009-02-27,5340,14800
2009-03-02,5480,15200
2009-03-03,5230,14500
2009-03-04,5190,14400
2009-03-05,5270,14600
2009-03-06,5230,14500
2009-03-09,5300,14700
2009-03-10,5450,15100
2009-03-11,5700,15800
2009-03-12,5550,15400
2009-03-13,5590,15500
2009-03-16,5700,15800
2009-03-17,5950,16500
2009-03-18,6240,17300
2009-03-19,6020,16700
2009-03-20,6020,16700
2009-03-23,5910,16400
2009-03-24,6200,17200
2009-03-25,6100,16900
2009-03-26,6130,17000
2009-03-27,6020,16700
2009-03-30,5840,16200
2009-03-31,5840,16200
2009-04-01,6100,16900
2009-04-02,6060,16800
2009-04-03,6350,17600
2009-04-07,6640,18400
2009-04-08,6670,18500
2009-04-09,6820,18900
2009-04-10,7140,19800
2009-04-13,7470,20700
2009-04-14,7830,21700
2009-04-15,8080,22400
2009-04-16,8480,23500
2009-04-17,8300,23000
2009-04-20,7900,21900
2009-04-21,7540,20900
2009-04-22,7790,21600
2009-04-23,7470,20700
2009-04-24,7140,19800
2009-04-27,7100,19700
2009-04-28,7290,20200
2009-04-29,7570,21000
2009-05-04,7930,22000
2009-05-05,8330,23100
2009-05-06,8220,22800
2009-05-07,8620,23900
2009-05-08,8730,24200
2009-05-11,8730,24200
2009-05-12,9020,25000
2009-05-13,8760,24300
2009-05-14,8660,24000
2009-05-15,9090,25200
2009-05-18,9230,25600
2009-05-19,9670,26800
2009-05-20,9920,27500
2009-05-21,9770,27100
2009-05-22,9410,26100
2009-05-25,9880,27400
2009-05-26,9990,27700
2009-05-27,9740,27000
2009-05-28,9410,26100
2009-05-29,9560,26500
2009-06-01,10030,27800
2009-06-02,10500,29100
2009-06-03,10420,28900
2009-06-04,10890,30200
2009-06-05,11430,31700
2009-06-08,11970,33200
2009-06-09,12550,34800
2009-06-10,13160,36500
2009-06-11,13810,38300
2009-06-12,14500,40200
2009-06-15,14070,39000
2009-06-16,13380,37100
2009-06-17,13700,38000
2009-06-18,13700,38000
2009-06-19,13270,36800
2009-06-22,12620,35000
2009-06-23,12010,33300
2009-06-24,12590,34900
2009-06-25,12370,34300
2009-06-26,12800,35500
2009-06-29,12950,35900
2009-06-30,12590,34900
2009-07-01,11970,33200
2009-07-02,12260,34000
2009-07-03,12230,33900
2009-07-06,12800,35500
2009-07-07,12620,35000
2009-07-08,12730,35300
2009-07-09,12510,34700
2009-07-10,12260,34000
2009-07-13,11690,32400
2009-07-14,11360,31500
2009-07-15,11870,32900
2009-07-16,12230,33900
2009-07-17,11940,33100
2009-07-20,11430,31700
2009-07-21,11690,32400
2009-07-22,11540,32000
2009-07-23,12120,33600
2009-07-24,12700,35200
2009-07-27,13310,36900
2009-07-28,12980,36000
2009-07-29,12800,35500
2009-07-30,12550,34800
2009-07-31,13130,36400
2009-08-03,13090,36300
2009-08-04,13490,37400
2009-08-05,13490,37400
2009-08-06,13270,36800
2009-08-07,13240,36700
2009-08-10,13380,37100
2009-08-11,13310,36900
2009-08-12,13420,37200
2009-08-13,13700,38000
2009-08-14,13890,38500
2009-08-17,13740,38100
2009-08-18,13670,37900
2009-08-19,13780,38200
2009-08-20,13700,38000
2009-08-21,13850,38400
2009-08-24,13920,38600
2009-08-25,13740,38100
2009-08-26,13700,38000
2009-08-27,13670,37900
2009-08-28,13740,38100
2009-08-31,14100,39100
2009-09-01,14140,39200
2009-09-03,13990,38800
2009-09-04,13700,38000
2009-09-07,13850,38400
2009-09-08,13960,38700
2009-09-09,13780,38200
2009-09-10,13600,37700
2009-09-11,13560,37600
2009-09-14,13630,37800
2009-09-15,13600,37700
2009-09-16,14250,31600
2009-09-17,14750,32700
2009-09-18,14480,32100
2009-09-21,13980,31000
2009-09-22,13890,30800
2009-09-23,14160,31400
2009-09-24,14160,31400
2009-09-25,14840,32900
2009-09-28,15560,34500
2009-09-29,15110,33500
2009-09-30,14880,33000
2009-10-01,14570,32300
2009-10-02,14160,31400
2009-10-05,14160,31400
2009-10-06,14110,31300
2009-10-07,14340,31800
2009-10-08,14430,32000
2009-10-09,14610,32400
2009-10-12,14840,32900
2009-10-13,14610,32400
2009-10-14,15110,33500
2009-10-15,15470,34300
2009-10-16,15020,33300
2009-10-19,14790,32800
2009-10-20,14750,32700
2009-10-21,14480,32100
2009-10-22,14660,32500
2009-10-23,14880,33000
2009-10-26,14790,32800
2009-10-27,14480,32100
2009-10-28,14250,31600
2009-10-29,13750,30500
2009-10-30,13980,31000
2009-11-02,13300,29500
2009-11-03,12900,28600
2009-11-04,12900,28600
2009-11-05,13300,29500
2009-11-06,13080,29000
2009-11-09,12490,27700
2009-11-10,12360,27400
2009-11-11,12630,28000
2009-11-12,12630,28000
2009-11-13,12540,27800
2009-11-16,12220,27100
2009-11-17,12180,27000
2009-11-18,12180,27000
2009-11-19,12360,27400
2009-11-20,12270,27200
2009-11-23,11900,26400
2009-11-24,11500,25500
2009-11-25,10960,24300
2009-11-26,10420,23100
2009-11-27,10910,24200
2009-11-30,11450,25400
2009-12-01,11990,26600
2009-12-02,11410,25300
2009-12-03,11410,25300
2009-12-04,11270,25000
2009-12-07,11230,24900
2009-12-08,10820,24000
2009-12-09,10330,22900
2009-12-10,10240,22700
2009-12-11,9920,22000
2009-12-14,10420,23100
2009-12-15,10640,23600
2009-12-16,10150,22500
2009-12-17,10460,23200
2009-12-18,10910,24200
2009-12-21,11320,25100
2009-12-22,10960,24300
2009-12-23,10870,24100
2009-12-24,10910,24200
2009-12-25,11180,24800
2009-12-28,10910,24200
2009-12-29,10690,23700
2009-12-30,10820,24000
2009-12-31,10870,24100
2010-01-04,11410,25300
2010-01-05,11720,26000
2010-01-06,11450,25400
2010-01-07,11230,24900
2010-01-08,11270,25000
2010-01-11,11090,24600
2010-01-12,10730,23800
2010-01-13,10820,24000
2010-01-14,10730,23800
2010-01-15,10550,23400
2010-01-18,10240,22700
2010-01-19,10370,23000
2010-01-20,10240,22700
2010-01-21,10100,22400
2010-01-22,10100,22400
2010-01-25,10060,22300
2010-01-26,10550,23400
2010-01-27,10190,22600
2010-01-28,10060,22300
2010-01-29,10010,22200
2010-02-01,10060,22300
2010-02-02,10060,22300
2010-02-03,10060,22300
2010-02-04,10190,22600
2010-02-05,10060,22300
2010-02-08,10330,22900
2010-02-09,10060,22300
2010-02-10,10150,22500
2010-02-11,10640,23600
2010-02-12,10780,23900
2010-02-22,10780,23900
2010-02-23,10550,23400
2010-02-24,10600,23500
2010-02-25,10460,23200
2010-02-26,10600,23500
2010-03-01,10820,24000
2010-03-02,10690,23700
2010-03-03,10870,24100
2010-03-04,10730,23800
2010-03-05,10730,23800
2010-03-08,10780,23900
2010-03-09,10820,24000
2010-03-10,10780,23900
2010-03-11,10690,23700
2010-03-12,10780,23900
2010-03-15,10730,23800
2010-03-16,10420,23100
2010-03-17,10330,22900
2010-03-18,10330,22900
2010-03-19,10190,22600
2010-03-22,10190,22600
2010-03-23,10150,22500
2010-03-24,10240,22700
2010-03-25,10100,22400
2010-03-26,10010,22200
2010-03-29,9970,22100
2010-03-30,9830,21800
2010-03-31,9790,21700
2010-04-01,10010,22200
2010-04-02,9920,22000
2010-04-05,9920,22000
2010-04-06,10010,22200
2010-04-07,10060,22300
2010-04-08,9920,22000
2010-04-09,9970,22100
2010-04-12,9920,22000
2010-04-13,9880,21900
2010-04-14,9880,21900
2010-04-15,9830,21800
2010-04-16,9790,21700
2010-04-19,9700,21500
2010-04-20,9560,21200
2010-04-21,9650,21400
2010-04-22,9970,22100
2010-04-26,10010,22200
2010-04-27,10010,22200
2010-04-28,9920,22000
2010-04-29,9830,21800
2010-05-04,10280,22800
2010-05-05,10190,22600
2010-05-06,10240,22700
2010-05-07,10100,22400
2010-05-10,9830,21800
2010-05-11,9970,22100
2010-05-12,9790,21700
2010-05-13,9830,21800
2010-05-14,9790,21700
2010-05-17,9600,21300
2010-05-18,9510,21100
2010-05-19,9200,20400
2010-05-20,9650,21400
2010-05-21,9330,20700
2010-05-24,9470,21000
2010-05-25,9380,20800
2010-05-26,9330,20700
2010-05-27,9330,20700
2010-05-28,9380,20800
2010-05-31,9290,20600
2010-06-01,9240,20500
2010-06-02,9150,20300
2010-06-03,9150,20300
2010-06-04,9290,20600
2010-06-07,9200,20400
2010-06-08,9240,20500
2010-06-09,9240,20500
2010-06-10,9330,20700
2010-06-11,9330,20700
2010-06-14,9380,20800
2010-06-15,9380,20800
2010-06-16,9470,21000
2010-06-17,9380,20800
2010-06-18,9380,20800
2010-06-21,9510,21100
2010-06-22,9600,21300
2010-06-23,9510,21100
2010-06-24,9470,21000
2010-06-25,9240,20500
2010-06-28,9290,20600
2010-06-29,9470,21000
2010-06-30,9380,20800
2010-07-01,9420,20900
2010-07-02,9420,20900
2010-07-05,9420,20900
2010-07-06,9330,20700
2010-07-07,9270,17000
2010-07-08,9270,17000
2010-07-09,9220,16900
2010-07-12,9160,16800
2010-07-13,9380,17200
2010-07-14,9380,17200
2010-07-15,9380,17200
2010-07-16,9440,17300
2010-07-19,9490,17400
2010-07-20,9490,17400
2010-07-21,9440,17300
2010-07-22,9440,17300
2010-07-23,9490,17400
2010-07-26,9550,17500
2010-07-27,9490,17400
2010-07-28,9440,17300
2010-07-29,9330,17100
2010-07-30,9330,17100
2010-08-02,9270,17000
2010-08-03,9270,17000
2010-08-04,9160,16800
2010-08-05,9220,16900
2010-08-06,9060,16600
2010-08-09,8840,16200
2010-08-10,8560,15700
2010-08-11,8670,15900
2010-08-12,8510,15600
2010-08-13,8510,15600
2010-08-16,8670,15900
2010-08-17,8730,16000
2010-08-18,8620,15800
2010-08-19,8620,15800
2010-08-20,8670,15900
2010-08-23,8670,15900
2010-08-24,8560,15700
2010-08-25,8510,15600
2010-08-26,8560,15700
2010-08-27,8620,15800
2010-08-30,8840,16200
2010-08-31,8890,16300
2010-09-01,8840,16200
2010-09-06,9000,16500
2010-09-07,8730,16000
2010-09-08,8620,15800
2010-09-09,8730,16000
2010-09-10,8560,15700
2010-09-13,8460,15500
2010-09-14,8510,15600
2010-09-15,8510,15600
2010-09-16,8510,15600
2010-09-17,8560,15700
2010-09-20,8730,16000
2010-09-21,8730,16000
2010-09-22,8730,16000
2010-09-23,8730,16000
2010-09-24,8730,16000
2010-09-27,9160,16800
2010-09-28,9270,17000
2010-09-29,9000,16500
2010-09-30,9110,16700
2010-10-01,9220,16900
2010-10-04,9160,16800
2010-10-05,9160,16800
2010-10-06,9220,16900
2010-10-07,9220,16900
2010-10-08,9160,16800
2010-10-11,9110,16700
2010-10-12,8950,16400
2010-10-13,8840,16200
2010-10-14,8780,16100
2010-10-15,8730,16000
2010-10-18,8670,15900
2010-10-19,8620,15800
2010-10-20,8460,15500
2010-10-21,8510,15600
2010-10-22,8400,15400
2010-10-25,8350,15300
2010-10-26,8510,15600
2010-10-27,8400,15400
2010-10-28,8560,15700
2010-10-29,8730,16000
2010-11-01,8620,15800
2010-11-02,8620,15800
2010-11-03,8460,15500
2010-11-04,8510,15600
2010-11-05,8670,15900
2010-11-08,8620,15800
2010-11-09,8460,15500
2010-11-10,8350,15300
2010-11-11,8290,15200
2010-11-12,8130,14900
2010-11-15,7910,14500
2010-11-16,7800,14300
2010-11-17,7750,14200
2010-11-18,7640,14000
2010-11-19,7580,13900
2010-11-22,7580,13900
2010-11-23,7580,13900
2010-11-24,7640,14000
2010-11-25,7750,14200
2010-11-26,7690,14100
2010-11-29,7750,14200
2010-11-30,8020,14700
2010-12-01,7910,14500
2010-12-02,8180,15000
2010-12-03,8510,15600
2010-12-06,8400,15400
2010-12-07,8240,15100
2010-12-08,7860,14400
2010-12-09,8180,15000
2010-12-10,8460,15500
2010-12-13,8840,16200
2010-12-14,9220,16900
2010-12-15,9440,17300
2010-12-16,9000,16500
2010-12-17,9160,16800
2010-12-20,8890,16300
2010-12-21,8730,16000
2010-12-22,8730,16000
2010-12-23,8510,15600
2010-12-24,8510,15600
2010-12-27,8560,15700
2010-12-28,8730,16000
2010-12-29,8730,16000
2010-12-30,8670,15900
2010-12-31,8840,16200
2011-01-04,8560,15700
2011-01-05,8460,15500
2011-01-06,8510,15600
2011-01-07,8510,15600
2011-01-10,8460,15500
2011-01-11,8400,15400
2011-01-12,8510,15600
2011-01-13,8510,15600
2011-01-14,8510,15600
2011-01-17,8510,15600
2011-01-18,8510,15600
2011-01-19,8510,15600
2011-01-20,8560,15700
2011-01-21,8620,15800
2011-01-24,8620,15800
2011-01-25,8560,15700
2011-01-26,8620,15800
2011-01-27,8620,15800
2011-01-28,8620,15800
2011-02-08,8670,15900
2011-02-09,8670,15900
2011-02-10,8670,15900
2011-02-11,8620,15800
2011-02-14,8560,15700
2011-02-15,8460,15500
2011-02-16,8400,15400
2011-02-17,8400,15400
2011-02-18,8240,15100
2011-02-21,7860,14400
2011-02-22,7800,14300
2011-02-23,7860,14400
2011-02-24,7800,14300
2011-02-25,8020,14700
2011-02-28,7860,14400
2011-03-01,7800,14300
2011-03-02,7580,13900
2011-03-03,7640,14000
2011-03-04,7580,13900
2011-03-07,7640,14000
2011-03-08,7580,13900
2011-03-09,7580,13900
2011-03-10,7640,14000
2011-03-11,7800,14300
2011-03-14,7580,13900
2011-03-15,7470,13700
2011-03-16,7470,13700
2011-03-17,7530,13800
2011-03-18,7640,14000
2011-03-21,7640,14000
2011-03-22,7580,13900
2011-03-23,7640,14000
2011-03-24,7530,13800
2011-03-25,7640,14000
2011-03-28,7640,14000
2011-03-29,7690,14100
2011-03-30,7580,13900
2011-03-31,7640,14000
2011-04-01,7530,13800
2011-04-04,7530,13800
2011-04-05,7530,13800
2011-04-06,7580,13900
2011-04-07,7640,14000
2011-04-08,7530,13800
2011-04-13,7530,13800
2011-04-14,7580,13900
2011-04-15,7530,13800
2011-04-18,7470,13700
2011-04-19,7360,13500
2011-04-20,7310,13400
2011-04-21,7360,13500
2011-04-22,7310,13400
2011-04-25,7360,13500
2011-04-26,7200,13200
2011-04-27,6980,12800
2011-04-28,7040,12900
2011-04-29,7040,12900
2011-05-04,7090,13000
2011-05-05,7040,12900
2011-05-06,7040,12900
2011-05-09,6980,12800
2011-05-10,6870,12600
2011-05-11,6820,12500
2011-05-12,6820,12500
2011-05-13,6820,12500
2011-05-16,6760,12400
2011-05-17,6760,12400
2011-05-18,6760,12400
2011-05-19,6760,12400
2011-05-20,6710,12300
2011-05-23,6660,12200
2011-05-24,6660,12200
2011-05-25,6490,11900
2011-05-26,6490,11900
2011-05-27,6550,12000
2011-05-30,6380,11700
2011-05-31,6380,11700
2011-06-01,6440,11800
2011-06-02,6550,12000
2011-06-03,6490,11900
2011-06-06,6490,11900
2011-06-07,6490,11900
2011-06-08,6440,11800
2011-06-09,6440,11800
2011-06-10,6490,11900
2011-06-13,6490,11900
2011-06-14,6550,12000
2011-06-15,6490,11900
2011-06-16,6490,11900
2011-06-17,6490,11900
2011-06-20,6490,11900
2011-06-21,6490,11900
2011-06-22,6490,11900
2011-06-23,6490,11900
2011-06-24,6550,12000
2011-06-27,6550,12000
2011-06-28,6550,12000
2011-06-29,6550,12000
2011-06-30,6550,12000
2011-07-01,6870,12600
2011-07-04,7090,13000
2011-07-05,7040,12900
2011-07-06,6980,12800
2011-07-07,7090,13000
2011-07-08,7260,13300
2011-07-11,7420,13600
2011-07-12,7420,13600
2011-07-13,7420,13600
2011-07-14,7360,13500
2011-07-15,7420,13600
2011-07-18,7640,14000
2011-07-19,7580,13900
2011-07-20,7580,13900
2011-07-21,7580,13900
2011-07-22,7580,13900
2011-07-25,7530,13800
2011-07-26,7580,13900
2011-07-27,7530,13800
2011-07-28,7580,13900
2011-07-29,7580,13900
2011-08-01,7750,14200
2011-08-02,8130,14900
2011-08-03,8350,15300
2011-08-04,8290,15200
2011-08-05,8290,15200
2011-08-08,8290,15200
2011-08-09,8240,15100
2011-08-10,8280,13200
2011-08-11,8220,13100
2011-08-12,8030,12800
2011-08-15,8030,12800
2011-08-16,8220,13100
2011-08-17,8410,13400
2011-08-18,8470,13500
2011-08-19,8530,13600
2011-08-22,8660,13800
2011-08-23,8720,13900
2011-08-24,8780,14000
2011-08-25,8780,14000
2011-08-26,8780,14000
2011-08-29,8850,14100
2011-08-30,8780,14000
2011-08-31,8780,14000
2011-09-01,9030,14400
2011-09-05,9030,14400
2011-09-06,9030,14400
2011-09-07,9030,14400
2011-09-08,9030,14400
2011-09-09,8970,14300
2011-09-12,8780,14000
2011-09-13,8780,14000
2011-09-14,8850,14100
2011-09-15,8850,14100
2011-09-16,8850,14100
2011-09-19,8850,14100
2011-09-20,8850,14100
2011-09-21,8910,14200
2011-09-22,8910,14200
2011-09-23,8910,14200
2011-09-26,8910,14200
2011-09-27,8850,14100
2011-09-28,8910,14200
2011-09-29,8910,14200
2011-09-30,8970,14300
2011-10-03,9100,14500
2011-10-04,9100,14500
2011-10-05,9100,14500
2011-10-06,9100,14500
2011-10-07,9220,14700
2011-10-10,9100,14500
2011-10-11,9030,14400
2011-10-12,9030,14400
2011-10-13,9030,14400
2011-10-14,8910,14200
2011-10-17,8590,13700
2011-10-18,8530,13600
2011-10-19,8340,13300
2011-10-20,8280,13200
2011-10-21,8220,13100
2011-10-24,8280,13200
2011-10-25,8410,13400
2011-10-26,8280,13200
2011-10-27,8280,13200
2011-10-28,8530,13600
2011-10-31,8410,13400
2011-11-01,8340,13300
2011-11-02,8280,13200
2011-11-03,8280,13200
2011-11-04,8280,13200
2011-11-07,8590,13700
2011-11-08,8590,13700
2011-11-09,8530,13600
2011-11-10,8590,13700
2011-11-11,8720,13900
2011-11-14,8720,13900
2011-11-15,8720,13900
2011-11-16,8970,14300
2011-11-17,9100,14500
2011-11-18,9280,14800
2011-11-21,9660,15400
2011-11-22,9720,15500
2011-11-23,9470,15100
2011-11-24,9280,14800
2011-11-25,9160,14600
2011-11-28,8970,14300
2011-11-29,8970,14300
2011-11-30,9030,14400
2011-12-01,9030,14400
2011-12-02,8720,13900
2011-12-05,8590,13700
2011-12-06,8660,13800
2011-12-07,8720,13900
2011-12-08,8780,14000
2011-12-09,8850,14100
2011-12-12,9280,14800
2011-12-13,9280,14800
2011-12-14,9280,14800
2011-12-15,9280,14800
2011-12-16,9280,14800
2011-12-19,9220,14700
2011-12-20,9280,14800
2011-12-21,9410,15000
2011-12-22,9540,15200
2011-12-23,9540,15200
2011-12-26,9600,15300
2011-12-27,9910,15800
2011-12-28,9470,15100
2011-12-29,9470,15100
2011-12-30,9470,15100
2012-01-03,9720,15500
2012-01-04,10040,16000
2012-01-05,9910,15800
2012-01-06,10040,16000
2012-01-09,10540,16800
2012-01-10,10920,17400
2012-01-11,11230,17900
2012-01-12,11100,17700
2012-01-13,11100,17700
2012-01-16,11100,17700
2012-01-17,11100,17700
2012-01-18,11230,17900
2012-01-19,11290,18000
2012-01-20,11290,18000
2012-01-30,11610,18500
2012-01-31,11920,19000
2012-02-01,11920,19000
2012-02-02,11860,18900
2012-02-03,11730,18700
2012-02-06,11980,19100
2012-02-07,12040,19200
2012-02-08,12610,20100
2012-02-09,13240,21100
2012-02-10,13740,21900
2012-02-13,13110,20900
2012-02-14,12480,19900
2012-02-15,11920,19000
2012-02-16,11350,18100
2012-02-17,11540,18400
2012-02-20,12110,19300
2012-02-21,11920,19000
2012-02-22,11920,19000
2012-02-23,11730,18700
2012-02-24,12300,19600
2012-02-27,12860,20500
2012-02-28,13490,21500
2012-02-29,14120,22500
2012-03-01,13800,22000
2012-03-02,13930,22200
2012-03-05,14620,23300
2012-03-06,14180,22600
2012-03-07,13490,21500
2012-03-08,12860,20500
2012-03-09,12230,19500
2012-03-12,12730,20300
2012-03-13,13360,21300
2012-03-14,13990,22300
2012-03-15,14620,23300
2012-03-16,15120,24100
2012-03-19,14800,23600
2012-03-20,14620,23300
2012-03-21,14870,23700
2012-03-22,14740,23500
2012-03-23,14870,23700
2012-03-26,15060,24000
2012-03-27,14620,23300
2012-03-28,14740,23500
2012-03-29,14680,23400
2012-03-30,14550,23200
2012-04-03,14430,23000
2012-04-04,14430,23000
2012-04-05,14620,23300
2012-04-06,15060,24000
2012-04-09,15120,24100
2012-04-10,15500,24700
2012-04-11,15870,25300
2012-04-12,16620,26500
2012-04-13,16000,25500
2012-04-16,15680,25000
2012-04-17,15560,24800
2012-04-18,15750,25100
2012-04-19,15810,25200
2012-04-20,16060,25600
2012-04-23,15870,25300
2012-04-24,15560,24800
2012-04-25,15620,24900
2012-04-26,15500,24700
2012-04-27,15430,24600
2012-05-02,15310,24400
2012-05-03,14740,23500
2012-05-04,14430,23000
2012-05-07,14800,23600
2012-05-08,15500,24700
2012-05-09,16250,25900
2012-05-10,16060,25600
2012-05-11,15500,24700
2012-05-14,15180,24200
2012-05-15,15430,24600
2012-05-16,15930,25400
2012-05-17,15500,24700
2012-05-18,15430,24600
2012-05-21,15680,25000
2012-05-22,15810,25200
2012-05-23,15680,25000
2012-05-24,15620,24900
2012-05-25,16000,25500
2012-05-28,15750,25100
2012-05-29,15810,25200
2012-05-30,15930,25400
2012-05-31,15870,25300
2012-06-01,15930,25400
2012-06-04,15620,24900
2012-06-05,15750,25100
2012-06-06,15810,25200
2012-06-07,15680,25000
2012-06-08,15680,25000
2012-06-11,15500,24700
2012-06-12,15370,24500
2012-06-13,14620,23300
2012-06-14,13990,22300
2012-06-15,13490,21500
2012-06-18,14050,22400
2012-06-19,14120,22500
2012-06-20,14300,22800
2012-06-21,13990,22300
2012-06-22,14050,22400
2012-06-25,14050,22400
2012-06-26,13990,22300
2012-06-27,13930,22200
2012-06-28,13930,22200
2012-06-29,13930,22200
2012-07-02,13800,22000
2012-07-03,13800,22000
2012-07-04,13930,22200
2012-07-05,13930,22200
2012-07-06,13930,22200
2012-07-09,13930,22200
2012-07-10,13990,22300
2012-07-11,13860,22100
2012-07-12,13930,22200
2012-07-13,13930,22200
2012-07-16,13990,22300
2012-07-17,13990,22300
2012-07-18,13990,22300
2012-07-19,14050,22400
2012-07-20,14050,22400
2012-07-23,14180,22600
2012-07-24,14180,22600
2012-07-25,14240,22700
2012-07-26,14370,22900
2012-07-27,14370,22900
2012-07-30,14550,23200
2012-07-31,14620,23300
2012-08-01,14550,23200
2012-08-02,14620,23300
2012-08-03,14550,23200
2012-08-06,14430,23000
2012-08-07,14430,23000
2012-08-08,14490,23100
2012-08-09,14430,23000
2012-08-10,14430,23000
2012-08-13,14300,22800
2012-08-14,14300,22800
2012-08-15,14370,22900
2012-08-16,14300,22800
2012-08-17,14240,22700
2012-08-20,14300,22800
2012-08-21,13610,21700
2012-08-22,12990,20700
2012-08-23,12360,19700
2012-08-24,12610,20100
2012-08-27,12550,20000
2012-08-28,12550,20000
2012-08-29,12300,19600
2012-08-30,12550,20000
2012-08-31,12550,20000
2012-09-04,12550,20000
2012-09-05,12550,20000
2012-09-06,12550,20000
2012-09-07,12550,20000
2012-09-10,12550,20000
2012-09-11,12550,20000
2012-09-12,12550,20000
2012-09-13,12550,20000
2012-09-14,12550,20000
2012-09-17,13170,21000
2012-09-18,13490,21500
2012-09-19,12990,20700
2012-09-20,12550,20000
2012-09-21,12550,20000
2012-09-24,12550,20000
2012-09-25,12550,20000
2012-09-26,12550,20000
2012-09-27,12480,19900
2012-09-28,12550,20000
2012-10-01,12550,20000
2012-10-02,12550,20000
2012-10-03,12550,20000
2012-10-04,12550,20000
2012-10-05,12550,20000
2012-10-08,12480,19900
2012-10-09,12480,19900
2012-10-10,12480,19900
2012-10-11,12480,19900
2012-10-12,12360,19700
2012-10-15,12300,19600
2012-10-16,12550,20000
2012-10-17,12550,20000
2012-10-18,12550,20000
2012-10-19,12550,20000
2012-10-22,12300,19600
2012-10-23,12230,19500
2012-10-24,12230,19500
2012-10-25,12230,19500
2012-10-26,12230,19500
2012-10-29,12230,19500
2012-10-30,12110,19300
2012-10-31,11980,19100
2012-11-01,12110,19300
2012-11-02,11730,18700
2012-11-05,11730,18700
2012-11-06,11730,18700
2012-11-07,11670,18600
2012-11-08,11670,18600
2012-11-09,11670,18600
2012-11-12,11610,18500
2012-11-13,11610,18500
2012-11-14,11610,18500
2012-11-15,11610,18500
2012-11-16,11610,18500
2012-11-19,11610,18500
2012-11-20,11540,18400
2012-11-21,11540,18400
2012-11-22,11480,18300
2012-11-23,11480,18300
2012-11-26,11540,18400
2012-11-27,11540,18400
2012-11-28,11540,18400
2012-11-29,11540,18400
2012-11-30,11540,18400
2012-12-03,11610,18500
2012-12-04,11610,18500
2012-12-05,11610,18500
2012-12-06,11610,18500
2012-12-07,11610,18500
2012-12-10,11610,18500
2012-12-11,11610,18500
2012-12-12,11610,18500
2012-12-13,11610,18500
2012-12-14,11920,19000
2012-12-17,12480,19900
2012-12-18,12800,20400
2012-12-19,12800,20400
2012-12-20,12730,20300
2012-12-21,12610,20100
2012-12-24,12170,19400
2012-12-25,11920,19000
2012-12-26,11920,19000
2012-12-27,12300,19600
2012-12-28,12480,19900
2013-01-02,12610,20100
2013-01-03,12860,20500
2013-01-04,12990,20700
2013-01-07,13490,21500
2013-01-08,13740,21900
2013-01-09,14300,22800
2013-01-10,14490,23100
2013-01-11,14300,22800
2013-01-14,14050,22400
2013-01-15,13990,22300
2013-01-16,13990,22300
2013-01-17,13800,22000
2013-01-18,14120,22500
2013-01-21,13930,22200
2013-01-22,13800,22000
2013-01-23,13800,22000
2013-01-24,13800,22000
2013-01-25,13930,22200
2013-01-28,14300,22800
2013-01-29,14430,23000
2013-01-30,14300,22800
2013-01-31,14300,22800
2013-02-01,14300,22800
2013-02-04,14240,22700
2013-02-05,14240,22700
2013-02-06,14240,22700
2013-02-07,14050,22400
2013-02-08,14180,22600
2013-02-18,14120,22500
2013-02-19,13990,22300
2013-02-20,13860,22100
2013-02-21,13610,21700
2013-02-22,13550,21600
2013-02-25,13550,21600
2013-02-26,13300,21200
2013-02-27,13170,21000
2013-02-28,13550,21600
2013-03-01,13800,22000
2013-03-04,12860,20500
2013-03-05,13420,21400
2013-03-06,13740,21900
2013-03-07,13050,20800
2013-03-08,13170,21000
2013-03-11,13740,21900
2013-03-12,13680,21800
2013-03-13,13300,21200
2013-03-14,13740,21900
2013-03-15,13680,21800
2013-03-18,13680,21800
2013-03-19,13680,21800
2013-03-20,13550,21600
2013-03-21,13740,21900
2013-03-22,13360,21300
2013-03-25,13550,21600
2013-03-26,13300,21200
2013-03-27,13110,20900
2013-03-28,12920,20600
2013-03-29,12990,20700
2013-04-01,13610,21700
2013-04-02,13610,21700
2013-04-03,13300,21200
2013-04-04,13360,21300
2013-04-05,13420,21400
2013-04-08,13680,21800
2013-04-09,13360,21300
2013-04-10,12610,20100
2013-04-11,13420,21400
2013-04-12,13360,21300
2013-04-15,13110,20900
2013-04-16,12800,20400
2013-04-17,13110,20900
2013-04-18,13110,20900
2013-04-22,13050,20800
2013-04-23,13170,21000
2013-04-24,13170,21000
2013-04-25,13300,21200
2013-04-26,13550,21600
2013-05-02,13550,21600
2013-05-03,13490,21500
2013-05-06,13680,21800
2013-05-07,13680,21800
2013-05-08,13740,21900
2013-05-09,13740,21900
2013-05-10,13800,22000
2013-05-13,13860,22100
2013-05-14,13860,22100
2013-05-15,13740,21900
2013-05-16,13740,21900
2013-05-17,13680,21800
2013-05-20,14050,19100
2013-05-21,13970,19000
2013-05-22,13460,18300
2013-05-23,13380,18200
2013-05-24,12940,17600
2013-05-27,13090,17800
2013-05-28,12940,17600
2013-05-29,12940,17600
2013-05-30,13090,17800
2013-05-31,13090,17800
2013-06-03,12940,17600
2013-06-04,12870,17500
2013-06-05,12800,17400
2013-06-06,12800,17400
2013-06-07,12870,17500
2013-06-10,12650,17200
2013-06-11,12720,17300
2013-06-12,12500,17000
2013-06-13,12570,17100
2013-06-14,12430,16900
2013-06-17,12500,17000
2013-06-18,12500,17000
2013-06-19,12570,17100
2013-06-20,12870,17500
2013-06-21,12870,17500
2013-06-24,12870,17500
2013-06-25,12870,17500
2013-06-26,12870,17500
2013-06-27,12870,17500
2013-06-28,12870,17500
2013-07-01,12870,17500
2013-07-02,12870,17500
2013-07-03,12870,17500
2013-07-04,12870,17500
2013-07-05,12870,17500
2013-07-08,12870,17500
2013-07-09,12870,17500
2013-07-10,12500,17000
2013-07-11,12650,17200
2013-07-12,12650,17200
2013-07-15,12570,17100
2013-07-16,12570,17100
2013-07-17,12500,17000
2013-07-18,12500,17000
2013-07-19,12430,16900
2013-07-22,12500,17000
2013-07-23,12500,17000
2013-07-24,12500,17000
2013-07-25,12500,17000
2013-07-26,12500,17000
2013-07-29,12500,17000
2013-07-30,12570,17100
2013-07-31,12500,17000
2013-08-01,12500,17000
2013-08-02,12500,17000
2013-08-05,12500,17000
2013-08-06,12350,16800
2013-08-07,12500,17000
2013-08-08,12430,16900
2013-08-09,12430,16900
2013-08-12,12350,16800
2013-08-13,12430,16900
2013-08-14,12430,16900
2013-08-15,12430,16900
2013-08-16,12430,16900
2013-08-19,12430,16900
2013-08-20,12430,16900
2013-08-21,12430,16900
2013-08-22,12430,16900
2013-08-23,12570,17100
2013-08-26,12430,16900
2013-08-27,12430,16900
2013-08-28,12350,16800
2013-08-29,12430,16900
2013-08-30,12430,16900
2013-09-03,12430,16900
2013-09-04,12500,17000
2013-09-05,12500,17000
2013-09-06,12570,17100
2013-09-09,12500,17000
2013-09-10,12500,17000
2013-09-11,12500,17000
2013-09-12,12500,17000
2013-09-13,12500,17000
2013-09-16,12800,17400
2013-09-17,13090,17800
2013-09-18,12870,17500
2013-09-19,12500,17000
2013-09-20,13310,18100
2013-09-23,12940,17600
2013-09-24,12870,17500
2013-09-25,13090,17800
2013-09-26,12870,17500
2013-09-27,12870,17500
2013-09-30,13020,17700
2013-10-01,12800,17400
2013-10-02,12870,17500
2013-10-03,12650,17200
2013-10-04,12650,17200
2013-10-07,12650,17200
2013-10-08,12570,17100
2013-10-09,12500,17000
2013-10-10,12500,17000
2013-10-11,12570,17100
2013-10-14,12500,17000
2013-10-15,12500,17000
2013-10-16,12800,17400
2013-10-17,12570,17100
2013-10-18,12720,17300
2013-10-21,12720,17300
2013-10-22,12870,17500
2013-10-23,13020,17700
2013-10-24,12870,17500
2013-10-25,12720,17300
2013-10-28,12570,17100
2013-10-29,12570,17100
2013-10-30,12500,17000
2013-10-31,12350,16800
2013-11-01,12430,16900
2013-11-04,12350,16800
2013-11-05,12430,16900
2013-11-06,12500,17000
2013-11-07,12430,16900
2013-11-08,12350,16800
2013-11-11,12430,16900
2013-11-12,12280,16700
2013-11-13,12210,16600
2013-11-14,12350,16800
2013-11-15,12500,17000
2013-11-18,12800,17400
2013-11-19,12800,17400
2013-11-20,13020,17700
2013-11-21,13020,17700
2013-11-22,13090,17800
2013-11-25,13090,17800
2013-11-26,12720,17300
2013-11-27,12800,17400
2013-11-28,13380,18200
2013-11-29,13310,17300
2013-12-02,13230,17200
2013-12-03,13230,17200
2013-12-04,13080,17000
2013-12-05,13000,16900
2013-12-06,13000,16900
2013-12-09,13310,17300
2013-12-10,13150,17100
2013-12-11,13080,17000
2013-12-12,13230,17200
2013-12-13,13080,17000
2013-12-16,13080,17000
2013-12-17,13080,17000
2013-12-18,13080,17000
2013-12-19,13000,16900
2013-12-20,13000,16900
2013-12-23,13150,17100
2013-12-24,13000,16900
2013-12-25,13000,16900
2013-12-26,13000,16900
2013-12-27,13080,17000
2013-12-30,13150,17100
2013-12-31,13230,17200
2014-01-02,13150,17100
2014-01-03,13230,17200
2014-01-06,13230,17200
2014-01-07,13310,17300
2014-01-08,13460,17500
2014-01-09,13460,17500
2014-01-10,13310,17300
2014-01-13,13310,17300
2014-01-14,13310,17300
2014-01-15,13310,17300
2014-01-16,13690,17800
2014-01-17,14610,19000
2014-01-20,15610,20300
2014-01-21,16230,21100
2014-01-22,16310,21200
2014-01-23,16080,20900
2014-01-24,15540,20200
2014-01-27,15380,20000
2014-02-06,16150,21000
2014-02-07,15850,20600
2014-02-10,16000,20800
2014-02-11,15770,20500
2014-02-12,15850,20600
2014-02-13,15770,20500
2014-02-14,15850,20600
2014-02-17,15770,20500
2014-02-18,16080,20900
2014-02-19,15920,20700
2014-02-20,15850,20600
2014-02-21,15850,20600
2014-02-24,15850,20600
2014-02-25,16850,21900
2014-02-26,17150,22300
2014-02-27,16690,21700
2014-02-28,16380,21300
2014-03-03,15540,20200
2014-03-04,15380,20000
2014-03-05,15380,20000
2014-03-06,15460,20100
2014-03-07,16000,20800
2014-03-10,16000,20800
2014-03-11,15770,20500
2014-03-12,15690,20400
2014-03-13,15770,20500
2014-03-14,15690,20400
2014-03-17,15310,19900
2014-03-18,15150,19700
2014-03-19,15380,20000
2014-03-20,15380,20000
2014-03-21,15380,20000
2014-03-24,16080,20900
2014-03-25,16230,21100
2014-03-26,15460,20100
2014-03-27,15610,20300
2014-03-28,15610,20300
2014-03-31,15310,19900
2014-04-01,15080,19600
2014-04-02,15080,19600
2014-04-03,15150,19700
2014-04-04,15150,19700
2014-04-07,15000,19500
2014-04-08,14920,19400
2014-04-10,15150,19700
2014-04-11,14920,19400
2014-04-14,14920,19400
2014-04-15,14920,19400
2014-04-16,14610,19000
2014-04-17,14920,19400
2014-04-18,14690,19100
2014-04-21,14850,19300
2014-04-22,15000,19500
2014-04-23,15540,20200
2014-04-24,15460,20100
2014-04-25,15460,20100
2014-04-28,14920,19400
2014-04-29,15150,19700
2014-05-05,14920,19400
2014-05-06,14770,19200
2014-05-07,14920,19400
2014-05-08,14540,18900
2014-05-09,14610,19000
2014-05-12,14230,18500
2014-05-13,14230,18500
2014-05-14,14770,19200
2014-05-15,14610,19000
2014-05-16,14000,18200
2014-05-19,14000,18200
2014-05-20,14000,18200
2014-05-21,14150,18400
2014-05-22,14080,18300
2014-05-23,14080,18300
2014-05-26,14080,18300
2014-05-27,14460,18800
2014-05-28,15380,20000
2014-05-29,15690,20400
2014-05-30,15770,20500
2014-06-02,15310,19900
2014-06-03,15610,20300
2014-06-04,15610,20300
2014-06-05,15540,20200
2014-06-06,15610,20300
2014-06-09,15540,20200
2014-06-10,15540,20200
2014-06-11,16000,20800
2014-06-12,15920,20700
2014-06-13,15850,20600
2014-06-16,16150,21000
2014-06-17,16150,21000
2014-06-18,16150,21000
2014-06-19,16150,21000
2014-06-20,16540,21500
2014-06-23,15850,20600
2014-06-24,15850,20600
2014-06-25,15850,20600
2014-06-26,15920,20700
2014-06-27,15850,20600
2014-06-30,15850,20600
2014-07-01,15770,20500
2014-07-02,15610,20300
2014-07-03,15690,20400
2014-07-04,15690,20400
2014-07-07,15770,20500
2014-07-08,15690,20400
2014-07-09,15610,20300
2014-07-10,15540,20200
2014-07-11,15460,20100
2014-07-14,15610,20300
2014-07-15,15610,20300
2014-07-16,15610,20300
2014-07-17,15540,20200
2014-07-18,15690,20400
2014-07-21,15610,20300
2014-07-22,15540,20200
2014-07-23,15460,20100
2014-07-24,15610,20300
2014-07-25,15460,20100
2014-07-28,15380,20000
2014-07-29,15310,19900
2014-07-30,15080,19600
2014-07-31,15150,19700
2014-08-01,15080,19600
2014-08-04,15000,19500
2014-08-05,15000,19500
2014-08-06,15000,19500
2014-08-07,15000,19500
2014-08-08,14850,19300
2014-08-11,14690,19100
2014-08-12,14540,18900
2014-08-13,14690,19100
2014-08-14,14920,19400
2014-08-15,14770,19200
2014-08-18,14770,19200
2014-08-19,14770,19200
2014-08-20,14690,19100
2014-08-21,14690,19100
2014-08-22,14610,19000
2014-08-25,14770,19200
2014-08-26,14540,18900
2014-08-27,14460,18800
2014-08-28,14610,19000
2014-08-29,14920,19400
2014-09-03,15000,19500
2014-09-04,15000,19500
2014-09-05,15080,19600
2014-09-08,15150,19700
2014-09-09,15080,19600
2014-09-10,15380,20000
2014-09-11,15230,19800
2014-09-12,15150,19700
2014-09-15,15000,19500
2014-09-16,14770,19200
2014-09-17,14610,19000
2014-09-18,14690,19100
2014-09-19,14230,18500
2014-09-22,14310,18600
2014-09-23,14770,19200
2014-09-24,14380,18700
2014-09-25,14460,18800
2014-09-26,14380,18700
2014-09-29,14610,19000
2014-09-30,14690,19100
2014-10-01,14690,19100
2014-10-02,14690,19100
2014-10-03,14460,18800
2014-10-06,14690,19100
2014-10-07,14610,19000
2014-10-08,14460,18800
2014-10-09,14610,19000
2014-10-10,14460,18800
2014-10-13,14310,18600
2014-10-14,14000,18200
2014-10-15,14540,18900
2014-10-16,14310,18600
2014-10-17,14080,18300
2014-10-20,14150,18400
2014-10-21,14080,18300
2014-10-22,14080,18300
2014-10-23,14000,18200
2014-10-24,14000,18200
2014-10-27,13850,18000
2014-10-28,14080,18300
2014-10-29,14230,18500
2014-10-30,14310,18600
2014-10-31,14690,19100
2014-11-03,14690,19100
2014-11-04,14540,18900
2014-11-05,14460,18800
2014-11-06,14540,18900
2014-11-07,14540,18900
2014-11-10,14770,19200
2014-11-11,14690,19100
2014-11-12,14690,19100
2014-11-13,14460,18800
2014-11-14,14690,19100
2014-11-17,14540,18900
2014-11-18,14230,18500
2014-11-19,14310,18600
2014-11-20,14690,19100
2014-11-21,14610,19000
2014-11-24,14380,18700
2014-11-25,14460,18800
2014-11-26,14380,18700
2014-11-27,14310,18600
2014-11-28,14310,18600
2014-12-01,14460,18800
2014-12-02,14230,18500
2014-12-03,14230,18500
2014-12-04,14310,18600
2014-12-05,14310,18600
2014-12-08,14230,18500
2014-12-09,14000,18200
2014-12-10,14000,18200
2014-12-11,13690,17800
2014-12-12,14000,18200
2014-12-15,13850,18000
2014-12-16,13610,17700
2014-12-17,12850,16700
2014-12-18,12310,16000
2014-12-19,12230,15900
2014-12-22,13080,17000
2014-12-23,13460,17500
2014-12-24,13460,17500
2014-12-25,13380,17400
2014-12-26,13460,17500
2014-12-29,13380,17400
2014-12-30,13850,18000
2014-12-31,13850,18000
2015-01-05,13460,17500
2015-01-06,13690,17800
2015-01-07,13770,17900
2015-01-08,13920,18100
2015-01-09,14230,18500
2015-01-12,14610,19000
2015-01-13,14460,18800
2015-01-14,14230,18500
2015-01-15,14230,18500
2015-01-16,14150,18400
2015-01-19,14310,18600
2015-01-20,14080,18300
2015-01-21,14230,18500
2015-01-22,14460,18800
2015-01-23,14460,18800
2015-01-26,14310,18600
2015-01-27,14080,18300
2015-01-28,14920,19400
2015-01-29,14770,19200
2015-01-30,14610,19000
2015-02-02,14150,18400
2015-02-03,13230,17200
2015-02-04,13770,17900
2015-02-05,13770,17900
2015-02-06,13850,18000
2015-02-09,13770,17900
2015-02-10,13850,18000
2015-02-11,14310,18600
2015-02-12,14460,18800
2015-02-13,14690,19100
2015-02-24,14770,19200
2015-02-25,14850,19300
2015-02-26,15080,19600
2015-02-27,14920,19400
2015-03-02,14920,19400
2015-03-03,14920,19400
2015-03-04,15000,19500
2015-03-05,14850,19300
2015-03-06,15080,19600
2015-03-09,15380,20000
2015-03-10,15230,19800
2015-03-11,15690,20400
2015-03-12,15690,20400
2015-03-13,15380,20000
2015-03-16,14920,19400
2015-03-17,14920,19400
2015-03-18,14770,19200
2015-03-19,14610,19000
2015-03-20,14770,19200
2015-03-23,14770,19200
2015-03-24,14610,19000
2015-03-25,14690,19100
2015-03-26,14690,19100
2015-03-27,14690,19100
2015-03-30,14380,18700
2015-03-31,14380,18700
2015-04-01,14380,18700
2015-04-02,14380,18700
2015-04-03,14460,18800
2015-04-06,14310,18600
2015-04-07,14230,18500
2015-04-08,14230,18500
2015-04-09,14310,18600
2015-04-10,14380,18700
2015-04-13,14230,18500
2015-04-14,14230,18500
2015-04-15,14080,18300
2015-04-16,14150,18400
2015-04-17,14000,18200
2015-04-20,13770,17900
2015-04-21,13690,17800
2015-04-22,13380,17400
2015-04-23,13080,17000
2015-04-24,13540,17600
2015-04-27,13770,17900
2015-05-04,13150,17100
2015-05-05,13460,17500
2015-05-06,13150,17100
2015-05-07,13150,17100
2015-05-08,13150,17100
2015-05-11,13150,17100
2015-05-12,13080,17000
2015-05-13,12920,16800
2015-05-14,12850,16700
2015-05-15,12610,16400
2015-05-18,12610,16400
2015-05-19,12610,16400
2015-05-20,12920,16800
2015-05-21,13080,17000
2015-05-22,13610,17700
2015-05-25,13770,17900
2015-05-26,14000,18200
2015-05-27,13920,18100
2015-05-28,14310,18600
2015-05-29,13920,18100
2015-06-01,14310,18600
2015-06-02,13920,18100
2015-06-03,13920,18100
2015-06-04,13850,18000
2015-06-05,14150,18400
2015-06-08,14150,18400
2015-06-09,13920,18100
2015-06-10,13920,18100
2015-06-11,14000,18200
2015-06-12,14150,18400
2015-06-15,14230,18500
2015-06-16,14230,18500
2015-06-17,14230,18500
2015-06-18,14230,18500
2015-06-19,14610,19000
2015-06-22,14540,18900
2015-06-23,14380,18700
2015-06-24,14150,18400
2015-06-25,14150,18400
2015-06-26,13920,18100
2015-06-29,14310,18600
2015-06-30,14310,18600
2015-07-01,14380,18700
2015-07-02,14540,18900
2015-07-03,14540,18900
2015-07-06,14610,19000
2015-07-07,15000,19500
2015-07-08,15310,19900
2015-07-09,15230,19800
2015-07-10,15150,19700
2015-07-13,14610,19000
2015-07-14,15000,19500
2015-07-15,14690,19100
2015-07-16,14920,19400
2015-07-17,14690,19100
2015-07-20,14460,18800
2015-07-21,14540,18900
2015-07-22,14610,19000
2015-07-23,14540,18900
2015-07-24,14230,18500
2015-07-27,14610,19000
2015-07-28,14310,18600
2015-07-29,14080,18300
2015-07-30,14150,18400
2015-07-31,14610,19000
2015-08-03,14610,19000
2015-08-04,14610,19000
2015-08-05,15000,19500
2015-08-06,14690,19100
2015-08-07,14690,19100
2015-08-10,14610,19000
2015-08-11,14540,18900
2015-08-12,14230,18500
2015-08-13,13610,17700
2015-08-14,13380,17400
2015-08-17,13230,17200
2015-08-18,13150,17100
2015-08-19,13150,17100
2015-08-20,13080,17000
2015-08-21,12770,16600
2015-08-24,12230,15900
2015-08-25,11920,15500
2015-08-26,12150,15800
2015-08-27,12310,16000
2015-08-28,13150,17100
2015-08-31,12770,16600
2015-09-01,12770,16600
2015-09-03,12690,16500
2015-09-04,12460,16200
2015-09-07,12380,16100
2015-09-08,12540,16300
2015-09-09,12920,16800
2015-09-10,12920,16800
2015-09-11,12610,16400
2015-09-14,12540,16300
2015-09-15,12080,15700
2015-09-16,12460,16200
2015-09-17,12310,16000
2015-09-18,12540,16300
2015-09-21,12770,16600
2015-09-22,12850,16700
2015-09-23,12770,16600
2015-09-24,12610,16400
2015-09-25,12850,16700
2015-09-28,12540,16300
2015-09-29,12540,16300
2015-10-01,12770,16600
2015-10-02,12610,16400
2015-10-05,12850,16700
2015-10-06,13000,16900
2015-10-07,13460,17500
2015-10-08,13850,18000
2015-10-09,13920,18100
2015-10-12,14000,18200
2015-10-13,13920,18100
2015-10-14,13690,17800
2015-10-15,13540,17600
2015-10-16,14800,14800
2015-10-19,14700,14700
2015-10-20,14200,14200
2015-10-21,14100,14100
2015-10-22,14400,14400
2015-10-23,14300,14300
2015-10-26,14100,14100
2015-10-27,13700,13700
2015-10-28,13500,13500
2015-10-29,13700,13700
2015-10-30,13600,13600
2015-11-02,13200,13200
2015-11-03,13200,13200
2015-11-04,13100,13100
2015-11-05,12900,12900
2015-11-06,12900,12900
2015-11-09,12900,12900
2015-11-10,12800,12800
2015-11-11,12700,12700
2015-11-12,12300,12300
2015-11-13,12500,12500
2015-11-16,12500,12500
2015-11-17,12500,12500
2015-11-18,12300,12300
2015-11-19,12200,12200
2015-11-20,12300,12300
2015-11-23,12400,12400
2015-11-24,12300,12300
2015-11-25,12100,12100
2015-11-26,11800,11800
2015-11-27,11700,11700
2015-11-30,11000,11000
2015-12-01,10900,10900
2015-12-02,11200,11200
2015-12-03,11500,11500
2015-12-04,11400,11400
2015-12-07,11000,11000
2015-12-08,11400,11400
2015-12-09,10800,10800
2015-12-10,11300,11300
2015-12-11,12000,12000
2015-12-14,11700,11700
2015-12-15,11500,11500
2015-12-16,11500,11500
2015-12-17,11600,11600
2015-12-18,11800,11800
2015-12-21,11700,11700
2015-12-22,11900,11900
2015-12-23,11800,11800
2015-12-24,11600,11600
2015-12-25,11700,11700
2015-12-28,11700,11700
2015-12-29,12000,12000
2015-12-30,12600,12600
2016-01-04,12600,12600
2016-01-05,12300,12300
2016-01-06,12800,12800
2016-01-07,12600,12600
2016-01-08,12600,12600
2016-01-11,12300,12300
2016-01-12,12500,12500
2016-01-13,12400,12400
2016-01-14,11900,11900
2016-01-15,11100,11100
2016-01-18,10700,10700
2016-01-19,11200,11200
2016-01-20,10900,10900
2016-01-21,10600,10600
2016-01-22,10900,10900
2016-01-25,11600,11600
2016-01-26,11100,11100
2016-01-27,11200,11200
2016-01-28,11300,11300
2016-01-29,11300,11300
2016-02-01,11200,11200
2016-02-02,11100,11100
2016-02-03,11100,11100
2016-02-04,11200,11200
2016-02-05,11200,11200
2016-02-15,11000,11000
2016-02-16,10900,10900
2016-02-17,10600,10600
2016-02-18,11000,11000
2016-02-19,11000,11000
2016-02-22,10800,10800
2016-02-23,10900,10900
2016-02-24,11200,11200
2016-02-25,11100,11100
2016-02-26,11200,11200
2016-02-29,11000,11000
2016-03-01,10900,10900
2016-03-02,11100,11100
2016-03-03,11000,11000
2016-03-04,11000,11000
2016-03-07,11000,11000
2016-03-08,10900,10900
2016-03-09,10900,10900
2016-03-10,10900,10900
2016-03-11,11000,11000
2016-03-14,11000,11000
2016-03-15,10800,10800
2016-03-16,10700,10700
2016-03-17,10800,10800
2016-03-18,10400,10400
2016-03-21,10600,10600
2016-03-22,10600,10600
2016-03-23,10600,10600
2016-03-24,10300,10300
2016-03-25,10400,10400
2016-03-28,10300,10300
2016-03-29,10100,10100
2016-03-30,10300,10300
2016-04-01,10300,10300
2016-04-04,10300,10300
2016-04-05,10200,10200
2016-04-06,10300,10300
2016-04-07,10100,10100
2016-04-08,10100,10100
2016-04-11,10100,10100
2016-04-12,10100,10100
2016-04-13,10200,10200
2016-04-14,10200,10200
2016-04-15,10100,10100
2016-04-19,10000,10000
2016-04-20,10000,10000
2016-04-21,10200,10200
2016-04-22,10200,10200
2016-04-25,10300,10300
2016-04-26,10200,10200
2016-04-27,10200,10200
2016-04-28,10300,10300
2016-04-29,10300,10300
2016-05-04,10200,10200
2016-05-05,10300,10300
2016-05-06,10300,10300
2016-05-09,10300,10300
2016-05-10,10400,10400
2016-05-11,10300,10300
2016-05-12,11000,11000
2016-05-13,11700,11700
2016-05-16,12100,12100
2016-05-17,12700,12700
2016-05-18,12600,12600
2016-05-19,12400,12400
2016-05-20,11900,11900
2016-05-23,11700,11700
2016-05-24,11500,11500
2016-05-25,11200,11200
2016-05-26,11000,11000
2016-05-27,11300,11300
2016-05-30,11100,11100
2016-05-31,11000,11000
2016-06-01,11100,11100
2016-06-02,11200,11200
2016-06-03,11300,11300
2016-06-06,12000,12000
2016-06-07,11900,11900
2016-06-08,12100,12100
2016-06-09,12100,12100
2016-06-10,11500,11500
2016-06-13,11800,11800
2016-06-14,11800,11800
2016-06-15,11700,11700
2016-06-16,11600,11600
2016-06-17,11300,11300
2016-06-20,11300,11300
2016-06-21,11500,11500
2016-06-22,11500,11500
2016-06-23,11500,11500
2016-06-24,11300,11300
2016-06-27,11300,11300
2016-06-28,11300,11300
2016-06-29,11400,11400
2016-07-01,11300,11300
2016-07-04,11300,11300
2016-07-05,11400,11400
2016-07-06,11300,11300
2016-07-07,11200,11200
2016-07-08,11200,11200
2016-07-11,11200,11200
2016-07-12,11200,11200
2016-07-13,11500,11500
2016-07-14,11500,11500
2016-07-15,11900,11900
2016-07-18,12100,12100
2016-07-19,11600,11600
2016-07-20,11200,11200
2016-07-21,11300,11300
2016-07-22,11100,11100
2016-07-25,11000,11000
2016-07-26,11200,11200
2016-07-27,11200,11200
2016-07-28,11200,11200
2016-07-29,11300,11300
2016-08-01,11200,11200
2016-08-02,11100,11100
2016-08-03,11000,11000
2016-08-04,10500,10500
2016-08-05,11000,11000
2016-08-08,10900,10900
2016-08-09,10700,10700
2016-08-10,10800,10800
2016-08-11,10900,10900
2016-08-12,10900,10900
2016-08-15,10900,10900
2016-08-16,10700,10700
2016-08-17,10800,10800
2016-08-18,10600,10600
2016-08-19,10600,10600
2016-08-22,10600,10600
2016-08-23,10500,10500
2016-08-24,10500,10500
2016-08-25,10300,10300
2016-08-26,10500,10500
2016-08-29,10500,10500
2016-08-30,10500,10500
2016-08-31,10400,10400
2016-09-01,10200,10200
2016-09-05,10000,10000
2016-09-06,10200,10200
2016-09-07,10000,10000
2016-09-08,9900,9900
2016-09-09,9900,9900
2016-09-12,10000,10000
2016-09-13,9990,9990
2016-09-14,10100,10100
2016-09-15,10100,10100
2016-09-16,9400,9400
2016-09-19,9870,9870
2016-09-20,9790,9790
2016-09-21,9520,9520
2016-09-22,9600,9600
2016-09-23,9500,9500
2016-09-26,9410,9410
2016-09-27,9430,9430
2016-09-28,9430,9430
2016-09-29,9390,9390
2016-10-03,9200,9200
2016-10-04,9150,9150
2016-10-05,9350,9350
2016-10-06,9610,9610
2016-10-07,9530,9530
2016-10-10,9370,9370
2016-10-11,9250,9250
2016-10-12,9220,9220
2016-10-13,9200,9200
2016-10-14,9210,9210
2016-10-17,9220,9220
2016-10-18,9240,9240
2016-10-19,9480,9480
2016-10-20,9320,9320
2016-10-21,9250,9250
2016-10-24,9200,9200
2016-10-25,9100,9100
2016-10-26,9020,9020
2016-10-27,8950,8950
2016-10-28,8870,8870
2016-10-31,8820,8820
2016-11-01,8500,8500
2016-11-02,8250,8250
2016-11-03,8240,8240
2016-11-04,8380,8380
2016-11-07,8420,8420
2016-11-08,8430,8430
2016-11-09,8250,8250
2016-11-10,8400,8400
2016-11-11,8240,8240
2016-11-14,8010,8010
2016-11-15,8100,8100
2016-11-16,8100,8100
2016-11-17,7910,7910
2016-11-18,7880,7880
2016-11-21,8300,8300
2016-11-22,8270,8270
2016-11-23,8270,8270
2016-11-24,8220,8220
2016-11-25,8100,8100
2016-11-28,7800,7800
2016-11-29,7800,7800
2016-11-30,7500,7500
2016-12-01,7550,7550
2016-12-02,7740,7740
2016-12-05,7500,7500
2016-12-06,7510,7510
2016-12-07,7400,7400
2016-12-08,7910,7910
2016-12-09,7800,7800
2016-12-12,7610,7610
2016-12-13,7620,7620
2016-12-14,7900,7900
2016-12-15,8000,8000
2016-12-16,8200,8200
2016-12-19,8420,8420
2016-12-20,8400,8400
2016-12-21,8260,8260
2016-12-22,8200,8200
2016-12-23,8340,8340
2016-12-26,8350,8350
2016-12-27,8600,8600
2016-12-28,9100,9100
2016-12-29,9400,9400
2016-12-30,9450,9450
2017-01-03,8790,8790
2017-01-04,8200,8200
2017-01-05,8580,8580
2017-01-06,8780,8780
2017-01-09,8990,8990
2017-01-10,9000,9000
2017-01-11,9030,9030
2017-01-12,9040,9040
2017-01-13,8950,8950
2017-01-16,8960,8960
2017-01-17,9240,9240
2017-01-18,9450,9450
2017-01-19,9590,9590
2017-01-20,9500,9500
2017-01-23,9550,9550
2017-01-24,9850,9850
2017-01-25,10200,10200
2017-02-02,10050,10050
2017-02-03,10050,10050
2017-02-06,9950,9950
2017-02-07,9870,9870
2017-02-08,10000,10000
2017-02-09,10200,10200
2017-02-10,10200,10200
2017-02-13,10000,10000
2017-02-14,10100,10100
2017-02-15,9950,9950
2017-02-16,10450,10450
2017-02-17,11000,11000
2017-02-20,11050,11050
2017-02-21,10850,10850
2017-02-22,10950,10950
2017-02-23,11050,11050
2017-02-24,10300,10300
2017-02-27,10450,10450
2017-02-28,10300,10300
2017-03-01,10200,10200
2017-03-02,10200,10200
2017-03-03,10900,10900
2017-03-06,10800,10800
2017-03-07,10500,10500
2017-03-08,10600,10600
2017-03-09,10450,10450
2017-03-10,10450,10450
2017-03-13,10550,10550
2017-03-14,10450,10450
2017-03-15,10350,10350
2017-03-16,10350,10350
2017-03-17,10300,10300
2017-03-20,10550,10550
2017-03-21,10700,10700
2017-03-22,10750,10750
2017-03-23,11400,11400
2017-03-24,11400,11400
2017-03-27,11400,11400
2017-03-28,11150,11150
2017-03-29,11200,11200
2017-03-30,11250,11250
2017-04-03,12250,12250
2017-04-04,12400,12400
2017-04-05,12300,12300
2017-04-07,13150,13150
2017-04-10,12800,12800
2017-04-11,12650,12650
2017-04-12,12750,12750
2017-04-13,11900,11900
2017-04-14,11600,11600
2017-04-17,11200,11200
2017-04-18,11300,11300
2017-04-19,11600,11600
2017-04-20,11600,11600
2017-04-21,11250,11250
2017-04-24,10500,10500
2017-04-25,11100,11100
2017-04-26,11850,11850
2017-04-27,12400,12400
2017-04-28,11550,11550
2017-05-03,11650,11650
2017-05-04,12150,12150
2017-05-05,12100,12100
2017-05-08,11750,11750
2017-05-09,11900,11900
2017-05-10,12400,12400
2017-05-11,12350,12350
2017-05-12,12200,12200
2017-05-15,12650,12650
2017-05-16,12350,12350
2017-05-17,12500,12500
2017-05-18,12450,12450
2017-05-19,12400,12400
2017-05-22,12700,12700
2017-05-23,12400,12400
2017-05-24,12550,12550
2017-05-25,12400,12400
2017-05-26,12300,12300
2017-05-29,12700,12700
2017-05-30,12600,12600
2017-05-31,12500,12500
2017-06-01,12650,12650
2017-06-02,12400,12400
2017-06-05,12700,12700
2017-06-06,13550,13550
2017-06-07,13450,13450
2017-06-08,13800,13800
2017-06-09,13900,13900
2017-06-12,13800,13800
2017-06-13,13900,13900
2017-06-14,14000,14000
2017-06-15,13750,13750
2017-06-16,13900,13900
2017-06-19,14150,14150
2017-06-20,14550,14550
2017-06-21,14600,14600
2017-06-22,14300,14300
2017-06-23,14200,14200
2017-06-26,14200,14200
2017-06-27,14350,14350
2017-06-28,14200,14200
2017-06-29,14100,14100
2017-07-03,13600,13600
2017-07-04,13200,13200
2017-07-05,13450,13450
2017-07-06,13450,13450
2017-07-07,13000,13000
2017-07-10,12850,12850
2017-07-11,12600,12600
2017-07-12,12600,12600
2017-07-13,12400,12400
2017-07-14,12100,12100
2017-07-17,11700,11700
2017-07-18,12100,12100
2017-07-19,12050,12050
2017-07-20,11800,11800
2017-07-21,11700,11700
2017-07-24,11850,11850
2017-07-25,12500,12500
2017-07-26,12800,12800
2017-07-27,12650,12650
2017-07-28,12800,12800
2017-07-31,13100,13100
2017-08-01,13000,13000
2017-08-02,12550,12550
2017-08-03,12300,12300
2017-08-04,12700,12700
2017-08-07,12550,12550
2017-08-08,12200,12200
2017-08-09,11800,11800
2017-08-10,11950,11950
2017-08-11,11950,11950
2017-08-14,12100,12100
2017-08-15,11900,11900
2017-08-16,12000,12000
2017-08-17,11850,11850
2017-08-18,11750,11750
2017-08-21,11700,11700
2017-08-22,11700,11700
2017-08-23,11800,11800
2017-08-24,11750,11750
2017-08-25,11800,11800
2017-08-28,11750,11750
2017-08-29,11600,11600
2017-08-30,11450,11450
2017-08-31,11700,11700
2017-09-01,11600,11600
2017-09-05,11850,11850
2017-09-06,11650,11650
2017-09-07,11750,11750
2017-09-08,11650,11650
2017-09-11,11600,11600
2017-09-12,11450,11450
2017-09-13,11500,11500
2017-09-14,11700,11700
2017-09-15,11500,11500
2017-09-18,11800,11800
2017-09-19,11750,11750
2017-09-20,11700,11700
2017-09-21,11600,11600
2017-09-22,11550,11550
2017-09-25,12300,12300
2017-09-26,12500,12500
2017-09-27,12250,12250
2017-09-28,12600,12600
2017-09-29,12500,12500
2017-10-02,12300,12300
2017-10-03,12150,12150
2017-10-04,12200,12200
2017-10-05,12100,12100
2017-10-06,12300,12300
2017-10-09,12450,12450
2017-10-10,12450,12450
2017-10-11,11650,11650
2017-10-12,11600,11600
2017-10-13,11500,11500
2017-10-16,11600,11600
2017-10-17,11450,11450
2017-10-18,11400,11400
2017-10-19,11500,11500
2017-10-20,11550,11550
2017-10-23,11300,11300
2017-10-24,11300,11300
2017-10-25,11300,11300
2017-10-26,11350,11350
2017-10-27,11350,11350
2017-10-30,11250,11250
2017-10-31,11000,11000
2017-11-01,11200,11200
2017-11-02,11300,11300
2017-11-03,11100,11100
2017-11-06,11200,11200
2017-11-07,11200,11200
2017-11-08,11200,11200
2017-11-09,11150,11150
2017-11-10,11400,11400
2017-11-13,11200,11200
2017-11-14,11150,11150
2017-11-15,11450,11450
2017-11-16,12000,12000
2017-11-17,11750,11750
2017-11-20,11850,11850
2017-11-21,11850,11850
2017-11-22,12400,12400
2017-11-23,12350,12350
2017-11-24,12400,12400
2017-11-27,12550,12550
2017-11-28,12600,12600
2017-11-29,13200,13200
2017-11-30,13100,13100
2017-12-01,13000,13000
2017-12-04,13700,13700
2017-12-05,13000,13000
2017-12-06,13250,13250
2017-12-07,13000,13000
2017-12-08,12950,12950
2017-12-11,12300,12300
2017-12-12,12450,12450
2017-12-13,12000,12000
2017-12-14,12500,12500
2017-12-15,12700,12700
2017-12-18,12750,12750
2017-12-19,12550,12550
2017-12-20,12550,12550
2017-12-21,12300,12300
2017-12-22,12550,12550
2017-12-25,12350,12350
2017-12-26,12600,12600
2017-12-27,12850,12850
2017-12-28,12950,12950
2017-12-29,12850,12850
2018-01-02,13400,13400
2018-01-03,13350,13350
2018-01-04,13600,13600
2018-01-05,13600,13600
2018-01-08,14550,14550
2018-01-09,14850,14850
2018-01-10,15600,15600
2018-01-11,16250,16250
2018-01-12,15500,15500
2018-01-15,15350,15350
2018-01-16,14950,14950
2018-01-17,14300,14300
2018-01-18,15000,15000
2018-01-19,15450,15450
2018-01-22,15100,15100
2018-01-25,15400,15400
2018-01-26,15700,15700
2018-01-29,16750,16750
2018-01-30,17100,17100
2018-01-31,16250,16250
2018-02-01,15700,15700
2018-02-02,16250,16250
2018-02-05,15150,15150
2018-02-06,15400,15400
2018-02-07,15750,15750
2018-02-08,14900,14900
2018-02-09,14950,14950
2018-02-12,15900,15900
2018-02-13,15900,15900
2018-02-21,16300,16300
2018-02-22,16100,16100
2018-02-23,16450,16450
2018-02-26,16050,16050
2018-02-27,16150,16150
2018-02-28,16100,16100
2018-03-01,15750,15750
2018-03-02,15700,15700
2018-03-05,14950,14950
2018-03-06,15300,15300
2018-03-07,15050,15050
2018-03-08,15200,15200
2018-03-09,15400,15400
2018-03-12,15950,15950
2018-03-13,16100,16100
2018-03-14,16050,16050
2018-03-15,16150,16150
2018-03-16,16300,16300
2018-03-19,16050,16050
2018-03-20,16000,16000
2018-03-21,16250,16250
2018-03-22,16000,16000
2018-03-23,15750,15750
2018-03-26,15650,15650
2018-03-27,15500,15500
2018-03-28,15350,15350
2018-03-29,15250,15250
2018-03-30,15500,15500
2018-04-02,15800,15800
2018-04-03,15700,15700
2018-04-04,15600,15600
2018-04-05,15700,15700
2018-04-06,16100,16100
2018-04-09,16400,16400
2018-04-10,16200,16200
2018-04-11,15650,15650
2018-04-12,15600,15600
2018-04-13,15450,15450
2018-04-16,15500,15500
2018-04-18,15500,15500
2018-04-19,15000,15000
2018-04-20,15450,15450
2018-04-23,14400,14400
2018-04-24,14150,14150
2018-04-26,13350,13350
2018-04-27,13850,13850
2018-05-02,13300,13300
2018-05-03,13700,13700
2018-05-04,13450,13450
2018-05-07,13950,13950
2018-05-08,13650,13650
2018-05-09,13500,13500
2018-05-10,12900,12900
2018-05-11,13100,13100
2018-05-14,13100,13100
2018-05-15,13100,13100
2018-05-16,13050,13050
2018-05-17,12750,12750
2018-05-18,12750,12750
2018-05-21,12600,12600
2018-05-22,12000,12000
2018-05-23,12150,12150
2018-05-24,12050,12050
2018-05-25,11650,11650
2018-05-28,10850,10850
2018-05-29,11600,11600
2018-05-30,11500,11500
2018-05-31,11750,11750
2018-06-01,11750,11750
2018-06-04,12550,12550
2018-06-05,12900,12900
2018-06-06,13300,13300
2018-06-07,13000,13000
2018-06-08,12900,12900
2018-06-11,12600,12600
2018-06-12,12800,12800
2018-06-13,12800,12800
2018-06-14,12550,12550
2018-06-15,12400,12400
2018-06-18,12000,12000
2018-06-19,11700,11700
2018-06-20,12000,12000
2018-06-21,11700,11700
2018-06-22,12000,12000
2018-06-25,12150,12150
2018-06-26,12000,12000
2018-06-27,11800,11800
2018-06-28,11550,11550
2018-06-29,11550,11550
2018-07-02,11100,11100
2018-07-03,10350,10350
2018-07-04,10300,10300
2018-07-05,9720,9720
2018-07-06,10400,10400
2018-07-09,10400,10400
2018-07-10,10400,10400
2018-07-11,10000,10000
2018-07-12,10150,10150
2018-07-13,10450,10450
2018-07-16,10500,10500
2018-07-17,10750,10750
2018-07-18,11200,11200
2018-07-19,11000,11000
2018-07-20,11000,11000
2018-07-23,11750,11750
2018-07-24,11400,11400
2018-07-25,11200,11200
2018-07-26,11250,11250
2018-07-27,11200,11200
2018-07-30,11500,11500
2018-07-31,11450,11450
2018-08-01,11300,11300
2018-08-02,11050,11050
2018-08-03,11050,11050
2018-08-06,11150,11150
2018-08-07,11150,11150
2018-08-08,11350,11350
2018-08-09,11300,11300
2018-08-10,11250,11250
2018-08-13,11800,11800
2018-08-14,11600,11600
2018-08-15,11400,11400
2018-08-16,11400,11400
2018-08-17,11200,11200
2018-08-20,11150,11150
2018-08-21,11200,11200
2018-08-22,11450,11450
2018-08-23,11400,11400
2018-08-24,11300,11300
2018-08-27,11400,11400
2018-08-28,11500,11500
2018-08-29,11400,11400
2018-08-30,11500,11500
2018-08-31,11350,11350
2018-09-04,11250,11250
2018-09-05,11100,11100
2018-09-06,11050,11050
2018-09-07,11300,11300
2018-09-10,11750,11750
2018-09-11,11800,11800
2018-09-12,12100,12100
2018-09-13,12050,12050
2018-09-14,12000,12000
2018-09-17,11850,11850
2018-09-18,12400,12400
2018-09-19,12550,12550
2018-09-20,12650,12650
2018-09-21,12700,12700
2018-09-24,12550,12550
2018-09-25,12650,12650
2018-09-26,12700,12700
2018-09-27,12650,12650
2018-09-28,13500,13500
2018-10-01,13850,13850
2018-10-02,13900,13900
2018-10-03,13850,13850
2018-10-04,13850,13850
2018-10-05,13800,13800
2018-10-08,13850,13850
2018-10-09,13550,13550
2018-10-10,13400,13400
2018-10-11,12500,12500
2018-10-12,13050,13050
2018-10-15,12950,12950
2018-10-16,13600,13600
2018-10-17,13550,13550
2018-10-18,13500,13500
2018-10-19,13450,13450
2018-10-22,12950,12950
2018-10-23,12550,12550
2018-10-24,12600,12600
2018-10-25,12550,12550
2018-10-26,12300,12300
2018-10-29,12000,12000
2018-10-30,11950,11950
2018-10-31,12500,12500
2018-11-01,12200,12200
2018-11-02,12400,12400
2018-11-05,12350,12350
2018-11-06,12250,12250
2018-11-07,12700,12700
2018-11-08,12600,12600
2018-11-09,12350,12350
2018-11-12,12200,12200
2018-11-13,12000,12000
2018-11-14,11950,11950
2018-11-15,12000,12000
2018-11-16,12100,12100
2018-11-19,12300,12300
2018-11-20,12200,12200
2018-11-21,12250,12250
2018-11-22,12400,12400
2018-11-23,12250,12250
2018-11-26,12300,12300
2018-11-27,12150,12150
2018-11-28,12250,12250
2018-11-29,12150,12150
2018-11-30,12150,12150
2018-12-03,12800,12800
2018-12-04,12800,12800
2018-12-05,12700,12700
2018-12-06,12600,12600
2018-12-07,12650,12650
2018-12-10,12500,12500
2018-12-11,12500,12500
2018-12-12,12700,12700
2018-12-13,12900,12900
2018-12-14,12800,12800
2018-12-17,12500,12500
2018-12-18,12400,12400
2018-12-19,12450,12450
2018-12-20,12250,12250
2018-12-21,12100,12100
2018-12-24,12150,12150
2018-12-25,11950,11950
2018-12-26,11950,11950
2018-12-27,12000,12000
2018-12-28,11950,11950
2019-01-02,11600,11600
2019-01-03,11100,11100
2019-01-04,11150,11150
2019-01-07,11500,11500
2019-01-08,11350,11350
2019-01-09,11400,11400
2019-01-10,11400,11400
2019-01-11,11400,11400
2019-01-14,11200,11200
2019-01-15,11300,11300
2019-01-16,11300,11300
2019-01-17,11200,11200
2019-01-18,11250,11250
2019-01-21,11700,11700
2019-01-22,11750,11750
2019-01-23,12150,12150
2019-01-24,12200,12200
2019-01-25,12300,12300
2019-01-28,12250,12250
2019-01-29,12150,12150
2019-01-30,12000,12000
2019-01-31,12300,12300
2019-02-01,12400,12400
2019-02-11,12950,12950
2019-02-12,13000,13000
2019-02-13,13000,13000
2019-02-14,12950,12950
2019-02-15,13000,13000
2019-02-18,13100,13100
2019-02-19,12800,12800
2019-02-20,12900,12900
2019-02-21,13000,13000
2019-02-22,13050,13050
2019-02-25,12900,12900
2019-02-26,12800,12800
2019-02-27,12700,12700
2019-02-28,12300,12300
2019-03-01,12650,12650
2019-03-04,12750,12750
2019-03-05,12700,12700
2019-03-06,12650,12650
2019-03-07,12800,12800
2019-03-08,12600,12600
2019-03-11,12550,12550
2019-03-12,12700,12700
2019-03-13,12800,12800
2019-03-14,13000,13000
2019-03-15,12950,12950
2019-03-18,12850,12850
2019-03-19,12700,12700
2019-03-20,12800,12800
2019-03-21,12500,12500
2019-03-22,12550,12550
2019-03-25,12250,12250
2019-03-26,12300,12300
2019-03-27,12350,12350
2019-03-28,12150,12150
2019-03-29,12200,12200
2019-04-01,12400,12400
2019-04-02,12200,12200
2019-04-03,12250,12250
2019-04-04,12300,12300
2019-04-05,12250,12250
2019-04-08,12250,12250
2019-04-09,12250,12250
2019-04-10,12100,12100
2019-04-11,12050,12050
2019-04-12,12100,12100
2019-04-16,12050,12050
2019-04-17,11900,11900
2019-04-18,11750,11750
2019-04-19,11750,11750
2019-04-22,11550,11550
2019-04-23,12050,12050
2019-04-24,12050,12050
2019-04-25,11850,11850
2019-04-26,11950,11950
2019-05-02,11900,11900
2019-05-03,12350,12350
2019-05-06,12050,12050
2019-05-07,12100,12100
2019-05-08,12150,12150
2019-05-09,11900,11900
2019-05-10,12000,12000
2019-05-13,11950,11950
2019-05-14,11900,11900
2019-05-15,12050,12050
2019-05-16,12000,12000
2019-05-17,11950,11950
2019-05-20,11950,11950
2019-05-21,12050,12050
2019-05-22,12050,12050
2019-05-23,12000,12000
2019-05-24,11800,11800
2019-05-27,11800,11800
2019-05-28,11800,11800
2019-05-29,11750,11750
2019-05-30,11800,11800
2019-05-31,11750,11750
2019-06-03,11600,11600
2019-06-04,11600,11600
2019-06-05,11650,11650
2019-06-06,11550,11550
2019-06-07,11750,11750
2019-06-10,11800,11800
2019-06-11,11700,11700
2019-06-12,11650,11650
2019-06-13,11600,11600
2019-06-14,11650,11650
2019-06-17,11450,11450
2019-06-18,11200,11200
2019-06-19,11300,11300
2019-06-20,11500,11500
2019-06-21,11450,11450
2019-06-24,11700,11700
2019-06-25,11650,11650
2019-06-26,11500,11500
2019-06-27,11300,11300
2019-06-28,11350,11350
2019-07-01,11550,11550
2019-07-02,11450,11450
2019-07-03,11350,11350
2019-07-04,11450,11450
2019-07-05,11400,11400
2019-07-08,11400,11400
2019-07-09,11350,11350
2019-07-10,11450,11450
2019-07-11,11500,11500
2019-07-12,11400,11400
2019-07-15,11350,11350
2019-07-16,11400,11400
2019-07-17,11550,11550
2019-07-18,11550,11550
2019-07-19,11700,11700
2019-07-22,11500,11500
2019-07-23,11500,11500
2019-07-24,11350,11350
2019-07-25,11200,11200
2019-07-26,11150,11150
2019-07-29,10950,10950
2019-07-30,10850,10850
2019-07-31,10700,10700
2019-08-01,10500,10500
2019-08-02,10600,10600
2019-08-05,10450,10450
2019-08-06,10450,10450
2019-08-07,10400,10400
2019-08-08,10450,10450
2019-08-09,10350,10350
2019-08-12,10350,10350
2019-08-13,10200,10200
2019-08-14,10150,10150
2019-08-15,10350,10350
2019-08-16,10300,10300
2019-08-19,10250,10250
2019-08-20,10300,10300
2019-08-21,10250,10250
2019-08-22,10300,10300
2019-08-23,10700,10700
2019-08-26,10550,10550
2019-08-27,10450,10450
2019-08-28,10350,10350
2019-08-29,10350,10350
2019-08-30,10400,10400
2019-09-03,10200,10200
2019-09-04,10150,10150
2019-09-05,10150,10150
2019-09-06,10150,10150
2019-09-09,10100,10100
2019-09-10,10050,10050
2019-09-11,10050,10050
2019-09-12,10150,10150
2019-09-13,10350,10350
2019-09-16,10350,10350
2019-09-17,10200,10200
2019-09-18,10200,10200
2019-09-19,10550,10550
2019-09-20,10350,10350
2019-09-23,10550,10550
2019-09-24,10500,10500
2019-09-25,10600,10600
2019-09-26,10700,10700
2019-09-27,10650,10650
2019-10-01,10500,10500
2019-10-02,10400,10400
2019-10-03,10500,10500
2019-10-04,10400,10400
2019-10-07,10500,10500
2019-10-08,11000,11000
2019-10-09,10900,10900
2019-10-10,10800,10800
2019-10-11,11000,11000
2019-10-14,11100,11100
2019-10-15,11050,11050
2019-10-16,11050,11050
2019-10-17,10900,10900
2019-10-18,10800,10800
2019-10-21,10950,10950
2019-10-22,11000,11000
2019-10-23,11000,11000
2019-10-24,10950,10950
2019-10-25,10900,10900
2019-10-28,10850,10850
2019-10-29,10650,10650
2019-10-30,10700,10700
2019-10-31,10800,10800
2019-11-01,10900,10900
2019-11-04,10900,10900
2019-11-05,10950,10950
2019-11-06,11000,11000
2019-11-07,10900,10900
2019-11-08,10850,10850
2019-11-11,10800,10800
2019-11-12,10750,10750
2019-11-13,10800,10800
2019-11-14,10700,10700
2019-11-15,10700,10700
2019-11-18,10600,10600
2019-11-19,10600,10600
2019-11-20,10400,10400
2019-11-21,10200,10200
2019-11-22,10250,10250
2019-11-25,10150,10150
2019-11-26,10150,10150
2019-11-27,10100,10100
2019-11-28,10100,10100
2019-11-29,10100,10100
2019-12-02,10000,10000
2019-12-03,9750,9750
2019-12-04,10100,10100
2019-12-05,10050,10050
2019-12-06,10000,10000
2019-12-09,9950,9950
2019-12-10,10050,10050
2019-12-11,10050,10050
2019-12-12,10100,10100
2019-12-13,10050,10050
2019-12-16,10050,10050
2019-12-17,10050,10050
2019-12-18,9940,9940
2019-12-19,9930,9930
2019-12-20,10000,10000
2019-12-23,10200,10200
2019-12-24,10100,10100
2019-12-25,10100,10100
2019-12-26,10100,10100
2019-12-27,10150,10150
2019-12-30,10100,10100
2020-01-02,10200,10200
2020-01-03,10200,10200
2020-01-06,10050,10050
2020-01-07,10150,10150
2020-01-08,9980,9980
2020-01-09,10150,10150
2020-01-10,10500,10500
2020-01-13,10400,10400
2020-01-14,10300,10300
2020-01-15,10250,10250
2020-01-16,10400,10400
2020-01-17,10600,10600
2020-01-20,10700,10700
2020-01-21,10900,10900
2020-01-22,10900,10900
2020-01-30,10350,10350
2020-01-31,10200,10200
2020-02-03,10250,10250
2020-02-04,10200,10200
2020-02-05,10250,10250
2020-02-06,10950,10950
2020-02-07,11150,11150
2020-02-10,10950,10950
2020-02-11,11350,11350
2020-02-12,11550,11550
2020-02-13,11500,11500
2020-02-14,11600,11600
2020-02-17,11650,11650
2020-02-18,11550,11550
2020-02-19,11400,11400
2020-02-20,11300,11300
2020-02-21,11300,11300
2020-02-24,10850,10850
2020-02-25,11150,11150
2020-02-26,11200,11200
2020-02-27,11650,11650
2020-02-28,11600,11600
2020-03-02,12350,12350
2020-03-03,12250,12250
2020-03-04,12500,12500
2020-03-05,12200,12200
2020-03-06,12250,12250
2020-03-09,11400,11400
2020-03-10,11400,11400
2020-03-11,10650,10650
2020-03-12,9950,9950
2020-03-13,10400,10400
2020-03-16,9990,9990
2020-03-17,10200,10200
2020-03-18,10000,10000
2020-03-19,9750,9750
2020-03-20,9800,9800
2020-03-23,9120,9120
2020-03-24,8800,8800
2020-03-25,9110,9110
2020-03-26,8700,8700
2020-03-27,8210,8210
2020-03-30,7640,7640
2020-04-01,7810,7810
2020-04-03,8350,8350
2020-04-06,8930,8930
2020-04-07,9180,9180
2020-04-08,9280,9280
2020-04-09,9190,9190
2020-04-10,9010,9010
2020-04-13,9040,9040
2020-04-14,9160,9160
2020-04-15,9700,9700
2020-04-16,9720,9720
2020-04-17,9730,9730
2020-04-20,9550,9550
2020-04-21,8990,8990
2020-04-22,9170,9170
2020-04-23,9150,9150
2020-04-24,9100,9100
2020-04-27,8990,8990
2020-04-28,8980,8980
2020-04-29,9100,9100
2020-05-04,8980,8980
2020-05-05,8970,8970
2020-05-06,9140,9140
2020-05-07,9340,9340
2020-05-08,9520,9520
2020-05-11,9690,9690
2020-05-12,9700,9700
2020-05-13,9960,9960
2020-05-14,10050,10050
2020-05-15,9800,9800
2020-05-18,9730,9730
2020-05-19,9900,9900
2020-05-20,10400,10400
2020-05-21,10500,10500
2020-05-22,10200,10200
2020-05-25,10250,10250
2020-05-26,10400,10400
2020-05-27,10100,10100
2020-05-28,10300,10300
2020-05-29,10300,10300
2020-06-01,10750,10750
2020-06-02,10500,10500
2020-06-03,10650,10650
2020-06-04,10600,10600
2020-06-05,10550,10550
2020-06-08,10700,10700
2020-06-09,10750,10750
2020-06-10,11500,11500
2020-06-11,11050,11050
2020-06-12,11800,11800
2020-06-15,12050,12050
2020-06-16,11900,11900
2020-06-17,11600,11600
2020-06-18,11400,11400
2020-06-19,11900,11900
2020-06-22,11700,11700
2020-06-23,11550,11550
2020-06-24,11200,11200
2020-06-25,11450,11450
2020-06-26,11300,11300
2020-06-29,10950,10950
2020-07-01,11200,11200
2020-07-02,11050,11050
2020-07-03,11000,11000
2020-07-06,11550,11550
2020-07-07,11450,11450
2020-07-08,11500,11500
2020-07-09,11800,11800
2020-07-10,11550,11550
2020-07-13,11450,11450
2020-07-14,11550,11550
2020-07-15,11550,11550
2020-07-16,11600,11600
2020-07-17,11600,11600
2020-07-20,11450,11450
2020-07-21,11500,11500
2020-07-22,11300,11300
2020-07-23,11250,11250
2020-07-24,10900,10900
2020-07-27,10150,10150
2020-07-28,10550,10550
2020-07-29,10150,10150
2020-07-30,10200,10200
2020-07-31,10100,10100
2020-08-03,10350,10350
2020-08-04,10500,10500
2020-08-05,10650,10650
2020-08-06,10500,10500
2020-08-07,10450,10450
2020-08-10,10600,10600
2020-08-11,10650,10650
2020-08-12,10750,10750
2020-08-13,10850,10850
2020-08-14,10700,10700
2020-08-17,10650,10650
2020-08-18,10750,10750
2020-08-19,10800,10800
2020-08-20,10650,10650
2020-08-21,11050,11050
2020-08-24,11300,11300
2020-08-25,11250,11250
2020-08-26,11200,11200
2020-08-27,11300,11300
2020-08-28,11350,11350
2020-08-31,11200,11200
2020-09-01,11300,11300
2020-09-03,11400,11400
2020-09-04,11300,11300
2020-09-07,11200,11200
2020-09-08,11250,11250
2020-09-09,11300,11300
2020-09-10,11200,11200
2020-09-11,11150,11150
2020-09-14,11300,11300
2020-09-15,11600,11600
2020-09-16,11550,11550
2020-09-17,11450,11450
2020-09-18,11650,11650
2020-09-21,11750,11750
2020-09-22,12550,12550
2020-09-23,12650,12650
2020-09-24,12450,12450
2020-09-25,13300,13300
2020-09-28,13800,13800
2020-09-29,13300,13300
2020-10-01,13750,13750
2020-10-02,13450,13450
2020-10-05,13700,13700
2020-10-06,14200,14200
2020-10-07,13700,13700
2020-10-08,13550,13550
2020-10-09,13550,13550
2020-10-12,13300,13300
2020-10-13,13450,13450
2020-10-14,13500,13500
2020-10-15,13850,13850
2020-10-16,13750,13750
2020-10-19,14100,14100
2020-10-20,14200,14200
2020-10-21,14400,14400
2020-10-22,14600,14600
2020-10-23,14550,14550
2020-10-26,14100,14100
2020-10-27,13300,13300
2020-10-28,13100,13100
2020-10-29,13500,13500
2020-10-30,13300,13300
2020-11-02,13450,13450
2020-11-03,13600,13600
2020-11-04,13650,13650
2020-11-05,13350,13350
2020-11-06,13350,13350
2020-11-09,13700,13700
2020-11-10,13600,13600
2020-11-11,13600,13600
2020-11-12,13700,13700
2020-11-13,13900,13900
2020-11-16,13650,13650
2020-11-17,13850,13850
2020-11-18,14200,14200
2020-11-19,14200,14200
2020-11-20,14150,14150
2020-11-23,14600,14600
2020-11-24,14500,14500
2020-11-25,14350,14350
2020-11-26,14500,14500
2020-11-27,14500,14500
2020-11-30,14650,14650
2020-12-01,15450,15450
2020-12-02,15400,15400
2020-12-03,15650,15650
2020-12-04,15600,15600
2020-12-07,15550,15550
2020-12-08,15850,15850
2020-12-09,15900,15900
2020-12-10,15550,15550
2020-12-11,15800,15800
2020-12-14,15950,15950
2020-12-15,15950,15950
2020-12-16,16600,16600
2020-12-17,16600,16600
2020-12-18,17000,17000
2020-12-21,17000,17000
2020-12-22,17150,17150
2020-12-23,16700,16700
2020-12-24,16500,16500
2020-12-25,16950,16950
2020-12-28,16750,16750
2020-12-29,16700,16700
2020-12-30,16800,16800
2021-01-04,17550,17550
2021-01-05,17700,17700
2021-01-06,18000,18000
2021-01-07,18450,18450
2021-01-08,19400,19400
2021-01-11,20100,20100
2021-01-12,19800,19800
2021-01-13,19500,19500
2021-01-14,20100,20100
2021-01-15,21100,21100
2021-01-18,20600,20600
2021-01-19,19200,19200
2021-01-20,19000,19000
2021-01-21,20000,20000
2021-01-22,19950,19950
2021-01-25,19350,19350
2021-01-26,18100,18100
2021-01-27,17250,17250
2021-01-28,16050,16050
2021-01-29,16900,16900
2021-02-01,16100,16100
2021-02-02,17150,17150
2021-02-03,18000,18000
2021-02-04,17600,17600
2021-02-05,18300,18300
2021-02-08,17400,17400
2021-02-09,18150,18150
2021-02-17,18750,18750
2021-02-18,18600,18600
2021-02-19,18700,18700
2021-02-22,18600,18600
2021-02-23,18800,18800
2021-02-24,18350,18350
2021-02-25,18500,18500
2021-02-26,18350,18350
2021-03-01,19100,19100
2021-03-02,19150,19150
2021-03-03,19000,19000
2021-03-04,18350,18350
2021-03-05,18700,18700
2021-03-08,18600,18600
2021-03-09,18550,18550
2021-03-10,18700,18700
2021-03-11,19300,19300
2021-03-12,19200,19200
2021-03-15,18900,18900
2021-03-16,18900,18900
2021-03-17,19600,19600
2021-03-18,19700,19700
2021-03-19,19600,19600
2021-03-22,19200,19200
2021-03-23,18800,18800
2021-03-24,18400,18400
2021-03-25,18750,18750
2021-03-26,18950,18950
2021-03-29,19200,19200
2021-03-30,20500,20500
2021-04-01,21600,21600
2021-04-02,22600,22600
2021-04-05,23150,23150
2021-04-06,22750,22750
2021-04-07,22300,22300
2021-04-08,22200,22200
2021-04-09,22700,22700
2021-04-12,23450,23450
2021-04-13,22700,22700
2021-04-14,22900,22900
2021-04-15,22350,22350
2021-04-16,22100,22100
2021-04-19,22900,22900
2021-04-20,22500,22500
2021-04-22,21000,21000
2021-04-23,22450,22450
2021-04-26,22550,22550
2021-04-27,23100,23100
2021-04-28,24200,24200
2021-04-29,23900,23900
2021-05-04,24100,24100
2021-05-05,24700,24700
2021-05-06,24400,24400
2021-05-07,24000,24000
2021-05-10,24300,24300
2021-05-11,24650,24650
2021-05-12,26350,26350
2021-05-13,26300,26300
2021-05-14,26400,26400
2021-05-17,25950,25950
2021-05-18,27300,27300
2021-05-19,28500,28500
2021-05-20,29400,29400
2021-05-21,28850,28850
2021-05-24,28900,28900
2021-05-25,29350,29350
2021-05-26,29500,29500
2021-05-27,29800,29800
2021-05-28,31850,31850
2021-05-31,33800,33800
2021-06-01,32400,32400
2021-06-02,32200,32200
2021-06-03,32750,32750
2021-06-04,32150,32150
2021-06-07,30700,30700
2021-06-08,28600,28600
2021-06-09,29600,29600
2021-06-10,28900,28900
2021-06-11,30500,30500
2021-06-14,30800,30800
2021-06-15,30100,30100
2021-06-16,29200,29200
2021-06-17,29400,29400
2021-06-18,29650,29650
2021-06-21,29850,29850
2021-06-22,30200,30200
2021-06-23,29750,29750
2021-06-24,29000,29000
2021-06-25,29500,29500
2021-06-28,30200,30200
2021-06-29,31000,31000
2021-07-01,31000,31000
2021-07-02,31500,31500
2021-07-05,32600,32600
2021-07-06,30350,30350
2021-07-07,31050,31050
2021-07-08,30200,30200
2021-07-09,29100,29100
2021-07-12,28400,28400
2021-07-13,28700,28700
2021-07-14,27400,27400
2021-07-15,28800,28800
2021-07-16,28450,28450
2021-07-19,27500,27500
2021-07-20,28100,28100
2021-07-21,27850,27850
2021-07-22,28000,28000
2021-07-23,28700,28700
2021-07-26,28700,28700
2021-07-27,29100,29100
2021-07-28,28900,28900
2021-07-29,29300,29300
2021-07-30,29900,29900
2021-08-02,29300,29300
2021-08-03,29800,29800
2021-08-04,30650,30650
2021-08-05,31050,31050
2021-08-06,30300,30300
2021-08-09,30700,30700
2021-08-10,30600,30600
2021-08-11,30400,30400
2021-08-12,29600,29600
2021-08-13,29700,29700
2021-08-16,30300,30300
2021-08-17,30150,30150
2021-08-18,29950,29950
2021-08-19,29950,29950
2021-08-20,28300,28300
2021-08-23,27000,27000
2021-08-24,27250,27250
2021-08-25,27350,27350
2021-08-26,27100,27100
2021-08-27,27300,27300
2021-08-30,27900,27900
2021-08-31,27350,27350
2021-09-01,27200,27200
2021-09-06,27550,27550
2021-09-07,27900,27900
2021-09-08,27300,27300
2021-09-09,27350,27350
2021-09-10,27200,27200
2021-09-13,26900,26900
2021-09-14,26650,26650
2021-09-15,26600,26600
2021-09-16,26750,26750
2021-09-17,26800,26800
2021-09-20,27100,27100
2021-09-21,26800,26800
2021-09-22,26700,26700
2021-09-23,26600,26600
2021-09-24,26750,26750
2021-09-27,26500,26500
2021-09-28,26550,26550
2021-09-29,25800,25800
2021-09-30,25700,25700
2021-10-01,24700,24700
2021-10-04,24300,24300
2021-10-05,25750,25750
2021-10-06,25500,25500
2021-10-07,25500,25500
2021-10-08,25700,25700
2021-10-11,26500,26500
2021-10-12,26600,26600
2021-10-13,26250,26250
2021-10-14,26400,26400
2021-10-15,26850,26850
2021-10-18,26900,26900
2021-10-19,26200,26200
2021-10-20,26300,26300
2021-10-21,26100,26100
2021-10-22,26200,26200
2021-10-25,25600,25600
2021-10-26,25600,25600
2021-10-27,26500,26500
2021-10-28,26700,26700
2021-10-29,26600,26600
2021-11-01,26600,26600
2021-11-02,26650,26650
2021-11-03,27900,27900
2021-11-04,27450,27450
2021-11-05,27650,27650
2021-11-08,27850,27850
2021-11-09,28100,28100
2021-11-10,28450,28450
2021-11-11,27700,27700
2021-11-12,28100,28100
2021-11-15,27950,27950
2021-11-16,28050,28050
2021-11-17,28000,28000
2021-11-18,27650,27650
2021-11-19,27900,27900
2021-11-22,28800,28800
2021-11-23,28500,28500
2021-11-24,30450,30450
2021-11-25,30650,30650
2021-11-26,30850,30850
2021-11-29,29900,29900
2021-11-30,28900,28900
2021-12-01,29900,29900
2021-12-02,29300,29300
2021-12-03,28000,28000
2021-12-06,27000,27000
2021-12-07,28050,28050
2021-12-08,28600,28600
2021-12-09,28850,28850
2021-12-10,28600,28600
2021-12-13,28650,28650
2021-12-14,28100,28100
2021-12-15,28350,28350
2021-12-16,28600,28600
2021-12-17,28300,28300
2021-12-20,28650,28650
2021-12-21,28200,28200
2021-12-22,27650,27650
2021-12-23,27400,27400
2021-12-24,28200,28200
2021-12-27,28100,28100
2021-12-28,30050,30050
2021-12-29,29500,29500
2021-12-30,30500,30500
2022-01-04,32100,32100
2022-01-05,32550,32550
2022-01-06,32700,32700
2022-01-07,31950,31950
2022-01-10,31600,31600
2022-01-11,32450,32450
2022-01-12,34700,34700
2022-01-13,34300,34300
2022-01-14,35000,35000
2022-01-17,32600,32600
2022-01-18,33900,33900
2022-01-19,32850,32850
2022-01-20,33000,33000
2022-01-21,34600,34600
2022-01-24,33300,33300
2022-01-25,34700,34700
2022-01-26,35550,35550
2022-01-27,35400,35400
2022-01-28,35550,35550
2022-02-07,35600,35600
2022-02-08,35850,35850
2022-02-09,35050,35050
2022-02-10,34750,34750
2022-02-11,35300,35300
2022-02-14,32850,32850
2022-02-15,33500,33500
2022-02-16,33600,33600
2022-02-17,33900,33900
2022-02-18,33350,33350
2022-02-21,33200,33200
2022-02-22,33700,33700
2022-02-23,33600,33600
2022-02-24,32900,32900
2022-02-25,33000,33000
2022-02-28,32850,32850
2022-03-01,32650,32650
2022-03-02,31250,31250
2022-03-03,31850,31850
2022-03-04,32000,32000
2022-03-07,31500,31500
2022-03-08,30850,30850
2022-03-09,31100,31100
2022-03-10,31550,31550
2022-03-11,32050,32050
2022-03-14,32500,32500
2022-03-15,32700,32700
2022-03-16,32900,32900
2022-03-17,32800,32800
2022-03-18,33100,33100
2022-03-21,33100,33100
2022-03-22,34050,34050
2022-03-23,34000,34000
2022-03-24,33650,33650
2022-03-25,33650,33650
2022-03-28,31850,31850
2022-03-29,32300,32300
2022-03-30,32250,32250
2022-04-01,32200,32200
2022-04-04,32200,32200
2022-04-05,31800,31800
2022-04-06,32350,32350
2022-04-07,31900,31900
2022-04-08,31000,31000
2022-04-12,30800,30800
2022-04-13,31350,31350
2022-04-14,30800,30800
2022-04-15,30100,30100
2022-04-18,29000,29000
2022-04-19,27500,27500
2022-04-20,27550,27550
2022-04-21,27650,27650
2022-04-22,28800,28800
2022-04-25,26800,26800
2022-04-26,27400,27400
2022-04-27,28200,28200
2022-04-28,27700,27700
2022-04-29,27700,27700
2022-05-04,26750,26750
2022-05-05,26900,26900
2022-05-06,25500,25500
2022-05-09,23750,23750
2022-05-10,23900,23900
2022-05-11,23550,23550
2022-05-12,21950,21950
2022-05-13,20450,20450
2022-05-16,19050,19050
2022-05-17,20350,20350
2022-05-18,21750,21750
2022-05-19,21750,21750
2022-05-20,21600,21600
2022-05-23,20350,20350
2022-05-24,21750,21750
2022-05-25,22750,22750
2022-05-26,22400,22400
2022-05-27,22250,22250
2022-05-30,22800,22800
2022-05-31,22350,22350
2022-06-01,22250,22250
2022-06-02,21550,21550
2022-06-03,21150,21150
2022-06-06,20500,20500
2022-06-07,20200,20200
2022-06-08,21600,21600
2022-06-09,22300,22300
2022-06-10,21900,21900
2022-06-13,20600,20600
2022-06-14,20900,20900
2022-06-15,20700,20700
2022-06-16,21000,21000
2022-06-17,20250,20250
2022-06-20,18850,18850
2022-06-21,19200,19200
2022-06-22,20500,20500
2022-06-23,21300,21300
2022-06-24,21200,21200
2022-06-27,21500,21500
2022-06-28,22550,22550
2022-06-29,22600,22600
2022-06-30,21500,21500
2022-07-01,22000,22000
2022-07-04,22350,22350
2022-07-05,23050,23050
2022-07-06,22500,22500
2022-07-07,22600,22600
2022-07-08,22500,22500
2022-07-11,22050,22050
2022-07-12,22600,22600
2022-07-13,23050,23050
2022-07-14,23300,23300
2022-07-15,23000,23000
2022-07-18,22550,22550
2022-07-19,22950,22950
2022-07-20,23050,23050
2022-07-21,23100,23100
2022-07-22,23000,23000
2022-07-25,22850,22850
2022-07-26,22950,22950
2022-07-27,23050,23050
2022-07-28,24450,24450
2022-07-29,24700,24700
2022-08-01,25200,25200
2022-08-02,24950,24950
2022-08-03,25450,25450
2022-08-04,25200,25200
2022-08-05,25250,25250
2022-08-08,25300,25300
2022-08-09,25250,25250
2022-08-10,24900,24900
2022-08-11,25200,25200
2022-08-12,25650,25650
2022-08-15,25650,25650
2022-08-16,25550,25550
2022-08-17,25400,25400
2022-08-18,25200,25200
2022-08-19,25100,25100
2022-08-22,24700,24700
2022-08-23,25000,25000
2022-08-24,25400,25400
2022-08-25,25650,25650
2022-08-26,25100,25100
2022-08-29,24850,24850
2022-08-30,24650,24650
2022-08-31,24800,24800
2022-09-05,24700,24700
2022-09-06,24700,24700
2022-09-07,24350,24350
2022-09-08,23900,23900
2022-09-09,23750,23750
2022-09-12,23100,23100
2022-09-13,23050,23050
2022-09-14,23050,23050
2022-09-15,23050,23050
2022-09-16,22450,22450
2022-09-19,21600,21600
2022-09-20,22150,22150
2022-09-21,21750,21750
2022-09-22,21950,21950
2022-09-23,21450,21450
2022-09-26,20500,20500
2022-09-27,20500,20500
2022-09-28,20300,20300
2022-09-29,19700,19700
2022-09-30,20600,20600
2022-10-03,19200,19200
2022-10-04,18750,18750
2022-10-05,19250,19250
2022-10-06,18000,18000
2022-10-07,16750,16750
2022-10-10,17000,17000
2022-10-11,15850,15850
2022-10-12,16950,16950
2022-10-13,17650,17650
2022-10-14,17650,17650
2022-10-17,18150,18150
2022-10-18,17700,17700
2022-10-19,17300,17300
2022-10-20,17150,17150
2022-10-21,15950,15950
2022-10-24,14850,14850
2022-10-25,14900,14900
2022-10-26,15000,15000
2022-10-27,16050,16050
2022-10-28,16150,16150
2022-10-31,16150,16150
2022-11-01,16900,16900
2022-11-02,16900,16900
2022-11-03,17250,17250
2022-11-04,16600,16600
2022-11-07,15500,15500
2022-11-08,16450,16450
2022-11-09,16250,16250
2022-11-10,15150,15150
2022-11-11,15600,15600
2022-11-14,15850,15850
2022-11-15,15100,15100
2022-11-16,16150,16150
2022-11-17,17200,17200
2022-11-18,17100,17100
2022-11-21,16700,16700
2022-11-22,16900,16900
2022-11-23,17500,17500
2022-11-24,18200,18200
2022-11-25,18900,18900
2022-11-28,19700,19700
2022-11-29,19750,19750
2022-11-30,20000,20000
2022-12-01,19500,19500
2022-12-02,20850,20850
2022-12-05,22300,22300
2022-12-06,20750,20750
2022-12-07,20300,20300
2022-12-08,21700,21700
2022-12-09,22400,22400
2022-12-12,21300,21300
2022-12-13,22550,22550
2022-12-14,23250,23250
2022-12-15,23250,23250
2022-12-16,22800,22800
2022-12-19,22400,22400
2022-12-20,22450,22450
2022-12-21,23550,23550
2022-12-22,23400,23400
2022-12-23,23500,23500
2022-12-26,21900,21900
2022-12-27,22500,22500
2022-12-28,22900,22900
2022-12-29,22350,22350
2022-12-30,22500,22500
2023-01-03,23500,23500
2023-01-04,23300,23300
2023-01-05,24200,24200
2023-01-06,24300,24300
2023-01-09,24650,24650
2023-01-10,24950,24950
2023-01-11,24700,24700
2023-01-12,24950,24950
2023-01-13,25300,25300
2023-01-16,25500,25500
2023-01-17,26550,26550
2023-01-18,26800,26800
2023-01-19,26800,26800
2023-01-27,26650,26650
2023-01-30,25850,25850
2023-01-31,27100,27100
2023-02-01,25650,25650
2023-02-02,26150,26150
2023-02-03,26050,26050
2023-02-06,25700,25700
2023-02-07,25750,25750
2023-02-08,25000,25000
2023-02-09,24450,24450
2023-02-10,23650,23650
2023-02-13,24500,24500
2023-02-14,24400,24400
2023-02-15,23350,23350
2023-02-16,23900,23900
2023-02-17,24400,24400
2023-02-20,25700,25700
2023-02-21,25350,25350
2023-02-22,24700,24700
2023-02-23,25000,25000
2023-02-24,24300,24300
2023-02-27,23600,23600
2023-02-28,23750,23750
2023-03-01,25400,25400
2023-03-02,25600,25600
2023-03-03,25000,25000
2023-03-06,24900,24900
2023-03-07,25000,25000
2023-03-08,25350,25350
2023-03-09,26500,26500
2023-03-10,26000,26000
2023-03-13,25000,25000
2023-03-14,24400,24400
2023-03-15,25350,25350
2023-03-16,24600,24600
2023-03-17,25050,25050
2023-03-20,24200,24200
2023-03-21,24600,24600
2023-03-22,24800,24800
2023-03-23,25000,25000
2023-03-24,25050,25050
2023-03-27,25500,25500
2023-03-28,25400,25400
2023-03-29,25350,25350
2023-03-30,26000,26000
2023-03-31,26200,26200
2023-04-03,26750,26750
2023-04-04,26900,26900
2023-04-05,26250,26250
2023-04-06,25650,25650
2023-04-07,26000,26000
2023-04-10,25950,25950
2023-04-11,25950,25950
2023-04-12,26100,26100
2023-04-13,26450,26450
2023-04-14,25700,25700
2023-04-17,25900,25900
2023-04-18,25900,25900
2023-04-19,25500,25500
2023-04-20,25700,25700
2023-04-21,25600,25600
2023-04-24,25550,25550
2023-04-25,25050,25050
2023-04-26,25400,25400
2023-04-27,25150,25150
2023-04-28,25300,25300
2023-05-04,25150,25150
2023-05-05,24950,24950
2023-05-08,25650,25650
2023-05-09,25750,25750
2023-05-10,26350,26350
2023-05-11,26400,26400
2023-05-12,26800,26800
2023-05-15,27000,27000
2023-05-16,27400,27400
2023-05-17,27000,27000
2023-05-18,27200,27200
2023-05-19,27850,27850
2023-05-22,28150,28150
2023-05-23,27950,27950
2023-05-24,27400,27400
2023-05-25,27000,27000
2023-05-26,27200,27200
2023-05-29,27700,27700
2023-05-30,27700,27700
2023-05-31,27700,27700
2023-06-01,28000,28000
2023-06-02,28300,28300
2023-06-05,28050,28050
2023-06-06,28300,28300
2023-06-07,28350,28350
2023-06-08,27600,27600
2023-06-09,28100,28100
2023-06-12,28200,28200
2023-06-13,28200,28200
2023-06-14,27800,27800
2023-06-15,27800,27800
2023-06-16,29000,29000
2023-06-19,28750,28750
2023-06-20,29250,29250
2023-06-21,29400,29400
2023-06-22,30000,30000
2023-06-23,30300,30300
2023-06-26,29600,29600
2023-06-27,29600,29600
2023-06-28,29900,29900
2023-06-29,29550,29550
2023-06-30,29800,29800
2023-07-03,29700,29700
2023-07-04,29850,29850
2023-07-05,29900,29900
2023-07-06,29100,29100
2023-07-07,29600,29600
2023-07-10,29850,29850
2023-07-11,30000,30000
2023-07-12,29800,29800
2023-07-13,30000,30000
2023-07-14,29000,29000
2023-07-17,28000,28000
2023-07-18,28450,28450
2023-07-19,28250,28250
2023-07-20,27850,27850
2023-07-21,28750,28750
2023-07-24,28700,28700
2023-07-25,28500,28500
2023-07-26,28300,28300
2023-07-27,28100,28100
2023-07-28,28650,28650
2023-07-31,28950,28950
2023-08-01,28950,28950
2023-08-02,29100,29100
2023-08-03,28600,28600
2023-08-04,28950,28950
2023-08-07,30050,30050
2023-08-08,29800,29800
2023-08-09,31200,31200
2023-08-10,30550,30550
2023-08-11,31850,31850
2023-08-14,31900,31900
2023-08-15,31500,31500
2023-08-16,32900,32900
2023-08-17,32350,32350
2023-08-18,31300,31300
2023-08-21,31800,31800
2023-08-22,32150,32150
2023-08-23,30900,30900
2023-08-24,31550,31550
2023-08-25,31100,31100
2023-08-28,31650,31650
2023-08-29,31750,31750
2023-08-30,32500,32500
2023-08-31,32650,32650
2023-09-05,32700,32700
2023-09-06,33050,33050
2023-09-07,33000,33000
2023-09-08,32500,32500
2023-09-11,31600,31600
2023-09-12,32350,32350
2023-09-13,31950,31950
2023-09-14,31800,31800
2023-09-15,32500,32500
2023-09-18,32600,32600
2023-09-19,33300,33300
2023-09-20,33250,33250
2023-09-21,32350,32350
2023-09-22,32900,32900
2023-09-25,31650,31650
2023-09-26,31350,31350
2023-09-27,31800,31800
2023-09-28,30750,30750
2023-09-29,30650,30650
2023-10-02,30850,30850
2023-10-03,29200,29200
2023-10-04,30200,30200
2023-10-05,29900,29900
2023-10-06,30950,30950
2023-10-09,31200,31200
2023-10-10,31250,31250
2023-10-11,31750,31750
2023-10-12,31600,31600
2023-10-13,31500,31500
2023-10-16,30200,30200
2023-10-17,30000,30000
2023-10-18,29700,29700
2023-10-19,29000,29000
2023-10-20,30100,30100
2023-10-23,29700,29700
2023-10-24,30000,30000
2023-10-25,29550,29550
2023-10-26,28100,28100
2023-10-27,28700,28700
2023-10-30,27000,27000
2023-10-31,27000,27000
2023-11-01,27650,27650
2023-11-02,29000,29000
2023-11-03,28500,28500
2023-11-06,29450,29450
2023-11-07,29000,29000
2023-11-08,30000,30000
2023-11-09,29650,29650
2023-11-10,29500,29500
2023-11-13,29250,29250
2023-11-14,30000,30000
2023-11-15,30000,30000
2023-11-16,30200,30200
2023-11-17,29350,29350
2023-11-20,29200,29200
2023-11-21,29300,29300
2023-11-22,29100,29100
2023-11-23,28200,28200
2023-11-24,28300,28300
2023-11-27,27400,27400
2023-11-28,28150,28150
2023-11-29,27800,27800
2023-11-30,27500,27500
2023-12-01,27500,27500
2023-12-04,28200,28200
2023-12-05,27800,27800
2023-12-06,28100,28100
2023-12-07,28550,28550
2023-12-08,28200,28200
2023-12-11,27850,27850
2023-12-12,28000,28000
2023-12-13,27450,27450
2023-12-14,27100,27100
2023-12-15,27100,27100
2023-12-18,26300,26300
2023-12-19,26600,26600
2023-12-20,26950,26950
2023-12-21,26600,26600
2023-12-22,27200,27200
2023-12-25,27500,27500
2023-12-26,27500,27500
2023-12-27,27400,27400
2023-12-28,27600,27600
2023-12-29,27950,27950
2024-01-02,27750,27750
2024-01-03,28500,28500
2024-01-04,28600,28600
2024-01-05,29300,29300
2024-01-08,29200,29200
2024-01-09,29200,29200
2024-01-10,29450,29450
2024-01-11,29500,29500
2024-01-12,29900,29900
2024-01-15,29800,29800
2024-01-16,29900,29900
2024-01-17,29700,29700
2024-01-18,29800,29800
2024-01-19,30300,30300
2024-01-22,30250,30250
2024-01-23,30500,30500
2024-01-24,30750,30750
2024-01-25,30500,30500
2024-01-26,30300,30300
2024-01-29,30350,30350
2024-01-30,30700,30700
2024-01-31,29900,29900
2024-02-01,29800,29800
2024-02-02,29900,29900
2024-02-05,30600,30600
2024-02-06,30800,30800
2024-02-07,31100,31100
2024-02-15,31250,31250
2024-02-16,30800,30800
2024-02-19,30700,30700
2024-02-20,30700,30700
2024-02-21,31500,31500
2024-02-22,31050,31050
2024-02-23,30650,30650
2024-02-26,30500,30500
2024-02-27,30750,30750
2024-02-28,31400,31400
2024-02-29,31550,31550
2024-03-01,31950,31950
2024-03-04,31750,31750
2024-03-05,31900,31900
2024-03-06,31550,31550
2024-03-07,31300,31300
2024-03-08,30650,30650
2024-03-11,30200,30200
2024-03-12,30250,30250
2024-03-13,30850,30850
2024-03-14,30450,30450
2024-03-15,30500,30500
2024-03-18,30250,30250
2024-03-19,30400,30400
2024-03-20,31150,31150
2024-03-21,31500,31500
2024-03-22,31650,31650
2024-03-25,30850,30850
2024-03-26,31000,31000
2024-03-27,30900,30900
2024-03-28,32000,32000
2024-03-29,31600,31600
2024-04-01,31400,31400
2024-04-02,30200,30200
2024-04-03,30100,30100
2024-04-04,29700,29700
2024-04-05,29600,29600
2024-04-08,29000,29000
2024-04-09,29150,29150
2024-04-10,29100,29100
2024-04-11,28850,28850
2024-04-12,29100,29100
2024-04-15,27500,27500
2024-04-16,27300,27300
2024-04-17,26800,26800
2024-04-19,26800,26800
2024-04-22,27650,27650
2024-04-23,27800,27800
2024-04-24,28600,28600
2024-04-25,28450,28450
2024-04-26,28200,28200
2024-05-02,27600,27600
2024-05-03,27550,27550
2024-05-06,28100,28100
2024-05-07,28300,28300
2024-05-08,27950,27950
2024-05-09,27800,27800
2024-05-10,27600,27600
2024-05-13,27250,27250
2024-05-14,27250,27250
2024-05-15,27800,27800
2024-05-16,28400,28400
2024-05-17,28500,28500
2024-05-20,28300,28300
2024-05-21,28300,28300
2024-05-22,28000,28000
2024-05-23,28550,28550
2024-05-24,28700,28700
2024-05-27,28700,28700
2024-05-28,28850,28850
2024-05-29,28250,28250
2024-05-30,27850,27850
2024-05-31,27850,27850
2024-06-03,29750,29750
2024-06-04,29950,29950
2024-06-05,29600,29600
2024-06-06,30700,30700
2024-06-07,30750,30750
2024-06-10,31100,31100
2024-06-11,31200,31200
2024-06-12,31350,31350
2024-06-13,31650,31650
2024-06-14,30550,30550
2024-06-17,30500,30500
2024-06-18,30550,30550
2024-06-19,30900,30900
2024-06-20,30750,30750
2024-06-21,30650,30650
2024-06-24,29500,29500
2024-06-25,29600,29600
2024-06-26,29500,29500
2024-06-27,29200,29200
2024-06-28,28800,28800
2024-07-01,29300,29300
2024-07-02,29600,29600
2024-07-03,29900,29900
2024-07-04,29900,29900
2024-07-05,30100,30100
2024-07-08,30150,30150
2024-07-09,30350,30350
2024-07-10,29850,29850
2024-07-11,29850,29850
2024-07-12,29750,29750
2024-07-15,29750,29750
2024-07-16,29900,29900
2024-07-17,30400,30400
2024-07-18,30600,30600
2024-07-19,30300,30300
2024-07-22,30000,30000
2024-07-23,29000,29000
2024-07-24,29200,29200
2024-07-25,28800,28800
2024-07-26,29100,29100
2024-07-29,29100,29100
2024-07-30,28900,28900
2024-07-31,29000,29000
2024-08-01,28050,28050
2024-08-02,28400,28400
2024-08-05,27200,27200
2024-08-06,28400,28400
2024-08-07,28400,28400
2024-08-08,28250,28250
2024-08-09,28850,28850
2024-08-12,29200,29200
2024-08-13,29150,29150
2024-08-14,29200,29200
2024-08-15,28950,28950
2024-08-16,29350,29350
2024-08-19,29650,29650
2024-08-20,29650,29650
2024-08-21,29950,29950
2024-08-22,29900,29900
2024-08-23,29950,29950
2024-08-26,29750,29750
2024-08-27,29600,29600
2024-08-28,29550,29550
2024-08-29,30450,30450
2024-08-30,30550,30550
2024-09-04,30100,30100
2024-09-05,29600,29600
2024-09-06,29900,29900
2024-09-09,29500,29500
2024-09-10,29200,29200
2024-09-11,29600,29600
2024-09-12,29700,29700
2024-09-13,29800,29800
2024-09-16,29550,29550
2024-09-17,29850,29850
2024-09-18,30250,30250
2024-09-19,30500,30500
2024-09-20,30850,30850
2024-09-23,30800,30800
2024-09-24,31850,31850
2024-09-25,32700,32700
2024-09-26,32750,32750
2024-09-27,33600,33600
2024-09-30,33350,33350
2024-10-01,33500,33500
2024-10-02,33550,33550
2024-10-03,33750,33750
2024-10-04,33100,33100
2024-10-07,33800,33800
2024-10-08,33700,33700
2024-10-09,34150,34150
2024-10-10,33600,33600
2024-10-11,33800,33800
2024-10-14,33900,33900
2024-10-15,33700,33700
2024-10-16,33600,33600
2024-10-17,34600,34600
2024-10-18,35550,35550
2024-10-21,35250,35250
2024-10-22,35000,35000
2024-10-23,35800,35800
2024-10-24,33400,33400
2024-10-25,33450,33450
2024-10-28,33750,33750
2024-10-29,34050,34050
2024-10-30,34800,34800
2024-10-31,35200,35200
2024-11-01,35000,35000
2024-11-04,34900,34900
2024-11-05,34850,34850
2024-11-06,35500,35500
2024-11-07,35600,35600
2024-11-08,35500,35500
2024-11-11,33800,33800
2024-11-12,33550,33550
2024-11-13,33400,33400
2024-11-14,32500,32500
2024-11-15,32400,32400
2024-11-18,32600,32600
2024-11-19,31950,31950
2024-11-20,32400,32400
2024-11-21,33050,33050
2024-11-22,32650,32650
2024-11-25,32850,32850
2024-11-26,33200,33200
2024-11-27,33200,33200
2024-11-28,33150,33150
2024-11-29,33300,33300
2024-12-02,33100,33100
2024-12-03,32600,32600
2024-12-04,32400,32400
2024-12-05,33950,33950
2024-12-06,33800,33800
2024-12-09,34000,34000
2024-12-10,33500,33500
2024-12-11,33650,33650
2024-12-12,33800,33800
2024-12-13,34000,34000
2024-12-16,34100,34100
2024-12-17,34100,34100
2024-12-18,34200,34200
2024-12-19,33900,33900
2024-12-20,33850,33850
2024-12-23,34500,34500
2024-12-24,34700,34700
2024-12-25,36250,36250
2024-12-26,37100,37100
2024-12-27,37400,37400
2024-12-30,37850,37850
2024-12-31,36900,36900
2025-01-02,37000,37000
2025-01-03,36100,36100
2025-01-06,36250,36250
2025-01-07,36900,36900
2025-01-08,36700,36700
2025-01-09,36400,36400
2025-01-10,35200,35200
2025-01-13,35300,35300
2025-01-14,35400,35400
2025-01-15,35100,35100
2025-01-16,35450,35450
2025-01-17,35750,35750
2025-01-20,35950,35950
2025-01-21,36050,36050
2025-01-22,36350,36350
2025-01-23,37000,37000
2025-01-24,37000,37000
2025-02-04,37300,37300
2025-02-05,37250,37250
2025-02-06,37350,37350
2025-02-07,37450,37450
2025-02-10,38450,38450
2025-02-11,38500,38500
2025-02-12,38650,38650
2025-02-13,38800,38800
2025-02-14,38250,38250
2025-02-17,38300,38300
2025-02-18,38650,38650
2025-02-19,38750,38750
2025-02-20,38750,38750
2025-02-21,38850,38850
2025-02-24,39400,39400
2025-02-25,39250,39250
2025-02-26,38550,38550
2025-02-27,38300,38300
2025-02-28,38250,38250
2025-03-03,38850,38850
2025-03-04,39200,39200
2025-03-05,38800,38800
2025-03-06,39500,39500
2025-03-07,39750,39750
2025-03-10,40000,40000
2025-03-11,39900,39900
2025-03-12,39750,39750
2025-03-13,39000,39000
2025-03-14,38850,38850
2025-03-17,38850,38850
2025-03-18,38400,38400
2025-03-19,38400,38400
2025-03-20,38900,38900
2025-03-21,38650,38650
2025-03-24,38600,38600
2025-03-25,38650,38650
2025-03-26,38600,38600
2025-03-27,38250,38250
2025-03-28,38250,38250
2025-03-31,38300,38300
2025-04-01,39700,39700
2025-04-02,39250,39250
2025-04-03,36550,36550
2025-04-04,37400,37400
2025-04-08,34800,34800
2025-04-09,33100,33100
2025-04-10,35400,35400
2025-04-11,37850,37850
2025-04-14,37800,37800
2025-04-15,38450,38450
2025-04-16,38150,38150
2025-04-17,38300,38300
2025-04-18,38550,38550
2025-04-21,40450,40450
2025-04-22,40650,40650
2025-04-23,40200,40200
2025-04-24,40200,40200
2025-04-25,39150,39150
2025-04-28,39250,39250
2025-04-29,39100,39100
2025-05-05,39500,39500
2025-05-06,38850,38850
2025-05-07,38850,38850
2025-05-08,39500,39500
2025-05-09,39750,39750
2025-05-12,40000,40000
2025-05-13,40100,40100
2025-05-14,40000,40000
2025-05-15,40700,40700
2025-05-16,39800,39800
2025-05-19,39000,39000
2025-05-20,39500,39500
2025-05-21,41800,41800
2025-05-22,41100,41100
2025-05-23,41800,41800
2025-05-26,41550,41550
2025-05-27,41500,41500
2025-05-28,41050,41050
2025-05-29,41300,41300
2025-05-30,40700,40700
2025-06-02,41800,41800
2025-06-03,41600,41600
2025-06-04,41000,41000
2025-06-05,41350,41350
2025-06-06,41750,41750
2025-06-09,41950,41950
2025-06-10,42900,42900
2025-06-11,42850,42850
2025-06-12,45000,45000
2025-06-13,44900,44900
2025-06-16,45500,45500
2025-06-17,46000,46000
2025-06-18,47200,47200
2025-06-19,47150,47150
2025-06-20,46600,46600
2025-06-23,46450,46450
2025-06-24,46500,46500
2025-06-25,46800,46800
2025-06-26,46800,46800
2025-06-27,46350,46350
2025-06-30,46700,46700
2025-07-01,46950,46950
2025-07-02,47550,47550
2025-07-03,46650,46650
2025-07-04,47050,47050
2025-07-07,47550,47550
2025-07-08,47650,47650
2025-07-09,47800,47800
2025-07-10,47650,47650
2025-07-11,47650,47650
2025-07-14,47950,47950
2025-07-15,47700,47700
2025-07-16,47800,47800
2025-07-17,47700,47700
2025-07-18,50200,50200
2025-07-21,49500,49500
2025-07-22,49500,49500
2025-07-23,48700,48700
2025-07-24,49000,49000
2025-07-25,48800,48800
2025-07-28,49100,49100
2025-07-29,48000,48000
2025-07-30,49300,49300
2025-07-31,49950,49950
2025-08-01,49400,49400
2025-08-04,50000,50000
2025-08-05,51700,51700
2025-08-06,54100,54100
2025-08-07,54600,54600
2025-08-08,54000,54000
2025-08-11,53700,53700
2025-08-12,54000,54000
2025-08-13,53900,53900
2025-08-14,55400,55400
2025-08-15,53900,53900
2025-08-18,52800,52800
2025-08-19,53200,53200
2025-08-20,54100,54100
2025-08-21,57800,57800
2025-08-22,55500,55500
2025-08-25,53000,53000
2025-08-26,55000,55000
2025-08-27,55600,55600
2025-08-28,54800,54800
2025-08-29,55600,55600
2025-09-03,56300,56300
2025-09-04,56400,56400
2025-09-05,56000,56000
2025-09-08,54000,54000
2025-09-09,54200,54200
2025-09-10,53900,53900
2025-09-11,55400,55400
2025-09-12,55400,55400
2025-09-15,56000,56000
2025-09-16,56100,56100
2025-09-17,56200,56200
2025-09-18,57000,57000
2025-09-19,55200,55200
2025-09-22,54800,54800
2025-09-23,55400,55400
2025-09-24,57000,57000
2025-09-25,56900,56900
2025-09-26,56500,56500
2025-09-29,56600,56600
2025-09-30,56900,56900
2025-10-01,59800,59800
2025-10-02,58700,58700
2025-10-03,57000,57000
2025-10-06,59800,59800
2025-10-07,58500,58500
2025-10-08,59900,59900
2025-10-09,60000,60000
2025-10-10,60400,60400
2025-10-13,61000,61000
2025-10-14,60600,60600
2025-10-15,60000,60000
2025-10-16,59500,59500
2025-10-17,59000,59000
2025-10-20,54900,54900
2025-10-21,55600,55600
2025-10-22,55400,55400
2025-10-23,55600,55600
2025-10-24,54500,54500
2025-10-27,54600,54600
2025-10-28,56800,56800
2025-10-29,57200,57200
2025-10-30,56900,56900
2025-10-31,55500,55500
2025-11-03,52300,52300
2025-11-04,53900,53900
2025-11-05,53500,53500
2025-11-06,51900,51900
2025-11-07,48350,48350
2025-11-10,48500,48500
2025-11-11,49650,49650
2025-11-12,50600,50600
2025-11-13,48700,48700
2025-11-14,48050,48050
2025-11-17,48900,48900
2025-11-18,49500,49500
2025-11-19,49500,49500
2025-11-20,49500,49500
2025-11-21,51300,51300
2025-11-24,50000,50000
2025-11-25,50000,50000
2025-11-26,49950,49950
2025-11-27,49300,49300
2025-11-28,48600,48600
2025-12-01,49000,49000
2025-12-02,49400,49400
2025-12-03,49700,49700
2025-12-04,50200,50200
2025-12-05,49200,49200
2025-12-08,48700,48700
2025-12-09,48550,48550
2025-12-10,48600,48600
2025-12-11,47700,47700
2025-12-12,46000,46000
2025-12-15,46800,46800
2025-12-16,47050,47050
2025-12-17,47200,47200
2025-12-18,48000,48000
2025-12-19,49000,49000
2025-12-22,52400,52400
2025-12-23,56000,56000
2025-12-24,58700,58700
2025-12-25,55900,55900
2025-12-26,57500,57500
2025-12-29,59900,59900
2025-12-30,60000,60000
2025-12-31,58000,58000
2026-01-05,57900,57900
2026-01-06,56700,56700
2026-01-07,53400,53400
2026-01-08,53500,53500
2026-01-09,51800,51800
2026-01-12,53800,53800
2026-01-13,54100,54100
2026-01-14,54100,54100
2026-01-15,57800,57800
2026-01-16,58400,58400
2026-01-19,58300,58300
2026-01-20,58100,58100
2026-01-21,62100,62100
2026-01-22,63500,63500
2026-01-23,62600,62600
2026-01-26,62000,62000
2026-01-27,61900,61900
2026-01-28,63200,63200
2026-02-02,63500,63500
2026-02-03,63000,63000
2026-02-04,63800,63800
2026-02-05,62300,62300
2026-02-06,61500,61500
2026-02-09,60300,60300
2026-02-10,59500,59500
2026-02-11,61100,61100
2026-02-12,61100,61100
2026-02-13,62600,62600
2026-02-23,62900,62900
2026-02-24,63400,63400
2026-02-25,66700,66700
2026-02-26,67000,67000
2026-02-27,65500,65500
2026-03-02,67000,67000
2026-03-03,67800,67800
2026-03-04,66700,66700
2026-03-05,64900,64900
2026-03-06,63800,63800
2026-03-09,60800,60800
2026-03-10,65000,65000
2026-03-11,66300,66300
2026-03-12,65700,65700
2026-03-13,65800,65800
2026-03-16,66600,66600
2026-03-17,67600,67600
2026-03-18,63300,63300
2026-03-19,63400,63400
2026-03-20,63400,63400
2026-03-23,60000,60000
2026-03-24,60800,60800
2026-03-25,62200,62200
2026-03-26,60600,60600
2026-03-27,59900,59900
2026-03-30,61200,61200
2026-03-31,62200,62200
2026-04-01,62200,62200
2026-04-02,61100,61100
2026-04-03,60800,60800
2026-04-06,61200,61200
2026-04-07,61700,61700
2026-04-08,66000,66000
2026-04-09,66300,66300
2026-04-10,66900,66900
2026-04-13,67300,67300
2026-04-14,66100,66100
2026-04-15,64300,64300
2026-04-16,63800,63800
2026-04-17,64000,64000
2026-04-20,64200,64200
2026-04-21,67700,67700
2026-04-22,66500,66500
2026-04-23,65400,65400
2026-04-24,64900,64900
2026-04-28,68100,68100
2026-04-29,67500,67500
2026-05-04,66200,66200
2026-05-05,66600,66600
2026-05-06,68900,68900
2026-05-07,73700,73700
2026-05-08,73500,73500
2026-05-11,72200,72200
2026-05-12,76800,76800
2026-05-13,73500,73500
2026-05-14,73600,73600
2026-05-15,72900,72900
2026-05-18,72100,72100
2026-05-19,72300,72300
2026-05-20,71600,71600
2026-05-21,70800,70800
2026-05-22,71200,71200
2026-05-25,70000,70000
2026-05-26,69600,69600
2026-05-27,68300,68300
2026-05-28,68000,68000
2026-05-29,68000,68000
2026-06-01,67000,67000
2026-06-02,66600,66600
2026-06-03,66100,66100
2026-06-04,70400,70400
2026-06-05,69800,69800
2026-06-08,69800,69800
2026-06-09,72000,72000
2026-06-10,70600,70600
2026-06-11,71300,71300
2026-06-12,70900,70900
2026-06-15,71800,71800
2026-06-16,71300,71300
2026-06-17,72100,72100
2026-06-18,70900,70900
2026-06-19,72300,72300
2026-06-22,71200,71200
2026-06-23,71700,71700
2026-06-24,71200,71200
2026-06-25,72200,72200
2026-06-26,73700,73700
2026-06-29,74900,74900
2026-06-30,73800,73800
2026-07-01,73200,73200
2026-07-02,72600,72600
2026-07-03,72000,72000
2026-07-06,70800,70800
2026-07-07,70800,70800
2026-07-08,70900,70900
2026-07-09,71000,71000
2026-07-10,70100,70100
2026-07-13,68500,68500
2026-07-14,70400,70400
2026-07-15,69800,69800
2026-07-16,71800,71800
2026-07-17,73500,73500
2026-07-20,73000,73000
2026-07-21,72700,72700
2026-07-22,71000,71000
2026-07-23,72000,72000
2026-07-24,73500,73500
2026-07-27,72500,72500
2026-07-28,72500,72500
2026-07-29,71500,71500
2026-07-30,71600,71600
2026-07-31,71300,71300
2026-08-03,71500,71500
2026-08-04,74100,74100
2026-08-05,73200,73200
2026-08-06,72200,72200
2026-08-07,74600,74600
2026-08-10,74600,74600
2026-08-11,74300,74300
2026-08-12,74100,74100
2026-08-13,73100,73100
2026-08-14,72300,72300
2026-08-17,74200,74200
2026-08-18,75200,75200
2026-08-19,74800,74800
2026-08-20,74500,74500
2026-08-21,74700,74700
2026-08-24,74900,74900
2026-08-25,74200,74200
2026-08-26,74600,74600
2026-08-27,73500,73500
2026-08-28,75500,75500
2026-09-03,74500,74500
2026-09-04,77300,77300
2026-09-07,76600,76600
2026-09-08,76100,76100
2026-09-09,76700,76700
