date,adjusted_price,unadjusted_price
2007-12-17,3180,84500
2007-12-18,3230,85800
2007-12-19,3200,85000
2007-12-20,3200,85000
2007-12-21,3050,81000
2007-12-24,2950,78500
2007-12-25,2990,79500
2007-12-26,2970,79000
2007-12-27,2900,77200
2007-12-28,2930,78000
2008-01-02,2990,79500
2008-01-03,2840,75500
2008-01-04,2550,67900
2008-01-07,2410,64000
2008-01-08,2610,69500
2008-01-09,2410,64100
2008-01-10,2480,66000
2008-01-11,2520,67000
2008-01-14,2450,65000
2008-01-15,2260,60000
2008-01-16,2510,66700
2008-01-17,2540,67500
2008-01-18,2480,66000
2008-01-21,2460,65500
2008-01-22,2370,63000
2008-01-23,2300,61000
2008-01-24,2280,60500
2008-01-25,2390,63400
2008-01-28,2370,63000
2008-01-29,2480,65900
2008-01-30,2690,71500
2008-01-31,2670,71000
2008-02-01,2800,74500
2008-02-12,2630,70000
2008-02-13,2480,66000
2008-02-14,2460,65500
2008-02-15,2400,63700
2008-02-18,2300,61000
2008-02-19,2300,61000
2008-02-20,2060,54700
2008-02-21,1940,51600
2008-02-22,1920,51100
2008-02-25,1960,52200
2008-02-26,1920,51000
2008-02-27,1960,52000
2008-02-28,1960,52000
2008-02-29,1880,50000
2008-03-03,1700,45200
2008-03-04,1540,41000
2008-03-05,1490,39500
2008-03-06,1570,41600
2008-03-07,1720,45700
2008-03-10,1880,46700
2008-03-11,1810,44900
2008-03-12,1970,48800
2008-03-13,1970,48800
2008-03-14,1950,48500
2008-03-17,1760,43800
2008-03-18,1610,40000
2008-03-19,1610,40000
2008-03-20,1520,37800
2008-03-21,1450,36000
2008-03-24,1370,34000
2008-03-25,1240,30700
2008-03-26,1370,34000
2008-03-27,1340,33300
2008-03-28,1370,33900
2008-03-31,1390,34500
2008-04-01,1410,35100
2008-04-02,1440,35800
2008-04-03,1470,36500
2008-04-04,1500,37200
2008-04-07,1540,38300
2008-04-08,1590,39400
2008-04-09,1630,40000
2008-04-10,1580,38700
2008-04-11,1540,37700
2008-04-16,1490,36600
2008-04-17,1530,37600
2008-04-18,1450,35600
2008-04-21,1470,36000
2008-04-22,1440,35200
2008-04-23,1410,34600
2008-04-24,1400,34200
2008-04-25,1410,34500
2008-04-28,1440,35200
2008-04-29,1400,34300
2008-05-05,1410,34600
2008-05-06,1450,35600
2008-05-07,1370,33600
2008-05-08,1330,32600
2008-05-09,1290,31700
2008-05-12,1290,31700
2008-05-13,1260,30800
2008-05-14,1220,29900
2008-05-15,1190,29100
2008-05-16,1150,28300
2008-05-19,1130,27600
2008-05-20,1090,26800
2008-05-21,1060,26000
2008-05-22,1030,25300
2008-05-23,1000,24600
2008-05-26,970,23900
2008-05-27,950,23200
2008-05-28,950,23200
2008-05-29,930,22700
2008-05-30,890,21700
2008-06-02,890,21700
2008-06-03,860,21100
2008-06-04,840,20500
2008-06-05,810,19900
2008-06-06,790,19400
2008-06-09,770,18900
2008-06-10,790,19400
2008-06-11,780,19000
2008-06-12,800,19500
2008-06-13,820,20000
2008-06-16,840,20600
2008-06-17,860,21200
2008-06-18,840,20600
2008-06-19,830,20400
2008-06-20,830,20400
2008-06-23,840,20500
2008-06-24,870,21300
2008-06-25,900,22100
2008-06-26,930,22900
2008-06-27,970,23700
2008-06-30,1000,24600
2008-07-01,1040,25500
2008-07-02,1080,26500
2008-07-03,1120,27500
2008-07-04,1170,28600
2008-07-07,1210,29700
2008-07-08,1240,30500
2008-07-09,1290,31700
2008-07-10,1340,32900
2008-07-11,1400,34200
2008-07-14,1450,35500
2008-07-15,1510,36900
2008-07-16,1560,38300
2008-07-17,1620,39800
2008-07-18,1680,41300
2008-07-21,1620,39700
2008-07-22,1640,40200
2008-07-23,1700,41700
2008-07-24,1660,40800
2008-07-25,1710,41800
2008-07-28,1760,43100
2008-07-29,1830,44800
2008-07-30,1750,43000
2008-07-31,1690,41500
2008-08-01,1730,42400
2008-08-04,1630,40000
2008-08-05,1600,39200
2008-08-06,1660,40700
2008-08-07,1660,40700
2008-08-08,1600,39300
2008-08-11,1690,41400
2008-08-12,1750,43000
2008-08-13,1820,44700
2008-08-14,1880,46000
2008-08-15,1950,47800
2008-08-18,2080,51100
2008-08-19,2020,49500
2008-08-20,1860,45500
2008-08-21,2020,49400
2008-08-22,1920,47100
2008-08-25,2080,51100
2008-08-26,2230,54600
2008-08-27,2200,53900
2008-08-28,2120,51900
2008-08-29,2040,50000
2008-09-03,2110,51800
2008-09-04,1980,48500
2008-09-05,1890,46400
2008-09-08,1780,43700
2008-09-09,1790,44000
2008-09-10,1880,46000
2008-09-11,1710,41900
2008-09-12,1620,39700
2008-09-15,1740,42600
2008-09-16,1840,45200
2008-09-17,1710,42000
2008-09-18,1600,39300
2008-09-19,1720,42100
2008-09-22,1750,42800
2008-09-23,1750,43000
2008-09-24,1750,43000
2008-09-25,1880,46200
2008-09-26,1920,47000
2008-09-29,1860,45500
2008-09-30,1750,43000
2008-10-01,1780,43600
2008-10-02,1850,45400
2008-10-03,1790,44000
2008-10-06,1670,41000
2008-10-07,1560,38300
2008-10-08,1470,36100
2008-10-09,1550,38000
2008-10-10,1430,35100
2008-10-13,1470,36000
2008-10-14,1550,37900
2008-10-15,1580,38700
2008-10-16,1480,36200
2008-10-17,1510,37000
2008-10-20,1440,35200
2008-10-21,1490,36500
2008-10-22,1430,35000
2008-10-23,1310,32100
2008-10-24,1220,30000
2008-10-27,1140,27900
2008-10-28,1160,28400
2008-10-29,1170,28700
2008-10-30,1250,30600
2008-10-31,1250,30600
2008-11-03,1200,29500
2008-11-04,1300,31800
2008-11-05,1340,32900
2008-11-06,1330,32500
2008-11-07,1260,30800
2008-11-10,1320,32400
2008-11-11,1210,29600
2008-11-12,1180,29000
2008-11-13,1220,30000
2008-11-14,1270,31100
2008-11-17,1290,31700
2008-11-18,1280,31300
2008-11-19,1270,31200
2008-11-20,1220,29800
2008-11-21,1190,29200
2008-11-24,1190,29200
2008-11-25,1180,27000
2008-11-26,1130,25800
2008-11-27,1060,24300
2008-11-28,1150,26300
2008-12-01,1160,26600
2008-12-02,1150,26200
2008-12-03,1150,26200
2008-12-04,1220,27800
2008-12-05,1130,25900
2008-12-08,1070,24500
2008-12-09,1150,26300
2008-12-10,1150,26200
2008-12-11,1180,26900
2008-12-12,1220,27800
2008-12-15,1240,28400
2008-12-16,1160,26500
2008-12-17,1180,26900
2008-12-18,1150,26200
2008-12-19,1160,26400
2008-12-22,1160,26500
2008-12-23,1150,26200
2008-12-24,1160,26500
2008-12-25,1160,26600
2008-12-26,1160,26500
2008-12-29,1160,26500
2008-12-30,1160,26500
2008-12-31,1140,26000
2009-01-02,1150,26200
2009-01-05,1140,26100
2009-01-06,1170,26700
2009-01-07,1200,27400
2009-01-08,1250,28600
2009-01-09,1300,29600
2009-01-12,1270,29100
2009-01-13,1230,28000
2009-01-14,1250,28500
2009-01-15,1230,28200
2009-01-16,1230,28200
2009-01-19,1240,28400
2009-01-20,1200,27500
2009-01-21,1180,27000
2009-01-22,1240,28300
2009-01-23,1200,27500
2009-02-02,1160,26500
2009-02-03,1120,25500
2009-02-04,1160,26500
2009-02-05,1090,24900
2009-02-06,1130,25800
2009-02-09,1130,25900
2009-02-10,1110,25400
2009-02-11,1060,24200
2009-02-12,1060,24200
2009-02-13,1040,23700
2009-02-16,1090,25000
2009-02-17,1000,22800
2009-02-18,940,21500
2009-02-19,950,21600
2009-02-20,960,22000
2009-02-23,920,21100
2009-02-24,900,20600
2009-02-25,970,22200
2009-02-26,960,21900
2009-02-27,990,22500
2009-03-02,990,22600
2009-03-03,940,21400
2009-03-04,940,21500
2009-03-05,980,22300
2009-03-06,980,22300
2009-03-09,980,22400
2009-03-10,1020,23300
2009-03-11,1080,24600
2009-03-12,1100,25200
2009-03-13,1100,25200
2009-03-16,1130,25800
2009-03-17,1210,27600
2009-03-18,1270,28900
2009-03-19,1180,27000
2009-03-20,1230,28100
2009-03-23,1200,27500
2009-03-24,1270,29100
2009-03-25,1250,28500
2009-03-26,1350,30900
2009-03-27,1290,29500
2009-03-30,1290,29500
2009-03-31,1300,29600
2009-04-01,1300,29800
2009-04-02,1290,29500
2009-04-03,1330,30400
2009-04-07,1390,31700
2009-04-08,1400,32000
2009-04-09,1470,33500
2009-04-10,1540,35200
2009-04-13,1650,37600
2009-04-14,1760,40200
2009-04-15,1710,39000
2009-04-16,1620,37100
2009-04-17,1540,35200
2009-04-20,1450,33200
2009-04-21,1420,32500
2009-04-22,1480,33800
2009-04-23,1480,33900
2009-04-24,1380,31500
2009-04-27,1350,30800
2009-04-28,1370,31300
2009-04-29,1420,32500
2009-05-04,1500,34300
2009-05-05,1560,35600
2009-05-06,1480,33900
2009-05-07,1580,36000
2009-05-08,1560,35700
2009-05-11,1550,35500
2009-05-12,1650,37600
2009-05-13,1620,37000
2009-05-14,1600,36500
2009-05-15,1690,33300
2009-05-18,1630,32200
2009-05-19,1760,34600
2009-05-20,1850,36400
2009-05-21,1900,37400
2009-05-22,1830,36000
2009-05-25,1850,36400
2009-05-26,1820,35900
2009-05-27,1760,34600
2009-05-28,1730,34000
2009-05-29,1740,34300
2009-06-01,1780,35000
2009-06-02,1860,36600
2009-06-03,1970,38800
2009-06-04,2030,40000
2009-06-05,2170,42800
2009-06-08,2320,45700
2009-06-09,2410,47500
2009-06-10,2240,44100
2009-06-11,2380,47000
2009-06-12,2470,48700
2009-06-15,2470,48700
2009-06-16,2430,47900
2009-06-17,2470,48700
2009-06-18,2590,51000
2009-06-19,2490,49100
2009-06-22,2390,47100
2009-06-23,2280,45000
2009-06-24,2300,45400
2009-06-25,2410,47400
2009-06-26,2380,47000
2009-06-29,2380,47000
2009-06-30,2410,47400
2009-07-01,2380,47000
2009-07-02,2410,47500
2009-07-03,2410,47500
2009-07-06,2460,48400
2009-07-07,2440,48000
2009-07-08,2350,46400
2009-07-09,2360,46500
2009-07-10,2300,45400
2009-07-13,2210,43500
2009-07-14,2200,43300
2009-07-15,2230,44000
2009-07-16,2280,45000
2009-07-17,2230,44000
2009-07-20,2230,44000
2009-07-21,2280,45000
2009-07-22,2260,44500
2009-07-23,2360,46500
2009-07-24,2460,48400
2009-07-27,2460,48400
2009-07-28,2380,47000
2009-07-29,2280,45000
2009-07-30,2260,44500
2009-07-31,2410,47500
2009-08-03,2330,46000
2009-08-04,2330,46000
2009-08-05,2440,48000
2009-08-06,2370,46700
2009-08-07,2360,46500
2009-08-10,2380,47000
2009-08-11,2380,47000
2009-08-12,2490,49000
2009-08-13,2490,49000
2009-08-14,2490,49000
2009-08-17,2540,50000
2009-08-18,2540,50100
2009-08-19,2560,50500
2009-08-20,2610,51500
2009-08-21,2640,52000
2009-08-24,2790,55000
2009-08-25,2830,55700
2009-08-26,2820,55500
2009-08-27,2830,55800
2009-08-28,2830,55800
2009-08-31,2940,58000
2009-09-01,3150,62100
2009-09-03,2920,57500
2009-09-04,2790,55000
2009-09-07,2820,55500
2009-09-08,2940,58000
2009-09-09,2960,58400
2009-09-10,3040,60000
2009-09-11,3150,62000
2009-09-14,3170,62500
2009-09-15,3000,59100
2009-09-16,2870,56500
2009-09-17,3020,59500
2009-09-18,3020,59500
2009-09-21,2920,57600
2009-09-22,2990,59000
2009-09-23,2940,58000
2009-09-24,3030,59800
2009-09-25,3030,59800
2009-09-28,3040,60000
2009-09-29,2970,58500
2009-09-30,2810,55400
2009-10-01,2840,56000
2009-10-02,2660,52500
2009-10-05,2600,51200
2009-10-06,2690,53000
2009-10-07,2890,57000
2009-10-08,2890,57000
2009-10-09,2940,58000
2009-10-12,2950,58200
2009-10-13,3090,60900
2009-10-14,3100,61000
2009-10-15,3090,60800
2009-10-16,3040,60000
2009-10-19,3000,59200
2009-10-20,3150,62000
2009-10-21,3070,60500
2009-10-22,3120,61500
2009-10-23,3230,63600
2009-10-26,3350,66000
2009-10-27,3150,62000
2009-10-28,3100,61000
2009-10-29,2970,58500
2009-10-30,3070,60500
2009-11-02,2800,55100
2009-11-03,2610,51500
2009-11-04,2640,52000
2009-11-05,2890,56900
2009-11-06,2890,57000
2009-11-09,2740,54000
2009-11-10,2770,54500
2009-11-11,2840,56000
2009-11-12,2790,55000
2009-11-13,2770,54500
2009-11-16,2800,55100
2009-11-17,2810,55300
2009-11-18,2830,55700
2009-11-19,2820,55500
2009-11-20,2820,55500
2009-11-23,2650,52200
2009-11-24,2650,52200
2009-11-25,2470,48700
2009-11-26,2410,47500
2009-11-27,2500,49300
2009-11-30,2620,51700
2009-12-01,2740,54000
2009-12-02,2740,54000
2009-12-03,2700,53200
2009-12-04,2700,53300
2009-12-07,2780,54800
2009-12-08,2840,55900
2009-12-09,2770,54500
2009-12-10,2760,54300
2009-12-11,2560,50400
2009-12-14,2740,53900
2009-12-15,2840,56000
2009-12-16,2870,56600
2009-12-17,2790,55000
2009-12-18,2890,56900
2009-12-21,3040,60000
2009-12-22,3040,60000
2009-12-23,3040,60000
2009-12-24,3040,59900
2009-12-25,3030,59800
2009-12-28,2920,57500
2009-12-29,3160,62300
2009-12-30,3040,60000
2009-12-31,2940,58000
2010-01-04,3040,60000
2010-01-05,3020,59500
2010-01-06,3060,60300
2010-01-07,3060,60300
2010-01-08,3040,60000
2010-01-11,2990,59000
2010-01-12,3020,59600
2010-01-13,2990,59000
2010-01-14,3120,61500
2010-01-15,2990,57000
2010-01-18,3100,59000
2010-01-19,3150,60000
2010-01-20,3090,58900
2010-01-21,2850,54300
2010-01-22,3040,58000
2010-01-25,3040,58000
2010-01-26,3100,59000
2010-01-27,3080,58700
2010-01-28,3060,58300
2010-01-29,3140,59800
2010-02-01,3070,58500
2010-02-02,2890,55000
2010-02-03,3040,58000
2010-02-04,2940,56000
2010-02-05,3040,58000
2010-02-08,3200,61000
2010-02-09,3020,57500
2010-02-10,3360,64000
2010-02-11,3080,58700
2010-02-12,3080,58700
2010-02-22,3150,60000
2010-02-23,3120,59500
2010-02-24,3060,58200
2010-02-25,3120,59400
2010-02-26,3040,58000
2010-03-01,3140,59800
2010-03-02,3070,58500
2010-03-03,3040,57900
2010-03-04,3030,57700
2010-03-05,3020,57600
2010-03-08,2970,56500
2010-03-09,2920,55600
2010-03-10,2980,56700
2010-03-11,3020,57500
2010-03-12,3010,57300
2010-03-15,3040,58000
2010-03-16,2940,56000
2010-03-17,2990,57000
2010-03-18,2830,54000
2010-03-19,2940,56000
2010-03-22,2780,53000
2010-03-23,2780,53000
2010-03-24,2800,53300
2010-03-25,2780,53000
2010-03-26,2770,52800
2010-03-29,2720,51900
2010-03-30,2720,51800
2010-03-31,2730,52000
2010-04-01,2830,54000
2010-04-02,2940,56000
2010-04-05,2990,56900
2010-04-06,2890,55000
2010-04-07,2920,55600
2010-04-08,2940,56000
2010-04-09,2810,53500
2010-04-12,2890,55000
2010-04-13,2790,53200
2010-04-14,2820,53700
2010-04-15,2880,54900
2010-04-16,2930,55800
2010-04-19,2820,53800
2010-04-20,2810,53600
2010-04-21,2890,55000
2010-04-22,3020,57500
2010-04-26,2960,56400
2010-04-27,2790,53100
2010-04-28,2860,54500
2010-04-29,2970,56500
2010-05-04,2910,55500
2010-05-05,2910,55400
2010-05-06,2940,56000
2010-05-07,2930,55800
2010-05-10,2890,55000
2010-05-11,2730,52000
2010-05-12,2680,51000
2010-05-13,2760,52500
2010-05-14,2620,50000
2010-05-17,2620,50000
2010-05-18,2530,48100
2010-05-19,2450,46600
2010-05-20,2300,43900
2010-05-21,2250,42800
2010-05-24,2340,44500
2010-05-25,2410,45900
2010-05-26,2490,47400
2010-05-27,2590,49400
2010-05-28,2650,50500
2010-05-31,2570,49000
2010-06-01,2630,50100
2010-06-02,2650,50500
2010-06-03,2550,48500
2010-06-04,2560,48700
2010-06-07,2390,45600
2010-06-08,2520,48000
2010-06-09,2410,46000
2010-06-10,2360,45000
2010-06-11,2470,47000
2010-06-14,2620,50000
2010-06-15,2680,51000
2010-06-16,2580,49100
2010-06-17,2580,49100
2010-06-18,2410,46000
2010-06-21,2390,45500
2010-06-22,2560,48700
2010-06-23,2550,48500
2010-06-24,2470,47000
2010-06-25,2440,46500
2010-06-28,2470,47000
2010-06-29,2490,47500
2010-06-30,2490,47500
2010-07-01,2490,47500
2010-07-02,2470,47000
2010-07-05,2470,47000
2010-07-06,2490,47400
2010-07-07,2190,41800
2010-07-08,2150,41000
2010-07-09,2160,41100
2010-07-12,2270,43300
2010-07-13,2360,45000
2010-07-14,2360,45000
2010-07-15,2390,45500
2010-07-16,2390,45600
2010-07-19,2340,44500
2010-07-20,2470,47000
2010-07-21,2290,43600
2010-07-22,2410,46000
2010-07-23,2460,46900
2010-07-26,2510,47900
2010-07-27,2330,44300
2010-07-28,2360,45000
2010-07-29,2380,45300
2010-07-30,2340,44500
2010-08-02,2320,44200
2010-08-03,2270,43200
2010-08-04,2300,43800
2010-08-05,2410,45900
2010-08-06,2310,44000
2010-08-09,2150,41000
2010-08-10,2200,42000
2010-08-11,2220,42200
2010-08-12,2250,42800
2010-08-13,2180,41500
2010-08-16,2310,44000
2010-08-17,2440,46400
2010-08-18,2410,46000
2010-08-19,2530,48100
2010-08-20,2410,46000
2010-08-23,2360,45000
2010-08-24,2200,42000
2010-08-25,2100,40000
2010-08-26,2200,42000
2010-08-27,2200,42000
2010-08-30,2360,45000
2010-08-31,2260,43000
2010-09-01,2220,42200
2010-09-06,2230,42500
2010-09-07,2300,43900
2010-09-08,2230,42500
2010-09-09,2200,42000
2010-09-10,2220,42300
2010-09-13,2360,45000
2010-09-14,2260,43000
2010-09-15,2200,42000
2010-09-16,2200,42000
2010-09-17,2310,44000
2010-09-20,2460,46800
2010-09-21,2440,46500
2010-09-22,2440,46400
2010-09-23,2430,46200
2010-09-24,2470,47000
2010-09-27,2520,48000
2010-09-28,2520,48000
2010-09-29,2600,49500
2010-09-30,2370,45100
2010-10-01,2620,50000
2010-10-04,2470,47000
2010-10-05,2570,49000
2010-10-06,2620,49900
2010-10-07,2430,44900
2010-10-08,2330,43000
2010-10-11,2330,43000
2010-10-12,2340,43300
2010-10-13,2440,45000
2010-10-14,2440,45000
2010-10-15,2440,45000
2010-10-18,2460,45400
2010-10-19,2490,46000
2010-10-20,2470,45600
2010-10-21,2520,46500
2010-10-22,2360,43500
2010-10-25,2390,44100
2010-10-26,2360,43500
2010-10-27,2380,44000
2010-10-28,2440,45000
2010-10-29,2440,45000
2010-11-01,2480,45900
2010-11-02,2480,45900
2010-11-03,2490,46000
2010-11-04,2650,49000
2010-11-05,2840,52400
2010-11-08,2790,51600
2010-11-09,2600,48000
2010-11-10,2420,44700
2010-11-11,2270,42000
2010-11-12,2120,39100
2010-11-15,1980,36500
2010-11-16,1910,35200
2010-11-17,2040,37600
2010-11-18,1890,35000
2010-11-19,1780,32800
2010-11-22,1810,33500
2010-11-23,1690,31200
2010-11-24,1820,33700
2010-11-25,1890,35000
2010-11-26,1890,35000
2010-11-29,1810,33500
2010-11-30,1980,36600
2010-12-01,1820,33700
2010-12-02,1820,33600
2010-12-03,1890,34900
2010-12-06,1920,35500
2010-12-07,1890,35000
2010-12-08,1950,36000
2010-12-09,1980,36500
2010-12-10,1920,35500
2010-12-13,1960,36200
2010-12-14,1890,35000
2010-12-15,1810,33500
2010-12-16,1930,35600
2010-12-17,1810,33500
2010-12-20,1820,33700
2010-12-21,1930,35600
2010-12-22,1950,36000
2010-12-23,1940,35800
2010-12-24,1810,33500
2010-12-27,1820,33600
2010-12-28,1870,34500
2010-12-29,1760,32500
2010-12-30,1950,36000
2010-12-31,1790,33100
2011-01-04,1940,35900
2011-01-05,1940,35800
2011-01-06,1930,35600
2011-01-07,1840,34000
2011-01-10,1840,33900
2011-01-11,1760,32500
2011-01-12,1870,34600
2011-01-13,1990,36800
2011-01-14,1990,36700
2011-01-17,2050,37900
2011-01-18,1910,35200
2011-01-19,1860,34400
2011-01-20,1980,36500
2011-01-21,1990,36800
2011-01-24,1860,34300
2011-01-25,1920,35400
2011-01-26,1950,36000
2011-01-27,1950,36000
2011-01-28,1950,36100
2011-02-08,2110,39000
2011-02-09,1990,36800
2011-02-10,1940,35800
2011-02-11,1920,35400
2011-02-14,1790,33100
2011-02-15,1920,35400
2011-02-16,1950,36000
2011-02-17,1970,36400
2011-02-18,1970,36400
2011-02-21,1950,36000
2011-02-22,1970,36400
2011-02-23,1980,36500
2011-02-24,1950,36000
2011-02-25,2060,38000
2011-02-28,1920,35400
2011-03-01,1940,35800
2011-03-02,1800,33300
2011-03-03,1790,33000
2011-03-04,1650,30500
2011-03-07,1780,32800
2011-03-08,1810,33500
2011-03-09,1700,31400
2011-03-10,1620,30000
2011-03-11,1680,31000
2011-03-14,1760,32600
2011-03-15,1650,28600
2011-03-16,1750,30300
2011-03-17,1840,31800
2011-03-18,1840,31800
2011-03-21,1710,29600
2011-03-22,1600,27700
2011-03-23,1700,29400
2011-03-24,1720,29700
2011-03-25,1720,29700
2011-03-28,1600,27700
2011-03-29,1650,28500
2011-03-30,1750,30200
2011-03-31,1860,32200
2011-04-01,1830,31700
2011-04-04,1720,29800
2011-04-05,1740,30100
2011-04-06,1850,31900
2011-04-07,1850,31900
2011-04-08,1720,29700
2011-04-13,1720,29700
2011-04-14,1600,27700
2011-04-15,1710,29600
2011-04-18,1710,29600
2011-04-19,1710,29600
2011-04-20,1600,27600
2011-04-21,1600,27600
2011-04-22,1600,27600
2011-04-25,1600,27600
2011-04-26,1600,27600
2011-04-27,1600,27600
2011-04-28,1600,27600
2011-04-29,1600,27600
2011-05-04,1600,27600
2011-05-05,1600,27600
2011-05-06,1600,27600
2011-05-09,1600,27600
2011-05-10,1600,27600
2011-05-11,1600,27600
2011-05-12,1590,27500
2011-05-13,1630,28200
2011-05-16,1590,27500
2011-05-17,1690,29200
2011-05-18,1750,30200
2011-05-19,1780,30800
2011-05-20,1660,28700
2011-05-23,1560,27000
2011-05-24,1560,26900
2011-05-25,1450,25100
2011-05-26,1390,24000
2011-05-27,1390,24000
2011-05-30,1390,24000
2011-05-31,1350,23400
2011-06-01,1350,23400
2011-06-02,1440,24900
2011-06-03,1360,23500
2011-06-06,1480,25500
2011-06-07,1560,27000
2011-06-08,1670,28800
2011-06-09,1740,30000
2011-06-10,1620,28000
2011-06-13,1690,29200
2011-06-14,1720,29700
2011-06-15,1750,30200
2011-06-16,1730,29900
2011-06-17,1680,29100
2011-06-20,1740,30000
2011-06-21,1620,28000
2011-06-22,1740,30000
2011-06-23,1800,31100
2011-06-24,1670,28900
2011-06-27,1810,31300
2011-06-28,1910,33000
2011-06-29,1960,33800
2011-06-30,2030,35000
2011-07-01,1860,32100
2011-07-04,1730,29900
2011-07-05,1890,32600
2011-07-06,1760,30400
2011-07-07,1790,31000
2011-07-08,1620,28000
2011-07-11,1570,27100
2011-07-12,1480,25500
2011-07-13,1420,24500
2011-07-14,1350,23400
2011-07-15,1450,25000
2011-07-18,1410,24300
2011-07-19,1300,22500
2011-07-20,1260,21700
2011-07-21,1410,24300
2011-07-22,1420,24600
2011-07-25,1350,23400
2011-07-26,1280,22100
2011-07-27,1380,23800
2011-07-28,1280,22100
2011-07-29,1360,23500
2011-08-01,1270,22000
2011-08-02,1190,20500
2011-08-03,1270,21900
2011-08-04,1110,19100
2011-08-05,1060,18400
2011-08-08,1070,18500
2011-08-09,1080,18600
2011-08-10,1080,18700
2011-08-11,1080,18600
2011-08-12,1080,18600
2011-08-15,1080,18600
2011-08-16,1130,19500
2011-08-17,1200,20800
2011-08-18,1280,22100
2011-08-19,1370,23600
2011-08-22,1240,21400
2011-08-23,1250,21600
2011-08-24,1180,20400
2011-08-25,1280,22200
2011-08-26,1190,20600
2011-08-29,1240,21500
2011-08-30,1320,22800
2011-08-31,1410,24300
2011-09-01,1390,24000
2011-09-05,1340,23100
2011-09-06,1440,24900
2011-09-07,1450,25000
2011-09-08,1450,25000
2011-09-09,1440,24900
2011-09-12,1450,25000
2011-09-13,1440,24900
2011-09-14,1440,24900
2011-09-15,1440,24800
2011-09-16,1440,24800
2011-09-19,1440,24900
2011-09-20,1340,23100
2011-09-21,1390,24000
2011-09-22,1410,24300
2011-09-23,1440,24800
2011-09-26,1300,22500
2011-09-27,1380,23900
2011-09-28,1330,23000
2011-09-29,1390,24000
2011-09-30,1380,23900
2011-10-03,1380,23900
2011-10-04,1380,23800
2011-10-05,1330,23000
2011-10-06,1360,23500
2011-10-07,1370,23600
2011-10-10,1330,23000
2011-10-11,1250,21600
2011-10-12,1290,22300
2011-10-13,1300,22500
2011-10-14,1200,20800
2011-10-17,1230,21200
2011-10-18,1160,20100
2011-10-19,1160,20100
2011-10-20,1100,19000
2011-10-21,1160,20000
2011-10-24,1170,20200
2011-10-25,1170,20200
2011-10-26,1130,19500
2011-10-27,1170,20300
2011-10-28,1190,20600
2011-10-31,1220,21000
2011-11-01,1130,19600
2011-11-02,1140,19700
2011-11-03,1140,19700
2011-11-04,1190,20600
2011-11-07,1190,20600
2011-11-08,1110,19200
2011-11-09,1060,18300
2011-11-10,1060,18300
2011-11-11,1010,17500
2011-11-14,1080,18600
2011-11-15,1040,18000
2011-11-16,1040,18000
2011-11-17,1010,17400
2011-11-18,1010,17400
2011-11-21,1010,17400
2011-11-22,1010,17400
2011-11-23,1010,17400
2011-11-24,1080,18600
2011-11-25,1140,19700
2011-11-28,1080,18600
2011-11-29,1020,17700
2011-11-30,1090,18800
2011-12-01,1100,19000
2011-12-02,1160,11800
2011-12-05,1140,11500
2011-12-06,1120,11300
2011-12-07,1180,12000
2011-12-08,1180,12000
2011-12-09,1180,12000
2011-12-12,1140,11500
2011-12-13,1090,11000
2011-12-14,1070,10800
2011-12-15,1020,10300
2011-12-16,1020,10300
2011-12-19,1110,11200
2011-12-20,1150,11600
2011-12-21,1150,11700
2011-12-22,1180,12000
2011-12-23,1090,11000
2011-12-26,1030,10400
2011-12-27,1010,10200
2011-12-28,1010,10200
2011-12-29,990,10000
2011-12-30,1060,10700
2012-01-03,1130,11400
2012-01-04,1130,11400
2012-01-05,1130,11400
2012-01-06,1150,11600
2012-01-09,1150,11600
2012-01-10,1150,11700
2012-01-11,1150,11700
2012-01-12,1150,11700
2012-01-13,1150,11700
2012-01-16,1150,11700
2012-01-17,1150,11700
2012-01-18,1150,11700
2012-01-19,1230,12500
2012-01-20,1230,12500
2012-01-30,1290,13100
2012-01-31,1290,13100
2012-02-01,1290,13100
2012-02-02,1330,13500
2012-02-03,1240,12600
2012-02-06,1180,12000
2012-02-07,1120,11300
2012-02-08,1220,12400
2012-02-09,1140,11500
2012-02-10,1120,11300
2012-02-13,1070,10800
2012-02-14,1050,10600
2012-02-15,1050,10600
2012-02-16,1040,10500
2012-02-17,1060,10700
2012-02-20,1120,11300
2012-02-21,1180,12000
2012-02-22,1260,12800
2012-02-23,1300,13200
2012-02-24,1300,13200
2012-02-27,1320,13400
2012-02-28,1280,11000
2012-02-29,1360,11700
2012-03-01,1430,12300
2012-03-02,1520,13100
2012-03-05,1630,14000
2012-03-06,1620,13900
2012-03-07,1550,13300
2012-03-08,1480,12700
2012-03-09,1500,12900
2012-03-12,1480,12700
2012-03-13,1470,12600
2012-03-14,1500,12900
2012-03-15,1570,13500
2012-03-16,1610,13800
2012-03-19,1580,13600
2012-03-20,1610,13800
2012-03-21,1700,14600
2012-03-22,1690,14500
2012-03-23,1740,15000
2012-03-26,1700,14600
2012-03-27,1580,13600
2012-03-28,1650,14200
2012-03-29,1570,13500
2012-03-30,1570,13500
2012-04-03,1580,13600
2012-04-04,1560,13400
2012-04-05,1560,13400
2012-04-06,1560,13400
2012-04-09,1560,13400
2012-04-10,1560,13400
2012-04-11,1570,13500
2012-04-12,1570,13500
2012-04-13,1560,13400
2012-04-16,1590,13700
2012-04-17,1570,13500
2012-04-18,1570,13500
2012-04-19,1540,13200
2012-04-20,1540,13200
2012-04-23,1610,13800
2012-04-24,1580,13600
2012-04-25,1590,13700
2012-04-26,1570,13500
2012-04-27,1580,13600
2012-05-02,1560,13400
2012-05-03,1570,13500
2012-05-04,1560,13400
2012-05-07,1590,13700
2012-05-08,1570,13500
2012-05-09,1680,14400
2012-05-10,1790,15400
2012-05-11,1810,15600
2012-05-14,1710,14700
2012-05-15,1590,13700
2012-05-16,1510,13000
2012-05-17,1440,12400
2012-05-18,1510,13000
2012-05-21,1580,13600
2012-05-22,1570,13500
2012-05-23,1440,12400
2012-05-24,1480,12700
2012-05-25,1540,13200
2012-05-28,1520,13100
2012-05-29,1500,12900
2012-05-30,1510,13000
2012-05-31,1470,12600
2012-06-01,1520,13100
2012-06-04,1490,12800
2012-06-05,1500,12900
2012-06-06,1510,13000
2012-06-07,1500,12900
2012-06-08,1540,13200
2012-06-11,1490,12800
2012-06-12,1480,12700
2012-06-13,1480,12700
2012-06-14,1490,12800
2012-06-15,1470,12600
2012-06-18,1490,12800
2012-06-19,1470,12600
2012-06-20,1470,12600
2012-06-21,1450,12500
2012-06-22,1470,12600
2012-06-25,1420,12200
2012-06-26,1420,12200
2012-06-27,1430,12300
2012-06-28,1430,12300
2012-06-29,1510,13000
2012-07-02,1420,12200
2012-07-03,1360,11700
2012-07-04,1370,11800
2012-07-05,1400,12000
2012-07-06,1380,11900
2012-07-09,1370,11800
2012-07-10,1370,11800
2012-07-11,1370,11800
2012-07-12,1430,12300
2012-07-13,1380,11900
2012-07-16,1400,12000
2012-07-17,1400,12000
2012-07-18,1400,12000
2012-07-19,1410,12100
2012-07-20,1410,12100
2012-07-23,1410,12100
2012-07-24,1410,12100
2012-07-25,1410,12100
2012-07-26,1380,11900
2012-07-27,1300,11200
2012-07-30,1290,11100
2012-07-31,1280,11000
2012-08-01,1280,11000
2012-08-02,1330,11400
2012-08-03,1330,11400
2012-08-06,1340,11500
2012-08-07,1310,11300
2012-08-08,1340,11500
2012-08-09,1360,11700
2012-08-10,1330,11400
2012-08-13,1350,11600
2012-08-14,1340,11500
2012-08-15,1350,11600
2012-08-16,1340,11500
2012-08-17,1330,11400
2012-08-20,1350,11600
2012-08-21,1260,10800
2012-08-22,1180,10100
2012-08-23,1090,9400
2012-08-24,1160,10000
2012-08-27,1200,10300
2012-08-28,1200,10300
2012-08-29,1280,11000
2012-08-30,1340,11500
2012-08-31,1340,11500
2012-09-04,1340,11500
2012-09-05,1280,11000
2012-09-06,1270,10900
2012-09-07,1190,10200
2012-09-10,1110,9500
2012-09-11,1160,10000
2012-09-12,1080,9300
2012-09-13,1120,9600
2012-09-14,1130,9700
2012-09-17,1120,9600
2012-09-18,1120,9600
2012-09-19,1120,9600
2012-09-20,1090,9400
2012-09-21,1090,9400
2012-09-24,1020,8800
2012-09-25,1090,9400
2012-09-26,1050,9000
2012-09-27,1070,9200
2012-09-28,1040,8900
2012-10-01,1050,9000
2012-10-02,1050,9000
2012-10-03,1070,9200
2012-10-04,1070,9200
2012-10-05,1060,9100
2012-10-08,1060,9100
2012-10-09,1050,9000
2012-10-10,1060,9100
2012-10-11,1060,9100
2012-10-12,1080,9300
2012-10-15,1080,9300
2012-10-16,1090,9400
2012-10-17,1120,9600
2012-10-18,1090,9400
2012-10-19,1090,9400
2012-10-22,1090,9400
2012-10-23,1090,9400
2012-10-24,1070,9200
2012-10-25,1050,9000
2012-10-26,1070,9200
2012-10-29,1070,9200
2012-10-30,1070,9200
2012-10-31,1070,9200
2012-11-01,1060,9100
2012-11-02,1020,8800
2012-11-05,1020,8800
2012-11-06,980,8400
2012-11-07,1000,8600
2012-11-08,1000,8600
2012-11-09,1010,8700
2012-11-12,1070,9200
2012-11-13,1070,9200
2012-11-14,1080,9300
2012-11-15,1140,9800
2012-11-16,1150,9900
2012-11-19,1180,10100
2012-11-20,1130,9700
2012-11-21,1140,9800
2012-11-22,1190,10200
2012-11-23,1150,9900
2012-11-26,1110,9500
2012-11-27,1040,8900
2012-11-28,1040,8900
2012-11-29,1050,9000
2012-11-30,1050,9000
2012-12-03,1050,9000
2012-12-04,1050,9000
2012-12-05,1060,9100
2012-12-06,1050,9000
2012-12-07,1050,9000
2012-12-10,1080,9300
2012-12-11,1080,9300
2012-12-12,1150,9900
2012-12-13,1120,9600
2012-12-14,1130,9700
2012-12-17,1190,10200
2012-12-18,1180,10100
2012-12-19,1160,10000
2012-12-20,1160,10000
2012-12-21,1150,9900
2012-12-24,1190,10200
2012-12-25,1190,10200
2012-12-26,1190,10200
2012-12-27,1190,10200
2012-12-28,1200,10300
2013-01-02,1230,10600
2013-01-03,1210,10400
2013-01-04,1190,10200
2013-01-07,1200,10300
2013-01-08,1150,9900
2013-01-09,1150,9900
2013-01-10,1150,9900
2013-01-11,1150,9900
2013-01-14,1150,9900
2013-01-15,1160,10000
2013-01-16,1180,10100
2013-01-17,1160,10000
2013-01-18,1110,9500
2013-01-21,1090,9400
2013-01-22,1080,9300
2013-01-23,1080,9300
2013-01-24,1080,9300
2013-01-25,1130,9700
2013-01-28,1120,9600
2013-01-29,1120,9600
2013-01-30,1080,9300
2013-01-31,1130,9700
2013-02-01,1050,9000
2013-02-04,1090,9400
2013-02-05,1080,9300
2013-02-06,1080,9300
2013-02-07,1120,9600
2013-02-08,1150,9900
2013-02-18,1090,9400
2013-02-19,1090,9400
2013-02-20,1080,9300
2013-02-21,1090,9400
2013-02-22,1090,9400
2013-02-25,1090,9400
2013-02-26,1090,9400
2013-02-27,1070,9200
2013-02-28,1080,9300
2013-03-01,1060,9100
2013-03-04,1060,9100
2013-03-05,1020,8800
2013-03-06,1020,8800
2013-03-07,1070,9200
2013-03-08,1110,9500
2013-03-11,1110,9500
2013-03-12,1110,9500
2013-03-13,1110,9500
2013-03-14,1110,9500
2013-03-15,1020,8800
2013-03-18,1020,8800
2013-03-19,1020,8800
2013-03-20,1020,8800
2013-03-21,1020,8800
2013-03-22,1020,8800
2013-03-25,1020,8800
2013-03-26,1020,8800
2013-03-27,1020,8800
2013-03-28,1010,8700
2013-03-29,1050,9000
2013-04-01,1070,9200
2013-04-02,1070,9200
2013-04-03,1070,9200
2013-04-04,1070,9200
2013-04-05,1010,8700
2013-04-08,1070,9200
2013-04-09,1070,9200
2013-04-10,1180,10100
2013-04-11,1060,9100
2013-04-12,970,8300
2013-04-15,930,8000
2013-04-16,1020,8800
2013-04-17,1020,8800
2013-04-18,930,8000
2013-04-22,930,8000
2013-04-23,950,8200
2013-04-24,950,8200
2013-04-25,1000,8600
2013-04-26,930,8000
2013-05-02,930,8000
2013-05-03,930,8000
2013-05-06,990,8500
2013-05-07,990,8500
2013-05-08,930,8000
2013-05-09,930,8000
2013-05-10,930,8000
2013-05-13,970,8300
2013-05-14,930,8000
2013-05-15,930,8000
2013-05-16,950,8200
2013-05-17,950,8200
2013-05-20,950,8200
2013-05-21,950,8200
2013-05-22,990,8500
2013-05-23,990,8500
2013-05-24,930,8000
2013-05-27,940,8100
2013-05-28,1020,8800
2013-05-29,1110,9500
2013-05-30,1090,9400
2013-05-31,970,8300
2013-06-03,1010,8700
2013-06-04,950,8200
2013-06-05,980,8400
2013-06-06,980,8400
2013-06-07,980,8400
2013-06-10,1010,8700
2013-06-11,1020,8800
2013-06-12,1050,9000
2013-06-13,1120,9600
2013-06-14,1160,10000
2013-06-17,1220,10500
2013-06-18,1150,9900
2013-06-19,1150,9900
2013-06-20,1150,9900
2013-06-21,1160,10000
2013-06-24,1070,9200
2013-06-25,1070,9200
2013-06-26,1000,8600
2013-06-27,1000,8600
2013-06-28,1000,8600
2013-07-01,1000,8600
2013-07-02,1000,8600
2013-07-03,1000,8600
2013-07-05,1000,8600
2013-07-08,1060,9100
2013-07-09,1000,8600
2013-07-10,1000,8600
2013-07-11,1000,8600
2013-07-12,1000,8600
2013-07-15,1000,8600
2013-07-16,1000,8600
2013-07-17,1000,8600
2013-07-18,1000,8600
2013-07-19,1000,8600
2013-07-22,1000,8600
2013-07-23,1070,9200
2013-07-24,980,8400
2013-07-25,980,8400
2013-07-26,980,8400
2013-07-29,950,8200
2013-07-30,950,8200
2013-07-31,950,8200
2013-08-01,950,8200
2013-08-02,950,8200
2013-08-05,950,8200
2013-08-06,950,8200
2013-08-07,950,8200
2013-08-12,950,8200
2013-08-13,950,8200
2013-08-14,950,8200
2013-08-16,950,8200
2013-08-19,990,8500
2013-08-21,990,8500
2013-08-22,990,8500
2013-08-23,950,8200
2013-08-27,930,8000
2013-08-28,870,7500
2013-08-29,920,7900
2013-09-03,920,7900
2013-09-04,930,8000
2013-09-06,920,7900
2013-09-09,920,7900
2013-09-11,920,7900
2013-09-12,1000,8600
2013-09-16,1050,9000
2013-09-17,970,8300
2013-09-19,900,7700
2013-09-20,900,7700
2013-09-26,970,8300
2013-10-01,1050,9000
2013-10-02,1060,9100
2013-10-03,1120,9600
2013-10-04,1020,8800
2013-10-07,1120,9600
2013-10-08,1190,10200
2013-10-09,1190,10200
2013-10-10,1230,10600
2013-10-11,1130,9700
2013-10-14,1070,9200
2013-10-15,1070,9200
2013-10-21,1140,9800
2013-10-22,1070,9200
2013-10-23,1160,10000
2013-10-24,1160,10000
2013-10-25,1120,9600
2013-10-28,1120,9600
2013-10-29,1110,9500
2013-10-30,1080,9300
2013-10-31,1080,9300
2013-11-01,1080,9300
2013-11-04,1110,9500
2013-11-05,1110,9500
2013-11-06,1160,10000
2013-11-07,1160,10000
2013-11-08,1200,10300
2013-11-11,1200,10300
2013-11-12,1200,10300
2013-11-13,1200,10300
2013-11-14,1220,10500
2013-11-15,1230,10600
2013-11-18,1200,10300
2013-11-19,1210,10400
2013-11-20,1270,10900
2013-11-21,1380,11900
2013-11-22,1510,13000
2013-11-25,1500,12900
2013-11-26,1450,12500
2013-11-27,1350,11600
2013-11-28,1380,11900
2013-11-29,1400,12000
2013-12-02,1360,11700
2013-12-03,1400,12000
2013-12-04,1400,12000
2013-12-05,1400,12000
2013-12-06,1420,12200
2013-12-09,1450,12500
2013-12-10,1480,12700
2013-12-11,1370,11800
2013-12-12,1490,12800
2013-12-13,1540,13200
2013-12-16,1450,12500
2013-12-17,1470,12600
2013-12-18,1470,12600
2013-12-19,1470,12600
2013-12-20,1440,12400
2013-12-23,1510,13000
2013-12-24,1500,12900
2013-12-25,1480,12700
2013-12-26,1520,13100
2013-12-27,1620,13900
2013-12-30,1540,13200
2013-12-31,1570,13500
2014-01-02,1660,14300
2014-01-03,1800,15500
2014-01-06,1970,16900
2014-01-07,1950,16800
2014-01-08,2120,18200
2014-01-09,2210,19000
2014-01-10,2200,18900
2014-01-13,2160,18600
2014-01-14,2230,19200
2014-01-15,2260,19400
2014-01-16,2480,21300
2014-01-17,2630,22600
2014-01-20,2370,20400
2014-01-21,2140,18400
2014-01-22,1930,16600
2014-01-23,1970,16900
2014-01-24,1840,15800
2014-01-27,1850,15900
2014-02-06,1950,16800
2014-02-07,1880,16200
2014-02-10,1900,16300
2014-02-11,2080,17900
2014-02-12,2200,18900
2014-02-13,2140,18400
2014-02-14,2080,17900
2014-02-17,2130,18300
2014-02-18,2140,18400
2014-02-19,2140,18400
2014-02-20,2000,17200
2014-02-21,2050,17600
2014-02-24,2140,18400
2014-02-25,2090,18000
2014-02-26,2080,17900
2014-02-27,2050,17600
2014-02-28,2000,17200
2014-03-03,1920,16500
2014-03-04,1920,16500
2014-03-05,2050,17600
2014-03-06,2070,17800
2014-03-07,2080,17900
2014-03-10,2040,17500
2014-03-11,2050,17600
2014-03-12,2010,17300
2014-03-13,2020,17400
2014-03-14,2110,18100
2014-03-17,2200,18900
2014-03-18,2290,19700
2014-03-19,2470,21200
2014-03-20,2410,20700
2014-03-21,2380,20500
2014-03-24,2380,20500
2014-03-25,2150,18500
2014-03-26,2080,17900
2014-03-27,2160,18600
2014-03-28,2290,19700
2014-03-31,2210,19000
2014-04-01,2130,18300
2014-04-02,2090,18000
2014-04-03,2140,18400
2014-04-04,2110,18100
2014-04-07,2110,18100
2014-04-08,2110,18100
2014-04-10,2140,18400
2014-04-11,2110,18100
2014-04-14,2060,17700
2014-04-15,1950,16800
2014-04-16,1900,16300
2014-04-17,1920,16500
2014-04-18,1800,15500
2014-04-21,1740,15000
2014-04-22,1800,15500
2014-04-23,1790,15400
2014-04-24,1800,15500
2014-04-25,1790,15400
2014-04-28,1780,15300
2014-04-29,1740,15000
2014-05-05,1680,14400
2014-05-06,1650,14200
2014-05-07,1630,14000
2014-05-08,1470,12600
2014-05-09,1520,13100
2014-05-12,1370,11800
2014-05-13,1280,11000
2014-05-14,1330,11400
2014-05-15,1260,10800
2014-05-16,1370,11800
2014-05-19,1350,11600
2014-05-20,1360,11700
2014-05-21,1490,12800
2014-05-22,1540,13200
2014-05-23,1520,13100
2014-05-26,1520,13100
2014-05-27,1630,14000
2014-05-28,1630,14000
2014-05-29,1560,13400
2014-05-30,1560,13400
2014-06-02,1500,12900
2014-06-03,1540,13200
2014-06-04,1550,13300
2014-06-05,1570,13500
2014-06-06,1590,13700
2014-06-09,1580,13600
2014-06-10,1590,13700
2014-06-11,1570,13500
2014-06-12,1630,14000
2014-06-13,1790,15400
2014-06-16,1700,14600
2014-06-17,1610,13800
2014-06-18,1650,14200
2014-06-19,1680,14400
2014-06-20,1660,14300
2014-06-23,1650,14200
2014-06-24,1640,14100
2014-06-25,1630,14000
2014-06-26,1640,14100
2014-06-27,1640,14100
2014-06-30,1630,14000
2014-07-01,1690,14500
2014-07-02,1700,14600
2014-07-03,1710,14700
2014-07-04,1710,14700
2014-07-07,1710,14700
2014-07-08,1710,14700
2014-07-09,1740,15000
2014-07-10,1750,14500
2014-07-11,1730,14400
2014-07-14,1750,14500
2014-07-15,1720,14300
2014-07-16,1720,14300
2014-07-17,1710,14200
2014-07-18,1700,14100
2014-07-21,1700,14100
2014-07-22,1810,15000
2014-07-23,1770,14700
2014-07-24,1760,14600
2014-07-25,1750,14500
2014-07-28,1720,14300
2014-07-29,1730,14400
2014-07-30,1710,14200
2014-07-31,1810,15000
2014-08-01,1820,15100
2014-08-04,1990,16500
2014-08-05,2030,16900
2014-08-06,1990,16500
2014-08-07,2180,18100
2014-08-08,2370,19700
2014-08-11,2530,21000
2014-08-12,2350,19500
2014-08-13,2550,21200
2014-08-14,2770,23000
2014-08-15,2720,22600
2014-08-18,2830,23500
2014-08-19,2710,22500
2014-08-20,2780,23100
2014-08-21,2710,22500
2014-08-22,2670,22200
2014-08-25,2940,24400
2014-08-26,3230,26800
2014-08-27,3480,28900
2014-08-28,3390,28200
2014-08-29,3730,31000
2014-09-03,4100,34100
2014-09-04,4390,36500
2014-09-05,4480,37200
2014-09-08,4490,37300
2014-09-09,4040,33600
2014-09-10,4030,33500
2014-09-11,4330,36000
2014-09-12,4190,34800
2014-09-15,3890,32300
2014-09-16,3770,31300
2014-09-17,3780,31400
2014-09-18,3680,30600
2014-09-19,4020,33400
2014-09-22,4140,34400
2014-09-23,3860,32100
2014-09-24,3790,31500
2014-09-25,3730,31000
2014-09-26,3910,32500
2014-09-29,3800,31600
2014-09-30,3720,30900
2014-10-01,3720,30900
2014-10-02,3760,31200
2014-10-03,3610,30000
2014-10-06,3710,30800
2014-10-07,4070,33800
2014-10-08,4360,36200
2014-10-09,4190,34800
2014-10-10,3970,33000
2014-10-13,3820,31700
2014-10-14,3670,30500
2014-10-15,3860,32100
2014-10-16,3590,29800
2014-10-17,3680,30600
2014-10-20,3620,30100
2014-10-21,3620,30100
2014-10-22,3700,30700
2014-10-23,3590,29800
2014-10-24,3550,29500
2014-10-27,3200,26600
2014-10-28,3250,27000
2014-10-29,3320,27600
2014-10-30,3270,27200
2014-10-31,3440,28600
2014-11-03,3570,29700
2014-11-04,3500,29100
2014-11-05,3390,28200
2014-11-06,3380,28100
2014-11-07,3420,28400
2014-11-10,3390,28200
2014-11-11,3380,28100
2014-11-12,3360,27900
2014-11-13,3390,28200
2014-11-14,3370,28000
2014-11-17,3300,27400
2014-11-18,3310,27500
2014-11-19,3310,27500
2014-11-20,3300,27400
2014-11-21,3240,26900
2014-11-24,3260,27100
2014-11-25,3300,27400
2014-11-26,3270,27200
2014-11-27,3260,27100
2014-11-28,3330,27700
2014-12-01,3360,27900
2014-12-02,3360,27900
2014-12-03,3470,28800
2014-12-04,3760,31200
2014-12-05,3820,31700
2014-12-08,3860,32100
2014-12-09,3490,29000
2014-12-10,3760,31200
2014-12-11,3710,30800
2014-12-12,3700,30700
2014-12-15,3730,31000
2014-12-16,3590,29800
2014-12-17,3320,27600
2014-12-18,3610,30000
2014-12-19,3390,28200
2014-12-22,3450,28700
2014-12-23,3410,28300
2014-12-24,3440,28600
2014-12-25,3440,28600
2014-12-26,3420,28400
2014-12-29,3420,26400
2014-12-30,3430,26500
2014-12-31,3510,27100
2015-01-05,3470,26800
2015-01-06,3490,27000
2015-01-07,3470,26800
2015-01-08,3390,26200
2015-01-09,3440,26600
2015-01-12,3550,27400
2015-01-13,3710,28700
2015-01-14,3650,28200
2015-01-15,3700,28600
2015-01-16,3770,29100
2015-01-19,3790,29300
2015-01-20,3830,29600
2015-01-21,3770,29100
2015-01-22,3790,29300
2015-01-23,3900,30100
2015-01-26,4090,31600
2015-01-27,4010,31000
2015-01-28,4090,31600
2015-01-29,4080,31500
2015-01-30,4040,31200
2015-02-02,3930,30400
2015-02-03,3860,29800
2015-02-04,3920,30300
2015-02-05,3920,30300
2015-02-06,4140,32000
2015-02-09,4210,32500
2015-02-10,4140,32000
2015-02-11,4210,32500
2015-02-12,4260,32900
2015-02-13,4220,32600
2015-02-24,4360,33700
2015-02-25,4310,33300
2015-02-26,4330,33500
2015-02-27,4280,33100
2015-03-02,4130,31900
2015-03-03,4240,32800
2015-03-04,4170,32200
2015-03-05,4260,32900
2015-03-06,4240,32800
2015-03-09,4170,32200
2015-03-10,4320,33400
2015-03-11,4310,33300
2015-03-12,4310,33300
2015-03-13,4260,32900
2015-03-16,4170,32200
2015-03-17,4210,32500
2015-03-18,4220,32600
2015-03-19,4210,32500
2015-03-20,4220,32600
2015-03-23,4240,32800
2015-03-24,4220,32600
2015-03-25,4130,31900
2015-03-26,4040,31200
2015-03-27,3970,30700
2015-03-30,3950,30500
2015-03-31,3960,30600
2015-04-01,3910,30200
2015-04-02,3930,30400
2015-04-03,3960,30600
2015-04-06,3930,30400
2015-04-07,3990,30800
2015-04-08,3950,30500
2015-04-09,3910,30200
2015-04-10,4090,31600
2015-04-13,4080,31500
2015-04-14,3990,30800
2015-04-15,3990,30800
2015-04-16,4010,31000
2015-04-17,4000,30900
2015-04-20,3950,30500
2015-04-21,3880,30000
2015-04-22,3860,29800
2015-04-23,3880,30000
2015-04-24,3900,30100
2015-04-27,3910,30200
2015-05-04,3740,28900
2015-05-05,3820,29500
2015-05-06,3730,28800
2015-05-07,3800,29400
2015-05-08,3820,29500
2015-05-11,3790,29300
2015-05-12,3740,28900
2015-05-13,3780,29200
2015-05-14,3830,29600
2015-05-15,3750,29000
2015-05-18,3620,28000
2015-05-19,3580,27700
2015-05-20,3620,28000
2015-05-21,3620,28000
2015-05-22,3690,28500
2015-05-25,3690,28500
2015-05-26,3750,29000
2015-05-27,3750,29000
2015-05-28,3950,30500
2015-05-29,3880,30000
2015-06-01,3900,30100
2015-06-02,3840,29700
2015-06-03,3930,30400
2015-06-04,3960,30600
2015-06-05,3960,28600
2015-06-08,3990,28800
2015-06-09,3930,28400
2015-06-10,3930,28400
2015-06-11,3960,28600
2015-06-12,4020,29000
2015-06-15,3980,28700
2015-06-16,3880,28000
2015-06-17,3850,27800
2015-06-18,3880,28000
2015-06-19,3910,28200
2015-06-22,3890,28100
2015-06-23,3930,28400
2015-06-24,4320,31200
2015-06-25,4540,32800
2015-06-26,4360,31500
2015-06-29,4680,33800
2015-06-30,4590,33100
2015-07-01,4600,33200
2015-07-02,4770,34400
2015-07-03,4720,34100
2015-07-06,4790,34600
2015-07-07,4670,33700
2015-07-08,4670,33700
2015-07-09,4990,36000
2015-07-10,4960,35800
2015-07-13,5100,36800
2015-07-14,5040,36400
2015-07-15,4810,34700
2015-07-16,4930,35600
2015-07-17,5030,36300
2015-07-20,5070,36600
2015-07-21,5180,37400
2015-07-22,5280,38100
2015-07-23,5210,37600
2015-07-24,5190,37500
2015-07-27,5190,37500
2015-07-28,5330,38500
2015-07-29,5350,38600
2015-07-30,5290,38200
2015-07-31,5290,38200
2015-08-03,5190,37500
2015-08-04,5310,38300
2015-08-05,5460,39400
2015-08-06,5420,39100
2015-08-07,5350,38600
2015-08-10,5350,38600
2015-08-11,5280,38100
2015-08-12,5180,37400
2015-08-13,5000,36100
2015-08-14,4930,35600
2015-08-17,4710,34000
2015-08-18,4830,34900
2015-08-19,4960,35800
2015-08-20,4790,34600
2015-08-21,4850,35000
2015-08-24,4380,31600
2015-08-25,4470,32300
2015-08-26,4700,33900
2015-08-27,4810,34700
2015-08-28,4830,34900
2015-08-31,4780,34500
2015-09-01,4740,34200
2015-09-03,4740,34200
2015-09-04,4790,34600
2015-09-07,4770,34400
2015-09-08,4790,34600
2015-09-09,5130,37000
2015-09-10,5150,37200
2015-09-11,5110,36900
2015-09-14,4960,35800
2015-09-15,5000,36100
2015-09-16,4960,35800
2015-09-17,5000,36100
2015-09-18,5110,36900
2015-09-21,5100,36800
2015-09-22,5220,37700
2015-09-23,5170,37300
2015-09-24,5190,37500
2015-09-25,5380,38800
2015-09-28,5330,38500
2015-09-29,5250,37900
2015-09-30,5570,40200
2015-10-01,5930,42800
2015-10-02,5940,42900
2015-10-05,6100,44000
2015-10-06,6100,44000
2015-10-07,6040,43600
2015-10-08,6140,44300
2015-10-09,6080,43900
2015-10-12,6180,44600
2015-10-13,6390,46100
2015-10-14,6390,46100
2015-10-15,6400,46200
2015-10-16,6410,46300
2015-10-19,6760,48800
2015-10-20,6750,48700
2015-10-21,7130,51500
2015-10-22,7340,53000
2015-10-23,7470,53900
2015-10-26,7470,53900
2015-10-27,7900,57000
2015-10-28,8560,61800
2015-10-29,8730,63000
2015-10-30,8560,61800
2015-11-02,7720,55700
2015-11-03,7850,56700
2015-11-04,7790,56200
2015-11-05,7560,54600
2015-11-06,7260,52400
2015-11-09,7760,56000
2015-11-10,7790,56200
2015-11-11,8240,59500
2015-11-12,8450,61000
2015-11-13,9140,66000
2015-11-16,9280,67000
2015-11-17,8940,64500
2015-11-18,9390,67800
2015-11-19,9960,71900
2015-11-20,9840,71000
2015-11-23,10330,74600
2015-11-24,10400,75100
2015-11-25,10210,73700
2015-11-26,9770,70500
2015-11-27,9930,71700
2015-11-30,9850,71100
2015-12-01,9770,70500
2015-12-02,9630,69500
2015-12-03,9960,71900
2015-12-04,10420,75200
2015-12-07,10390,75000
2015-12-08,10110,73000
2015-12-09,10250,72000
2015-12-10,10050,70600
2015-12-11,10300,72300
2015-12-14,10330,72500
2015-12-15,10400,73000
2015-12-16,10250,72000
2015-12-17,10180,71500
2015-12-18,10250,72000
2015-12-21,9970,70000
2015-12-22,9760,68500
2015-12-23,9330,65500
2015-12-24,10250,72000
2015-12-25,10400,73000
2015-12-28,10250,72000
2015-12-29,10400,73000
2015-12-30,10450,73400
2015-12-31,10540,74000
2016-01-04,10400,73000
2016-01-05,10250,72000
2016-01-06,10330,72500
2016-01-07,10250,72000
2016-01-08,10180,71500
2016-01-11,9900,69500
2016-01-12,10040,70500
2016-01-13,10240,71900
2016-01-14,10110,71000
2016-01-15,9970,70000
2016-01-18,9830,69000
2016-01-19,10040,70500
2016-01-20,10040,70500
2016-01-21,9970,70000
2016-01-22,9970,70000
2016-01-25,10150,71300
2016-01-26,9970,70000
2016-01-27,9970,70000
2016-01-28,9830,69000
2016-01-29,9300,65300
2016-02-01,9540,67000
2016-02-02,9540,67000
2016-02-03,9430,66200
2016-02-04,9340,65600
2016-02-05,9940,69800
2016-02-15,9830,69000
2016-02-16,9880,69400
2016-02-17,9940,69800
2016-02-18,9830,69000
2016-02-19,9980,70100
2016-02-22,10810,75900
2016-02-23,10770,75600
2016-02-24,11070,77700
2016-02-25,10750,75500
2016-02-26,10800,75800
2016-02-29,10970,77000
2016-03-01,10970,77000
2016-03-02,11390,80000
2016-03-03,11390,80000
2016-03-04,11610,81500
2016-03-07,11290,79300
2016-03-08,11390,80000
2016-03-09,11420,80200
2016-03-10,11680,82000
2016-03-11,11540,81000
2016-03-14,11450,80400
2016-03-15,11340,79600
2016-03-16,12250,86000
2016-03-17,12800,89900
2016-03-18,12750,89500
2016-03-21,13030,91500
2016-03-22,12920,90700
2016-03-23,12820,90000
2016-03-24,13240,93000
2016-03-25,12830,90100
2016-03-28,13460,94500
2016-03-29,13560,95200
2016-03-30,13360,93800
2016-03-31,12960,91000
2016-04-01,12530,88000
2016-04-04,12320,86500
2016-04-05,12390,87000
2016-04-06,12330,86600
2016-04-07,12390,87000
2016-04-08,12960,91000
2016-04-11,13390,94000
2016-04-12,13240,93000
2016-04-13,12850,90200
2016-04-14,12890,90500
2016-04-15,12820,90000
2016-04-19,12900,90600
2016-04-20,12990,91200
2016-04-21,13360,93800
2016-04-22,14210,99800
2016-04-25,14950,105000
2016-04-26,14880,104500
2016-04-27,14380,101000
2016-04-28,14530,102000
2016-04-29,14950,105000
2016-05-04,15380,108000
2016-05-05,15450,108500
2016-05-06,15210,106800
2016-05-09,15030,105500
2016-05-10,14810,104000
2016-05-11,15650,86200
2016-05-12,16340,90000
2016-05-13,16550,91200
2016-05-16,16950,93400
2016-05-17,16860,92900
2016-05-18,16770,92400
2016-05-19,16450,90600
2016-05-20,16880,93000
2016-05-23,16900,93100
2016-05-24,16700,92000
2016-05-25,16540,91100
2016-05-26,16590,91400
2016-05-27,16460,90700
2016-05-30,16680,91900
2016-05-31,16650,91700
2016-06-01,16520,91000
2016-06-02,17770,97900
2016-06-03,18010,99200
2016-06-06,17630,97100
2016-06-07,17610,97000
2016-06-08,17700,97500
2016-06-09,17920,98700
2016-06-10,17880,98500
2016-06-13,17610,97000
2016-06-14,17790,98000
2016-06-15,18150,100000
2016-06-16,17990,99100
2016-06-17,17790,98000
2016-06-20,18510,102000
2016-06-21,18680,102900
2016-06-22,18510,102000
2016-06-23,18700,103000
2016-06-24,18150,100000
2016-06-27,17790,98000
2016-06-28,17970,99000
2016-06-29,18500,101900
2016-06-30,18880,104000
2016-07-01,19150,105500
2016-07-04,19420,107000
2016-07-05,19330,106500
2016-07-06,19420,107000
2016-07-07,19970,110000
2016-07-08,19790,109000
2016-07-11,18620,102600
2016-07-12,18880,104000
2016-07-13,19240,106000
2016-07-14,18700,103000
2016-07-15,18330,101000
2016-07-18,18680,102900
2016-07-19,18500,101900
2016-07-20,18130,99900
2016-07-21,18150,100000
2016-07-22,18150,100000
2016-07-25,17920,98700
2016-07-26,18420,101500
2016-07-27,18730,103200
2016-07-28,18770,103400
2016-07-29,19060,105000
2016-08-01,18810,103600
2016-08-02,18240,100500
2016-08-03,18480,101800
2016-08-04,18330,101000
2016-08-05,18510,102000
2016-08-08,18510,102000
2016-08-09,19420,107000
2016-08-10,19280,106200
2016-08-11,19680,108400
2016-08-12,19400,106900
2016-08-15,19390,106800
2016-08-16,19570,107800
2016-08-17,20840,114800
2016-08-18,21710,119600
2016-08-19,21060,116000
2016-08-22,20770,114400
2016-08-23,21020,115800
2016-08-24,21060,116000
2016-08-25,21600,119000
2016-08-26,21690,119500
2016-08-29,21420,118000
2016-08-30,21960,121000
2016-08-31,22240,122500
2016-09-01,22870,126000
2016-09-05,23110,127300
2016-09-06,23780,131000
2016-09-07,23920,131800
2016-09-08,23960,132000
2016-09-09,23470,129300
2016-09-12,23310,128400
2016-09-13,23780,131000
2016-09-14,24050,132500
2016-09-15,25180,138700
2016-09-16,26230,144500
2016-09-19,25960,143000
2016-09-20,26340,145100
2016-09-21,26410,145500
2016-09-22,26360,145200
2016-09-23,26590,146500
2016-09-26,26660,146900
2016-09-27,26540,146200
2016-09-28,26740,147300
2016-09-29,26660,146900
2016-09-30,27230,150000
2016-10-03,29600,142100
2016-10-04,28950,139000
2016-10-05,29160,140000
2016-10-06,29160,140000
2016-10-07,28740,138000
2016-10-10,27700,133000
2016-10-11,28120,135000
2016-10-12,28140,135100
2016-10-13,28310,135900
2016-10-14,28530,137000
2016-10-17,28760,138100
2016-10-18,28700,137800
2016-10-19,28760,138100
2016-10-20,28780,138200
2016-10-21,28220,135500
2016-10-24,27080,130000
2016-10-25,27350,131300
2016-10-26,27410,131600
2016-10-27,27580,132400
2016-10-28,27830,133600
2016-10-31,27490,132000
2016-11-01,27280,131000
2016-11-02,26890,129100
2016-11-03,26660,128000
2016-11-04,26280,126200
2016-11-07,26580,127600
2016-11-08,26990,129600
2016-11-09,26330,126400
2016-11-10,27350,131300
2016-11-11,27280,131000
2016-11-14,26780,128600
2016-11-15,27060,129900
2016-11-16,27180,130500
2016-11-17,27010,129700
2016-11-18,26580,127600
2016-11-21,26310,126300
2016-11-22,26040,125000
2016-11-23,26040,125000
2016-11-24,26240,126000
2016-11-25,26160,125600
2016-11-28,25410,122000
2016-11-29,23950,115000
2016-11-30,24990,120000
2016-12-01,24790,119000
2016-12-02,24540,117800
2016-12-05,24390,117100
2016-12-06,23850,114500
2016-12-07,24560,117900
2016-12-08,24370,117000
2016-12-09,26450,127000
2016-12-12,26620,127800
2016-12-13,25620,123000
2016-12-14,25850,124100
2016-12-15,25930,124500
2016-12-16,27080,130000
2016-12-19,27490,132000
2016-12-20,27490,132000
2016-12-21,27620,132600
2016-12-22,27240,130800
2016-12-23,26510,127300
2016-12-26,26490,127200
2016-12-27,26530,127400
2016-12-28,27060,129900
2016-12-29,26970,129500
2016-12-30,26740,128400
2017-01-03,26740,128400
2017-01-04,26680,128100
2017-01-05,26660,128000
2017-01-06,26430,126900
2017-01-09,25620,123000
2017-01-10,25830,124000
2017-01-11,25810,123900
2017-01-12,25950,124600
2017-01-13,25790,123800
2017-01-16,25760,123700
2017-01-17,25740,123600
2017-01-18,25620,123000
2017-01-19,25830,124000
2017-01-20,26140,125500
2017-01-23,26240,126000
2017-01-24,26700,128200
2017-01-25,26870,129000
2017-02-02,26810,128700
2017-02-03,26430,126900
2017-02-06,26660,128000
2017-02-07,27740,133200
2017-02-08,27930,134100
2017-02-09,28080,134800
2017-02-10,28950,139000
2017-02-13,29370,141000
2017-02-14,29370,141000
2017-02-15,29580,142000
2017-02-16,29220,140300
2017-02-17,29890,143500
2017-02-20,31030,149000
2017-02-21,31030,149000
2017-02-22,31120,149400
2017-02-23,30830,148000
2017-02-24,31640,151900
2017-02-27,31640,151900
2017-02-28,31870,153000
2017-03-01,32700,157000
2017-03-02,33120,159000
2017-03-03,32600,156500
2017-03-06,31450,151000
2017-03-07,31740,152400
2017-03-08,31490,151200
2017-03-09,31370,150600
2017-03-10,31950,153400
2017-03-13,31760,152500
2017-03-14,32160,154400
2017-03-15,32700,157000
2017-03-16,32870,157800
2017-03-17,32490,156000
2017-03-20,33120,159000
2017-03-21,32870,157800
2017-03-22,32580,156400
2017-03-23,32580,156400
2017-03-24,33850,162500
2017-03-27,34140,163900
2017-03-28,33850,162500
2017-03-29,34370,165000
2017-03-30,34820,167200
2017-03-31,35200,169000
2017-04-03,34570,166000
2017-04-04,34550,165900
2017-04-05,34700,166600
2017-04-07,33720,161900
2017-04-10,33350,160100
2017-04-11,33720,161900
2017-04-12,32740,157200
2017-04-13,32700,157000
2017-04-14,32080,154000
2017-04-17,31030,149000
2017-04-18,31120,149400
2017-04-19,31430,150900
2017-04-20,31260,150100
2017-04-21,30830,148000
2017-04-24,30720,147500
2017-04-25,30830,148000
2017-04-26,31220,149900
2017-04-27,32280,155000
2017-04-28,32390,155500
2017-05-03,31890,153100
2017-05-04,32680,156900
2017-05-05,32490,156000
2017-05-08,32580,156400
2017-05-09,33320,160000
2017-05-10,33430,160500
2017-05-11,32910,158000
2017-05-12,32700,157000
2017-05-15,32800,157500
2017-05-16,32510,156100
2017-05-17,32700,157000
2017-05-18,32700,157000
2017-05-19,32600,156500
2017-05-22,32680,156900
2017-05-23,33620,161400
2017-05-24,33320,160000
2017-05-25,33680,161700
2017-05-26,33950,163000
2017-05-29,34410,165200
2017-05-30,34410,165200
2017-05-31,34370,165000
2017-06-01,34320,164800
2017-06-02,34240,164400
2017-06-05,34470,165500
2017-06-06,34620,166200
2017-06-07,34660,166400
2017-06-08,34570,166000
2017-06-09,34430,165300
2017-06-12,34390,165100
2017-06-13,34550,165900
2017-06-14,34530,165800
2017-06-15,34350,164900
2017-06-16,34260,164500
2017-06-19,34160,164000
2017-06-20,33950,163000
2017-06-21,34370,165000
2017-06-22,34680,166500
2017-06-23,35450,170200
2017-06-26,35410,170000
2017-06-27,34720,166700
2017-06-28,36240,174000
2017-06-29,37490,180000
2017-06-30,38620,185400
2017-07-03,39020,139000
2017-07-04,38180,136000
2017-07-05,38740,138000
2017-07-06,39610,141100
2017-07-07,39860,142000
2017-07-10,39190,139600
2017-07-11,39610,141100
2017-07-12,40090,142800
2017-07-13,40590,144600
2017-07-14,41550,148000
2017-07-17,40990,146000
2017-07-18,40710,145000
2017-07-19,42900,152800
2017-07-20,43290,154200
2017-07-21,42840,152600
2017-07-24,42250,150500
2017-07-25,42420,151100
2017-07-26,44360,158000
2017-07-27,46830,166800
2017-07-28,47000,167400
2017-07-31,47730,170000
2017-08-01,48010,171000
2017-08-02,48850,174000
2017-08-03,51940,185000
2017-08-04,52750,187900
2017-08-07,49970,178000
2017-08-08,50480,179800
2017-08-09,50760,180800
2017-08-10,51490,183400
2017-08-11,52020,185300
2017-08-14,52080,185500
2017-08-15,50530,180000
2017-08-16,51380,183000
2017-08-17,50530,180000
2017-08-18,50530,180000
2017-08-21,50000,178100
2017-08-22,49690,177000
2017-08-23,49270,175500
2017-08-24,49800,177400
2017-08-25,49350,175800
2017-08-28,49160,175100
2017-08-29,50500,179900
2017-08-30,50530,180000
2017-08-31,50110,178500
2017-09-01,50250,179000
2017-09-05,50340,179300
2017-09-06,54460,194000
2017-09-07,54910,195600
2017-09-08,55250,196800
2017-09-11,56010,199500
2017-09-12,57550,205000
2017-09-13,57830,206000
2017-09-14,56150,200000
2017-09-15,57550,205000
2017-09-18,58110,207000
2017-09-19,57550,205000
2017-09-20,57380,204400
2017-09-21,57500,204800
2017-09-22,56790,202300
2017-09-25,57050,203200
2017-09-26,57270,204000
2017-09-27,56960,202900
2017-09-28,57210,203800
2017-09-29,57160,203600
2017-10-02,57130,203500
2017-10-03,56710,202000
2017-10-04,57240,203900
2017-10-05,57240,203900
2017-10-06,56200,200200
2017-10-09,55330,197100
2017-10-10,56150,200000
2017-10-11,57070,203300
2017-10-12,57270,204000
2017-10-13,57720,205600
2017-10-16,57130,203500
2017-10-17,57500,204800
2017-10-18,57800,205900
2017-10-19,57830,206000
2017-10-20,57050,203200
2017-10-23,56010,199500
2017-10-24,56400,200900
2017-10-25,56990,203000
2017-10-26,56260,200400
2017-10-27,57380,204400
2017-10-30,60300,214800
2017-10-31,60890,216900
2017-11-01,60700,216200
2017-11-02,59520,212000
2017-11-03,60330,214900
2017-11-06,62890,224000
2017-11-07,63030,224500
2017-11-08,63980,227900
2017-11-09,63730,227000
2017-11-10,63190,225100
2017-11-13,65410,233000
2017-11-14,64910,231200
2017-11-15,64850,231000
2017-11-16,65300,232600
2017-11-17,63450,226000
2017-11-20,62660,223200
2017-11-21,63170,225000
2017-11-22,63110,224800
2017-11-23,63730,227000
2017-11-24,63730,227000
2017-11-27,65080,231800
2017-11-28,65970,235000
2017-11-29,65690,234000
2017-11-30,65130,232000
2017-12-01,66140,235600
2017-12-04,65550,233500
2017-12-05,64010,228000
2017-12-06,64010,228000
2017-12-07,64090,228300
2017-12-08,66110,235500
2017-12-11,67430,240200
2017-12-12,67940,242000
2017-12-13,69200,246500
2017-12-14,71310,254000
2017-12-15,72150,257000
2017-12-18,69880,248900
2017-12-19,68500,244000
2017-12-20,68840,245200
2017-12-21,68500,244000
2017-12-22,67100,239000
2017-12-25,68500,244000
2017-12-26,67100,239000
2017-12-27,65690,234000
2017-12-28,66540,237000
2017-12-29,65130,232000
2018-01-02,65130,232000
2018-01-03,70180,250000
2018-01-04,71280,253900
2018-01-05,70180,250000
2018-01-08,69290,246800
2018-01-09,69230,246600
2018-01-10,67800,241500
2018-01-11,67800,241500
2018-01-12,66340,236300
2018-01-15,66820,238000
2018-01-16,66480,236800
2018-01-17,64570,230000
2018-01-18,65470,233200
2018-01-19,64630,230200
2018-01-22,64790,230800
2018-01-23,65100,231900
2018-01-24,65640,233800
2018-01-25,64040,228100
2018-01-26,64010,228000
2018-01-29,62490,222600
2018-01-30,61540,219200
2018-01-31,62890,224000
2018-02-01,62040,221000
2018-02-02,61850,220300
2018-02-05,58390,208000
2018-02-06,53620,191000
2018-02-07,56090,199800
2018-02-08,54460,194000
2018-02-09,55590,198000
2018-02-12,60720,214000
2018-02-13,62080,218800
2018-02-21,62160,219100
2018-02-22,61000,215000
2018-02-23,60890,214600
2018-02-26,59720,210500
2018-02-27,60660,213800
2018-02-28,60690,213900
2018-03-01,66730,235200
2018-03-02,66110,233000
2018-03-05,64120,226000
2018-03-06,63980,225500
2018-03-07,64690,228000
2018-03-08,68090,240000
2018-03-09,70360,248000
2018-03-12,69650,245500
2018-03-13,70480,248400
2018-03-14,70760,249400
2018-03-15,68380,241000
2018-03-16,67100,236500
2018-03-19,67780,238900
2018-03-20,67380,237500
2018-03-21,67670,238500
2018-03-22,67040,236300
2018-03-23,65820,232000
2018-03-26,69790,246000
2018-03-27,70310,247800
2018-03-28,73090,257600
2018-03-29,74480,262500
2018-03-30,74190,261500
2018-04-02,74700,263300
2018-04-03,74050,261000
2018-04-04,79380,139900
2018-04-05,79780,140600
2018-04-06,78310,138000
2018-04-09,72400,127600
2018-04-10,68090,120000
2018-04-11,68090,120000
2018-04-12,68940,121500
2018-04-13,68940,121500
2018-04-16,68090,120000
2018-04-17,66280,116800
2018-04-18,63840,112500
2018-04-19,65370,115200
2018-04-20,65540,115500
2018-04-23,62420,110000
2018-04-24,62700,110500
2018-04-26,61740,108800
2018-04-27,62420,110000
2018-05-02,68090,120000
2018-05-03,67470,118900
2018-05-04,67700,119300
2018-05-07,71100,125300
2018-05-08,69790,123000
2018-05-09,67980,119800
2018-05-10,63840,112500
2018-05-11,64690,114000
2018-05-14,64800,114200
2018-05-15,63670,112200
2018-05-16,62250,109700
2018-05-17,61280,108000
2018-05-18,61620,108600
2018-05-21,60150,106000
2018-05-22,54130,95400
2018-05-23,56690,99900
2018-05-24,57310,101000
2018-05-25,53570,94400
2018-05-28,48230,85000
2018-05-29,53060,93500
2018-05-30,51690,91100
2018-05-31,53570,94400
2018-06-01,52260,92100
2018-06-04,55040,97000
2018-06-05,55040,97000
2018-06-06,59580,105000
2018-06-07,58160,102500
2018-06-08,59300,104500
2018-06-11,57990,102200
2018-06-12,55610,98000
2018-06-13,55780,98300
2018-06-14,55610,98000
2018-06-15,55610,98000
2018-06-18,53110,93600
2018-06-19,49140,86600
2018-06-20,49930,88000
2018-06-21,48520,85500
2018-06-22,48230,85000
2018-06-25,48570,85600
2018-06-26,48230,85000
2018-06-27,48230,85000
2018-06-28,46530,82000
2018-06-29,44430,78300
2018-07-02,47950,84500
2018-07-03,48400,85300
2018-07-04,48230,85000
2018-07-05,47660,84000
2018-07-06,47150,83100
2018-07-09,47490,83700
2018-07-10,47660,84000
2018-07-11,47830,84300
2018-07-12,48410,84300
2018-07-13,53120,92500
2018-07-16,53920,93900
2018-07-17,53230,92700
2018-07-18,53980,94000
2018-07-19,52260,91000
2018-07-20,50590,88100
2018-07-23,51000,88800
2018-07-24,50880,88600
2018-07-25,50080,87200
2018-07-26,50820,88500
2018-07-27,52200,90900
2018-07-30,52550,91500
2018-07-31,51110,89000
2018-08-01,49500,86200
2018-08-02,48530,84500
2018-08-03,49960,87000
2018-08-06,49100,85500
2018-08-07,48810,85000
2018-08-08,48300,84100
2018-08-09,48240,84000
2018-08-10,47950,83500
2018-08-13,47840,83300
2018-08-14,48120,83800
2018-08-15,47950,83500
2018-08-16,48070,83700
2018-08-17,48530,84500
2018-08-20,48530,84500
2018-08-21,48240,84000
2018-08-22,49960,87000
2018-08-23,50880,88600
2018-08-24,51680,90000
2018-08-27,50820,88500
2018-08-28,51170,89100
2018-08-29,50710,88300
2018-08-30,50360,87700
2018-08-31,51970,90500
2018-09-04,52320,91100
2018-09-05,51400,89500
2018-09-06,50710,88300
2018-09-07,50880,88600
2018-09-10,50770,88400
2018-09-11,51570,89800
2018-09-12,51860,90300
2018-09-13,53290,92800
2018-09-14,53810,93700
2018-09-17,53580,93300
2018-09-18,56280,98000
2018-09-19,56570,98500
2018-09-20,57020,99300
2018-09-21,56740,98800
2018-09-24,55300,96300
2018-09-25,55820,97200
2018-09-26,55880,97300
2018-09-27,54960,95700
2018-09-28,55130,96000
2018-10-01,55700,97000
2018-10-02,55420,96500
2018-10-03,56740,98800
2018-10-04,53410,93000
2018-10-05,49390,86000
2018-10-08,46800,81500
2018-10-09,47660,83000
2018-10-10,49100,85500
2018-10-11,46340,80700
2018-10-12,47550,82800
2018-10-15,45830,79800
2018-10-16,45650,79500
2018-10-17,45600,79400
2018-10-18,41060,71500
2018-10-19,42500,74000
2018-10-22,43930,76500
2018-10-23,42380,73800
2018-10-24,41350,72000
2018-10-25,42380,73800
2018-10-26,42440,73900
2018-10-29,41460,72200
2018-10-30,40770,71000
2018-10-31,42040,73200
2018-11-01,41350,72000
2018-11-02,44790,78000
2018-11-05,45880,79900
2018-11-06,45370,79000
2018-11-07,43470,75700
2018-11-08,43190,75200
2018-11-09,43070,75000
2018-11-12,42960,74800
2018-11-13,41860,72900
2018-11-14,42150,73400
2018-11-15,41810,72800
2018-11-16,42150,73400
2018-11-19,41980,73100
2018-11-20,42150,73400
2018-11-21,43530,75800
2018-11-22,43990,76600
2018-11-23,43070,75000
2018-11-26,41920,73000
2018-11-27,41920,73000
2018-11-28,41750,72700
2018-11-29,41810,72800
2018-11-30,41810,72800
2018-12-03,42500,74000
2018-12-04,42210,73500
2018-12-05,42610,74200
2018-12-06,42620,73200
2018-12-07,43780,75200
2018-12-10,43610,74900
2018-12-11,43260,74300
2018-12-12,43310,74400
2018-12-13,45000,77300
2018-12-14,44830,77000
2018-12-17,43720,75100
2018-12-18,43370,74500
2018-12-19,43370,74500
2018-12-20,43840,75300
2018-12-21,43840,75300
2018-12-24,44190,75900
2018-12-25,43660,75000
2018-12-26,43080,74000
2018-12-27,43610,74900
2018-12-28,39360,67600
2019-01-02,35460,60900
2019-01-03,37840,65000
2019-01-04,37840,65000
2019-01-07,38020,65300
2019-01-08,38310,65800
2019-01-09,37550,64500
2019-01-10,37430,64300
2019-01-11,36500,62700
2019-01-14,36100,62000
2019-01-15,37260,64000
2019-01-16,35510,61000
2019-01-17,36440,62600
2019-01-18,36390,62500
2019-01-21,36680,63000
2019-01-22,36150,62100
2019-01-23,36330,62400
2019-01-24,36680,63000
2019-01-25,36740,63100
2019-01-28,36270,62300
2019-01-29,35750,61400
2019-01-30,35800,61500
2019-01-31,35510,61000
2019-02-01,35460,60900
2019-02-11,35860,61600
2019-02-12,35980,61800
2019-02-13,36100,62000
2019-02-14,37550,64500
2019-02-15,37550,64500
2019-02-18,37090,63700
2019-02-19,36850,63300
2019-02-20,36790,63200
2019-02-21,37380,64200
2019-02-22,37090,63700
2019-02-25,37200,63900
2019-02-26,38720,66500
2019-02-27,39240,67400
2019-02-28,39010,67000
2019-03-01,39530,67900
2019-03-04,39360,67600
2019-03-05,39470,67800
2019-03-06,39940,68600
2019-03-07,39360,67600
2019-03-08,38020,65300
2019-03-11,38720,66500
2019-03-12,38720,66500
2019-03-13,38950,66900
2019-03-14,38420,66000
2019-03-15,38130,65500
2019-03-18,37550,64500
2019-03-19,37550,64500
2019-03-20,37090,63700
2019-03-21,37090,63700
2019-03-22,37030,63600
2019-03-25,37490,64400
2019-03-26,37380,64200
2019-03-27,37550,64500
2019-03-28,37320,64100
2019-03-29,36970,63500
2019-04-01,36850,63300
2019-04-02,36850,63300
2019-04-03,37380,64200
2019-04-04,40170,69000
2019-04-05,41220,70800
2019-04-08,40460,69500
2019-04-09,39360,67600
2019-04-10,39410,67700
2019-04-11,39360,67600
2019-04-12,39240,67400
2019-04-16,37610,64600
2019-04-17,36910,63400
2019-04-18,37200,63900
2019-04-19,38480,66100
2019-04-22,37380,64200
2019-04-23,37380,64200
2019-04-24,37780,64900
2019-04-25,37550,64500
2019-04-26,37320,64100
2019-05-02,36970,63500
2019-05-03,36910,63400
2019-05-06,36390,62500
2019-05-07,36440,62600
2019-05-08,36150,62100
2019-05-09,35460,60900
2019-05-10,35570,61100
2019-05-13,35920,61700
2019-05-14,35750,61400
2019-05-15,36790,63200
2019-05-16,36390,62500
2019-05-17,36330,62400
2019-05-20,36790,63200
2019-05-21,36440,62600
2019-05-22,36560,62800
2019-05-23,36500,62700
2019-05-24,36040,61900
2019-05-27,36740,63100
2019-05-28,37730,64800
2019-05-29,38080,65400
2019-05-30,37780,64900
2019-05-31,37380,64200
2019-06-03,36650,61000
2019-06-04,36830,61300
2019-06-05,36530,60800
2019-06-06,36410,60600
2019-06-07,37130,61800
2019-06-10,37250,62000
2019-06-11,37920,63100
2019-06-12,37430,62300
2019-06-13,37010,61600
2019-06-14,36950,61500
2019-06-17,36830,61300
2019-06-18,36530,60800
2019-06-19,36590,60900
2019-06-20,37250,62000
2019-06-21,37250,62000
2019-06-24,37070,61700
2019-06-25,36530,60800
2019-06-26,36650,61000
2019-06-27,36470,60700
2019-06-28,36110,60100
2019-07-01,36770,61200
2019-07-02,36710,61100
2019-07-03,39660,66000
2019-07-04,39600,65900
2019-07-05,40860,68000
2019-07-08,40860,68000
2019-07-09,41520,69100
2019-07-10,40920,68100
2019-07-11,41460,69000
2019-07-12,44710,74400
2019-07-15,44640,74300
2019-07-16,46150,76800
2019-07-17,47650,79300
2019-07-18,47470,79000
2019-07-19,47350,78800
2019-07-22,45790,76200
2019-07-23,46750,77800
2019-07-24,46870,78000
2019-07-25,46750,77800
2019-07-26,46390,77200
2019-07-29,45010,74900
2019-07-30,44520,74100
2019-07-31,45910,76400
2019-08-01,48730,81100
2019-08-02,51070,85000
2019-08-05,51370,85500
2019-08-06,50530,84100
2019-08-07,51800,86200
2019-08-08,51370,85500
2019-08-09,51430,85600
2019-08-12,51980,86500
2019-08-13,51620,85900
2019-08-14,53540,89100
2019-08-15,54080,90000
2019-08-16,53780,89500
2019-08-19,54440,90600
2019-08-20,55190,89800
2019-08-21,54570,88800
2019-08-22,53160,86500
2019-08-23,53470,87000
2019-08-26,53780,87500
2019-08-27,55740,90700
2019-08-28,55310,90000
2019-08-29,54880,89300
2019-08-30,55000,89500
2019-09-03,53780,87500
2019-09-04,50460,82100
2019-09-05,49780,81000
2019-09-06,51560,83900
2019-09-09,52120,84800
2019-09-10,51010,83000
2019-09-11,52060,84700
2019-09-12,53280,86700
2019-09-13,53960,87800
2019-09-16,56480,91900
2019-09-17,57650,93800
2019-09-18,56660,92200
2019-09-19,59610,97000
2019-09-20,59550,96900
2019-09-23,59920,97500
2019-09-24,59550,96900
2019-09-25,63920,104000
2019-09-26,63920,104000
2019-09-27,64900,105600
2019-09-30,63120,102700
2019-10-01,66620,108400
2019-10-02,66680,108500
2019-10-03,67600,107800
2019-10-04,66540,106100
2019-10-07,59890,95500
2019-10-08,58820,93800
2019-10-09,59080,94200
2019-10-10,59080,94200
2019-10-11,58950,94000
2019-10-14,53050,84600
2019-10-15,53930,86000
2019-10-16,52680,84000
2019-10-17,54250,86500
2019-10-18,53430,85200
2019-10-21,53740,85700
2019-10-22,55500,88500
2019-10-23,54940,87600
2019-10-24,55120,87900
2019-10-25,55500,88500
2019-10-28,54620,87100
2019-10-29,53430,85200
2019-10-30,53560,85400
2019-10-31,53870,85900
2019-11-01,54060,86200
2019-11-04,54250,86500
2019-11-05,57010,90900
2019-11-06,56750,90500
2019-11-07,55880,89100
2019-11-08,55500,88500
2019-11-11,54690,87200
2019-11-12,55060,87800
2019-11-13,54560,87000
2019-11-14,53310,85000
2019-11-15,53810,85800
2019-11-18,53430,85200
2019-11-19,54500,86900
2019-11-20,54560,87000
2019-11-21,54500,86900
2019-11-22,52680,84000
2019-11-25,52240,83300
2019-11-26,52990,84500
2019-11-27,52360,83500
2019-11-28,50480,80500
2019-11-29,50480,80500
2019-12-02,47540,75800
2019-12-03,47910,76400
2019-12-04,49350,78700
2019-12-05,48980,78100
2019-12-06,48850,77900
2019-12-09,49860,79500
2019-12-10,49540,79000
2019-12-11,52110,83100
2019-12-12,52550,83800
2019-12-13,52050,83000
2019-12-16,52550,83800
2019-12-17,52360,83500
2019-12-18,52050,83000
2019-12-19,51550,82200
2019-12-20,50110,79900
2019-12-23,48600,77500
2019-12-24,49860,79500
2019-12-25,49860,79500
2019-12-26,49790,79400
2019-12-27,49540,79000
2019-12-30,44590,71100
2019-12-31,43960,70100
2020-01-02,44840,71500
2020-01-03,42640,68000
2020-01-06,41080,65500
2020-01-07,41890,66800
2020-01-08,42210,67300
2020-01-09,42210,67300
2020-01-10,41390,66000
2020-01-13,40760,65000
2020-01-14,39880,63600
2020-01-15,41890,66800
2020-01-16,42270,67400
2020-01-17,42330,67500
2020-01-20,41330,65900
2020-01-21,42330,67500
2020-01-22,43270,69000
2020-01-30,42520,67800
2020-01-31,41080,65500
2020-02-03,40450,64500
2020-02-04,39630,63200
2020-02-05,40640,64800
2020-02-06,42330,67500
2020-02-07,45030,71800
2020-02-10,46160,73600
2020-02-11,45590,72700
2020-02-12,45840,73100
2020-02-13,47410,75600
2020-02-14,47720,76100
2020-02-17,47030,75000
2020-02-18,48290,77000
2020-02-19,47660,76000
2020-02-20,47720,76100
2020-02-21,46950,72900
2020-02-24,42510,66000
2020-02-25,43800,68000
2020-02-26,43150,67000
2020-02-27,44310,68800
2020-02-28,43220,67100
2020-03-02,43410,67400
2020-03-03,43670,67800
2020-03-04,43280,67200
2020-03-05,43800,68000
2020-03-06,43600,67700
2020-03-09,39290,61000
2020-03-10,40510,62900
2020-03-11,38640,60000
2020-03-12,34780,54000
2020-03-13,34710,53900
2020-03-16,34460,53500
2020-03-17,34710,53900
2020-03-18,37100,57600
2020-03-19,36710,57000
2020-03-20,36710,57000
2020-03-23,33040,51300
2020-03-24,33750,52400
2020-03-25,35100,54500
2020-03-26,33810,52500
2020-03-27,33810,52500
2020-03-30,33560,52100
2020-03-31,34140,53000
2020-04-01,35170,54600
2020-04-03,36900,57300
2020-04-06,38320,59500
2020-04-07,38640,60000
2020-04-08,38060,59100
2020-04-09,38320,59500
2020-04-10,37740,58600
2020-04-13,36780,57100
2020-04-14,37680,58500
2020-04-15,41160,63900
2020-04-16,41860,65000
2020-04-17,41540,64500
2020-04-20,40250,62500
2020-04-21,37740,58600
2020-04-22,38640,60000
2020-04-23,38640,60000
2020-04-24,38510,59800
2020-04-28,38640,60000
2020-04-29,40120,62300
2020-05-04,39420,61200
2020-05-05,39290,61000
2020-05-06,39670,61600
2020-05-07,41800,64900
2020-05-08,41090,63800
2020-05-11,42060,65300
2020-05-12,42830,66500
2020-05-13,43470,67500
2020-05-14,42570,66100
2020-05-15,41610,64600
2020-05-18,42250,65600
2020-05-19,42190,65500
2020-05-20,42190,65500
2020-05-21,42250,65600
2020-05-22,42310,65700
2020-05-25,42640,66200
2020-05-26,44500,69100
2020-05-27,43150,67000
2020-05-28,43350,67300
2020-05-29,43150,67000
2020-06-01,43150,67000
2020-06-02,43020,66800
2020-06-03,42960,66700
2020-06-04,42830,66500
2020-06-05,43860,68100
2020-06-08,44570,69200
2020-06-09,43990,68300
2020-06-10,43670,67800
2020-06-11,41220,64000
2020-06-12,40250,62500
2020-06-15,38970,60500
2020-06-16,40060,62200
2020-06-17,40250,62500
2020-06-18,40190,62400
2020-06-19,40830,63400
2020-06-22,40770,63300
2020-06-23,40380,62700
2020-06-24,40580,63000
2020-06-25,40510,62900
2020-06-26,40320,62600
2020-06-29,39290,61000
2020-06-30,39420,61200
2020-07-01,40250,62500
2020-07-02,39930,62000
2020-07-03,40190,62400
2020-07-06,39930,62000
2020-07-07,40060,62200
2020-07-08,40120,62300
2020-07-09,41610,64600
2020-07-10,41160,63900
2020-07-13,40580,63000
2020-07-14,40830,63400
2020-07-15,40640,63100
2020-07-16,40580,63000
2020-07-17,40830,63400
2020-07-20,40380,62700
2020-07-21,40190,62400
2020-07-22,39930,62000
2020-07-23,39870,61900
2020-07-24,37870,58800
2020-07-27,34200,53100
2020-07-28,37610,58400
2020-07-29,36580,56800
2020-07-30,36580,56800
2020-07-31,36200,56200
2020-08-03,36900,57300
2020-08-04,37550,58300
2020-08-05,39160,60800
2020-08-06,38970,60500
2020-08-07,39160,60800
2020-08-10,39160,60800
2020-08-11,39220,60900
2020-08-12,39030,60600
2020-08-13,39220,60900
2020-08-14,39290,61000
2020-08-17,39030,60600
2020-08-18,38840,60300
2020-08-19,39290,61000
2020-08-20,39290,61000
2020-08-21,40960,63600
2020-08-24,41860,65000
2020-08-25,41990,65200
2020-08-26,41860,65000
2020-08-27,41610,64600
2020-08-28,41280,64100
2020-08-31,40900,63500
2020-09-01,41220,64000
2020-09-03,41610,64600
2020-09-04,43150,67000
2020-09-07,42510,66000
2020-09-08,43150,67000
2020-09-09,43730,67900
2020-09-10,43670,67800
2020-09-11,43540,67600
2020-09-14,44180,68600
2020-09-15,43670,67800
2020-09-16,43220,67100
2020-09-17,42830,66500
2020-09-18,43350,67300
2020-09-21,43540,67600
2020-09-22,43090,66900
2020-09-23,42960,66700
2020-09-24,43730,67900
2020-09-25,43920,68200
2020-09-28,43600,67700
2020-09-29,42890,66600
2020-09-30,47150,73200
2020-10-01,48300,75000
2020-10-02,48690,75600
2020-10-05,50170,77900
2020-10-06,49720,77200
2020-10-07,49590,77000
2020-10-08,48760,75700
2020-10-09,48760,75700
2020-10-12,48300,75000
2020-10-13,49080,76200
2020-10-14,48820,75800
2020-10-15,48500,75300
2020-10-16,48880,75900
2020-10-19,48820,75800
2020-10-20,48430,75200
2020-10-21,48430,75200
2020-10-22,48760,75700
2020-10-23,50170,77900
2020-10-26,48880,75900
2020-10-27,48630,75500
2020-10-28,45920,71300
2020-10-29,45410,70500
2020-10-30,46570,72300
2020-11-02,46240,71800
2020-11-03,46570,72300
2020-11-04,47600,73900
2020-11-05,47080,73100
2020-11-06,47530,73800
2020-11-09,48300,75000
2020-11-10,48430,75200
2020-11-11,49080,76200
2020-11-12,49210,76400
2020-11-13,48950,76000
2020-11-16,48300,75000
2020-11-17,48630,75500
2020-11-18,48630,75500
2020-11-19,51010,79200
2020-11-20,51140,79400
2020-11-23,50880,79000
2020-11-24,50880,79000
2020-11-25,51200,79500
2020-11-26,51010,79200
2020-11-27,51520,80000
2020-11-30,51200,79500
2020-12-01,51270,79600
2020-12-02,51720,80300
2020-12-03,51850,80500
2020-12-04,51910,78600
2020-12-07,51840,78500
2020-12-08,51180,77500
2020-12-09,52100,78900
2020-12-10,52960,80200
2020-12-11,53160,80500
2020-12-14,54150,82000
2020-12-15,54480,82500
2020-12-16,54740,82900
2020-12-17,53290,80700
2020-12-18,53820,81500
2020-12-21,54080,81900
2020-12-22,53820,81500
2020-12-23,55410,83900
2020-12-24,55270,83700
2020-12-25,58110,88000
2020-12-28,58640,88800
2020-12-29,57780,87500
2020-12-30,58110,88000
2020-12-31,57580,87200
2021-01-04,57320,86800
2021-01-05,57450,87000
2021-01-06,57450,87000
2021-01-07,57390,86900
2021-01-08,57450,87000
2021-01-11,60290,91300
2021-01-12,60090,91000
2021-01-13,59370,89900
2021-01-14,59430,90000
2021-01-15,59630,90300
2021-01-18,59430,90000
2021-01-19,56790,86000
2021-01-20,56790,86000
2021-01-21,57780,87500
2021-01-22,57780,87500
2021-01-25,58180,88100
2021-01-26,57320,84200
2021-01-27,53170,78100
2021-01-28,47860,70300
2021-01-29,51060,75000
2021-02-01,49700,73000
2021-02-02,50860,74700
2021-02-03,52760,77500
2021-02-04,53310,78300
2021-02-05,54260,79700
2021-02-08,52760,77500
2021-02-09,53780,79000
2021-02-17,55280,81200
2021-02-18,55830,82000
2021-02-19,55690,81800
2021-02-22,56300,82700
2021-02-23,56710,83300
2021-02-24,56440,82900
2021-02-25,57730,84800
2021-02-26,58680,86200
2021-03-01,60050,88200
2021-03-02,59770,87800
2021-03-03,60450,88800
2021-03-04,59430,87300
2021-03-05,59500,87400
2021-03-08,60450,88800
2021-03-09,60390,88700
2021-03-10,61750,90700
2021-03-11,62570,91900
2021-03-12,61950,91000
2021-03-15,62360,91600
2021-03-16,61680,90600
2021-03-17,61680,90600
2021-03-18,61680,90600
2021-03-19,62500,91800
2021-03-22,62500,91800
2021-03-23,62160,91300
2021-03-24,60590,89000
2021-03-25,63310,93000
2021-03-26,65700,96500
2021-03-29,67260,98800
2021-03-30,67260,98800
2021-03-31,66170,97200
2021-04-01,66380,97500
2021-04-02,67060,98500
2021-04-05,66510,97700
2021-04-06,65360,96000
2021-04-07,65560,96300
2021-04-08,65220,95800
2021-04-09,64200,94300
2021-04-12,64680,95000
2021-04-13,62570,91900
2021-04-14,64470,94700
2021-04-15,63650,93500
2021-04-16,63590,93400
2021-04-19,62630,92000
2021-04-20,62630,92000
2021-04-22,60590,89000
2021-04-23,61820,90800
2021-04-26,60320,88600
2021-04-27,60800,89300
2021-04-28,60800,89300
2021-04-29,61270,90000
2021-05-04,60800,89300
2021-05-05,62840,92300
2021-05-06,62700,92100
2021-05-07,62630,92000
2021-05-10,61820,90800
2021-05-11,61270,90000
2021-05-12,61480,90300
2021-05-13,62220,91400
2021-05-14,61950,91000
2021-05-17,61070,89700
2021-05-18,61200,89900
2021-05-19,61340,90100
2021-05-20,61140,89800
2021-05-21,64540,94800
2021-05-24,65360,96000
2021-05-25,65220,95800
2021-05-26,65360,96000
2021-05-27,65290,95900
2021-05-28,65830,96700
2021-05-31,65360,96000
2021-06-01,64680,95000
2021-06-02,65360,96000
2021-06-03,70050,102900
2021-06-04,69100,101500
2021-06-07,69850,102600
2021-06-08,67190,98700
2021-06-09,67190,98700
2021-06-10,68620,100800
2021-06-11,73050,107300
2021-06-14,73210,105400
2021-06-15,72020,103700
2021-06-16,72790,104800
2021-06-17,74730,107600
2021-06-18,74660,107500
2021-06-22,73830,106300
2021-06-23,72230,104000
2021-06-24,71750,103300
2021-06-25,76400,110000
2021-06-28,76190,109700
2021-06-29,75910,109300
2021-06-30,75570,108800
2021-07-01,77720,111900
2021-07-02,77650,111800
2021-07-05,77790,112000
2021-07-06,75010,108000
2021-07-07,75010,108000
2021-07-08,75290,108400
2021-07-09,75290,108400
2021-07-12,72580,104500
2021-07-13,72580,104500
2021-07-14,72230,104000
2021-07-15,74250,106900
2021-07-16,77030,110900
2021-07-19,78970,113700
2021-07-20,78760,113400
2021-07-21,80080,115300
2021-07-22,80290,115600
2021-07-23,80430,115800
2021-07-26,82100,118200
2021-07-27,82580,118900
2021-07-28,83140,119700
2021-07-29,82930,119400
2021-07-30,82440,118700
2021-08-02,84940,122300
2021-08-03,84250,121300
2021-08-04,83350,120000
2021-08-05,84040,121000
2021-08-06,83350,120000
2021-08-09,85360,122900
2021-08-10,86540,124600
2021-08-11,85080,122500
2021-08-12,84040,121000
2021-08-13,83970,120900
2021-08-16,85290,122800
2021-08-17,85850,123600
2021-08-18,86120,124000
2021-08-19,87510,126000
2021-08-20,85430,123000
2021-08-23,82370,118600
2021-08-24,81120,116800
2021-08-25,82860,119300
2021-08-26,83480,120200
2021-08-27,83480,120200
2021-08-30,86120,124000
2021-08-31,84390,121500
2021-09-01,84390,121500
2021-09-06,82170,118300
2021-09-07,81260,117000
2021-09-08,80980,116600
2021-09-09,80920,116500
2021-09-10,81050,116700
2021-09-14,81330,117100
2021-09-15,82370,118600
2021-09-16,81820,117800
2021-09-17,84040,121000
2021-09-20,83140,119700
2021-09-21,84180,121200
2021-09-22,90780,130700
2021-09-23,86890,125100
2021-09-24,87580,126100
2021-09-27,83350,120000
2021-09-28,85990,123800
2021-09-29,89670,129100
2021-09-30,89530,128900
2021-10-01,87860,126500
2021-10-04,88560,127500
2021-10-05,88690,127700
2021-10-06,88900,128000
2021-10-07,89110,128300
2021-10-08,88280,127100
2021-10-11,88900,128000
2021-10-12,90150,129800
2021-10-13,89040,128200
2021-10-14,89320,128600
2021-10-15,90640,130500
2021-10-18,91330,131500
2021-10-19,90990,131000
2021-10-20,90290,130000
2021-10-21,89250,128500
2021-10-22,89600,129000
2021-10-25,87580,126100
2021-10-27,87300,125700
2021-10-28,87860,126500
2021-10-29,89110,128300
2021-11-01,86820,125000
2021-11-02,86120,124000
2021-11-03,83350,120000
2021-11-04,84600,121800
2021-11-05,86470,124500
2021-11-08,85990,123800
2021-11-09,85500,123100
2021-11-10,84740,122000
2021-11-11,85360,122900
2021-11-12,85850,123600
2021-11-15,85710,123400
2021-11-16,85430,123000
2021-11-17,85290,122800
2021-11-18,85220,122700
2021-11-19,82650,119000
2021-11-22,84040,121000
2021-11-23,84460,121600
2021-11-24,84460,121600
2021-11-25,86120,124000
2021-11-26,84250,121300
2021-11-29,83900,120800
2021-11-30,83970,120900
2021-12-01,83970,120900
2021-12-02,85360,122900
2021-12-03,83690,120500
2021-12-06,81400,117200
2021-12-07,81610,117500
2021-12-08,82300,118500
2021-12-09,82670,117000
2021-12-10,82380,116600
2021-12-13,82170,116300
2021-12-14,81250,115000
2021-12-15,80830,114400
2021-12-16,81890,115900
2021-12-17,81960,116000
2021-12-20,82600,116900
2021-12-21,82310,116500
2021-12-22,81960,116000
2021-12-23,81610,115500
2021-12-24,81250,115000
2021-12-27,81540,115400
2021-12-28,84010,118900
2021-12-29,83370,118000
2021-12-30,85210,120600
2021-12-31,82670,117000
2022-01-04,82670,117000
2022-01-05,83160,117700
2022-01-06,82670,117000
2022-01-07,81540,115400
2022-01-10,81040,114700
2022-01-11,78920,111700
2022-01-12,77790,110100
2022-01-13,77790,110100
2022-01-14,77720,110000
2022-01-17,75040,106200
2022-01-18,74610,105600
2022-01-19,75040,106200
2022-01-20,76870,108800
2022-01-21,77580,109800
2022-01-24,76240,107900
2022-01-25,74900,106000
2022-01-26,74900,106000
2022-01-27,74050,104800
2022-01-28,73620,104200
2022-02-07,76310,108000
2022-02-08,76660,108500
2022-02-09,76800,108700
2022-02-10,76100,107700
2022-02-11,76310,108000
2022-02-14,76030,107600
2022-02-15,76030,107600
2022-02-16,76380,108100
2022-02-17,77160,109200
2022-02-18,76030,107600
2022-02-21,76100,107700
2022-02-22,75600,107000
2022-02-23,76590,108400
2022-02-24,75040,106200
2022-02-25,75180,106400
2022-02-28,75880,107400
2022-03-01,75600,107000
2022-03-02,74610,105600
2022-03-03,75040,106200
2022-03-04,74750,105800
2022-03-07,74750,105800
2022-03-08,74680,105700
2022-03-09,74050,104800
2022-03-10,74050,104800
2022-03-11,77300,109400
2022-03-14,76310,108000
2022-03-15,77510,109700
2022-03-16,76800,108700
2022-03-17,75880,107400
2022-03-18,75180,106400
2022-03-21,74610,105600
2022-03-22,75530,106900
2022-03-23,75390,106700
2022-03-24,80900,114500
2022-03-25,80120,113400
2022-03-28,81250,115000
2022-03-29,84790,120000
2022-03-30,84790,120000
2022-03-31,83020,117500
2022-04-04,82810,117200
2022-04-05,82100,116200
2022-04-06,82670,117000
2022-04-07,82380,116600
2022-04-08,80900,114500
2022-04-12,77090,109100
2022-04-13,78780,111500
2022-04-14,78220,110700
2022-04-18,78430,111000
2022-04-19,81250,115000
2022-04-20,80270,113600
2022-04-21,80270,113600
2022-04-22,79770,112900
2022-04-25,73130,103500
2022-04-26,72070,102000
2022-04-27,72780,103000
2022-04-28,72560,102700
2022-04-29,72210,102200
2022-05-04,70940,100400
2022-05-05,68750,97300
2022-05-06,66840,94600
2022-05-09,60910,86200
2022-05-10,61470,87000
2022-05-11,63030,89200
2022-05-12,61470,87000
2022-05-13,58010,82100
2022-05-16,58010,82100
2022-05-17,60830,86100
2022-05-18,62180,88000
2022-05-19,62180,88000
2022-05-20,62810,88900
2022-05-23,61260,86700
2022-05-24,62110,87900
2022-05-25,63730,90200
2022-05-26,65780,93100
2022-05-27,66130,93600
2022-05-30,66130,93600
2022-05-31,65710,93000
2022-06-01,65500,92700
2022-06-02,65870,90200
2022-06-03,64700,88600
2022-06-06,64410,88200
2022-06-07,63160,86500
2022-06-08,64260,88000
2022-06-09,63460,86900
2022-06-10,62070,85000
2022-06-13,57690,79000
2022-06-14,56450,77300
2022-06-15,54770,75000
2022-06-16,55130,75500
2022-06-17,54040,74000
2022-06-20,52650,72100
2022-06-21,53960,73900
2022-06-22,53890,73800
2022-06-23,54620,74800
2022-06-24,54770,75000
2022-06-27,55420,75900
2022-06-28,54840,75100
2022-06-29,54470,74600
2022-06-30,54330,74400
2022-07-01,53670,73500
2022-07-04,53890,73800
2022-07-05,52720,72200
2022-07-06,52720,72200
2022-07-07,51920,71100
2022-07-08,52360,71700
2022-07-11,50460,69100
2022-07-12,51190,70100
2022-07-13,53310,73000
2022-07-14,52940,72500
2022-07-15,53160,72800
2022-07-18,53010,72600
2022-07-19,52790,72300
2022-07-20,53230,72900
2022-07-21,53380,73100
2022-07-22,55130,75500
2022-07-25,54400,74500
2022-07-26,53160,72800
2022-07-27,52870,72400
2022-07-28,53670,73500
2022-07-29,53230,72900
2022-08-01,54550,74700
2022-08-02,54550,74700
2022-08-03,56080,76800
2022-08-04,56520,77400
2022-08-05,56230,77000
2022-08-08,56810,77800
2022-08-09,56810,77800
2022-08-10,56080,76800
2022-08-11,56520,77400
2022-08-12,56370,77200
2022-08-15,58420,80000
2022-08-16,59730,81800
2022-08-17,59000,80800
2022-08-18,57910,79300
2022-08-19,58490,80100
2022-08-22,57690,79000
2022-08-23,58270,79800
2022-08-24,57690,79000
2022-08-25,58640,80300
2022-08-26,57760,79100
2022-08-29,56010,76700
2022-08-30,56010,76700
2022-08-31,55640,76200
2022-09-05,54910,75200
2022-09-06,54620,74800
2022-09-07,54040,74000
2022-09-08,53310,73000
2022-09-09,53310,73000
2022-09-12,53530,73300
2022-09-13,53960,73900
2022-09-14,53670,73500
2022-09-15,54040,74000
2022-09-16,53310,73000
2022-09-19,51120,70000
2022-09-20,51410,70400
2022-09-21,51480,70500
2022-09-22,51850,71000
2022-09-23,51770,70900
2022-09-26,50020,68500
2022-09-27,49650,68000
2022-09-28,48920,67000
2022-09-29,48340,66200
2022-09-30,47900,65600
2022-10-03,45640,62500
2022-10-04,44540,61000
2022-10-05,46080,63100
2022-10-06,46000,63000
2022-10-07,44910,61500
2022-10-10,42350,58000
2022-10-11,38850,53200
2022-10-12,39800,54500
2022-10-13,40160,55000
2022-10-14,41400,56700
2022-10-17,41180,56400
2022-10-18,40310,55200
2022-10-19,39720,54400
2022-10-20,39430,54000
2022-10-21,36950,50600
2022-10-24,34830,47700
2022-10-25,34030,46600
2022-10-26,35560,48700
2022-10-27,37390,51200
2022-10-28,37830,51800
2022-10-31,37020,50700
2022-11-01,37970,52000
2022-11-02,36880,50500
2022-11-03,37390,51200
2022-11-04,36510,50000
2022-11-07,34980,47900
2022-11-08,33300,45600
2022-11-09,32350,44300
2022-11-11,31250,42800
2022-11-14,29790,40800
2022-11-15,27160,37200
2022-11-16,29210,40000
2022-11-17,31330,42900
2022-11-18,32280,44200
2022-11-21,32930,45100
2022-11-22,33080,45300
2022-11-23,32640,44700
2022-11-24,32570,44600
2022-11-25,35050,48000
2022-11-28,37750,51700
2022-11-29,38920,53300
2022-11-30,38410,52600
2022-12-01,39720,54400
2022-12-02,40130,51900
2022-12-05,39740,51400
2022-12-06,37810,48900
2022-12-07,37500,48500
2022-12-08,38660,50000
2022-12-09,38810,50200
2022-12-12,39200,50700
2022-12-13,39350,50900
2022-12-14,40130,51900
2022-12-15,40360,52200
2022-12-16,40590,52500
2022-12-19,44610,57700
2022-12-20,45920,59400
2022-12-21,43530,56300
2022-12-22,43600,56400
2022-12-23,43760,56600
2022-12-26,41520,53700
2022-12-27,41360,53500
2022-12-28,41440,53600
2022-12-29,43910,56800
2022-12-30,43450,56200
2023-01-03,44690,57800
2023-01-04,44150,57100
2023-01-05,44070,57000
2023-01-06,43450,56200
2023-01-09,43450,56200
2023-01-10,42750,55300
2023-01-11,43220,55900
2023-01-12,42680,55200
2023-01-13,42910,55500
2023-01-16,42520,55000
2023-01-17,43450,56200
2023-01-18,43600,56400
2023-01-19,43060,55700
2023-01-27,44380,57400
2023-01-30,43300,56000
2023-01-31,42990,55600
2023-02-01,42520,55000
2023-02-02,41590,53800
2023-02-03,40980,53000
2023-02-06,40430,52300
2023-02-07,40130,51900
2023-02-08,40360,52200
2023-02-09,40980,53000
2023-02-10,40200,52000
2023-02-13,38580,49900
2023-02-14,38660,50000
2023-02-15,38730,50100
2023-02-16,39740,51400
2023-02-17,39350,50900
2023-02-20,40740,52700
2023-02-21,40430,52300
2023-02-22,39820,51500
2023-02-23,39430,51000
2023-02-24,38970,50400
2023-02-27,38580,49900
2023-02-28,38660,50000
2023-03-01,38970,50400
2023-03-02,39200,50700
2023-03-03,39040,50500
2023-03-06,38890,50300
2023-03-07,39040,50500
2023-03-08,39040,50500
2023-03-09,40510,52400
2023-03-10,40130,51900
2023-03-13,39580,51200
2023-03-14,38810,50200
2023-03-15,39200,50700
2023-03-16,38970,50400
2023-03-17,38500,49800
2023-03-20,37960,49100
2023-03-21,38500,49800
2023-03-22,38580,49900
2023-03-23,38120,49300
2023-03-24,38350,49600
2023-03-27,38730,50100
2023-03-28,38730,50100
2023-03-29,38580,49900
2023-03-30,38580,49900
2023-03-31,38970,50400
2023-04-03,39350,50900
2023-04-04,39270,50800
2023-04-05,39970,51700
2023-04-06,39580,51200
2023-04-07,39350,50900
2023-04-10,39510,51100
2023-04-11,39890,51600
2023-04-12,40360,52200
2023-04-13,39820,51500
2023-04-14,39200,50700
2023-04-17,39270,50800
2023-04-18,39430,51000
2023-04-19,39430,51000
2023-04-20,39430,51000
2023-04-21,39270,50800
2023-04-24,39200,50700
2023-04-25,39120,50600
2023-04-26,39040,50500
2023-04-27,38660,50000
2023-04-28,38970,50400
2023-05-04,38660,50000
2023-05-05,38660,50000
2023-05-08,38810,50200
2023-05-09,38730,50100
2023-05-10,39270,50800
2023-05-11,38890,50300
2023-05-12,38810,50200
2023-05-15,39270,50800
2023-05-16,39270,50800
2023-05-17,39270,50800
2023-05-18,39270,50800
2023-05-19,39270,50800
2023-05-22,40590,52500
2023-05-23,40280,52100
2023-05-24,39820,51500
2023-05-25,42370,54800
2023-05-26,42910,55500
2023-05-29,43220,55900
2023-05-30,42910,55500
2023-05-31,43990,56900
2023-06-01,43990,56900
2023-06-02,44070,57000
2023-06-05,44070,57000
2023-06-06,44840,58000
2023-06-07,45070,58300
2023-06-08,43680,56500
2023-06-09,43530,56300
2023-06-12,44380,57400
2023-06-13,44530,57600
2023-06-14,47470,61400
2023-06-15,47700,61700
2023-06-16,46350,58000
2023-06-19,45790,57300
2023-06-21,46990,58800
2023-06-22,47310,59200
2023-06-23,47790,59800
2023-06-26,47950,60000
2023-06-27,48740,61000
2023-06-28,49140,61500
2023-06-29,48590,60800
2023-07-03,47630,59600
2023-07-04,48190,60300
2023-07-05,49540,62000
2023-07-06,49460,61900
2023-07-07,50740,63500
2023-07-11,50500,63200
2023-07-12,50580,63300
2023-07-13,50980,63800
2023-07-14,50740,63500
2023-07-17,50900,63700
2023-07-18,51140,64000
2023-07-19,50740,63500
2023-07-20,50100,62700
2023-07-21,51060,63900
2023-07-24,51380,64300
2023-07-25,51060,63900
2023-07-26,50580,63300
2023-07-27,50020,62600
2023-07-28,50740,63500
2023-07-31,50420,63100
2023-08-01,50420,63100
2023-08-02,50260,62900
2023-08-03,50340,63000
2023-08-04,50420,63100
2023-08-07,52740,66000
2023-08-08,52100,65200
2023-08-09,52100,65200
2023-08-10,50740,63500
2023-08-11,49780,62300
2023-08-14,50420,63100
2023-08-15,50020,62600
2023-08-16,50740,63500
2023-08-17,50100,62700
2023-08-18,47150,59000
2023-08-21,47230,59100
2023-08-22,47070,58900
2023-08-23,46990,58800
2023-08-24,48190,60300
2023-08-25,48190,60300
2023-08-28,48350,60500
2023-08-29,48740,61000
2023-08-30,52020,65100
2023-08-31,53940,67500
2023-09-05,53700,67200
2023-09-06,54260,67900
2023-09-07,54180,67800
2023-09-08,54900,68700
2023-09-11,53300,66700
2023-09-12,53620,67100
2023-09-13,55140,69000
2023-09-14,54020,67600
2023-09-18,52980,66300
2023-09-20,53540,67000
2023-09-21,52740,66000
2023-09-22,51300,64200
2023-09-25,49220,61600
2023-09-26,49540,62000
2023-09-27,50340,63000
2023-09-28,49940,62500
2023-09-29,51140,64000
2023-10-02,50980,63800
2023-10-03,49540,62000
2023-10-04,49780,62300
2023-10-05,50340,63000
2023-10-06,50740,63500
2023-10-09,50740,63500
2023-10-10,50500,63200
2023-10-11,50500,63200
2023-10-12,50660,63400
2023-10-13,50340,63000
2023-10-16,49220,61600
2023-10-17,48900,61200
2023-10-18,47550,59500
2023-10-19,46190,57800
2023-10-20,46350,58000
2023-10-23,46190,57800
2023-10-24,46190,57800
2023-10-25,46350,58000
2023-10-26,44670,55900
2023-10-30,42750,53500
2023-10-31,40190,50300
2023-11-01,41550,52000
2023-11-02,44670,55900
2023-11-03,44110,55200
2023-11-06,44590,55800
2023-11-07,43950,55000
2023-11-08,45710,57200
2023-11-09,45950,57500
2023-11-10,45310,56700
2023-11-13,44510,55700
2023-11-14,44510,55700
2023-11-15,45390,56800
2023-11-16,45310,56700
2023-11-17,45390,56800
2023-11-20,46030,57600
2023-11-21,45950,57500
2023-11-22,45550,57000
2023-11-23,45790,57300
2023-11-24,46190,57800
2023-11-27,46270,57900
2023-11-28,45950,57500
2023-11-29,45950,57500
2023-11-30,46190,57800
2023-12-01,46780,56500
2023-12-04,47440,57300
2023-12-05,46940,56700
2023-12-06,46940,56700
2023-12-07,46940,56700
2023-12-08,46780,56500
2023-12-11,46530,56200
2023-12-12,45950,55500
2023-12-13,45200,54600
2023-12-14,44870,54200
2023-12-15,45120,54500
2023-12-18,44710,54000
2023-12-19,45200,54600
2023-12-20,45370,54800
2023-12-21,45200,54600
2023-12-22,45120,54500
2023-12-25,45540,55000
2023-12-26,45620,55100
2023-12-27,45450,54900
2023-12-28,45540,55000
2023-12-29,45540,55000
2024-01-02,45700,55200
2024-01-03,45700,55200
2024-01-04,45700,55200
2024-01-05,47520,57400
2024-01-08,47690,57600
2024-01-09,47190,57000
2024-01-10,46690,56400
2024-01-11,46780,56500
2024-01-12,46280,55900
2024-01-15,45370,54800
2024-01-16,45700,55200
2024-01-17,45290,54700
2024-01-18,45290,54700
2024-01-19,45700,55200
2024-01-22,45870,55400
2024-01-23,45780,55300
2024-01-24,45540,55000
2024-01-25,45540,55000
2024-01-26,45450,54900
2024-01-29,46200,55800
2024-01-30,46200,55800
2024-01-31,48760,58900
2024-02-01,50500,61000
2024-02-02,50340,60800
2024-02-05,50340,60800
2024-02-06,50420,60900
2024-02-07,51160,61800
2024-02-15,51160,61800
2024-02-16,50670,61200
2024-02-19,50420,60900
2024-02-20,50830,61400
2024-02-21,51330,62000
2024-02-22,51830,62600
2024-02-23,50340,60800
2024-02-26,50090,60500
2024-02-27,53480,64600
2024-02-28,52990,64000
2024-02-29,53730,64900
2024-03-01,54640,66000
2024-03-04,53900,65100
2024-03-05,54150,65400
2024-03-06,53900,65100
2024-03-07,53570,64700
2024-03-08,55550,67100
2024-03-11,57130,69000
2024-03-12,56710,68500
2024-03-13,57540,69500
2024-03-14,59530,71900
2024-03-15,58780,71000
2024-03-18,55880,67500
2024-03-19,56790,68600
2024-03-20,57370,69300
2024-03-21,58200,70300
2024-03-22,57370,69300
2024-03-25,56960,68800
2024-03-26,57540,69500
2024-03-27,58370,70500
2024-03-28,58040,70100
2024-03-29,59690,72100
2024-04-01,58780,71000
2024-04-02,58780,71000
2024-04-03,57950,70000
2024-04-04,56460,68200
2024-04-05,55470,67000
2024-04-08,54720,66100
2024-04-09,55550,67100
2024-04-10,55550,67100
2024-04-11,55470,67000
2024-04-12,55550,67100
2024-04-15,50670,61200
2024-04-16,51160,61800
2024-04-17,51250,61900
2024-04-19,51250,61900
2024-04-22,51990,62800
2024-04-23,51250,61900
2024-04-24,52900,63900
2024-04-25,52570,63500
2024-04-26,52080,62900
2024-05-02,51830,62600
2024-05-03,53730,64900
2024-05-06,54640,66000
2024-05-07,55390,66900
2024-05-08,55470,67000
2024-05-09,57130,69000
2024-05-10,57460,69400
2024-05-13,55550,67100
2024-05-14,55060,66500
2024-05-15,58370,70500
2024-05-16,57950,70000
2024-05-17,60440,73000
2024-05-20,60190,72700
2024-05-21,59110,71400
2024-05-22,58780,71000
2024-05-23,59610,72000
2024-05-24,57370,69300
2024-05-27,57540,69500
2024-05-28,58370,70500
2024-05-29,57620,69600
2024-05-30,56710,68500
2024-05-31,57370,69300
2024-06-03,58620,70800
2024-06-04,58620,70800
2024-06-05,60440,73000
2024-06-06,65400,79000
2024-06-07,65400,79000
2024-06-10,64830,78300
2024-06-11,67060,81000
2024-06-12,66900,80800
2024-06-13,65650,79300
2024-06-14,65490,79100
2024-06-17,66230,80000
2024-06-18,69460,83900
2024-06-19,67950,80100
2024-06-20,70240,82800
2024-06-21,69560,82000
2024-06-24,65400,77100
2024-06-25,65740,77500
2024-06-26,65740,77500
2024-06-27,65740,77500
2024-06-28,62350,73500
2024-07-01,62180,73300
2024-07-02,64300,75800
2024-07-03,63960,75400
2024-07-04,63450,74800
2024-07-05,63700,75100
2024-07-08,64470,76000
2024-07-09,66590,78500
2024-07-10,65230,76900
2024-07-11,64470,76000
2024-07-12,63960,75400
2024-07-15,63370,74700
2024-07-16,63700,75100
2024-07-17,62090,73200
2024-07-18,61920,73000
2024-07-19,60230,71000
2024-07-22,58780,69300
2024-07-23,56830,67000
2024-07-24,58450,68900
2024-07-25,58360,68800
2024-07-26,58950,69500
2024-07-29,59040,69600
2024-07-30,58530,69000
2024-07-31,57090,67300
2024-08-01,54290,64000
2024-08-02,55990,66000
2024-08-05,52760,62200
2024-08-06,54200,63900
2024-08-07,54710,64500
2024-08-08,54200,63900
2024-08-09,55140,65000
2024-08-12,55730,65700
2024-08-13,55220,65100
2024-08-14,55140,65000
2024-08-15,53780,63400
2024-08-16,57000,67200
2024-08-19,57770,68100
2024-08-20,57430,67700
2024-08-21,56830,67000
2024-08-22,57770,68100
2024-08-23,57430,67700
2024-08-26,57340,67600
2024-08-27,57000,67200
2024-08-28,57260,67500
2024-08-29,56830,67000
2024-08-30,56830,67000
2024-09-04,56240,66300
2024-09-05,55220,65100
2024-09-06,55310,65200
2024-09-09,55310,65200
2024-09-10,54970,64800
2024-09-11,55050,64900
2024-09-12,55390,65300
2024-09-13,55140,65000
2024-09-16,54290,64000
2024-09-17,54460,64200
2024-09-18,54460,64200
2024-09-19,54540,64300
2024-09-20,55480,65400
2024-09-23,55990,66000
2024-09-24,56070,66100
2024-09-25,55820,65800
2024-09-26,55730,65700
2024-09-27,55560,65500
2024-09-30,54880,64700
2024-10-01,54710,64500
2024-10-02,54030,63700
2024-10-03,52590,62000
2024-10-04,52590,62000
2024-10-07,52680,62100
2024-10-08,52850,62300
2024-10-09,53870,63500
2024-10-10,53870,63500
2024-10-11,53780,63400
2024-10-14,53610,63200
2024-10-15,53610,63200
2024-10-16,53190,62700
2024-10-17,53360,62900
2024-10-18,53360,62900
2024-10-21,53700,63300
2024-10-22,54540,64300
2024-10-23,54200,63900
2024-10-24,53780,63400
2024-10-25,53100,62600
2024-10-28,53020,62500
2024-10-29,53700,63300
2024-10-30,53780,63400
2024-10-31,53270,62800
2024-11-01,53020,62500
2024-11-04,52170,61500
2024-11-05,51830,61100
2024-11-06,53360,62900
2024-11-07,53270,62800
2024-11-08,55390,65300
2024-11-11,56070,66100
2024-11-12,55220,65100
2024-11-13,58530,69000
2024-11-14,57680,68000
2024-11-15,57510,67800
2024-11-18,57680,68000
2024-11-19,55390,65300
2024-11-20,54290,64000
2024-11-21,54370,64100
2024-11-22,54030,63700
2024-11-25,54120,63800
2024-11-26,55390,65300
2024-11-27,54970,64800
2024-12-09,55310,65200
2024-12-10,55140,65000
2024-12-11,54970,64800
2024-12-12,54960,62800
2024-12-13,54440,62200
2024-12-16,53830,61500
2024-12-17,54180,61900
2024-12-18,54610,62400
2024-12-19,54090,61800
2024-12-20,54000,61700
2024-12-23,54180,61900
2024-12-24,55840,63800
2024-12-25,55930,63900
2024-12-26,56540,64600
2024-12-27,55490,63400
2024-12-30,55140,63000
2024-12-31,55580,63500
2025-01-02,55490,63400
2025-01-03,54700,62500
2025-01-06,53210,60800
2025-01-07,53390,61000
2025-01-08,53560,61200
2025-01-09,53210,60800
2025-01-10,52080,59500
2025-01-13,51900,59300
2025-01-14,52080,59500
2025-01-15,52430,59900
2025-01-16,52510,60000
2025-01-17,52600,60100
2025-01-20,52510,60000
2025-01-21,52430,59900
2025-01-22,51640,59000
2025-01-23,52340,59800
2025-01-24,52340,59800
2025-02-04,52860,60400
2025-02-05,52510,60000
2025-02-06,52160,59600
2025-02-07,52080,59500
2025-02-10,50500,57700
2025-02-11,50330,57500
2025-02-12,50680,57900
2025-02-13,50410,57600
2025-02-14,50850,58100
2025-02-17,50590,57800
2025-02-18,50410,57600
2025-02-19,51290,58600
2025-02-20,52160,59600
2025-02-21,51900,59300
2025-02-24,52430,59900
2025-02-25,51730,59100
2025-02-26,51640,59000
2025-02-27,51640,59000
2025-02-28,51380,58700
2025-03-03,52080,59500
2025-03-04,51200,58500
2025-03-05,51200,58500
2025-03-06,51290,58600
2025-03-07,51290,58600
2025-03-10,51290,58600
2025-03-11,52430,59900
2025-03-12,52160,59600
2025-03-13,51900,59300
2025-03-14,51110,58400
2025-03-18,50760,58000
2025-03-19,50760,58000
2025-03-20,50680,57900
2025-03-21,51730,59100
2025-03-24,51200,58500
2025-03-25,51290,58600
2025-03-26,51030,58300
2025-03-27,51200,58500
2025-03-28,50590,57800
2025-03-31,50760,58000
2025-04-01,50760,58000
2025-04-02,50240,57400
2025-04-03,45250,51700
2025-04-04,41310,47200
2025-04-08,37200,42500
2025-04-09,35010,40000
2025-04-10,38510,44000
2025-04-11,40700,46500
2025-04-14,40700,46500
2025-04-15,38510,44000
2025-04-16,38250,43700
2025-04-17,40260,46000
2025-04-18,40170,45900
2025-04-21,40090,45800
2025-04-22,37980,43400
2025-04-23,38770,44300
2025-04-24,39390,45000
2025-04-25,39390,45000
2025-04-28,39740,45400
2025-04-29,40700,46500
2025-05-05,41140,47000
2025-05-06,41050,46900
2025-05-07,40440,46200
2025-05-08,40790,46600
2025-05-09,40790,46600
2025-05-12,40870,46700
2025-05-13,42010,48000
2025-05-14,42800,48900
2025-05-15,42540,48600
2025-05-16,41840,47800
2025-05-19,41220,47100
2025-05-20,41660,47600
2025-05-21,41400,47300
2025-05-22,41400,47300
2025-05-23,41140,47000
2025-05-26,42970,49100
2025-05-27,42800,48900
2025-05-28,43850,50100
2025-05-29,45070,51500
2025-05-30,43850,50100
2025-06-02,43590,49800
2025-06-03,43850,50100
2025-06-04,43850,50100
2025-06-05,43500,49700
2025-06-06,42890,49000
2025-06-09,42270,48300
2025-06-10,43240,49400
2025-06-11,43320,49500
2025-06-12,43850,50100
2025-06-13,43060,49200
2025-06-16,44200,50500
2025-06-17,44200,50500
2025-06-18,43940,50200
2025-06-19,43570,47800
2025-06-20,43200,47400
2025-06-23,42750,46900
2025-06-24,43110,47300
2025-06-25,43470,47700
2025-06-26,43200,47400
2025-06-27,43930,48200
2025-06-30,43930,48200
2025-07-01,43470,47700
2025-07-02,44750,49100
2025-07-03,45300,49700
2025-07-04,44750,49100
2025-07-07,44390,48700
2025-07-08,45020,49400
2025-07-09,45020,49400
2025-07-10,45750,50200
2025-07-11,45390,49800
2025-07-14,45210,49600
2025-07-15,45210,49600
2025-07-16,45300,49700
2025-07-17,46030,50500
2025-07-18,45570,50000
2025-07-21,45300,49700
2025-07-22,45300,49700
2025-07-23,46120,50600
2025-07-24,45570,50000
2025-07-25,45940,50400
2025-07-28,46660,51200
2025-07-29,44750,49100
2025-07-30,44750,49100
2025-07-31,44660,49000
2025-08-01,44840,49200
2025-08-04,44840,49200
2025-08-05,45110,49500
2025-08-06,45110,49500
2025-08-07,45840,50300
2025-08-08,47210,51800
2025-08-11,47120,51700
2025-08-12,46760,51300
2025-08-13,46480,51000
2025-08-14,46390,50900
2025-08-15,45840,50300
2025-08-18,46940,51500
2025-08-19,46300,50800
2025-08-20,45210,49600
2025-08-21,45110,49500
2025-08-22,44110,48400
2025-08-25,44110,48400
2025-08-26,44750,49100
2025-08-27,44660,49000
2025-08-28,44570,48900
2025-08-29,44480,48800
2025-09-03,44660,49000
2025-09-04,45300,49700
2025-09-05,45020,49400
2025-09-08,44660,49000
2025-09-09,44660,49000
2025-09-10,44570,48900
2025-09-11,44570,48900
2025-09-12,45570,50000
2025-09-15,45660,50100
2025-09-16,46300,50800
2025-09-17,47940,52600
2025-09-18,47300,51900
2025-09-19,46390,50900
2025-09-22,45390,49800
2025-09-23,45210,49600
2025-09-24,45210,49600
2025-09-25,45390,49800
2025-09-26,45110,49500
2025-09-29,44290,48600
2025-09-30,43930,48200
2025-10-01,44390,48700
2025-10-02,43840,48100
2025-10-03,43840,48100
2025-10-06,44290,48600
2025-10-07,44200,48500
2025-10-08,44020,48300
2025-10-09,43930,48200
2025-10-10,44290,48600
2025-10-13,43660,47900
2025-10-14,43470,47700
2025-10-15,43290,47500
2025-10-16,43020,47200
2025-10-17,42650,46800
2025-10-20,41200,45200
2025-10-21,41470,45500
2025-10-22,41470,45500
2025-10-23,42110,46200
2025-10-24,42110,46200
2025-10-27,43110,47300
2025-10-28,43020,47200
2025-10-29,43380,47600
2025-10-30,43200,47400
2025-10-31,43750,48000
2025-11-03,42930,47100
2025-11-04,42930,47100
2025-11-05,42750,46900
2025-11-06,42380,46500
2025-11-07,42020,46100
2025-11-10,42110,46200
2025-11-11,42200,46300
2025-11-12,42200,46300
2025-11-13,42470,46600
2025-11-14,43290,47500
2025-11-17,43020,47200
2025-11-18,42930,47100
2025-11-19,43290,47500
2025-11-20,43110,47300
2025-11-21,42930,47100
2025-11-24,42650,46800
2025-11-25,42560,46700
2025-11-26,42560,46700
2025-11-27,42750,46900
2025-11-28,42650,46800
2025-12-01,42650,46800
2025-12-02,43290,47500
2025-12-03,44200,48500
2025-12-04,43930,48200
2025-12-05,43750,48000
2025-12-08,43290,47500
2025-12-09,43470,47700
2025-12-10,43020,47200
2025-12-11,43200,47400
2025-12-12,42380,46500
2025-12-15,42380,46500
2025-12-16,42570,44900
2025-12-17,41910,44200
2025-12-18,40010,42200
2025-12-19,40770,43000
2025-12-22,40770,43000
2025-12-23,40860,43100
2025-12-24,40770,43000
2025-12-25,40670,42900
2025-12-26,40390,42600
2025-12-29,40390,42600
2025-12-30,40480,42700
2025-12-31,40580,42800
2026-01-05,40200,42400
2026-01-06,40770,43000
2026-01-07,41430,43700
2026-01-08,41150,43400
2026-01-09,41050,43300
2026-01-12,41720,44000
2026-01-13,42000,44300
2026-01-14,42660,45000
2026-01-15,42850,45200
2026-01-16,42660,45000
2026-01-19,41910,44200
2026-01-20,41810,44100
2026-01-21,42100,44400
2026-01-22,42570,44900
2026-01-23,42290,44600
2026-01-26,41720,44000
2026-01-27,41720,44000
2026-01-28,41720,44000
2026-02-02,41720,44000
2026-02-03,42100,44400
2026-02-04,43900,46300
2026-02-05,44090,46500
2026-02-06,42100,44400
2026-02-09,42190,44500
2026-02-10,41240,43500
2026-02-11,41530,43800
2026-02-12,41810,44100
2026-02-13,42000,44300
2026-02-23,42660,45000
2026-02-24,42660,45000
2026-02-25,42470,44800
2026-02-26,42100,44400
2026-02-27,41910,44200
2026-03-02,41430,43700
2026-03-03,41340,43600
2026-03-04,40770,43000
2026-03-05,40860,43100
2026-03-06,40200,42400
2026-03-09,37170,39200
2026-03-10,38870,41000
2026-03-11,39730,41900
2026-03-12,39540,41700
2026-03-13,39250,41400
2026-03-16,38870,41000
2026-03-17,39060,41200
2026-03-18,38870,41000
2026-03-19,38490,40600
2026-03-20,37920,40000
2026-03-23,37260,39300
2026-03-24,39730,41900
2026-03-25,39440,41600
2026-03-26,38680,40800
2026-03-27,38870,41000
2026-03-30,38490,40600
2026-03-31,38110,40200
2026-04-01,38970,41100
2026-04-02,38590,40700
2026-04-03,38210,40300
2026-04-06,37920,40000
2026-04-07,37540,39600
2026-04-08,38780,40900
2026-04-09,38210,40300
2026-04-10,38300,40400
2026-04-13,38210,40300
2026-04-14,38300,40400
2026-04-15,38020,40100
2026-04-16,38020,40100
2026-04-17,37920,40000
2026-04-20,38020,40100
2026-04-21,37830,39900
2026-04-22,37830,39900
2026-04-23,37640,39700
2026-04-24,37540,39600
2026-04-28,37640,39700
2026-04-29,37450,39500
2026-05-04,37450,39500
2026-05-05,36980,39000
2026-05-06,37360,39400
2026-05-07,37450,39500
2026-05-08,37170,39200
2026-05-11,36790,38800
2026-05-12,36980,39000
2026-05-13,37170,39200
2026-05-14,36790,38800
2026-05-15,36880,38900
2026-05-18,36980,39000
2026-05-19,36790,38800
2026-05-20,36500,38500
2026-05-21,36410,38400
2026-05-22,36410,38400
2026-05-25,36500,38500
2026-05-26,36500,38500
2026-05-27,36500,38500
2026-05-28,36500,38500
2026-05-29,36310,38300
2026-06-01,36880,38900
2026-06-02,36310,38300
2026-06-03,36220,38200
2026-06-04,36410,38400
2026-06-05,36030,38000
2026-06-08,35740,37700
2026-06-09,35550,37500
2026-06-10,35930,37900
2026-06-11,35650,37600
2026-06-12,36790,38800
2026-06-15,36980,39000
2026-06-16,36690,38700
2026-06-17,36980,39000
2026-06-18,36790,38800
2026-06-19,36500,38500
2026-06-22,36600,36600
2026-06-23,36000,36000
2026-06-24,35900,35900
2026-06-25,36100,36100
2026-06-26,35700,35700
2026-06-29,35800,35800
2026-06-30,36100,36100
2026-07-01,36200,36200
2026-07-02,36200,36200
2026-07-03,36100,36100
2026-07-06,35400,35400
2026-07-07,35300,35300
2026-07-08,35300,35300
2026-07-09,35100,35100
2026-07-10,34300,34300
2026-07-13,34400,34400
2026-07-14,34400,34400
2026-07-15,34400,34400
2026-07-16,34000,34000
2026-07-17,34400,34400
2026-07-20,33800,33800
2026-07-21,33100,33100
2026-07-22,32700,32700
2026-07-23,32800,32800
2026-07-24,32800,32800
2026-07-27,32600,32600
2026-07-28,32000,32000
2026-07-29,32300,32300
2026-07-30,33000,33000
2026-07-31,32600,32600
2026-08-03,33200,33200
2026-08-04,33200,33200
2026-08-05,33200,33200
2026-08-06,33100,33100
2026-08-07,33400,33400
2026-08-10,33500,33500
2026-08-11,33600,33600
2026-08-12,33700,33700
2026-08-13,33400,33400
2026-08-14,33300,33300
2026-08-17,33200,33200
2026-08-18,32900,32900
2026-08-19,32500,32500
2026-08-20,32400,32400
2026-08-21,32300,32300
2026-08-24,32400,32400
2026-08-25,32500,32500
2026-08-26,32100,32100
2026-08-27,32100,32100
2026-08-28,32000,32000
2026-09-03,31500,31500
2026-09-04,31100,31100
2026-09-07,31600,31600
2026-09-08,31800,31800
2026-09-09,31800,31800
2026-09-10,31600,31600
