date,adjusted_price,unadjusted_price
2006-01-19,2020,53000
2006-01-20,2060,54000
2006-01-23,2010,52500
2006-01-24,1990,52000
2006-01-25,2020,53000
2006-01-26,2040,53500
2006-01-27,2020,53000
2006-02-06,2020,53000
2006-02-07,2060,54000
2006-02-08,2100,55000
2006-02-09,2100,55000
2006-02-10,2100,55000
2006-02-13,2100,55000
2006-02-14,2100,55000
2006-02-15,2080,54500
2006-02-16,2100,55000
2006-02-17,2200,57500
2006-02-20,2290,60000
2006-02-21,2410,63000
2006-02-22,2410,63000
2006-02-23,2450,64000
2006-02-24,2460,64500
2006-02-27,2500,65500
2006-02-28,2620,68500
2006-03-01,2710,71000
2006-03-02,2750,72000
2006-03-03,2620,68500
2006-03-06,2670,70000
2006-03-07,2670,70000
2006-03-08,2600,68000
2006-03-09,2620,68500
2006-03-10,2620,68500
2006-03-13,2670,70000
2006-03-14,2710,71000
2006-03-15,2640,69000
2006-03-16,2670,70000
2006-03-17,2710,71000
2006-03-20,2750,72000
2006-03-21,2810,73500
2006-03-22,2810,73500
2006-03-23,2850,74500
2006-03-24,2830,74000
2006-03-27,2850,74500
2006-03-28,2850,74500
2006-03-29,2920,76500
2006-03-30,3060,80000
2006-03-31,3090,81000
2006-04-03,3250,85000
2006-04-04,3090,81000
2006-04-05,3250,85000
2006-04-06,3320,87000
2006-04-07,3440,90000
2006-04-10,3400,89000
2006-04-11,3300,86500
2006-04-12,3400,89000
2006-04-13,3480,91000
2006-04-14,3440,90000
2006-04-17,3440,90000
2006-04-18,3480,91000
2006-04-19,3480,91000
2006-04-20,3480,91000
2006-04-21,3650,95500
2006-04-24,3820,100000
2006-04-25,3900,102000
2006-04-26,3740,98000
2006-04-27,3570,93500
2006-04-28,3570,93500
2006-05-03,3710,97000
2006-05-04,3630,95000
2006-05-05,3550,93000
2006-05-08,3440,90000
2006-05-09,3270,85500
2006-05-10,3110,81500
2006-05-11,3270,85500
2006-05-12,3420,89500
2006-05-15,3570,93500
2006-05-16,3400,89000
2006-05-17,3460,90500
2006-05-18,3420,89500
2006-05-19,3400,89000
2006-05-22,3360,88000
2006-05-23,3290,86000
2006-05-24,3440,90000
2006-05-25,3320,87000
2006-05-26,3360,88000
2006-05-29,3320,87000
2006-05-30,3290,86000
2006-05-31,3400,89000
2006-06-01,3360,88000
2006-06-02,3360,88000
2006-06-05,3400,89000
2006-06-06,3400,89000
2006-06-07,3360,88000
2006-06-08,3380,88500
2006-06-09,3400,89000
2006-06-12,3360,88000
2006-06-13,3340,87500
2006-06-14,3320,87000
2006-06-15,3300,86500
2006-06-16,3210,84000
2006-06-19,3170,83000
2006-06-20,3060,80000
2006-06-21,2940,77000
2006-06-22,3080,80500
2006-06-23,3080,80500
2006-06-26,3040,79500
2006-06-27,3020,79000
2006-06-28,3060,80000
2006-06-29,3090,81000
2006-06-30,3090,81000
2006-07-03,3060,80000
2006-07-04,3020,79000
2006-07-05,3020,79000
2006-07-06,3060,80000
2006-07-07,3060,80000
2006-07-10,3020,79000
2006-07-11,3020,79000
2006-07-12,3000,78500
2006-07-13,3000,78500
2006-07-14,3000,78500
2006-07-17,2940,77000
2006-07-18,2880,75500
2006-07-19,2770,72500
2006-07-20,2900,76000
2006-07-21,2830,74000
2006-07-24,2770,72500
2006-07-25,2640,69000
2006-07-26,2640,69000
2006-07-27,2670,70000
2006-07-28,2670,70000
2006-07-31,2580,67500
2006-08-01,2480,65000
2006-08-02,2520,66000
2006-08-03,2640,69000
2006-08-04,2750,72000
2006-08-07,2660,69500
2006-08-08,2750,72000
2006-08-09,2770,72500
2006-08-10,2770,72500
2006-08-11,2830,74000
2006-08-14,2960,77500
2006-08-15,2960,77500
2006-08-16,3090,81000
2006-08-17,3170,83000
2006-08-18,3170,83000
2006-08-21,3150,82500
2006-08-22,3080,80500
2006-08-23,3110,81500
2006-08-24,3110,81500
2006-08-25,3090,81000
2006-08-28,3130,82000
2006-08-29,3150,82500
2006-08-30,3170,83000
2006-08-31,3150,82500
2006-09-01,3150,82500
2006-09-05,3210,84000
2006-09-06,3170,83000
2006-09-07,3150,82500
2006-09-08,3150,82500
2006-09-11,3130,82000
2006-09-12,3090,81000
2006-09-13,3110,81500
2006-09-14,3080,80500
2006-09-15,3090,81000
2006-09-18,3110,81500
2006-09-19,3170,83000
2006-09-20,3150,82500
2006-09-21,3130,82000
2006-09-22,3130,82000
2006-09-25,3130,82000
2006-09-26,3150,82500
2006-09-27,3150,82500
2006-09-28,3170,83000
2006-09-29,3170,83000
2006-10-02,3150,82500
2006-10-03,3170,83000
2006-10-04,3170,83000
2006-10-05,3170,83000
2006-10-06,3170,83000
2006-10-09,3130,82000
2006-10-10,3090,81000
2006-10-11,3060,80000
2006-10-12,3060,80000
2006-10-13,3110,81500
2006-10-16,3130,82000
2006-10-17,3130,82000
2006-10-18,3150,82500
2006-10-19,3150,82500
2006-10-20,3170,83000
2006-10-23,3150,82500
2006-10-24,3150,82500
2006-10-25,3150,82500
2006-10-26,3130,82000
2006-10-27,3110,81500
2006-10-30,3080,80500
2006-10-31,3060,80000
2006-11-01,3130,82000
2006-11-02,3090,81000
2006-11-03,3080,80500
2006-11-06,3090,81000
2006-11-07,3090,81000
2006-11-08,3130,82000
2006-11-09,3130,82000
2006-11-10,3170,83000
2006-11-13,3170,83000
2006-11-14,3320,87000
2006-11-15,3480,91000
2006-11-16,3460,90500
2006-11-17,3590,94000
2006-11-20,3710,97000
2006-11-21,3860,101000
2006-11-22,3900,102000
2006-11-23,4090,107000
2006-11-24,4280,112000
2006-11-27,4090,107000
2006-11-28,4010,105000
2006-11-29,3860,101000
2006-11-30,4050,106000
2006-12-01,4010,105000
2006-12-04,4130,108000
2006-12-05,4200,110000
2006-12-06,4390,115000
2006-12-07,4580,120000
2006-12-08,4810,126000
2006-12-11,5040,132000
2006-12-12,5080,133000
2006-12-13,5310,139000
2006-12-14,5310,139000
2006-12-15,5200,136000
2006-12-18,5010,131000
2006-12-19,5120,134000
2006-12-20,5120,134000
2006-12-21,4890,128000
2006-12-22,4660,122000
2006-12-25,4580,120000
2006-12-26,4780,125000
2006-12-27,4580,120000
2006-12-28,4740,124000
2006-12-29,4780,125000
2007-01-02,4780,125000
2007-01-03,5010,131000
2007-01-04,5230,137000
2007-01-05,5460,143000
2007-01-08,5460,143000
2007-01-09,5730,150000
2007-01-10,6000,157000
2007-01-11,6270,164000
2007-01-12,6570,172000
2007-01-15,6880,180000
2007-01-16,7220,189000
2007-01-17,6880,180000
2007-01-18,7070,185000
2007-01-19,7410,194000
2007-01-22,7070,185000
2007-01-23,7070,185000
2007-01-24,6720,176000
2007-01-25,6420,168000
2007-01-26,6110,160000
2007-01-29,6420,168000
2007-01-30,6720,176000
2007-01-31,7040,175000
2007-02-01,7360,183000
2007-02-02,7720,192000
2007-02-05,7360,183000
2007-02-06,7720,192000
2007-02-07,8050,200000
2007-02-08,7640,190000
2007-02-09,7280,181000
2007-02-12,7560,188000
2007-02-13,7930,197000
2007-02-14,7680,191000
2007-02-15,7760,193000
2007-02-26,8130,202000
2007-02-27,8530,212000
2007-02-28,8130,202000
2007-03-01,7970,198000
2007-03-02,8050,200000
2007-03-05,8130,202000
2007-03-06,7850,195000
2007-03-07,7600,189000
2007-03-08,7640,190000
2007-03-09,7850,195000
2007-03-12,7970,198000
2007-03-13,7640,190000
2007-03-14,7480,186000
2007-03-15,7120,177000
2007-03-16,7440,185000
2007-03-19,7720,192000
2007-03-20,7520,187000
2007-03-21,7480,186000
2007-03-22,7240,180000
2007-03-23,7240,180000
2007-03-26,7240,180000
2007-03-27,7240,180000
2007-03-28,7160,178000
2007-03-29,7440,185000
2007-03-30,7400,184000
2007-04-02,7240,180000
2007-04-03,7080,176000
2007-04-04,7360,183000
2007-04-05,7360,183000
2007-04-06,7240,180000
2007-04-09,7200,179000
2007-04-10,7240,180000
2007-04-11,7240,180000
2007-04-12,7200,179000
2007-04-13,7160,178000
2007-04-16,6840,170000
2007-04-17,6880,171000
2007-04-18,7200,179000
2007-04-19,7200,179000
2007-04-20,6920,172000
2007-04-23,6800,169000
2007-04-24,6480,161000
2007-04-25,6800,169000
2007-05-02,7080,176000
2007-05-03,7080,176000
2007-05-04,7240,180000
2007-05-07,7560,188000
2007-05-08,7800,194000
2007-05-09,7800,194000
2007-05-10,7720,192000
2007-05-11,7560,188000
2007-05-14,7480,186000
2007-05-15,7360,183000
2007-05-16,7120,177000
2007-05-17,7440,185000
2007-05-18,7640,190000
2007-05-21,7680,191000
2007-05-22,7720,192000
2007-05-23,7760,193000
2007-05-24,7560,188000
2007-05-25,7480,186000
2007-05-28,7560,188000
2007-05-29,7560,188000
2007-05-30,7440,185000
2007-05-31,7440,185000
2007-06-01,7560,188000
2007-06-04,7560,188000
2007-06-05,7440,185000
2007-06-06,7400,184000
2007-06-07,7400,184000
2007-06-08,7560,188000
2007-06-11,7400,184000
2007-06-12,7360,183000
2007-06-13,7440,185000
2007-06-14,7440,185000
2007-06-15,7480,186000
2007-06-18,7480,186000
2007-06-19,7440,185000
2007-06-20,7360,183000
2007-06-21,7320,182000
2007-06-22,7400,184000
2007-06-25,7400,184000
2007-06-26,7400,184000
2007-06-27,7320,180000
2007-06-28,7320,180000
2007-06-29,7320,180000
2007-07-02,7110,175000
2007-07-03,6950,171000
2007-07-04,7280,179000
2007-07-05,7440,183000
2007-07-06,7320,180000
2007-07-09,7320,180000
2007-07-10,7440,183000
2007-07-11,7440,183000
2007-07-12,7400,182000
2007-07-13,7320,180000
2007-07-16,7280,179000
2007-07-17,7240,178000
2007-07-18,7240,178000
2007-07-19,7200,177000
2007-07-20,7150,176000
2007-07-23,7240,178000
2007-07-24,7320,180000
2007-07-25,7320,180000
2007-07-26,7240,178000
2007-07-27,6990,172000
2007-07-30,7200,177000
2007-07-31,7240,178000
2007-08-01,7200,177000
2007-08-02,7110,175000
2007-08-03,6990,172000
2007-08-06,6910,170000
2007-08-07,6710,165000
2007-08-08,6790,167000
2007-08-09,6990,172000
2007-08-10,6990,172000
2007-08-13,6830,168000
2007-08-14,6870,169000
2007-08-15,6830,168000
2007-08-16,6710,165000
2007-08-17,6670,164000
2007-08-20,6630,163000
2007-08-21,6710,165000
2007-08-22,6670,164000
2007-08-23,6670,164000
2007-08-24,6670,164000
2007-08-27,6710,165000
2007-08-28,6630,163000
2007-08-29,6590,162000
2007-08-30,6590,162000
2007-08-31,6500,160000
2007-09-04,6670,164000
2007-09-05,6460,159000
2007-09-06,6500,160000
2007-09-07,6590,162000
2007-09-10,6500,160000
2007-09-11,6540,161000
2007-09-12,6540,161000
2007-09-13,6590,162000
2007-09-14,6710,165000
2007-09-17,6750,166000
2007-09-18,6750,166000
2007-09-19,6750,166000
2007-09-20,6830,168000
2007-09-21,6750,166000
2007-09-24,6830,168000
2007-09-25,7110,175000
2007-09-26,7030,173000
2007-09-27,7070,174000
2007-09-28,7400,182000
2007-10-01,7760,191000
2007-10-02,7930,195000
2007-10-03,8050,198000
2007-10-04,7760,191000
2007-10-05,7600,187000
2007-10-08,7600,187000
2007-10-09,7680,189000
2007-10-10,7890,194000
2007-10-11,7760,191000
2007-10-12,7930,195000
2007-10-15,7890,194000
2007-10-16,7890,194000
2007-10-17,7850,193000
2007-10-18,7890,194000
2007-10-19,7720,190000
2007-10-22,7520,185000
2007-10-23,7400,182000
2007-10-24,7640,188000
2007-10-25,7640,188000
2007-10-26,7720,190000
2007-10-29,7360,181000
2007-10-30,7680,189000
2007-10-31,7480,184000
2007-11-01,7480,184000
2007-11-02,7560,186000
2007-11-05,7240,178000
2007-11-06,7150,176000
2007-11-07,7240,178000
2007-11-08,7320,180000
2007-11-09,7320,180000
2007-11-12,7240,178000
2007-11-13,6910,170000
2007-11-14,6710,165000
2007-11-15,7030,173000
2007-11-16,7110,175000
2007-11-19,7240,178000
2007-11-20,7030,173000
2007-11-21,6910,170000
2007-11-22,6910,170000
2007-11-23,6910,170000
2007-11-26,6990,172000
2007-11-27,7070,174000
2007-11-28,6910,170000
2007-11-29,6870,169000
2007-11-30,6750,166000
2007-12-03,7030,173000
2007-12-04,7030,173000
2007-12-05,6910,170000
2007-12-06,6990,172000
2007-12-07,6950,171000
2007-12-10,6910,170000
2007-12-11,6790,167000
2007-12-12,6790,167000
2007-12-13,6750,166000
2007-12-14,6630,163000
2007-12-17,6630,163000
2007-12-18,6710,165000
2007-12-19,6910,170000
2007-12-20,6790,167000
2007-12-21,6870,169000
2007-12-24,6830,168000
2007-12-25,6830,168000
2007-12-26,6870,169000
2007-12-27,6790,167000
2007-12-28,6750,166000
2008-01-02,6710,165000
2008-01-03,6670,164000
2008-01-04,6590,162000
2008-01-07,6750,166000
2008-01-08,6750,166000
2008-01-09,6630,163000
2008-01-10,6300,155000
2008-01-11,6380,157000
2008-01-14,6340,156000
2008-01-15,6060,149000
2008-01-16,6340,156000
2008-01-17,6140,151000
2008-01-18,6220,153000
2008-01-21,6100,150000
2008-01-22,5810,143000
2008-01-23,5530,136000
2008-01-24,5280,130000
2008-01-25,5530,136000
2008-01-28,5610,138000
2008-01-29,5810,143000
2008-01-30,5530,136000
2008-01-31,5770,142000
2008-02-01,5890,145000
2008-02-12,5690,140000
2008-02-13,5530,136000
2008-02-14,5610,138000
2008-02-15,5570,137000
2008-02-18,5330,131000
2008-02-19,5330,131000
2008-02-20,5120,126000
2008-02-21,4880,120000
2008-02-22,4630,114000
2008-02-25,4840,119000
2008-02-26,4920,121000
2008-02-27,5080,125000
2008-02-28,4960,122000
2008-02-29,4760,117000
2008-03-03,4550,112000
2008-03-04,4350,107000
2008-03-05,4150,102000
2008-03-06,4350,107000
2008-03-07,4550,112000
2008-03-10,4760,117000
2008-03-11,4800,118000
2008-03-12,4880,120000
2008-03-13,4960,122000
2008-03-14,5000,123000
2008-03-17,4760,117000
2008-03-18,4550,112000
2008-03-19,4630,114000
2008-03-20,4800,118000
2008-03-21,4590,113000
2008-03-24,4390,108000
2008-03-25,4190,103000
2008-03-26,4310,106000
2008-03-27,4350,107000
2008-03-28,4390,108000
2008-03-31,4430,109000
2008-04-01,4470,110000
2008-04-02,4510,111000
2008-04-03,4550,112000
2008-04-04,4590,113000
2008-04-07,4670,115000
2008-04-08,4760,117000
2008-04-09,4840,119000
2008-04-10,4920,121000
2008-04-11,5000,123000
2008-04-16,4920,121000
2008-04-17,5000,122000
2008-04-18,5080,124000
2008-04-21,5160,126000
2008-04-22,5250,128000
2008-04-23,5160,126000
2008-04-24,5250,128000
2008-04-25,5330,130000
2008-04-28,5410,132000
2008-04-29,5490,134000
2008-05-05,5570,136000
2008-05-06,5660,138000
2008-05-07,5570,136000
2008-05-08,5490,134000
2008-05-09,5410,132000
2008-05-12,5330,130000
2008-05-13,5250,128000
2008-05-14,5160,126000
2008-05-15,5080,124000
2008-05-16,5000,122000
2008-05-19,4920,120000
2008-05-20,4840,118000
2008-05-21,4750,116000
2008-05-22,4670,114000
2008-05-23,4590,112000
2008-05-26,4510,110000
2008-05-27,4510,110000
2008-05-28,4510,110000
2008-05-29,4510,110000
2008-05-30,4430,108000
2008-06-02,4340,106000
2008-06-03,4260,104000
2008-06-04,4180,102000
2008-06-05,4100,100000
2008-06-06,4020,98000
2008-06-09,3960,96500
2008-06-10,3890,95000
2008-06-11,3830,93500
2008-06-12,3770,92000
2008-06-13,3710,90500
2008-06-16,3770,92000
2008-06-17,3830,93500
2008-06-18,3890,95000
2008-06-19,3790,92500
2008-06-20,3690,90000
2008-06-23,3790,92500
2008-06-24,3890,95000
2008-06-25,4000,97500
2008-06-26,4100,100000
2008-06-27,4220,103000
2008-06-30,4340,106000
2008-07-01,4470,109000
2008-07-02,4590,112000
2008-07-03,4710,115000
2008-07-04,4840,118000
2008-07-07,4710,115000
2008-07-08,4710,115000
2008-07-09,4590,112000
2008-07-10,4710,115000
2008-07-11,4840,118000
2008-07-14,4920,120000
2008-07-15,5040,123000
2008-07-16,4920,120000
2008-07-17,4800,117000
2008-07-18,4670,114000
2008-07-21,4550,111000
2008-07-22,4430,108000
2008-07-23,4300,105000
2008-07-24,4180,102000
2008-07-25,4060,99000
2008-07-28,4140,101000
2008-07-29,4260,104000
2008-07-30,4390,107000
2008-07-31,4470,109000
2008-08-01,4340,106000
2008-08-04,4220,103000
2008-08-05,4100,100000
2008-08-06,4220,103000
2008-08-07,4300,105000
2008-08-08,4260,104000
2008-08-11,4390,107000
2008-08-12,4300,105000
2008-08-13,4300,105000
2008-08-14,4430,108000
2008-08-15,4550,111000
2008-08-18,4760,115000
2008-08-19,4720,114000
2008-08-20,4760,115000
2008-08-21,4840,117000
2008-08-22,4720,114000
2008-08-25,4880,118000
2008-08-26,4880,118000
2008-08-27,4670,113000
2008-08-28,4590,111000
2008-08-29,4380,106000
2008-09-03,4590,111000
2008-09-04,4800,116000
2008-09-05,4630,112000
2008-09-08,4430,107000
2008-09-09,4470,108000
2008-09-10,4510,109000
2008-09-11,4300,104000
2008-09-12,4220,102000
2008-09-15,4300,104000
2008-09-16,4100,99000
2008-09-17,3930,95000
2008-09-18,3740,90500
2008-09-19,3930,95000
2008-09-22,4120,99500
2008-09-23,4220,102000
2008-09-24,4010,97000
2008-09-25,3850,93000
2008-09-26,4030,97500
2008-09-29,3930,95000
2008-09-30,3740,90500
2008-10-01,3930,95000
2008-10-02,3910,94500
2008-10-03,3890,94000
2008-10-06,3870,93500
2008-10-07,3720,90000
2008-10-08,3720,90000
2008-10-09,3890,94000
2008-10-10,3700,89500
2008-10-13,3540,85500
2008-10-14,3700,89500
2008-10-15,3700,89500
2008-10-16,3540,85500
2008-10-17,3370,81500
2008-10-20,3370,81500
2008-10-21,3430,83000
2008-10-22,3350,81000
2008-10-23,3180,77000
2008-10-24,3040,73500
2008-10-27,2900,70000
2008-10-28,2810,68000
2008-10-29,2940,71000
2008-10-30,3080,74500
2008-10-31,3230,78000
2008-11-03,3350,81000
2008-11-04,3520,85000
2008-11-05,3680,89000
2008-11-06,3810,92000
2008-11-07,3640,88000
2008-11-10,3720,90000
2008-11-11,3540,85500
2008-11-12,3410,82500
2008-11-13,3580,86500
2008-11-14,3580,86500
2008-11-17,3520,85000
2008-11-18,3540,85500
2008-11-19,3520,85000
2008-11-20,3410,82500
2008-11-21,3350,81000
2008-11-24,3210,77500
2008-11-25,3160,76500
2008-11-26,3140,74000
2008-11-27,3100,73000
2008-11-28,3240,76500
2008-12-01,3180,75000
2008-12-02,3140,74000
2008-12-03,3180,75000
2008-12-04,3220,76000
2008-12-05,3180,75000
2008-12-08,3050,72000
2008-12-09,3200,75500
2008-12-10,3180,75000
2008-12-11,3310,78000
2008-12-12,3460,81500
2008-12-15,3560,84000
2008-12-16,3460,81500
2008-12-17,3480,82000
2008-12-18,3520,83000
2008-12-19,3560,84000
2008-12-22,3580,84500
2008-12-23,3480,82000
2008-12-24,3520,83000
2008-12-25,3500,82500
2008-12-26,3500,82500
2008-12-29,3520,83000
2008-12-30,3520,83000
2008-12-31,3520,83000
2009-01-02,3580,84500
2009-01-05,3560,84000
2009-01-06,3610,85000
2009-01-07,3670,86500
2009-01-08,3650,86000
2009-01-09,3610,85000
2009-01-12,3560,84000
2009-01-13,3560,84000
2009-01-14,3610,85000
2009-01-15,3520,83000
2009-01-16,3580,84500
2009-01-19,3580,84500
2009-01-20,3580,84500
2009-01-21,3520,83000
2009-01-22,3480,82000
2009-01-23,3480,82000
2009-02-02,3480,82000
2009-02-03,3330,78500
2009-02-04,3330,78500
2009-02-05,3290,77500
2009-02-06,3440,81000
2009-02-09,3440,81000
2009-02-10,3350,79000
2009-02-11,3350,79000
2009-02-12,3350,79000
2009-02-13,3330,78500
2009-02-16,3350,79000
2009-02-17,3240,76500
2009-02-18,3180,75000
2009-02-19,3220,76000
2009-02-20,3160,74500
2009-02-23,3120,73500
2009-02-24,3100,73000
2009-02-25,3240,76500
2009-02-26,3120,73500
2009-02-27,3160,74500
2009-03-02,3220,76000
2009-03-03,3140,74000
2009-03-04,3220,76000
2009-03-05,3160,74500
2009-03-06,3160,74500
2009-03-09,3200,75500
2009-03-10,3220,76000
2009-03-11,3200,75500
2009-03-12,3160,74500
2009-03-13,3160,74500
2009-03-16,3180,75000
2009-03-17,3240,76500
2009-03-18,3370,79500
2009-03-19,3290,77500
2009-03-20,3240,76500
2009-03-23,3220,76000
2009-03-24,3370,79500
2009-03-25,3390,80000
2009-03-26,3460,81500
2009-03-27,3410,80500
2009-03-30,3390,80000
2009-03-31,3330,78500
2009-04-01,3390,80000
2009-04-02,3480,82000
2009-04-03,3630,85500
2009-04-07,3670,86500
2009-04-08,3500,82500
2009-04-09,3480,82000
2009-04-10,3580,84500
2009-04-13,3750,88500
2009-04-14,3750,88500
2009-04-15,3690,87000
2009-04-16,3710,87500
2009-04-17,3540,83500
2009-04-20,3390,80000
2009-04-21,3560,84000
2009-04-22,3610,85000
2009-04-23,3520,83000
2009-04-24,3520,83000
2009-04-27,3670,86500
2009-04-28,3610,85000
2009-04-29,3610,85000
2009-05-04,3770,89000
2009-05-05,3940,93000
2009-05-06,4070,96000
2009-05-07,4200,99000
2009-05-08,4050,95500
2009-05-11,4160,98000
2009-05-12,4160,98000
2009-05-13,4160,98000
2009-05-14,4050,95500
2009-05-15,4160,98000
2009-05-18,4110,97000
2009-05-19,4070,96000
2009-05-20,4030,95000
2009-05-21,4010,94500
2009-05-22,3900,92000
2009-05-25,4010,94500
2009-05-26,3900,92000
2009-05-27,3880,91500
2009-05-28,3820,90000
2009-05-29,3730,88000
2009-06-01,3880,91500
2009-06-02,3940,93000
2009-06-03,3940,93000
2009-06-04,3990,94000
2009-06-05,4090,96500
2009-06-08,4280,101000
2009-06-09,4500,106000
2009-06-10,4280,101000
2009-06-11,4450,105000
2009-06-12,4330,102000
2009-06-15,4140,97500
2009-06-16,3940,93000
2009-06-17,3820,90000
2009-06-18,4010,94500
2009-06-19,4010,94500
2009-06-22,3970,93500
2009-06-23,3800,89500
2009-06-24,3970,93500
2009-06-25,4110,97000
2009-06-26,4110,97000
2009-06-29,4050,95500
2009-06-30,3900,92000
2009-07-01,3820,90000
2009-07-02,3860,91000
2009-07-03,3940,93000
2009-07-06,4110,97000
2009-07-07,4030,95000
2009-07-08,4160,98000
2009-07-09,4330,102000
2009-07-10,4540,107000
2009-07-13,4750,112000
2009-07-14,4880,115000
2009-07-15,5090,120000
2009-07-16,5090,120000
2009-07-17,4840,114000
2009-07-20,4710,109000
2009-07-21,4750,110000
2009-07-22,4880,113000
2009-07-23,4960,115000
2009-07-24,5180,120000
2009-07-27,5350,124000
2009-07-28,5350,124000
2009-07-29,5350,124000
2009-07-30,5310,123000
2009-07-31,5440,126000
2009-08-03,5700,132000
2009-08-04,5960,138000
2009-08-05,6170,143000
2009-08-06,6090,141000
2009-08-07,6090,141000
2009-08-10,6260,145000
2009-08-11,6480,150000
2009-08-12,6390,148000
2009-08-13,6390,148000
2009-08-14,6480,150000
2009-08-17,6520,151000
2009-08-18,6390,148000
2009-08-19,6390,148000
2009-08-20,6690,155000
2009-08-21,6910,160000
2009-08-24,6820,158000
2009-08-25,6780,157000
2009-08-26,6480,150000
2009-08-27,6650,154000
2009-08-28,6730,156000
2009-08-31,6820,158000
2009-09-01,6730,156000
2009-09-03,6560,152000
2009-09-04,6430,149000
2009-09-07,6480,150000
2009-09-08,6780,157000
2009-09-09,6690,155000
2009-09-10,6990,162000
2009-09-11,7340,170000
2009-09-14,7550,175000
2009-09-15,7210,167000
2009-09-16,7080,164000
2009-09-17,7430,172000
2009-09-18,7770,90000
2009-09-21,8160,94500
2009-09-22,8550,99000
2009-09-23,8200,95000
2009-09-24,7810,90500
2009-09-25,7860,91000
2009-09-28,7600,88000
2009-09-29,7430,86000
2009-09-30,7770,90000
2009-10-01,7600,88000
2009-10-02,7380,85500
2009-10-05,7340,85000
2009-10-06,7300,84500
2009-10-07,7640,88500
2009-10-08,7730,89500
2009-10-09,7680,89000
2009-10-12,7640,88500
2009-10-13,7430,86000
2009-10-14,7770,90000
2009-10-15,7860,91000
2009-10-16,7600,88000
2009-10-19,7510,87000
2009-10-20,7510,87000
2009-10-21,7430,86000
2009-10-22,7430,86000
2009-10-23,7380,85500
2009-10-26,7340,85000
2009-10-27,7340,85000
2009-10-28,7680,89000
2009-10-29,7510,87000
2009-10-30,7550,87500
2009-11-02,7250,84000
2009-11-03,6990,81000
2009-11-04,7040,81500
2009-11-05,7250,84000
2009-11-06,7250,84000
2009-11-09,7040,81500
2009-11-10,7120,82500
2009-11-11,7340,85000
2009-11-12,7340,85000
2009-11-13,7340,85000
2009-11-16,7250,84000
2009-11-17,7300,84500
2009-11-18,7470,86500
2009-11-19,7510,87000
2009-11-20,7510,87000
2009-11-23,7250,84000
2009-11-24,7250,84000
2009-11-25,7040,81500
2009-11-26,6690,77500
2009-11-27,6690,77500
2009-11-30,6780,78500
2009-12-01,6860,79500
2009-12-02,6820,79000
2009-12-03,6690,77500
2009-12-04,6690,77500
2009-12-07,6610,76500
2009-12-08,6560,76000
2009-12-09,6300,73000
2009-12-10,6000,69500
2009-12-11,5960,69000
2009-12-14,6000,69500
2009-12-15,6000,69500
2009-12-16,5740,66500
2009-12-17,5530,64000
2009-12-18,5780,67000
2009-12-21,6040,70000
2009-12-22,6000,69500
2009-12-23,6040,70000
2009-12-24,6040,70000
2009-12-25,6350,73500
2009-12-28,6650,77000
2009-12-29,6430,74500
2009-12-30,6480,75000
2009-12-31,6480,75000
2010-01-04,6780,78500
2010-01-05,7080,82000
2010-01-06,7120,82500
2010-01-07,6910,80000
2010-01-08,6690,77500
2010-01-11,6610,76500
2010-01-12,6390,74000
2010-01-13,6560,76000
2010-01-14,6560,76000
2010-01-15,6390,74000
2010-01-18,6130,71000
2010-01-19,6430,74500
2010-01-20,6730,78000
2010-01-21,6560,76000
2010-01-22,6560,76000
2010-01-25,6730,78000
2010-01-26,7040,81500
2010-01-27,6730,78000
2010-01-28,6730,78000
2010-01-29,6690,77500
2010-02-01,6990,81000
2010-02-02,7080,82000
2010-02-03,7430,86000
2010-02-04,7680,89000
2010-02-05,7340,85000
2010-02-08,7340,85000
2010-02-09,6990,81000
2010-02-10,7340,85000
2010-02-11,7680,89000
2010-02-12,7810,90500
2010-02-22,7730,89500
2010-02-23,7470,86500
2010-02-24,7550,87500
2010-02-25,7690,88000
2010-02-26,7420,85000
2010-03-01,7420,85000
2010-03-02,7380,84500
2010-03-03,7550,86500
2010-03-04,7640,87500
2010-03-05,7690,88000
2010-03-08,7770,89000
2010-03-09,7990,91500
2010-03-10,7820,89500
2010-03-11,7770,89000
2010-03-12,7770,89000
2010-03-15,7770,89000
2010-03-16,7640,87500
2010-03-17,7640,87500
2010-03-18,7690,88000
2010-03-19,7600,87000
2010-03-22,7550,86500
2010-03-23,7470,85500
2010-03-24,7510,86000
2010-03-25,7510,86000
2010-03-26,7470,85500
2010-03-29,7510,86000
2010-03-30,7380,84500
2010-03-31,7420,85000
2010-04-01,7470,85500
2010-04-02,7550,86500
2010-04-05,7640,87500
2010-04-06,7600,87000
2010-04-07,7550,86500
2010-04-08,7640,86500
2010-04-09,7640,86500
2010-04-12,7780,88000
2010-04-13,7780,88000
2010-04-14,7780,88000
2010-04-15,7860,89000
2010-04-16,7820,88500
2010-04-19,7820,88500
2010-04-20,7820,88500
2010-04-21,7780,88000
2010-04-22,7780,88000
2010-04-26,7910,89500
2010-04-27,8220,93000
2010-04-28,8310,94000
2010-04-29,8310,94000
2010-05-04,8220,93000
2010-05-05,8170,92500
2010-05-06,8170,92500
2010-05-07,8090,91500
2010-05-10,8000,90500
2010-05-11,8130,92000
2010-05-12,8040,91000
2010-05-13,8090,91500
2010-05-14,8130,92000
2010-05-17,8040,91000
2010-05-18,8040,91000
2010-05-19,7910,89500
2010-05-20,7950,90000
2010-05-21,7730,87500
2010-05-24,7820,88500
2010-05-25,7860,89000
2010-05-26,7910,89500
2010-05-27,7860,89000
2010-05-28,7950,90000
2010-05-31,7820,88500
2010-06-01,7860,89000
2010-06-02,7820,88500
2010-06-03,7910,89500
2010-06-04,7950,90000
2010-06-07,7780,88000
2010-06-08,7780,88000
2010-06-09,7910,89500
2010-06-10,7950,90000
2010-06-11,7950,90000
2010-06-14,7950,90000
2010-06-15,7910,89500
2010-06-16,7950,90000
2010-06-17,7910,89500
2010-06-18,7910,89500
2010-06-21,7910,89500
2010-06-22,7910,89500
2010-06-23,8000,90500
2010-06-24,8040,91000
2010-06-25,8040,91000
2010-06-28,8000,90500
2010-06-29,8000,90500
2010-06-30,7950,90000
2010-07-01,8040,91000
2010-07-02,8090,91500
2010-07-05,8040,91000
2010-07-06,8040,91000
2010-07-07,8040,91000
2010-07-08,8040,91000
2010-07-09,8040,91000
2010-07-12,8090,91500
2010-07-13,8130,92000
2010-07-14,8130,92000
2010-07-15,8130,92000
2010-07-16,8170,92500
2010-07-19,8170,92500
2010-07-20,8220,93000
2010-07-21,8260,93500
2010-07-22,8170,92500
2010-07-23,8130,92000
2010-07-26,8130,92000
2010-07-27,8130,92000
2010-07-28,8090,91500
2010-07-29,8090,91500
2010-07-30,8090,91500
2010-08-02,8040,91000
2010-08-03,8090,91500
2010-08-04,8090,91500
2010-08-05,8130,92000
2010-08-06,8090,91500
2010-08-09,8040,91000
2010-08-10,8040,91000
2010-08-11,8090,91500
2010-08-12,7950,90000
2010-08-13,8180,89500
2010-08-16,8270,90500
2010-08-17,8180,89500
2010-08-18,8090,88500
2010-08-19,8090,88500
2010-08-20,8140,89000
2010-08-23,8090,88500
2010-08-24,7950,87000
2010-08-25,7910,86500
2010-08-26,7910,86500
2010-08-27,7950,87000
2010-08-30,8090,88500
2010-08-31,8140,89000
2010-09-01,8090,88500
2010-09-06,8090,88500
2010-09-07,8040,88000
2010-09-08,8040,88000
2010-09-09,8090,88500
2010-09-10,8090,88500
2010-09-13,8090,88500
2010-09-14,8090,88500
2010-09-15,8090,88500
2010-09-16,8090,88500
2010-09-17,8140,89000
2010-09-20,8140,89000
2010-09-21,8140,89000
2010-09-22,8140,89000
2010-09-23,8090,88500
2010-09-24,8040,88000
2010-09-27,8090,88500
2010-09-28,8090,88500
2010-09-29,8090,88500
2010-09-30,8090,88500
2010-10-01,8090,88500
2010-10-04,8000,87500
2010-10-05,7950,87000
2010-10-06,8040,88000
2010-10-07,8000,87500
2010-10-08,8040,88000
2010-10-11,8090,88500
2010-10-12,8090,88500
2010-10-13,8090,88500
2010-10-14,8140,89000
2010-10-15,8090,88500
2010-10-18,8090,88500
2010-10-19,8040,88000
2010-10-20,7950,87000
2010-10-21,8000,87500
2010-10-22,8000,87500
2010-10-25,8000,87500
2010-10-26,8000,87500
2010-10-27,7910,86500
2010-10-28,7950,87000
2010-10-29,7950,87000
2010-11-01,7910,86500
2010-11-02,7910,86500
2010-11-03,7910,86500
2010-11-04,7910,86500
2010-11-05,7910,86500
2010-11-08,7860,86000
2010-11-09,7820,85500
2010-11-10,7820,85500
2010-11-11,7770,85000
2010-11-12,7680,84000
2010-11-15,7630,83500
2010-11-16,7540,82500
2010-11-17,7630,83500
2010-11-18,7720,84500
2010-11-19,7680,84000
2010-11-22,7680,84000
2010-11-23,7680,84000
2010-11-24,7720,84500
2010-11-25,7720,84500
2010-11-26,7720,84500
2010-11-29,7720,84500
2010-11-30,7720,84500
2010-12-01,7680,84000
2010-12-02,7720,84500
2010-12-03,7770,85000
2010-12-06,7720,84500
2010-12-07,7720,84500
2010-12-08,7680,84000
2010-12-09,7820,85500
2010-12-10,7860,86000
2010-12-13,8040,88000
2010-12-14,7950,87000
2010-12-15,7910,86500
2010-12-16,7860,86000
2010-12-17,7770,85000
2010-12-20,7820,85500
2010-12-21,7910,86500
2010-12-22,7860,86000
2010-12-23,7820,85500
2010-12-24,7770,85000
2010-12-27,7820,85500
2010-12-28,7770,85000
2010-12-29,7860,86000
2010-12-30,7860,86000
2010-12-31,7860,86000
2011-01-04,7820,85500
2011-01-05,7770,85000
2011-01-06,7770,85000
2011-01-07,7770,85000
2011-01-10,7820,85500
2011-01-11,7820,85500
2011-01-12,7820,85500
2011-01-13,7820,85500
2011-01-14,7860,86000
2011-01-17,7820,85500
2011-01-18,7820,85500
2011-01-19,7820,85500
2011-01-20,8180,89500
2011-01-21,8550,93500
2011-01-24,8960,98000
2011-01-25,8770,96000
2011-01-26,8460,92500
2011-01-27,8460,92500
2011-01-28,8550,93500
2011-02-08,8550,93500
2011-02-09,8360,91500
2011-02-10,8360,91500
2011-02-11,8460,92500
2011-02-14,8360,91500
2011-02-15,8410,92000
2011-02-16,8410,92000
2011-02-17,8360,91500
2011-02-18,8230,90000
2011-02-21,7950,87000
2011-02-22,7910,86500
2011-02-23,8000,87500
2011-02-24,7950,87000
2011-02-25,8090,88500
2011-02-28,8090,88500
2011-03-01,8090,88500
2011-03-02,7950,87000
2011-03-03,8000,87500
2011-03-04,8040,88000
2011-03-07,8140,89000
2011-03-08,8500,93000
2011-03-09,8410,92000
2011-03-10,8410,92000
2011-03-11,8410,92000
2011-03-14,8320,91000
2011-03-15,8180,89500
2011-03-16,8180,89500
2011-03-17,8180,89500
2011-03-18,8410,92000
2011-03-21,8410,92000
2011-03-22,8460,92500
2011-03-23,8730,95500
2011-03-24,8640,94500
2011-03-25,8640,94500
2011-03-28,8590,94000
2011-03-29,8550,93500
2011-03-30,8500,93000
2011-03-31,8410,92000
2011-04-01,8640,94500
2011-04-04,8960,98000
2011-04-05,8640,94500
2011-04-06,8730,95500
2011-04-07,8730,95500
2011-04-08,8820,96500
2011-04-13,8770,96000
2011-04-14,8680,95000
2011-04-15,8640,94500
2011-04-18,8550,93500
2011-04-19,8550,93500
2011-04-20,8640,94500
2011-04-21,8680,95000
2011-04-22,8680,95000
2011-04-25,8770,96000
2011-04-26,8910,97500
2011-04-27,9320,102000
2011-04-28,9600,105000
2011-04-29,9600,105000
2011-05-04,9870,108000
2011-05-05,9780,107000
2011-05-06,9780,107000
2011-05-09,9870,108000
2011-05-10,9960,109000
2011-05-11,10420,114000
2011-05-12,10420,114000
2011-05-13,10240,112000
2011-05-16,10050,110000
2011-05-17,10330,113000
2011-05-18,10420,114000
2011-05-19,10330,113000
2011-05-20,9870,108000
2011-05-23,9410,103000
2011-05-24,8960,98000
2011-05-25,8550,93500
2011-05-26,8960,98000
2011-05-27,9320,102000
2011-05-30,8960,98000
2011-05-31,9320,102000
2011-06-01,9600,105000
2011-06-02,9600,105000
2011-06-03,9320,102000
2011-06-06,9050,99000
2011-06-07,9410,103000
2011-06-08,9510,104000
2011-06-09,9510,104000
2011-06-10,9510,104000
2011-06-13,9600,105000
2011-06-14,9690,106000
2011-06-15,9600,105000
2011-06-16,9600,105000
2011-06-17,9690,106000
2011-06-20,9690,106000
2011-06-21,10150,111000
2011-06-22,10150,111000
2011-06-23,10050,110000
2011-06-24,10050,110000
2011-06-27,10330,113000
2011-06-28,10050,110000
2011-06-29,10050,110000
2011-06-30,9960,109000
2011-07-01,10050,110000
2011-07-04,10330,113000
2011-07-05,10510,115000
2011-07-06,10510,115000
2011-07-07,10510,115000
2011-07-08,10510,115000
2011-07-11,10420,114000
2011-07-12,10420,114000
2011-07-13,10330,113000
2011-07-14,10240,112000
2011-07-15,10330,113000
2011-07-18,10330,113000
2011-07-19,10330,113000
2011-07-20,10330,113000
2011-07-21,10420,114000
2011-07-22,10420,114000
2011-07-25,10510,115000
2011-07-26,10510,115000
2011-07-27,10420,114000
2011-07-28,10420,114000
2011-07-29,10510,115000
2011-08-01,10420,114000
2011-08-02,10420,114000
2011-08-03,10420,114000
2011-08-04,10420,114000
2011-08-05,10510,115000
2011-08-08,10420,114000
2011-08-09,10330,113000
2011-08-10,10510,115000
2011-08-11,10510,115000
2011-08-12,10510,115000
2011-08-15,10510,115000
2011-08-16,10600,116000
2011-08-17,10690,117000
2011-08-18,10690,117000
2011-08-19,10690,117000
2011-08-22,10690,117000
2011-08-23,10790,118000
2011-08-24,10880,119000
2011-08-25,10880,119000
2011-08-26,10970,120000
2011-08-29,11150,122000
2011-08-30,11520,126000
2011-08-31,11520,126000
2011-09-01,11700,128000
2011-09-05,11610,127000
2011-09-06,11700,128000
2011-09-07,11880,130000
2011-09-08,11970,131000
2011-09-09,11970,131000
2011-09-12,12160,133000
2011-09-13,12160,131000
2011-09-14,11790,127000
2011-09-15,11690,126000
2011-09-16,11690,126000
2011-09-19,11790,127000
2011-09-20,11880,128000
2011-09-21,12060,130000
2011-09-22,11970,129000
2011-09-23,11970,129000
2011-09-26,11790,127000
2011-09-27,11790,127000
2011-09-28,11880,128000
2011-09-29,11690,126000
2011-09-30,11600,125000
2011-10-03,11690,126000
2011-10-04,11600,125000
2011-10-05,11690,126000
2011-10-06,11880,128000
2011-10-07,12060,130000
2011-10-10,11970,129000
2011-10-11,11880,128000
2011-10-12,11790,127000
2011-10-13,11790,127000
2011-10-14,11880,128000
2011-10-17,11790,127000
2011-10-18,11790,127000
2011-10-19,11690,126000
2011-10-20,11790,127000
2011-10-21,11880,128000
2011-10-24,11790,127000
2011-10-25,11790,127000
2011-10-26,11690,126000
2011-10-27,11790,127000
2011-10-28,11880,128000
2011-10-31,11790,127000
2011-11-01,11790,127000
2011-11-02,12340,133000
2011-11-03,12530,135000
2011-11-04,12990,140000
2011-11-07,13360,144000
2011-11-08,13360,144000
2011-11-09,13180,142000
2011-11-10,12810,138000
2011-11-11,12810,138000
2011-11-14,12990,140000
2011-11-15,12900,139000
2011-11-16,12900,139000
2011-11-17,12620,136000
2011-11-18,12620,136000
2011-11-21,13180,142000
2011-11-22,13180,142000
2011-11-23,13180,142000
2011-11-24,12810,138000
2011-11-25,12710,137000
2011-11-28,12620,136000
2011-11-29,12880,92500
2011-11-30,12740,91500
2011-12-01,12740,91500
2011-12-02,12740,91500
2011-12-05,12810,92000
2011-12-06,12810,92000
2011-12-07,12810,92000
2011-12-08,12810,92000
2011-12-09,12810,92000
2011-12-12,12740,91500
2011-12-13,12530,90000
2011-12-14,12460,89500
2011-12-15,12530,90000
2011-12-16,12600,90500
2011-12-19,12740,91500
2011-12-20,12810,92000
2011-12-21,12810,92000
2011-12-22,12600,90500
2011-12-23,12460,89500
2011-12-26,12390,89000
2011-12-27,12390,89000
2011-12-28,12460,89500
2011-12-29,12390,89000
2011-12-30,12040,86500
2012-01-03,11760,84500
2012-01-04,11480,82500
2012-01-05,11070,79500
2012-01-06,11200,80500
2012-01-09,11270,81000
2012-01-10,11270,81000
2012-01-11,11270,81000
2012-01-12,11270,81000
2012-01-13,11410,82000
2012-01-16,11760,84500
2012-01-17,11830,85000
2012-01-18,11760,84500
2012-01-19,11830,85000
2012-01-20,11760,84500
2012-01-30,11830,85000
2012-01-31,11970,86000
2012-02-01,12040,86500
2012-02-02,12250,88000
2012-02-03,12180,87500
2012-02-06,12110,87000
2012-02-07,12110,87000
2012-02-08,12180,87500
2012-02-09,12320,88500
2012-02-10,12180,87500
2012-02-13,12110,87000
2012-02-14,12180,87500
2012-02-15,12250,88000
2012-02-16,12320,88500
2012-02-17,12670,91000
2012-02-20,12810,92000
2012-02-21,12740,91500
2012-02-22,12740,91500
2012-02-23,12810,92000
2012-02-24,12740,91500
2012-02-27,12740,91500
2012-02-28,12670,91000
2012-02-29,12670,91000
2012-03-01,12600,90500
2012-03-02,12670,91000
2012-03-05,13290,95500
2012-03-06,12880,92500
2012-03-07,13010,93500
2012-03-08,12740,91500
2012-03-09,12670,91000
2012-03-12,12740,91500
2012-03-13,12740,91500
2012-03-14,12740,91500
2012-03-15,12880,92500
2012-03-16,12740,91500
2012-03-19,12740,91500
2012-03-20,12740,91500
2012-03-21,12740,91500
2012-03-22,12740,91500
2012-03-23,13360,96000
2012-03-26,13150,94500
2012-03-27,12880,92500
2012-03-28,13010,93500
2012-03-29,12880,92500
2012-03-30,12810,92000
2012-04-03,12940,93000
2012-04-04,12940,93000
2012-04-05,12940,93000
2012-04-06,13160,92500
2012-04-09,13090,92000
2012-04-10,13020,91500
2012-04-11,13020,91500
2012-04-12,13020,91500
2012-04-13,12940,91000
2012-04-16,12940,91000
2012-04-17,12940,91000
2012-04-18,12940,91000
2012-04-19,12800,90000
2012-04-20,12800,90000
2012-04-23,12800,90000
2012-04-24,12800,90000
2012-04-25,12800,90000
2012-04-26,12940,91000
2012-04-27,12870,90500
2012-05-02,12870,90500
2012-05-03,12800,90000
2012-05-04,12800,90000
2012-05-07,12800,90000
2012-05-08,12800,90000
2012-05-09,12870,90500
2012-05-10,12800,90000
2012-05-11,12800,90000
2012-05-14,12730,89500
2012-05-15,12660,89000
2012-05-16,12520,88000
2012-05-17,12520,88000
2012-05-18,12450,87500
2012-05-21,12660,89000
2012-05-22,12520,88000
2012-05-23,12450,87500
2012-05-24,12300,86500
2012-05-25,12450,87500
2012-05-28,12380,87000
2012-05-29,12450,87500
2012-05-30,12450,87500
2012-05-31,12300,86500
2012-06-01,12380,87000
2012-06-04,12230,86000
2012-06-05,12300,86500
2012-06-06,12230,86000
2012-06-07,12230,86000
2012-06-08,12160,85500
2012-06-11,12230,86000
2012-06-12,12230,86000
2012-06-13,12230,86000
2012-06-14,12300,86500
2012-06-15,12590,88500
2012-06-18,12520,88000
2012-06-19,12520,88000
2012-06-20,12450,87500
2012-06-21,12300,86500
2012-06-22,12300,86500
2012-06-25,12300,86500
2012-06-26,12230,86000
2012-06-27,12230,86000
2012-06-28,12230,86000
2012-06-29,12520,88000
2012-07-02,12450,87500
2012-07-03,12380,87000
2012-07-04,12380,87000
2012-07-05,12380,87000
2012-07-06,12300,86500
2012-07-09,12160,85500
2012-07-10,12160,85500
2012-07-11,12230,86000
2012-07-12,12300,86500
2012-07-13,12450,87500
2012-07-16,12300,86500
2012-07-17,12300,86500
2012-07-18,12450,87500
2012-07-19,12450,87500
2012-07-20,12450,87500
2012-07-23,12380,87000
2012-07-24,12380,87000
2012-07-25,12380,87000
2012-07-26,12380,87000
2012-07-27,12380,87000
2012-07-30,12660,89000
2012-07-31,12730,89500
2012-08-01,12660,89000
2012-08-02,13230,93000
2012-08-03,13870,97500
2012-08-06,14510,102000
2012-08-07,14650,103000
2012-08-08,14510,102000
2012-08-09,14940,105000
2012-08-10,14790,104000
2012-08-13,15080,106000
2012-08-14,15790,111000
2012-08-15,16360,115000
2012-08-16,16070,113000
2012-08-17,15790,111000
2012-08-20,15930,112000
2012-08-21,15210,105000
2012-08-22,15500,107000
2012-08-23,14770,102000
2012-08-24,15060,104000
2012-08-27,14770,102000
2012-08-28,14920,103000
2012-08-29,15060,104000
2012-08-30,14920,103000
2012-08-31,15210,105000
2012-09-04,15500,107000
2012-09-05,15500,107000
2012-09-06,15210,105000
2012-09-07,15350,106000
2012-09-10,15060,104000
2012-09-11,15210,105000
2012-09-12,15350,106000
2012-09-13,15350,106000
2012-09-14,15930,110000
2012-09-17,16080,111000
2012-09-18,15640,108000
2012-09-19,15930,110000
2012-09-20,15930,110000
2012-09-21,16080,111000
2012-09-24,15930,110000
2012-09-25,16370,113000
2012-09-26,16800,116000
2012-09-27,17090,118000
2012-09-28,16950,117000
2012-10-01,16800,116000
2012-10-02,16510,114000
2012-10-03,16660,115000
2012-10-04,16660,115000
2012-10-05,16660,115000
2012-10-08,17090,118000
2012-10-09,17090,118000
2012-10-10,17090,118000
2012-10-11,17090,118000
2012-10-12,17090,118000
2012-10-15,17820,123000
2012-10-16,18540,128000
2012-10-17,18390,127000
2012-10-18,18830,130000
2012-10-19,19260,133000
2012-10-22,19700,136000
2012-10-23,19700,136000
2012-10-24,19260,133000
2012-10-25,18390,127000
2012-10-26,18680,129000
2012-10-29,18540,128000
2012-10-30,18390,127000
2012-10-31,18100,125000
2012-11-01,18390,127000
2012-11-02,17530,121000
2012-11-05,18250,126000
2012-11-06,18390,127000
2012-11-07,18390,127000
2012-11-08,18100,125000
2012-11-09,18250,126000
2012-11-12,18390,127000
2012-11-13,18250,126000
2012-11-14,19120,132000
2012-11-15,19120,132000
2012-11-16,18830,130000
2012-11-19,18680,129000
2012-11-20,18830,130000
2012-11-21,18830,130000
2012-11-22,18830,130000
2012-11-23,18830,130000
2012-11-26,18540,128000
2012-11-27,18680,129000
2012-11-28,18540,128000
2012-11-29,18680,129000
2012-11-30,18680,129000
2012-12-03,18680,129000
2012-12-04,18830,130000
2012-12-05,18970,131000
2012-12-06,18830,130000
2012-12-07,18830,130000
2012-12-10,18830,130000
2012-12-11,18540,128000
2012-12-12,18390,127000
2012-12-13,18390,127000
2012-12-14,18540,128000
2012-12-17,18100,125000
2012-12-18,17960,124000
2012-12-19,18360,84500
2012-12-20,18250,84000
2012-12-21,18030,83000
2012-12-24,18140,83500
2012-12-25,18470,85000
2012-12-26,19120,88000
2012-12-27,19120,88000
2012-12-28,19120,88000
2013-01-02,18900,87000
2013-01-03,18790,86500
2013-01-04,19120,88000
2013-01-07,19120,88000
2013-01-08,19990,92000
2013-01-09,20750,95500
2013-01-10,21720,100000
2013-01-11,22380,103000
2013-01-14,21620,99500
2013-01-15,21720,100000
2013-01-16,21620,99500
2013-01-17,21290,98000
2013-01-18,21180,97500
2013-01-21,20960,96500
2013-01-22,20960,96500
2013-01-23,21290,98000
2013-01-24,21510,99000
2013-01-25,21620,99500
2013-01-28,22810,105000
2013-01-29,22590,104000
2013-01-30,22380,103000
2013-01-31,21940,101000
2013-02-01,22160,102000
2013-02-04,21940,101000
2013-02-05,21620,99500
2013-02-06,22380,103000
2013-02-07,22160,102000
2013-02-08,22160,102000
2013-02-18,22160,102000
2013-02-19,21940,101000
2013-02-20,22590,104000
2013-02-21,21940,101000
2013-02-22,22160,102000
2013-02-25,22380,103000
2013-02-26,21940,101000
2013-02-27,22160,102000
2013-02-28,22380,103000
2013-03-01,22380,103000
2013-03-04,22160,102000
2013-03-05,22380,103000
2013-03-06,22810,105000
2013-03-07,22810,105000
2013-03-08,22590,104000
2013-03-11,22810,105000
2013-03-12,22590,104000
2013-03-13,22590,104000
2013-03-14,22590,104000
2013-03-15,22590,104000
2013-03-18,22810,105000
2013-03-19,22810,105000
2013-03-20,23250,107000
2013-03-21,24110,111000
2013-03-22,24550,113000
2013-03-25,24980,115000
2013-03-26,24550,113000
2013-03-27,24550,113000
2013-03-28,24980,115000
2013-03-29,25200,116000
2013-04-01,26500,122000
2013-04-02,26500,122000
2013-04-03,26720,123000
2013-04-04,26070,120000
2013-04-05,26720,123000
2013-04-08,27160,125000
2013-04-09,28030,129000
2013-04-10,27370,126000
2013-04-11,27810,128000
2013-04-12,27160,125000
2013-04-15,26070,120000
2013-04-16,26290,121000
2013-04-17,26940,124000
2013-04-18,26720,123000
2013-04-22,26500,122000
2013-04-23,27160,125000
2013-04-24,27160,125000
2013-04-25,27370,126000
2013-04-26,26940,124000
2013-05-02,26500,122000
2013-05-03,26720,123000
2013-05-06,27160,125000
2013-05-07,26940,124000
2013-05-08,26940,124000
2013-05-09,26940,124000
2013-05-10,26940,124000
2013-05-13,26940,124000
2013-05-14,26940,124000
2013-05-15,26940,124000
2013-05-16,27160,125000
2013-05-17,27160,125000
2013-05-20,27370,126000
2013-05-21,27810,128000
2013-05-22,28240,130000
2013-05-23,28240,130000
2013-05-24,28460,131000
2013-05-27,29110,134000
2013-05-28,29330,135000
2013-05-29,28890,133000
2013-05-30,29110,134000
2013-05-31,29110,134000
2013-06-03,28890,133000
2013-06-04,28680,132000
2013-06-05,29110,134000
2013-06-06,29330,135000
2013-06-07,29550,136000
2013-06-10,29980,138000
2013-06-11,30410,140000
2013-06-12,30200,139000
2013-06-13,29980,138000
2013-06-14,30160,137000
2013-06-17,29050,132000
2013-06-18,29270,133000
2013-06-19,29720,135000
2013-06-20,29490,134000
2013-06-21,29490,134000
2013-06-24,29490,134000
2013-06-25,28610,130000
2013-06-26,28610,130000
2013-06-27,29050,132000
2013-06-28,29050,132000
2013-07-01,28830,131000
2013-07-02,29720,135000
2013-07-03,29490,134000
2013-07-04,29490,134000
2013-07-05,29490,134000
2013-07-08,29490,134000
2013-07-09,29940,136000
2013-07-10,29940,136000
2013-07-11,29940,136000
2013-07-12,30160,137000
2013-07-15,30160,137000
2013-07-16,30600,139000
2013-07-17,30820,140000
2013-07-18,30820,140000
2013-07-19,31700,144000
2013-07-22,31920,145000
2013-07-23,31920,145000
2013-07-24,31260,142000
2013-07-25,31480,143000
2013-07-26,31700,144000
2013-07-29,31040,141000
2013-07-30,31260,142000
2013-07-31,31920,145000
2013-08-01,31920,145000
2013-08-02,32140,146000
2013-08-05,31700,144000
2013-08-06,32140,146000
2013-08-07,31920,145000
2013-08-08,31920,145000
2013-08-09,31920,145000
2013-08-12,31920,145000
2013-08-13,32360,147000
2013-08-14,32800,149000
2013-08-15,33240,151000
2013-08-16,33020,150000
2013-08-19,33020,150000
2013-08-20,32570,146000
2013-08-21,32570,146000
2013-08-22,31900,143000
2013-08-23,30340,136000
2013-08-26,31230,140000
2013-08-27,31010,139000
2013-08-28,29670,133000
2013-08-29,29450,132000
2013-08-30,29000,130000
2013-09-03,29670,133000
2013-09-04,30340,136000
2013-09-05,31010,139000
2013-09-06,31010,139000
2013-09-09,30340,136000
2013-09-10,30780,138000
2013-09-11,30780,138000
2013-09-12,30560,137000
2013-09-13,30780,138000
2013-09-16,30560,137000
2013-09-17,30560,137000
2013-09-18,30340,136000
2013-09-19,30560,137000
2013-09-20,30780,138000
2013-09-23,30560,137000
2013-09-24,30780,138000
2013-09-25,31230,140000
2013-09-26,31010,139000
2013-09-27,31230,140000
2013-09-30,31450,141000
2013-10-01,31010,139000
2013-10-02,31230,140000
2013-10-03,31010,139000
2013-10-04,31230,140000
2013-10-07,31230,140000
2013-10-08,31230,140000
2013-10-09,31680,142000
2013-10-10,31230,140000
2013-10-11,31230,140000
2013-10-14,31450,141000
2013-10-15,31680,142000
2013-10-16,31680,142000
2013-10-17,31450,141000
2013-10-18,31680,142000
2013-10-21,31680,142000
2013-10-22,31450,141000
2013-10-23,31450,141000
2013-10-24,31680,142000
2013-10-25,31680,142000
2013-10-28,31450,141000
2013-10-29,31450,141000
2013-10-30,31450,141000
2013-10-31,31230,140000
2013-11-01,31230,140000
2013-11-04,31230,140000
2013-11-05,31450,141000
2013-11-06,31450,141000
2013-11-07,31230,140000
2013-11-08,31010,139000
2013-11-11,31010,139000
2013-11-12,31010,139000
2013-11-13,31010,139000
2013-11-14,31010,139000
2013-11-15,31450,141000
2013-11-18,31680,142000
2013-11-19,31680,142000
2013-11-20,31450,141000
2013-11-21,31450,141000
2013-11-22,31450,141000
2013-11-25,31450,141000
2013-11-26,32120,144000
2013-11-27,32120,144000
2013-11-28,31680,142000
2013-11-29,31680,142000
2013-12-02,31450,141000
2013-12-03,31680,142000
2013-12-04,31450,141000
2013-12-05,31680,142000
2013-12-06,31450,141000
2013-12-09,31010,139000
2013-12-10,31230,140000
2013-12-11,31450,141000
2013-12-12,31230,140000
2013-12-13,31230,140000
2013-12-16,31190,139000
2013-12-17,31190,139000
2013-12-18,30960,138000
2013-12-19,31190,139000
2013-12-20,31190,139000
2013-12-23,30960,138000
2013-12-24,30740,137000
2013-12-25,30510,136000
2013-12-26,30290,135000
2013-12-27,30510,136000
2013-12-30,30290,135000
2013-12-31,30290,135000
2014-01-02,30290,135000
2014-01-03,30510,136000
2014-01-06,30510,136000
2014-01-07,30290,135000
2014-01-08,30510,136000
2014-01-09,30510,136000
2014-01-10,30960,138000
2014-01-13,30740,137000
2014-01-14,30740,137000
2014-01-15,30960,138000
2014-01-16,30740,137000
2014-01-17,31190,139000
2014-01-20,31860,142000
2014-01-21,31630,141000
2014-01-22,31410,140000
2014-01-23,31630,141000
2014-01-24,31860,142000
2014-01-27,31630,141000
2014-02-06,31410,140000
2014-02-07,31410,140000
2014-02-10,31410,140000
2014-02-11,31190,139000
2014-02-12,31410,140000
2014-02-13,31190,139000
2014-02-14,31410,140000
2014-02-17,31410,140000
2014-02-18,31410,140000
2014-02-19,31190,139000
2014-02-20,30960,138000
2014-02-21,30960,138000
2014-02-24,31190,139000
2014-02-25,31190,139000
2014-02-26,31190,139000
2014-02-27,31860,142000
2014-02-28,31630,141000
2014-03-03,31630,141000
2014-03-04,31190,139000
2014-03-05,31190,139000
2014-03-06,31190,139000
2014-03-07,31190,139000
2014-03-10,31410,140000
2014-03-11,31410,140000
2014-03-12,31630,141000
2014-03-13,32760,146000
2014-03-14,33650,150000
2014-03-17,33200,148000
2014-03-18,32980,147000
2014-03-19,32760,146000
2014-03-20,32080,143000
2014-03-21,32310,144000
2014-03-24,32080,143000
2014-03-25,31860,142000
2014-03-26,31410,140000
2014-03-27,31410,140000
2014-03-28,31630,141000
2014-03-31,31630,141000
2014-04-01,31630,141000
2014-04-02,31630,141000
2014-04-03,32310,144000
2014-04-04,32530,145000
2014-04-07,33200,148000
2014-04-08,32980,147000
2014-04-10,32310,144000
2014-04-11,32080,143000
2014-04-14,31860,142000
2014-04-15,31630,141000
2014-04-16,31630,141000
2014-04-17,31630,141000
2014-04-18,31410,140000
2014-04-21,31190,139000
2014-04-22,31410,140000
2014-04-23,31190,139000
2014-04-24,31190,139000
2014-04-25,31630,141000
2014-04-28,31190,139000
2014-04-29,31190,139000
2014-05-05,30740,137000
2014-05-06,29840,133000
2014-05-07,30060,134000
2014-05-08,28040,125000
2014-05-09,29170,130000
2014-05-12,27820,124000
2014-05-13,27590,121000
2014-05-14,28280,124000
2014-05-15,27360,120000
2014-05-16,27590,121000
2014-05-19,27820,122000
2014-05-20,28050,123000
2014-05-21,28500,125000
2014-05-22,28730,126000
2014-05-23,28500,125000
2014-05-26,28050,123000
2014-05-27,28280,124000
2014-05-28,28050,123000
2014-05-29,28050,123000
2014-05-30,28050,123000
2014-06-02,28280,124000
2014-06-03,28280,124000
2014-06-04,28280,124000
2014-06-05,28280,124000
2014-06-06,28280,124000
2014-06-09,28280,124000
2014-06-10,27820,122000
2014-06-11,27820,122000
2014-06-12,28050,123000
2014-06-13,27820,122000
2014-06-16,27820,122000
2014-06-17,27820,122000
2014-06-18,27820,122000
2014-06-19,27590,121000
2014-06-20,27590,121000
2014-06-23,27590,121000
2014-06-24,27590,121000
2014-06-25,27820,122000
2014-06-26,28050,123000
2014-06-27,27820,122000
2014-06-30,27820,122000
2014-07-01,27820,122000
2014-07-02,28500,125000
2014-07-03,28960,127000
2014-07-04,29640,130000
2014-07-07,29420,129000
2014-07-08,29420,129000
2014-07-09,29190,128000
2014-07-10,28960,127000
2014-07-11,28960,127000
2014-07-14,29190,128000
2014-07-15,29420,129000
2014-07-16,29420,129000
2014-07-17,29420,129000
2014-07-18,30330,133000
2014-07-21,31700,139000
2014-07-22,31240,137000
2014-07-23,31010,136000
2014-07-24,31240,137000
2014-07-25,31010,136000
2014-07-28,30780,135000
2014-07-29,31010,136000
2014-07-30,30780,135000
2014-07-31,31010,136000
2014-08-01,30780,135000
2014-08-04,31240,137000
2014-08-05,31240,137000
2014-08-06,31470,138000
2014-08-07,31920,140000
2014-08-08,31920,140000
2014-08-11,31470,138000
2014-08-12,31240,137000
2014-08-13,31660,114000
2014-08-14,32210,116000
2014-08-15,32210,116000
2014-08-18,31930,115000
2014-08-19,31660,114000
2014-08-20,31100,112000
2014-08-21,31380,113000
2014-08-22,31380,113000
2014-08-25,31100,112000
2014-08-26,31100,112000
2014-08-27,31100,112000
2014-08-28,30820,111000
2014-08-29,30820,111000
2014-09-03,31100,112000
2014-09-04,30820,111000
2014-09-05,30820,111000
2014-09-08,30820,111000
2014-09-09,30540,110000
2014-09-10,30270,109000
2014-09-11,30270,109000
2014-09-12,30270,109000
2014-09-15,29990,108000
2014-09-16,29990,108000
2014-09-17,29710,107000
2014-09-18,29710,107000
2014-09-19,29430,106000
2014-09-22,29990,108000
2014-09-23,29990,108000
2014-09-24,29430,106000
2014-09-25,29430,106000
2014-09-26,29430,106000
2014-09-29,29160,105000
2014-09-30,29160,105000
2014-10-01,29710,107000
2014-10-02,29990,108000
2014-10-03,29710,107000
2014-10-06,29710,107000
2014-10-07,29430,106000
2014-10-08,30540,110000
2014-10-09,30540,110000
2014-10-10,30540,110000
2014-10-13,30270,109000
2014-10-14,29990,108000
2014-10-15,29430,106000
2014-10-16,29160,105000
2014-10-17,29710,107000
2014-10-20,29430,106000
2014-10-21,29710,107000
2014-10-22,29710,107000
2014-10-23,29710,107000
2014-10-24,29430,106000
2014-10-27,28880,104000
2014-10-28,28600,103000
2014-10-29,28880,104000
2014-10-30,28880,104000
2014-10-31,29160,105000
2014-11-03,29160,105000
2014-11-04,29160,105000
2014-11-05,28880,104000
2014-11-06,28880,104000
2014-11-07,28880,104000
2014-11-10,28880,104000
2014-11-11,28880,104000
2014-11-12,28880,104000
2014-11-13,28880,104000
2014-11-14,28880,104000
2014-11-17,28880,104000
2014-11-18,28600,103000
2014-11-19,28050,101000
2014-11-20,28050,101000
2014-11-21,28050,101000
2014-11-24,27770,100000
2014-11-25,27770,100000
2014-11-26,27770,100000
2014-11-27,27630,99500
2014-11-28,27490,99000
2014-12-01,27630,99500
2014-12-02,27630,99500
2014-12-03,27770,100000
2014-12-04,28050,101000
2014-12-05,27630,99500
2014-12-08,27630,99500
2014-12-09,27350,98500
2014-12-10,27490,99000
2014-12-11,27490,99000
2014-12-12,27490,99000
2014-12-15,27350,98500
2014-12-16,27070,97500
2014-12-17,25690,92500
2014-12-18,26100,94000
2014-12-19,26100,94000
2014-12-22,25960,93500
2014-12-23,26520,95500
2014-12-24,26380,95000
2014-12-25,26240,94500
2014-12-26,26100,94000
2014-12-29,26100,94000
2014-12-30,26100,94000
2014-12-31,26520,95500
2015-01-05,26660,96000
2015-01-06,26660,96000
2015-01-07,27210,98000
2015-01-08,27350,98500
2015-01-09,28600,103000
2015-01-12,27770,100000
2015-01-13,28320,102000
2015-01-14,28050,101000
2015-01-15,27770,100000
2015-01-16,27770,100000
2015-01-19,27630,99500
2015-01-20,27770,100000
2015-01-21,27770,100000
2015-01-22,27630,99500
2015-01-23,27770,100000
2015-01-26,27630,99500
2015-01-27,28320,102000
2015-01-28,28050,101000
2015-01-29,29160,105000
2015-01-30,28880,104000
2015-02-02,28600,103000
2015-02-03,28050,101000
2015-02-04,28600,103000
2015-02-05,28600,103000
2015-02-06,28600,103000
2015-02-09,28880,104000
2015-02-10,28600,103000
2015-02-11,29160,105000
2015-02-12,29160,105000
2015-02-13,29430,106000
2015-02-24,29710,107000
2015-02-25,30270,109000
2015-02-26,29990,108000
2015-02-27,29990,108000
2015-03-02,29710,107000
2015-03-03,29990,108000
2015-03-04,30270,109000
2015-03-05,29990,108000
2015-03-06,29710,107000
2015-03-09,29710,107000
2015-03-10,29990,108000
2015-03-11,29990,108000
2015-03-12,30270,109000
2015-03-13,29990,108000
2015-03-16,30270,109000
2015-03-17,30270,109000
2015-03-18,30270,109000
2015-03-19,29990,108000
2015-03-20,29710,107000
2015-03-23,29710,107000
2015-03-24,29710,107000
2015-03-25,29710,107000
2015-03-26,29710,107000
2015-03-27,29160,105000
2015-03-30,29160,105000
2015-03-31,29430,106000
2015-04-01,29160,105000
2015-04-02,29430,106000
2015-04-03,29160,105000
2015-04-06,28880,104000
2015-04-07,29430,106000
2015-04-08,29430,106000
2015-04-09,29430,106000
2015-04-10,29990,108000
2015-04-13,30540,110000
2015-04-14,30540,110000
2015-04-15,30270,109000
2015-04-16,29990,108000
2015-04-17,29990,108000
2015-04-20,29990,108000
2015-04-21,29990,108000
2015-04-22,29990,108000
2015-04-23,29990,108000
2015-04-24,30270,109000
2015-04-27,29990,108000
2015-05-04,29430,106000
2015-05-05,29430,106000
2015-05-06,29430,106000
2015-05-07,29430,106000
2015-05-08,29430,106000
2015-05-11,29430,106000
2015-05-12,29160,105000
2015-05-13,29160,105000
2015-05-14,29160,105000
2015-05-15,29160,105000
2015-05-18,29160,105000
2015-05-19,29160,105000
2015-05-20,29710,107000
2015-05-21,29430,106000
2015-05-22,29710,107000
2015-05-25,29430,106000
2015-05-26,29430,106000
2015-05-27,29430,106000
2015-05-28,29430,106000
2015-05-29,29160,105000
2015-06-01,29430,106000
2015-06-02,29430,106000
2015-06-03,29430,106000
2015-06-04,29710,107000
2015-06-05,29710,107000
2015-06-08,29990,108000
2015-06-09,29710,107000
2015-06-10,29710,107000
2015-06-11,29990,108000
2015-06-12,29990,106000
2015-06-15,29990,106000
2015-06-16,29710,105000
2015-06-17,29710,105000
2015-06-18,29990,106000
2015-06-19,30270,107000
2015-06-22,31690,112000
2015-06-23,31400,111000
2015-06-24,30840,109000
2015-06-25,31400,111000
2015-06-26,32250,114000
2015-06-29,32250,114000
2015-06-30,31970,113000
2015-07-01,32250,114000
2015-07-02,32250,114000
2015-07-03,32530,115000
2015-07-06,32820,116000
2015-07-07,33100,117000
2015-07-08,32530,115000
2015-07-09,32530,115000
2015-07-10,32530,115000
2015-07-13,33100,117000
2015-07-14,33380,118000
2015-07-15,33380,118000
2015-07-16,33100,117000
2015-07-17,33100,117000
2015-07-20,32820,116000
2015-07-21,33100,117000
2015-07-22,33670,119000
2015-07-23,34520,122000
2015-07-24,34520,122000
2015-07-27,34520,122000
2015-07-28,34230,121000
2015-07-29,34230,121000
2015-07-30,33670,119000
2015-07-31,33950,120000
2015-08-03,33670,119000
2015-08-04,33100,117000
2015-08-05,33750,96000
2015-08-06,34100,97000
2015-08-07,35150,100000
2015-08-10,37610,107000
2015-08-11,36910,105000
2015-08-12,36210,103000
2015-08-13,36910,105000
2015-08-14,36910,105000
2015-08-17,36210,103000
2015-08-18,36210,103000
2015-08-19,36560,104000
2015-08-20,35860,102000
2015-08-21,35500,101000
2015-08-24,33220,94500
2015-08-25,33750,96000
2015-08-26,35150,100000
2015-08-27,34980,99500
2015-08-28,35500,101000
2015-08-31,35150,100000
2015-09-01,34980,99500
2015-09-03,34800,99000
2015-09-04,34630,98500
2015-09-07,34100,97000
2015-09-08,34100,97000
2015-09-09,34270,97500
2015-09-10,34980,99500
2015-09-11,34630,98500
2015-09-14,34270,97500
2015-09-15,34270,97500
2015-09-16,34270,97500
2015-09-17,34270,97500
2015-09-18,34630,98500
2015-09-21,34800,99000
2015-09-22,35860,102000
2015-09-23,35500,101000
2015-09-24,35150,100000
2015-09-25,35500,101000
2015-09-28,35860,102000
2015-09-29,35150,100000
2015-10-01,35500,101000
2015-10-02,35150,100000
2015-10-05,36210,103000
2015-10-06,36210,103000
2015-10-07,35860,102000
2015-10-08,35500,101000
2015-10-09,35500,101000
2015-10-12,35500,101000
2015-10-13,35860,102000
2015-10-14,37260,106000
2015-10-15,36910,105000
2015-10-16,37260,106000
2015-10-19,39020,111000
2015-10-20,39370,112000
2015-10-21,39720,113000
2015-10-22,40070,114000
2015-10-23,40430,115000
2015-10-26,39720,113000
2015-10-27,40070,114000
2015-10-28,40070,114000
2015-10-29,41830,119000
2015-10-30,41480,118000
2015-11-02,41130,117000
2015-11-03,43240,123000
2015-11-04,43240,123000
2015-11-05,45000,128000
2015-11-06,45350,129000
2015-11-09,44640,127000
2015-11-10,45000,128000
2015-11-11,45700,130000
2015-11-12,46400,132000
2015-11-13,48160,137000
2015-11-16,49210,140000
2015-11-17,47100,134000
2015-11-18,46400,132000
2015-11-19,45700,130000
2015-11-20,46050,131000
2015-11-23,44640,127000
2015-11-24,43240,123000
2015-11-25,43940,125000
2015-11-26,43240,123000
2015-11-27,43590,124000
2015-11-30,43590,124000
2015-12-01,42890,122000
2015-12-02,43240,123000
2015-12-03,43240,123000
2015-12-04,43240,123000
2015-12-07,42180,120000
2015-12-08,43940,125000
2015-12-09,43240,123000
2015-12-10,43240,123000
2015-12-11,43240,123000
2015-12-14,43590,124000
2015-12-15,44290,126000
2015-12-16,45000,128000
2015-12-17,45000,128000
2015-12-18,45000,128000
2015-12-21,43940,125000
2015-12-22,43940,125000
2015-12-23,43590,124000
2015-12-24,43940,125000
2015-12-25,43590,124000
2015-12-28,44640,127000
2015-12-29,44640,127000
2015-12-30,44640,127000
2016-01-04,44290,126000
2016-01-05,43940,125000
2016-01-06,44290,126000
2016-01-07,43590,124000
2016-01-08,42890,122000
2016-01-11,42540,121000
2016-01-12,43240,123000
2016-01-13,42540,121000
2016-01-14,42540,121000
2016-01-15,42180,120000
2016-01-18,41130,117000
2016-01-19,41830,119000
2016-01-20,41130,117000
2016-01-21,40780,116000
2016-01-22,40070,114000
2016-01-25,41480,118000
2016-01-26,40430,115000
2016-01-27,41130,117000
2016-01-28,40780,116000
2016-01-29,40780,116000
2016-02-01,41830,119000
2016-02-02,41830,119000
2016-02-03,42540,121000
2016-02-04,42890,122000
2016-02-05,43590,124000
2016-02-15,44290,126000
2016-02-16,45000,128000
2016-02-17,45700,130000
2016-02-18,45350,129000
2016-02-19,45350,129000
2016-02-22,45700,130000
2016-02-23,45700,130000
2016-02-24,46050,131000
2016-02-25,45350,129000
2016-02-26,45700,130000
2016-02-29,45000,128000
2016-03-01,45700,130000
2016-03-02,46400,132000
2016-03-03,46050,131000
2016-03-04,46400,132000
2016-03-07,46050,131000
2016-03-08,46050,131000
2016-03-09,46050,131000
2016-03-10,46050,131000
2016-03-11,47810,136000
2016-03-14,47460,135000
2016-03-15,47810,136000
2016-03-16,48160,137000
2016-03-17,48510,138000
2016-03-18,48510,138000
2016-03-21,47460,135000
2016-03-22,46750,133000
2016-03-23,47100,134000
2016-03-24,47460,135000
2016-03-25,47100,134000
2016-03-28,47460,135000
2016-03-29,47100,134000
2016-03-30,47810,136000
2016-04-01,47100,134000
2016-04-04,47100,134000
2016-04-05,48160,137000
2016-04-06,48160,137000
2016-04-07,49570,141000
2016-04-08,50270,143000
2016-04-11,50270,143000
2016-04-12,50270,143000
2016-04-13,49920,142000
2016-04-14,49920,142000
2016-04-15,50270,143000
2016-04-19,48860,139000
2016-04-20,47810,136000
2016-04-21,48160,137000
2016-04-22,49210,140000
2016-04-25,48860,139000
2016-04-26,49210,140000
2016-04-27,48510,138000
2016-04-28,48510,138000
2016-04-29,48860,139000
2016-05-04,49920,142000
2016-05-05,49920,142000
2016-05-06,49920,142000
2016-05-09,50620,144000
2016-05-10,50270,143000
2016-05-11,51320,146000
2016-05-12,50970,145000
2016-05-13,50620,144000
2016-05-16,51320,146000
2016-05-17,51670,147000
2016-05-18,50970,145000
2016-05-19,50970,145000
2016-05-20,51320,146000
2016-05-23,51320,146000
2016-05-24,50970,145000
2016-05-25,50620,144000
2016-05-26,49570,141000
2016-05-27,50270,143000
2016-05-30,49920,142000
2016-05-31,49920,142000
2016-06-01,49570,141000
2016-06-02,49570,141000
2016-06-03,49570,139000
2016-06-06,48500,136000
2016-06-07,48850,137000
2016-06-08,49210,138000
2016-06-09,49210,138000
2016-06-10,48850,137000
2016-06-13,48850,137000
2016-06-14,48850,137000
2016-06-15,48850,137000
2016-06-16,48850,137000
2016-06-17,48850,137000
2016-06-20,48850,137000
2016-06-21,49570,139000
2016-06-22,49570,139000
2016-06-23,49920,140000
2016-06-24,48850,137000
2016-06-27,48850,137000
2016-06-28,49920,140000
2016-06-29,49570,139000
2016-07-01,50990,143000
2016-07-04,51710,145000
2016-07-05,51350,144000
2016-07-06,50990,143000
2016-07-07,52420,147000
2016-07-08,52420,147000
2016-07-11,52060,146000
2016-07-12,52420,147000
2016-07-13,52420,147000
2016-07-14,52060,146000
2016-07-15,52420,147000
2016-07-18,53490,150000
2016-07-19,54560,153000
2016-07-20,56340,158000
2016-07-21,55980,157000
2016-07-22,55630,156000
2016-07-25,54920,154000
2016-07-26,55980,157000
2016-07-27,56340,158000
2016-07-28,57050,160000
2016-07-29,56340,158000
2016-08-01,55270,155000
2016-08-02,54200,152000
2016-08-03,54920,154000
2016-08-04,55630,156000
2016-08-05,56340,158000
2016-08-08,56340,158000
2016-08-09,57770,162000
2016-08-10,58480,164000
2016-08-11,60260,169000
2016-08-12,59910,168000
2016-08-15,60260,169000
2016-08-16,60260,169000
2016-08-17,60980,171000
2016-08-18,62050,174000
2016-08-19,62630,143000
2016-08-22,61320,140000
2016-08-23,62630,143000
2016-08-24,63510,145000
2016-08-25,63510,145000
2016-08-26,63940,146000
2016-08-29,66130,151000
2016-08-30,66570,152000
2016-08-31,68320,156000
2016-09-01,67450,154000
2016-09-05,67450,154000
2016-09-06,65690,150000
2016-09-07,63940,146000
2016-09-08,64380,147000
2016-09-09,62630,143000
2016-09-12,61840,141200
2016-09-13,63460,144900
2016-09-14,63070,144000
2016-09-15,62630,143000
2016-09-16,60440,138000
2016-09-19,59560,136000
2016-09-20,59560,136000
2016-09-21,60350,137800
2016-09-22,60090,137200
2016-09-23,61320,140000
2016-09-26,61750,141000
2016-09-27,61320,140000
2016-09-28,61320,140000
2016-09-29,61320,140000
2016-10-03,61530,140500
2016-10-04,61530,140500
2016-10-05,61490,140400
2016-10-06,62190,142000
2016-10-07,62020,141600
2016-10-10,61360,140100
2016-10-11,61530,140500
2016-10-12,61970,141500
2016-10-13,62190,142000
2016-10-14,63070,144000
2016-10-17,62280,142200
2016-10-18,63070,144000
2016-10-19,63940,146000
2016-10-20,63460,144900
2016-10-21,63150,144200
2016-10-24,61750,141000
2016-10-25,61750,141000
2016-10-26,61800,141100
2016-10-27,62410,142500
2016-10-28,62760,143300
2016-10-31,62190,142000
2016-11-01,62150,141900
2016-11-02,61800,141100
2016-11-03,61930,141400
2016-11-04,61710,140900
2016-11-07,61400,140200
2016-11-08,61490,140400
2016-11-09,61320,140000
2016-11-10,61750,141000
2016-11-11,61530,140500
2016-11-14,60530,138200
2016-11-15,60130,137300
2016-11-16,60880,139000
2016-11-17,60880,139000
2016-11-18,60090,137200
2016-11-21,60660,138500
2016-11-22,61620,140700
2016-11-23,60880,139000
2016-11-24,59870,136700
2016-11-25,58910,134500
2016-11-28,56590,129200
2016-11-29,58820,134300
2016-11-30,60440,138000
2016-12-01,59210,135200
2016-12-02,59130,135000
2016-12-05,59130,135000
2016-12-06,58690,134000
2016-12-07,58030,132500
2016-12-08,59210,135200
2016-12-09,59480,135800
2016-12-12,58560,133700
2016-12-13,57370,131000
2016-12-14,57290,130800
2016-12-15,55880,127600
2016-12-16,56890,129900
2016-12-19,56410,128800
2016-12-20,54570,124600
2016-12-21,55230,126100
2016-12-22,53910,123100
2016-12-23,54310,124000
2016-12-26,53650,122500
2016-12-27,54750,125000
2016-12-28,55180,126000
2016-12-29,56320,128600
2016-12-30,55010,125600
2017-01-03,55490,126700
2017-01-04,55580,126900
2017-01-05,55490,126700
2017-01-06,55180,126000
2017-01-09,55180,126000
2017-01-10,55230,126100
2017-01-11,55620,127000
2017-01-12,55620,127000
2017-01-13,55580,126900
2017-01-16,55400,126500
2017-01-17,55230,126100
2017-01-18,55180,126000
2017-01-19,55180,126000
2017-01-20,55620,127000
2017-01-23,56060,128000
2017-01-24,56060,128000
2017-01-25,56500,129000
2017-02-02,58250,133000
2017-02-03,58640,133900
2017-02-06,58340,133200
2017-02-07,58600,133800
2017-02-08,58640,133900
2017-02-09,58730,134100
2017-02-10,58600,133800
2017-02-13,58600,133800
2017-02-14,58210,132900
2017-02-15,58250,133000
2017-02-16,57810,132000
2017-02-17,56940,130000
2017-02-20,56940,130000
2017-02-21,57070,130300
2017-02-22,57110,130400
2017-02-23,57070,130300
2017-02-24,57770,131900
2017-02-27,57720,131800
2017-02-28,57550,131400
2017-03-01,57290,130800
2017-03-02,56800,129700
2017-03-03,56890,129900
2017-03-06,57330,130900
2017-03-07,56940,130000
2017-03-08,57200,130600
2017-03-09,57150,130500
2017-03-10,56890,129900
2017-03-13,56800,129700
2017-03-14,57240,130700
2017-03-15,58250,133000
2017-03-16,58690,134000
2017-03-17,58690,134000
2017-03-20,58640,133900
2017-03-21,59390,135600
2017-03-22,59830,136600
2017-03-23,61400,140200
2017-03-24,62060,141700
2017-03-27,62190,142000
2017-03-28,61670,140800
2017-03-29,62100,141800
2017-03-30,63070,144000
2017-04-03,63200,144300
2017-04-04,63070,144000
2017-04-05,62800,143400
2017-04-07,62450,142600
2017-04-10,62450,142600
2017-04-11,62850,143500
2017-04-12,63070,144000
2017-04-13,62670,143100
2017-04-14,62060,141700
2017-04-17,62190,142000
2017-04-18,63240,144400
2017-04-19,63680,145400
2017-04-20,63460,144900
2017-04-21,63370,144700
2017-04-24,63070,144000
2017-04-25,62800,143400
2017-04-26,63020,143900
2017-04-27,64160,146500
2017-04-28,64820,148000
2017-05-03,64950,148300
2017-05-04,65930,148500
2017-05-05,65080,146600
2017-05-08,64770,145900
2017-05-09,63930,144000
2017-05-10,64110,144400
2017-05-11,64150,144500
2017-05-12,64290,144800
2017-05-15,63890,143900
2017-05-16,63710,143500
2017-05-17,65260,147000
2017-05-18,64820,146000
2017-05-19,65660,147900
2017-05-22,66730,150300
2017-05-23,67260,151500
2017-05-24,67260,151500
2017-05-25,66590,150000
2017-05-26,67480,152000
2017-05-29,67350,151700
2017-05-30,66460,149700
2017-05-31,66460,149700
2017-06-01,67440,151900
2017-06-02,66990,150900
2017-06-05,68240,153700
2017-06-06,68460,154200
2017-06-07,68370,154000
2017-06-08,68190,153600
2017-06-09,68240,153700
2017-06-12,67790,152700
2017-06-13,67620,152300
2017-06-14,68150,153500
2017-06-15,68280,153800
2017-06-16,67930,153000
2017-06-19,68550,154400
2017-06-20,67930,153000
2017-06-21,68280,153800
2017-06-22,67880,152900
2017-06-23,67930,153000
2017-06-26,68100,153400
2017-06-27,68150,153500
2017-06-28,68990,155400
2017-06-29,68720,154800
2017-07-03,69700,157000
2017-07-04,69480,156500
2017-07-05,69520,156600
2017-07-06,69920,157500
2017-07-07,68460,154200
2017-07-10,67350,151700
2017-07-11,67930,153000
2017-07-12,68990,155400
2017-07-13,69390,156300
2017-07-14,68860,155100
2017-07-17,67440,151900
2017-07-18,67480,152000
2017-07-19,67930,153000
2017-07-20,67480,152000
2017-07-21,67260,151500
2017-07-24,67390,151800
2017-07-25,67390,151800
2017-07-26,67930,153000
2017-07-27,67880,152900
2017-07-28,67930,153000
2017-07-31,67750,152600
2017-08-01,67080,151100
2017-08-02,67660,152400
2017-08-03,68370,154000
2017-08-04,68370,154000
2017-08-07,68240,153700
2017-08-08,67480,152000
2017-08-09,66590,150000
2017-08-10,67260,151500
2017-08-11,67260,151500
2017-08-14,67350,149700
2017-08-15,66810,148500
2017-08-16,66360,147500
2017-08-17,66940,148800
2017-08-18,67120,149200
2017-08-21,66990,148900
2017-08-22,66810,148500
2017-08-23,66810,148500
2017-08-24,66720,148300
2017-08-25,66810,148500
2017-08-28,66720,148300
2017-08-29,66360,147500
2017-08-30,66580,148000
2017-08-31,66760,148400
2017-09-01,68160,151500
2017-09-05,68650,152600
2017-09-06,67930,151000
2017-09-07,67260,149500
2017-09-08,67080,149100
2017-09-11,66760,148400
2017-09-12,66630,148100
2017-09-13,66680,148200
2017-09-14,66720,148300
2017-09-15,66580,148000
2017-09-18,67030,149000
2017-09-19,66760,148400
2017-09-20,66990,148900
2017-09-21,66580,148000
2017-09-22,66450,147700
2017-09-25,66580,148000
2017-09-26,66630,148100
2017-09-27,66580,148000
2017-09-28,67030,149000
2017-09-29,67120,149200
2017-10-02,66810,148500
2017-10-03,66540,147900
2017-10-04,66810,148500
2017-10-05,67030,149000
2017-10-06,67030,149000
2017-10-09,66990,148900
2017-10-10,66810,148500
2017-10-11,66810,148500
2017-10-12,66580,148000
2017-10-13,67210,149400
2017-10-16,66850,148600
2017-10-17,67080,149100
2017-10-18,67030,149000
2017-10-19,66940,148800
2017-10-20,66810,148500
2017-10-23,66580,148000
2017-10-24,67030,149000
2017-10-25,67710,150500
2017-10-26,68290,151800
2017-10-27,68560,152400
2017-10-30,68340,151900
2017-10-31,67930,151000
2017-11-01,69730,155000
2017-11-02,70140,155900
2017-11-03,69820,155200
2017-11-06,71080,158000
2017-11-07,70990,157800
2017-11-08,72070,160200
2017-11-09,73110,162500
2017-11-10,78190,173800
2017-11-13,83010,184500
2017-11-14,80980,180000
2017-11-15,81790,181800
2017-11-16,82420,183200
2017-11-17,82420,183200
2017-11-20,84130,187000
2017-11-21,85030,189000
2017-11-22,83190,184900
2017-11-23,83190,184900
2017-11-24,83230,185000
2017-11-27,83230,185000
2017-11-28,83230,185000
2017-11-29,83230,185000
2017-11-30,84000,186700
2017-12-01,88180,196000
2017-12-04,91330,203000
2017-12-05,89530,199000
2017-12-06,87730,195000
2017-12-07,83680,186000
2017-12-08,84630,188100
2017-12-11,85930,191000
2017-12-12,87510,194500
2017-12-13,87640,194800
2017-12-14,90430,201000
2017-12-15,88630,197000
2017-12-18,92230,205000
2017-12-19,91330,203000
2017-12-20,90880,202000
2017-12-21,91730,203900
2017-12-22,91280,202900
2017-12-25,89980,200000
2017-12-26,91280,202900
2017-12-27,92230,205000
2017-12-28,93000,205200
2017-12-29,94540,208600
2018-01-02,95850,211500
2018-01-03,96940,213900
2018-01-04,97350,214800
2018-01-05,96760,213500
2018-01-08,95170,210000
2018-01-09,93810,207000
2018-01-10,95630,211000
2018-01-11,95170,210000
2018-01-12,95130,209900
2018-01-15,94490,208500
2018-01-16,94400,208300
2018-01-17,91140,201100
2018-01-18,93180,205600
2018-01-19,93180,205600
2018-01-22,95900,211600
2018-01-25,93810,207000
2018-01-26,95990,211800
2018-01-29,93590,206500
2018-01-30,92680,204500
2018-01-31,92230,203500
2018-02-01,92000,203000
2018-02-02,93810,207000
2018-02-05,92050,203100
2018-02-06,89690,197900
2018-02-07,90780,200300
2018-02-08,89330,197100
2018-02-09,86560,191000
2018-02-12,87020,192000
2018-02-13,87700,193500
2018-02-21,92090,203200
2018-02-22,91090,201000
2018-02-23,91550,202000
2018-02-26,90640,200000
2018-02-27,90640,200000
2018-02-28,88830,196000
2018-03-01,88830,196000
2018-03-02,90320,199300
2018-03-05,91730,202400
2018-03-06,91550,202000
2018-03-07,93410,206100
2018-03-08,94720,209000
2018-03-09,94270,208000
2018-03-12,93360,206000
2018-03-13,95170,210000
2018-03-14,96530,213000
2018-03-15,95260,210200
2018-03-16,96990,214000
2018-03-19,96080,212000
2018-03-20,94720,209000
2018-03-21,94720,209000
2018-03-22,94720,209000
2018-03-23,93810,207000
2018-03-26,94490,208500
2018-03-27,96530,213000
2018-03-28,95630,211000
2018-03-29,93810,207000
2018-03-30,92000,203000
2018-04-02,90510,199700
2018-04-03,87790,193700
2018-04-04,90640,200000
2018-04-05,89420,197300
2018-04-06,89830,198200
2018-04-09,89640,197800
2018-04-10,89280,197000
2018-04-11,88830,196000
2018-04-12,88960,196300
2018-04-13,88690,195700
2018-04-16,86110,190000
2018-04-17,83620,184500
2018-04-18,84980,187500
2018-04-19,84980,187500
2018-04-20,84300,186000
2018-04-23,82660,182400
2018-04-24,81580,180000
2018-04-26,82030,181000
2018-04-27,83840,185000
2018-05-02,83620,184500
2018-05-03,83840,185000
2018-05-04,83390,184000
2018-05-07,86110,190000
2018-05-08,83890,185100
2018-05-09,83840,185000
2018-05-10,81580,180000
2018-05-11,80670,178000
2018-05-14,80670,178000
2018-05-15,79760,176000
2018-05-16,76640,169100
2018-05-17,74780,165000
2018-05-18,77540,171100
2018-05-21,75230,166000
2018-05-22,73420,162000
2018-05-23,75820,167300
2018-05-24,76140,168000
2018-05-25,75230,166000
2018-05-28,74780,165000
2018-05-29,76410,168600
2018-05-30,75010,165500
2018-05-31,74420,164200
2018-06-01,76230,168200
2018-06-04,79310,175000
2018-06-05,80910,177000
2018-06-06,80000,175000
2018-06-07,81050,177300
2018-06-08,80910,177000
2018-06-11,82330,180100
2018-06-12,82740,181000
2018-06-13,82740,181000
2018-06-14,82280,180000
2018-06-15,82280,180000
2018-06-18,78950,172700
2018-06-19,76020,166300
2018-06-20,77170,168800
2018-06-21,77710,170000
2018-06-22,81370,178000
2018-06-25,81920,179200
2018-06-26,80410,175900
2018-06-27,80000,175000
2018-06-28,77710,170000
2018-06-29,77710,170000
2018-07-02,78170,171000
2018-07-03,77710,170000
2018-07-04,76340,167000
2018-07-05,75430,165000
2018-07-06,75890,166000
2018-07-09,76340,167000
2018-07-10,76340,167000
2018-07-11,76340,167000
2018-07-12,76940,168300
2018-07-13,76020,166300
2018-07-16,76800,168000
2018-07-17,76750,167900
2018-07-18,77260,169000
2018-07-19,77940,170500
2018-07-20,77480,169500
2018-07-23,77710,170000
2018-07-24,77670,169900
2018-07-25,77670,169900
2018-07-26,78400,171500
2018-07-27,77170,168800
2018-07-30,77030,168500
2018-07-31,76890,168200
2018-08-01,76300,166900
2018-08-02,75430,165000
2018-08-03,73870,161600
2018-08-06,73100,159900
2018-08-07,69940,153000
2018-08-08,71080,155500
2018-08-09,71770,157000
2018-08-10,71860,157200
2018-08-13,71360,156100
2018-08-14,72270,158100
2018-08-15,72460,158500
2018-08-16,72500,158600
2018-08-17,72460,158500
2018-08-20,73190,160100
2018-08-21,74510,163000
2018-08-22,74510,163000
2018-08-23,74650,163300
2018-08-24,74150,162200
2018-08-27,73280,160300
2018-08-28,72820,159300
2018-08-29,72040,157600
2018-08-30,71540,156500
2018-08-31,71630,156700
2018-09-04,71630,156700
2018-09-05,69730,125500
2018-09-06,67850,122100
2018-09-07,70620,127100
2018-09-10,70900,127600
2018-09-11,73350,132000
2018-09-12,73570,132400
2018-09-13,73400,132100
2018-09-14,73900,133000
2018-09-17,75570,136000
2018-09-18,76680,138000
2018-09-19,76570,137800
2018-09-20,75570,136000
2018-09-21,76570,137800
2018-09-24,76120,137000
2018-09-25,76070,136900
2018-09-26,75850,136500
2018-09-27,76960,138500
2018-09-28,76290,137300
2018-10-01,75740,136300
2018-10-02,76120,137000
2018-10-03,76070,136900
2018-10-04,76070,136900
2018-10-05,75120,135200
2018-10-08,73900,133000
2018-10-09,72740,130900
2018-10-10,72240,130000
2018-10-11,70570,127000
2018-10-12,71400,128500
2018-10-15,69850,125700
2018-10-16,70010,126000
2018-10-17,70510,126900
2018-10-18,70010,126000
2018-10-19,70460,126800
2018-10-22,69900,125800
2018-10-23,68620,123500
2018-10-24,68120,122600
2018-10-25,66680,120000
2018-10-26,67510,121500
2018-10-29,66680,120000
2018-10-30,65180,117300
2018-10-31,64510,116100
2018-11-01,63510,114300
2018-11-02,65850,118500
2018-11-05,64730,116500
2018-11-06,65400,117700
2018-11-07,66400,119500
2018-11-08,66680,120000
2018-11-09,65010,117000
2018-11-12,65010,117000
2018-11-13,64460,116000
2018-11-14,65290,117500
2018-11-15,65010,117000
2018-11-16,63900,115000
2018-11-19,64120,115400
2018-11-20,64730,116500
2018-11-21,66230,119200
2018-11-22,66730,120100
2018-11-23,65570,118000
2018-11-26,68400,123100
2018-11-27,70290,126500
2018-11-28,71120,128000
2018-11-29,70180,126300
2018-11-30,71120,128000
2018-12-03,74240,133600
2018-12-04,75850,136500
2018-12-05,73900,133000
2018-12-06,73180,131700
2018-12-07,74400,133900
2018-12-10,75010,135000
2018-12-11,74900,134800
2018-12-12,74460,134000
2018-12-13,75010,135000
2018-12-14,75010,135000
2018-12-17,74400,133900
2018-12-18,73180,131700
2018-12-19,71740,129100
2018-12-20,70120,126200
2018-12-21,68070,122500
2018-12-24,69790,125600
2018-12-25,69230,124600
2018-12-26,68900,124000
2018-12-27,69020,123200
2018-12-28,67220,120000
2019-01-02,69460,124000
2019-01-03,68850,122900
2019-01-04,70020,125000
2019-01-07,73390,131000
2019-01-08,72830,130000
2019-01-09,73890,131900
2019-01-10,73780,131700
2019-01-11,75070,134000
2019-01-14,75630,135000
2019-01-15,75570,134900
2019-01-16,74510,133000
2019-01-17,74060,132200
2019-01-18,75070,134000
2019-01-21,74950,133800
2019-01-22,75070,134000
2019-01-23,75350,134500
2019-01-24,75910,135500
2019-01-25,76130,135900
2019-01-28,76470,136500
2019-01-29,76470,136500
2019-01-30,75910,135500
2019-01-31,75630,135000
2019-02-01,75630,135000
2019-02-11,76750,137000
2019-02-12,77310,138000
2019-02-13,77470,138300
2019-02-14,78090,139400
2019-02-15,78540,140200
2019-02-18,79550,142000
2019-02-19,79880,142600
2019-02-20,80110,143000
2019-02-21,83190,148500
2019-02-22,83410,148900
2019-02-25,84930,151600
2019-02-26,81840,146100
2019-02-27,82740,147700
2019-02-28,79040,141100
2019-03-01,79210,141400
2019-03-04,80050,142900
2019-03-05,79550,142000
2019-03-06,78990,141000
2019-03-07,78260,139700
2019-03-08,76750,137000
2019-03-11,77080,137600
2019-03-12,77870,139000
2019-03-13,77470,138300
2019-03-14,76860,137200
2019-03-15,76750,137000
2019-03-18,77310,138000
2019-03-19,76690,136900
2019-03-20,77590,138500
2019-03-21,76190,136000
2019-03-22,76470,136500
2019-03-25,76470,136500
2019-03-26,76470,136500
2019-03-27,76470,136500
2019-03-28,75740,135200
2019-03-29,75510,134800
2019-04-01,77640,138600
2019-04-02,77870,139000
2019-04-03,77590,138500
2019-04-04,77310,138000
2019-04-05,76350,136300
2019-04-08,76860,137200
2019-04-09,75850,135400
2019-04-10,75790,135300
2019-04-11,75960,135600
2019-04-12,76020,135700
2019-04-16,76190,136000
2019-04-17,75630,135000
2019-04-18,75740,135200
2019-04-19,74510,133000
2019-04-22,72600,129600
2019-04-23,71140,127000
2019-04-24,72550,129500
2019-04-25,72550,129500
2019-04-26,72710,129800
2019-05-02,72830,130000
2019-05-03,73390,131000
2019-05-06,72320,129100
2019-05-07,72550,129500
2019-05-08,71700,128000
2019-05-09,71820,128200
2019-05-10,72880,130100
2019-05-13,75010,133900
2019-05-14,75910,135500
2019-05-15,75960,135600
2019-05-16,76410,136400
2019-05-17,75960,135600
2019-05-20,77030,137500
2019-05-21,74790,133500
2019-05-22,74000,132100
2019-05-23,74000,132100
2019-05-24,73110,130500
2019-05-27,75070,134000
2019-05-28,73950,132000
2019-05-29,74450,132900
2019-05-30,73670,131500
2019-05-31,72550,129500
2019-06-03,71700,128000
2019-06-04,72040,128600
2019-06-05,72270,127500
2019-06-06,71700,126500
2019-06-07,71760,126600
2019-06-10,71930,126900
2019-06-11,71140,125500
2019-06-12,70970,125200
2019-06-13,69830,123200
2019-06-14,70120,123700
2019-06-17,70120,123700
2019-06-18,69720,123000
2019-06-19,69950,123400
2019-06-20,69890,123300
2019-06-21,71140,125500
2019-06-24,69780,123100
2019-06-25,69950,123400
2019-06-26,70000,123500
2019-06-27,69780,123100
2019-06-28,69720,123000
2019-07-01,70850,125000
2019-07-02,70910,125100
2019-07-03,71420,126000
2019-07-04,71530,126200
2019-07-05,71530,126200
2019-07-08,70400,124200
2019-07-09,70850,125000
2019-07-10,70850,125000
2019-07-11,70970,125200
2019-07-12,70290,124000
2019-07-15,69830,123200
2019-07-16,70290,124000
2019-07-17,71080,125400
2019-07-18,70630,124600
2019-07-19,71930,126900
2019-07-22,71140,125500
2019-07-23,71080,125400
2019-07-24,71190,125600
2019-07-25,70910,125100
2019-07-26,70570,124500
2019-07-29,70000,123500
2019-07-30,70000,123500
2019-07-31,69830,123200
2019-08-01,70400,124200
2019-08-02,70290,124000
2019-08-05,69150,122000
2019-08-06,68130,120200
2019-08-07,68590,121000
2019-08-08,68530,120900
2019-08-09,68590,121000
2019-08-12,68360,120600
2019-08-13,66890,118000
2019-08-14,67280,118700
2019-08-15,69150,122000
2019-08-16,70340,124100
2019-08-19,70800,124900
2019-08-20,70510,124400
2019-08-21,70230,123900
2019-08-22,70290,124000
2019-08-23,69720,123000
2019-08-26,68300,120500
2019-08-27,67450,119000
2019-08-28,67680,119400
2019-08-29,69720,123000
2019-08-30,69720,123000
2019-09-03,70290,124000
2019-09-04,70170,123800
2019-09-05,69150,122000
2019-09-06,69610,122800
2019-09-09,70570,124500
2019-09-10,70120,123700
2019-09-11,69210,122100
2019-09-12,69150,122000
2019-09-13,69210,122100
2019-09-16,71180,121500
2019-09-17,71770,122500
2019-09-18,72470,123700
2019-09-19,72420,123600
2019-09-20,71540,122100
2019-09-23,72940,124500
2019-09-24,74350,126900
2019-09-25,74060,126400
2019-09-26,76170,130000
2019-09-27,76220,130100
2019-10-01,74990,128000
2019-10-02,74410,127000
2019-10-03,75580,129000
2019-10-04,75340,128600
2019-10-07,75640,129100
2019-10-08,75580,129000
2019-10-09,74410,127000
2019-10-10,74410,127000
2019-10-11,74990,128000
2019-10-14,75340,128600
2019-10-15,75170,128300
2019-10-16,76400,130400
2019-10-17,76750,131000
2019-10-18,77630,132500
2019-10-21,78270,133600
2019-10-22,77630,132500
2019-10-23,77510,132300
2019-10-24,77690,132600
2019-10-25,78800,134500
2019-10-28,78390,133800
2019-10-29,78570,134100
2019-10-30,77340,132000
2019-10-31,76170,130000
2019-11-01,77570,132400
2019-11-04,76930,131300
2019-11-05,75700,129200
2019-11-06,76220,130100
2019-11-07,75640,129100
2019-11-08,75700,129200
2019-11-11,75760,129300
2019-11-12,74700,127500
2019-11-13,73530,125500
2019-11-14,73760,125900
2019-11-15,72060,123000
2019-11-18,70770,120800
2019-11-19,72880,124400
2019-11-20,72650,124000
2019-11-21,71480,122000
2019-11-22,71180,121500
2019-11-25,72010,122900
2019-11-26,72060,123000
2019-11-27,71540,122100
2019-11-28,71540,122100
2019-11-29,71180,121500
2019-12-02,69310,118300
2019-12-03,68200,116400
2019-12-04,69600,118800
2019-12-05,69020,117800
2019-12-06,68140,116300
2019-12-09,69190,118100
2019-12-10,69250,118200
2019-12-11,69490,118600
2019-12-12,69840,119200
2019-12-13,69130,118000
2019-12-16,69540,118700
2019-12-17,68610,117100
2019-12-18,69490,118600
2019-12-19,70130,119700
2019-12-20,70310,120000
2019-12-23,69130,118000
2019-12-24,69490,118600
2019-12-25,69130,118000
2019-12-26,69140,117000
2019-12-27,69850,118200
2019-12-30,68840,116500
2020-01-02,69670,117900
2020-01-03,69900,118300
2020-01-06,69370,117400
2020-01-07,70020,118500
2020-01-08,70200,118800
2020-01-09,70080,118600
2020-01-10,70260,118900
2020-01-13,69370,117400
2020-01-14,69610,117800
2020-01-15,69610,117800
2020-01-16,69850,118200
2020-01-17,70080,118600
2020-01-20,70320,119000
2020-01-21,71500,121000
2020-01-22,71680,121300
2020-01-30,68900,116600
2020-01-31,64110,108500
2020-02-03,64000,108300
2020-02-04,62050,105000
2020-02-05,62990,106600
2020-02-06,63520,107500
2020-02-07,65120,110200
2020-02-10,64410,109000
2020-02-11,63350,107200
2020-02-12,63350,107200
2020-02-13,63170,106900
2020-02-14,62990,106600
2020-02-17,63520,107500
2020-02-18,62340,105500
2020-02-19,62870,106400
2020-02-20,62870,106400
2020-02-21,64110,108500
2020-02-24,62870,106400
2020-02-25,63820,108000
2020-02-26,62050,105000
2020-02-27,63460,107400
2020-02-28,61750,104500
2020-03-02,61750,104500
2020-03-03,62220,105300
2020-03-04,61930,104800
2020-03-05,61750,104500
2020-03-06,61570,104200
2020-03-09,57320,97000
2020-03-10,60100,101700
2020-03-11,60040,101600
2020-03-12,59620,100900
2020-03-13,58560,99100
2020-03-16,57320,97000
2020-03-17,56730,96000
2020-03-18,56140,95000
2020-03-19,52590,89000
2020-03-20,53180,90000
2020-03-23,49460,83700
2020-03-24,50880,86100
2020-03-25,54360,92000
2020-03-26,55550,94000
2020-03-27,55600,94100
2020-03-30,53890,91200
2020-04-01,55550,94000
2020-04-03,56140,95000
2020-04-06,56850,96200
2020-04-07,58200,98500
2020-04-08,58500,99000
2020-04-09,59150,100100
2020-04-10,58850,99600
2020-04-13,58560,99100
2020-04-14,58500,99000
2020-04-15,58620,99200
2020-04-16,58680,99300
2020-04-17,58680,99300
2020-04-20,59090,100000
2020-04-21,57200,96800
2020-04-22,57610,97500
2020-04-23,56790,96100
2020-04-24,60750,102800
2020-04-27,60750,102800
2020-04-28,59390,100500
2020-04-29,58500,99000
2020-05-04,57670,97600
2020-05-05,59390,100500
2020-05-06,59980,101500
2020-05-07,61100,103400
2020-05-08,62050,105000
2020-05-11,64110,108500
2020-05-12,67300,113900
2020-05-13,67190,113700
2020-05-14,66770,113000
2020-05-15,65470,110800
2020-05-18,65650,111100
2020-05-19,66540,112600
2020-05-20,67360,114000
2020-05-21,67950,115000
2020-05-22,67600,114400
2020-05-25,69490,117600
2020-05-26,69490,117600
2020-05-27,67950,115000
2020-05-28,67840,114800
2020-05-29,67950,115000
2020-06-01,68600,116100
2020-06-02,68550,116000
2020-06-03,68900,116600
2020-06-04,69610,117800
2020-06-05,70440,119200
2020-06-08,72560,122800
2020-06-09,73860,125000
2020-06-10,72680,123000
2020-06-11,72270,122300
2020-06-12,69730,118000
2020-06-15,66180,112000
2020-06-16,69140,117000
2020-06-17,68310,115600
2020-06-18,68070,115200
2020-06-19,67950,115000
2020-06-22,68190,115400
2020-06-23,68550,116000
2020-06-24,69200,117100
2020-06-25,68780,116400
2020-06-26,68490,115900
2020-06-29,66990,111900
2020-07-01,68660,114700
2020-07-02,67650,113000
2020-07-03,68300,114100
2020-07-06,69740,116500
2020-07-07,69440,116000
2020-07-08,69140,115500
2020-07-09,69380,115900
2020-07-10,69020,115300
2020-07-13,68720,114800
2020-07-14,68960,115200
2020-07-15,69440,116000
2020-07-16,70340,117500
2020-07-17,69920,116800
2020-07-20,69260,115700
2020-07-21,69440,116000
2020-07-22,68300,114100
2020-07-23,68360,114200
2020-07-24,66510,111100
2020-07-27,61900,103400
2020-07-28,65790,109900
2020-07-29,63450,106000
2020-07-30,65250,109000
2020-07-31,64050,107000
2020-08-03,65370,109200
2020-08-04,66630,111300
2020-08-05,67110,112100
2020-08-06,68720,114800
2020-08-07,69140,115500
2020-08-10,68540,114500
2020-08-11,68540,114500
2020-08-12,69200,115600
2020-08-13,69680,116400
2020-08-14,69860,116700
2020-08-17,70040,117000
2020-08-18,69200,115600
2020-08-19,69020,115300
2020-08-20,68960,115200
2020-08-21,69200,115600
2020-08-24,69740,116500
2020-08-25,70220,117300
2020-08-26,70100,117100
2020-08-27,70160,117200
2020-08-28,71420,119300
2020-08-31,72430,121000
2020-09-01,73750,123200
2020-09-03,74650,124700
2020-09-04,74830,125000
2020-09-07,75430,126000
2020-09-08,74350,124200
2020-09-09,74110,123800
2020-09-10,74650,124700
2020-09-11,74110,123800
2020-09-14,74350,124200
2020-09-15,74710,124800
2020-09-16,74350,124200
2020-09-17,74530,124500
2020-09-18,75670,126400
2020-09-21,77880,130100
2020-09-22,77580,129600
2020-09-23,77340,129200
2020-09-24,76210,127300
2020-09-25,76450,127700
2020-09-28,76800,128300
2020-09-29,79690,109200
2020-10-01,79760,109300
2020-10-02,78820,108000
2020-10-05,78300,107300
2020-10-06,78090,107000
2020-10-07,78820,108000
2020-10-08,78010,106900
2020-10-09,77870,106700
2020-10-12,78090,107000
2020-10-13,78160,107100
2020-10-14,78380,107400
2020-10-15,78450,107500
2020-10-16,78380,107400
2020-10-19,78600,107700
2020-10-20,77500,106200
2020-10-21,77650,106400
2020-10-22,77870,106700
2020-10-23,80270,110000
2020-10-26,80640,110500
2020-10-27,79980,109600
2020-10-28,78380,107400
2020-10-29,78010,106900
2020-10-30,78820,108000
2020-11-02,78520,107600
2020-11-03,78600,107700
2020-11-04,78820,108000
2020-11-05,79400,108800
2020-11-06,79400,108800
2020-11-09,79400,108800
2020-11-10,78450,107500
2020-11-11,78450,107500
2020-11-12,78090,107000
2020-11-13,78380,107400
2020-11-16,78160,107100
2020-11-17,78520,107600
2020-11-18,79840,109400
2020-11-19,80060,109700
2020-11-20,80930,110900
2020-11-23,80710,110600
2020-11-24,79980,109600
2020-11-25,80640,110500
2020-11-26,80200,109900
2020-11-27,80130,109800
2020-11-30,78960,108200
2020-12-01,80060,109700
2020-12-02,79540,109000
2020-12-03,79910,109500
2020-12-04,79540,109000
2020-12-07,80270,110000
2020-12-08,79690,109200
2020-12-09,80060,109700
2020-12-10,81730,112000
2020-12-11,82170,112600
2020-12-14,82760,113400
2020-12-15,81150,111200
2020-12-16,81440,111600
2020-12-17,80570,110400
2020-12-18,80570,110400
2020-12-21,81000,111000
2020-12-22,80200,109900
2020-12-23,80420,110200
2020-12-24,79330,108700
2020-12-25,79540,109000
2020-12-28,79330,108700
2020-12-29,79690,109200
2020-12-30,79400,108800
2021-01-04,79760,109300
2021-01-05,81610,110800
2021-01-06,80870,109800
2021-01-07,81310,110400
2021-01-08,82490,112000
2021-01-11,85370,115900
2021-01-12,85660,116300
2021-01-13,84330,114500
2021-01-14,83300,113100
2021-01-15,83890,113900
2021-01-18,83450,113300
2021-01-19,79330,107700
2021-01-20,80280,109000
2021-01-21,81240,110300
2021-01-22,80060,108700
2021-01-25,79690,108200
2021-01-26,78590,106700
2021-01-27,76090,103300
2021-01-28,70780,96100
2021-01-29,75720,102800
2021-02-01,75640,102700
2021-02-02,78370,106400
2021-02-03,80800,109700
2021-02-04,80140,108800
2021-02-05,80730,109600
2021-02-08,77560,105300
2021-02-09,79550,108000
2021-02-17,80060,108700
2021-02-18,80280,109000
2021-02-19,79550,108000
2021-02-22,79180,107500
2021-02-23,78810,107000
2021-02-24,77930,105800
2021-02-25,77040,104600
2021-02-26,77190,104800
2021-03-01,77780,105600
2021-03-02,77260,104900
2021-03-03,76970,104500
2021-03-04,76160,103400
2021-03-05,75860,103000
2021-03-08,75280,102200
2021-03-09,74020,100500
2021-03-10,74460,101100
2021-03-11,75720,102800
2021-03-12,75280,102200
2021-03-15,75280,102200
2021-03-16,74390,101000
2021-03-17,74020,100500
2021-03-18,75500,102500
2021-03-19,74910,101700
2021-03-22,74240,100800
2021-03-23,73800,100200
2021-03-24,72700,98700
2021-03-25,72550,98500
2021-03-26,71740,97400
2021-03-29,72920,99000
2021-03-30,73070,99200
2021-04-01,74390,101000
2021-04-02,75640,102700
2021-04-05,75570,102600
2021-04-06,74760,101500
2021-04-07,73730,100100
2021-04-08,73580,99900
2021-04-09,73510,99800
2021-04-12,73650,100000
2021-04-13,73650,100000
2021-04-14,73140,99300
2021-04-15,72990,99100
2021-04-16,71370,96900
2021-04-19,70780,96100
2021-04-20,73140,99300
2021-04-22,72180,98000
2021-04-23,73290,99500
2021-04-26,70710,96000
2021-04-27,70490,95700
2021-04-28,69010,93700
2021-04-29,68870,93500
2021-05-04,67470,91600
2021-05-05,67760,92000
2021-05-06,65990,89600
2021-05-07,64080,87000
2021-05-10,68500,93000
2021-05-11,67170,91200
2021-05-12,67610,91800
2021-05-13,66660,90500
2021-05-14,65920,89500
2021-05-17,64230,87200
2021-05-18,64080,87000
2021-05-19,64450,87500
2021-05-20,64820,88000
2021-05-21,65700,89200
2021-05-24,67170,91200
2021-05-25,66660,90500
2021-05-26,67030,91000
2021-05-27,66660,90500
2021-05-28,67100,91100
2021-05-31,66660,90500
2021-06-01,66220,89900
2021-06-02,65850,89400
2021-06-03,66440,90200
2021-06-04,65920,89500
2021-06-07,66670,89400
2021-06-08,66890,89700
2021-06-09,66440,89100
2021-06-10,68760,92200
2021-06-11,68610,92000
2021-06-14,68980,92500
2021-06-15,69280,92900
2021-06-16,68460,91800
2021-06-17,67860,91000
2021-06-18,68680,92100
2021-06-21,67560,90600
2021-06-22,67560,90600
2021-06-23,67110,90000
2021-06-24,66150,88700
2021-06-25,66890,89700
2021-06-28,66520,89200
2021-06-29,67860,91000
2021-07-01,67790,90900
2021-07-02,67190,90100
2021-07-05,66520,89200
2021-07-06,64880,87000
2021-07-07,66970,89800
2021-07-08,65920,88400
2021-07-09,64880,87000
2021-07-12,64360,86300
2021-07-13,62860,84300
2021-07-14,63390,85000
2021-07-15,63540,85200
2021-07-16,64060,85900
2021-07-19,63390,85000
2021-07-20,64060,85900
2021-07-21,63610,85300
2021-07-22,64730,86800
2021-07-23,65320,87600
2021-07-26,66290,88900
2021-07-27,65250,87500
2021-07-28,64800,86900
2021-07-29,64730,86800
2021-07-30,64210,86100
2021-08-02,64500,86500
2021-08-03,64950,87100
2021-08-04,64950,87100
2021-08-05,64580,86600
2021-08-06,65030,87200
2021-08-09,65400,87700
2021-08-10,66670,89400
2021-08-11,67790,90900
2021-08-12,67490,90500
2021-08-13,67040,89900
2021-08-16,66740,89500
2021-08-17,66590,89300
2021-08-18,67110,90000
2021-08-19,67340,90300
2021-08-20,65470,87800
2021-08-23,64130,86000
2021-08-24,64360,86300
2021-08-25,64800,86900
2021-08-26,64880,87000
2021-08-27,64880,87000
2021-08-30,65180,87400
2021-08-31,65180,87400
2021-09-01,65700,88100
2021-09-06,65850,88300
2021-09-07,65470,86300
2021-09-08,64790,85400
2021-09-09,64630,85200
2021-09-10,65620,86500
2021-09-13,66150,87200
2021-09-14,66000,87000
2021-09-15,65320,86100
2021-09-16,65540,86400
2021-09-17,65620,86500
2021-09-20,67290,88700
2021-09-21,67360,88800
2021-09-22,69410,91500
2021-09-23,68880,90800
2021-09-24,68810,90700
2021-09-27,67360,88800
2021-09-28,67740,89300
2021-09-29,67970,89600
2021-09-30,67970,89600
2021-10-01,68120,89800
2021-10-04,68430,90200
2021-10-05,67970,89600
2021-10-06,67740,89300
2021-10-07,67360,88800
2021-10-08,67970,89600
2021-10-11,68280,90000
2021-10-12,68580,90400
2021-10-13,68350,90100
2021-10-14,68280,90000
2021-10-15,68280,90000
2021-10-18,68120,89800
2021-10-19,68500,90300
2021-10-20,68280,90000
2021-10-21,67590,89100
2021-10-22,68650,90500
2021-10-25,68350,90100
2021-10-26,67970,89600
2021-10-27,68580,90400
2021-10-28,68730,90600
2021-10-29,68810,90700
2021-11-01,68280,90000
2021-11-02,67670,89200
2021-11-03,66910,88200
2021-11-04,67060,88400
2021-11-05,67670,89200
2021-11-08,68880,90800
2021-11-09,68120,89800
2021-11-10,68050,89700
2021-11-11,67970,89600
2021-11-12,67740,89300
2021-11-15,67520,89000
2021-11-16,67210,88600
2021-11-17,67360,88800
2021-11-18,66760,88000
2021-11-19,65320,86100
2021-11-22,65390,86200
2021-11-23,65470,86300
2021-11-24,66380,87500
2021-11-25,66380,87500
2021-11-26,66990,88300
2021-11-29,66380,87500
2021-11-30,66450,87600
2021-12-01,66380,87500
2021-12-02,66300,87400
2021-12-03,65090,85800
2021-12-06,64710,85300
2021-12-07,65620,86500
2021-12-08,65240,86000
2021-12-09,66000,87000
2021-12-10,65470,86300
2021-12-13,65540,86400
2021-12-14,65470,86300
2021-12-15,65470,86300
2021-12-16,65700,86600
2021-12-17,65010,85700
2021-12-20,65010,85700
2021-12-21,64860,85500
2021-12-22,64790,85400
2021-12-23,64250,84700
2021-12-24,65240,86000
2021-12-27,65320,86100
2021-12-28,64860,85500
2021-12-29,64630,85200
2021-12-30,64710,85300
2022-01-04,65770,86700
2022-01-05,65390,86200
2022-01-06,64790,85400
2022-01-07,64630,85200
2022-01-10,64550,83700
2022-01-11,64550,83700
2022-01-12,64090,83100
2022-01-13,64090,83100
2022-01-14,65330,84700
2022-01-17,63940,82900
2022-01-18,64320,83400
2022-01-19,63860,82800
2022-01-20,64090,83100
2022-01-21,63710,82600
2022-01-24,62470,81000
2022-01-25,61080,79200
2022-01-26,61470,79700
2022-01-27,64090,83100
2022-01-28,64090,83100
2022-02-07,64400,83500
2022-02-08,63240,82000
2022-02-09,63860,82800
2022-02-10,63780,82700
2022-02-11,63240,82000
2022-02-14,62550,81100
2022-02-15,62630,81200
2022-02-16,62010,80400
2022-02-17,62320,80800
2022-02-18,62160,80600
2022-02-21,62470,81000
2022-02-22,61700,80000
2022-02-23,61700,80000
2022-02-24,60620,78600
2022-02-25,60850,78900
2022-02-28,60470,78400
2022-03-01,61080,79200
2022-03-02,60540,78500
2022-03-03,60470,78400
2022-03-04,60080,77900
2022-03-07,59230,76800
2022-03-08,58690,76100
2022-03-09,57920,75100
2022-03-10,59460,77100
2022-03-11,60160,78000
2022-03-14,59540,77200
2022-03-15,59540,77200
2022-03-16,59620,77300
2022-03-17,58920,76400
2022-03-18,58620,76000
2022-03-21,59850,77600
2022-03-22,59310,76900
2022-03-23,58690,76100
2022-03-24,58310,75600
2022-03-25,58000,75200
2022-03-28,56610,73400
2022-03-29,58230,75500
2022-03-30,58770,76200
2022-04-01,63010,81700
2022-04-04,63400,82200
2022-04-05,62010,80400
2022-04-06,61160,79300
2022-04-07,60540,78500
2022-04-08,59620,77300
2022-04-12,59230,76800
2022-04-13,59540,77200
2022-04-14,58850,76300
2022-04-15,59000,76500
2022-04-18,59390,77000
2022-04-19,58620,76000
2022-04-20,58310,75600
2022-04-21,57840,75000
2022-04-22,58540,75900
2022-04-25,56690,73500
2022-04-26,58540,75900
2022-04-27,57840,75000
2022-04-28,57300,74300
2022-04-29,57230,74200
2022-05-04,55920,72500
2022-05-05,55610,72100
2022-05-06,54140,70200
2022-05-09,53990,70000
2022-05-10,54450,70600
2022-05-11,53600,69500
2022-05-12,51290,66500
2022-05-13,50980,66100
2022-05-16,50750,65800
2022-05-17,53990,70000
2022-05-18,54220,70300
2022-05-19,53220,69000
2022-05-20,52520,68100
2022-05-23,51130,66300
2022-05-24,53140,68900
2022-05-25,55450,71900
2022-05-26,54990,71300
2022-05-27,56300,73000
2022-05-30,55920,72500
2022-05-31,55300,71700
2022-06-01,55450,71900
2022-06-02,54840,71100
2022-06-03,54220,70300
2022-06-06,54610,70800
2022-06-07,54450,70600
2022-06-08,54760,71000
2022-06-09,54140,70200
2022-06-10,53600,69500
2022-06-13,51210,66400
2022-06-14,50980,66100
2022-06-15,49750,64500
2022-06-16,52450,68000
2022-06-17,51440,66700
2022-06-20,53220,69000
2022-06-21,56840,73700
2022-06-22,54450,70600
2022-06-23,54530,70700
2022-06-24,55150,71500
2022-06-27,54840,71100
2022-06-28,54610,70800
2022-06-29,55760,72300
2022-06-30,55690,72200
2022-07-01,56840,73700
2022-07-04,57920,75100
2022-07-05,56380,73100
2022-07-06,56420,70700
2022-07-07,58250,73000
2022-07-08,58250,73000
2022-07-11,58250,73000
2022-07-12,58490,73300
2022-07-13,57850,72500
2022-07-14,57770,72400
2022-07-15,57140,71600
2022-07-18,57220,71700
2022-07-19,58090,72800
2022-07-20,58250,73000
2022-07-21,58410,73200
2022-07-22,57460,72000
2022-07-25,58170,72900
2022-07-26,57460,72000
2022-07-27,57620,72200
2022-07-28,57930,72600
2022-07-29,58090,72800
2022-08-01,58650,73500
2022-08-02,58570,73400
2022-08-03,58570,73400
2022-08-04,58490,73300
2022-08-05,57930,72600
2022-08-08,57620,72200
2022-08-09,57460,72000
2022-08-10,57850,72500
2022-08-11,56740,71100
2022-08-12,57380,71900
2022-08-15,57060,71500
2022-08-16,57300,71800
2022-08-17,57930,72600
2022-08-18,58570,73400
2022-08-19,59130,74100
2022-08-22,58810,73700
2022-08-23,60490,75800
2022-08-24,62000,77700
2022-08-25,62160,77900
2022-08-26,61370,76900
2022-08-29,60250,75500
2022-08-30,60650,76000
2022-08-31,60250,75500
2022-09-05,61840,77500
2022-09-06,62080,77800
2022-09-07,60410,75700
2022-09-08,60410,75700
2022-09-09,60570,75900
2022-09-12,60090,75300
2022-09-13,60410,75700
2022-09-14,59050,74000
2022-09-15,59450,74500
2022-09-16,60650,76000
2022-09-19,60010,75200
2022-09-20,60490,75800
2022-09-21,61370,76900
2022-09-22,61370,76900
2022-09-23,61210,76700
2022-09-26,59050,74000
2022-09-27,57770,72400
2022-09-28,57300,71800
2022-09-29,58010,72700
2022-09-30,57700,72300
2022-10-03,56660,71000
2022-10-04,56580,70900
2022-10-05,57140,71600
2022-10-06,55860,70000
2022-10-07,55700,69800
2022-10-10,56260,70500
2022-10-11,56020,70200
2022-10-12,57140,71600
2022-10-13,58890,73800
2022-10-14,59050,74000
2022-10-17,59130,74100
2022-10-18,61050,76500
2022-10-19,61130,76600
2022-10-20,61840,77500
2022-10-21,61450,77000
2022-10-24,59050,74000
2022-10-25,60650,76000
2022-10-26,60650,76000
2022-10-27,62640,78500
2022-10-28,62240,78000
2022-10-31,62640,78500
2022-11-01,64000,80200
2022-11-02,62480,78300
2022-11-03,63840,80000
2022-11-04,63840,80000
2022-11-07,65600,82200
2022-11-08,65750,82400
2022-11-09,64560,80900
2022-11-10,62560,78400
2022-11-11,62560,78400
2022-11-14,63040,79000
2022-11-15,61450,77000
2022-11-16,59450,74500
2022-11-17,60650,76000
2022-11-18,61450,77000
2022-11-21,62160,77900
2022-11-22,63440,79500
2022-11-23,63360,79400
2022-11-24,64800,81200
2022-11-25,65600,82200
2022-11-28,65200,81700
2022-11-29,66230,83000
2022-11-30,66070,82800
2022-12-01,65750,82400
2022-12-02,67030,84000
2022-12-05,67830,85000
2022-12-06,65830,82500
2022-12-07,65830,82500
2022-12-08,64640,81000
2022-12-09,63840,80000
2022-12-12,62640,78500
2022-12-13,62240,78000
2022-12-14,61840,77500
2022-12-15,61920,77600
2022-12-16,62240,78000
2022-12-19,61450,77000
2022-12-20,62800,78700
2022-12-21,63600,79700
2022-12-22,62550,77000
2022-12-23,61900,76200
2022-12-26,61730,76000
2022-12-27,62220,76600
2022-12-28,62550,77000
2022-12-29,62550,77000
2022-12-30,61820,76100
2023-01-03,63760,78500
2023-01-04,64410,79300
2023-01-05,65960,81200
2023-01-06,64820,79800
2023-01-09,65550,80700
2023-01-10,65800,81000
2023-01-11,64500,79400
2023-01-12,64980,80000
2023-01-13,65470,80600
2023-01-16,64500,79400
2023-01-17,65710,80900
2023-01-18,66040,81300
2023-01-19,66040,81300
2023-01-27,64980,80000
2023-01-30,64500,79400
2023-01-31,62630,77100
2023-02-01,62710,77200
2023-02-02,62300,76700
2023-02-03,61730,76000
2023-02-06,62870,77400
2023-02-07,61820,76100
2023-02-08,61570,75800
2023-02-09,60920,75000
2023-02-10,61650,75900
2023-02-13,61170,75300
2023-02-14,60680,74700
2023-02-15,61730,76000
2023-02-16,62140,76500
2023-02-17,61730,76000
2023-02-20,62950,77500
2023-02-21,62710,77200
2023-02-22,61330,75500
2023-02-23,61490,75700
2023-02-24,60680,74700
2023-02-27,61080,75200
2023-02-28,61330,75500
2023-03-01,62470,76900
2023-03-02,62140,76500
2023-03-03,61730,76000
2023-03-06,60920,75000
2023-03-07,61570,75800
2023-03-08,62140,76500
2023-03-09,62140,76500
2023-03-10,62470,76900
2023-03-13,62470,76900
2023-03-14,62220,76600
2023-03-15,62630,77100
2023-03-16,62060,76400
2023-03-17,60520,74500
2023-03-20,60350,74300
2023-03-21,60430,74400
2023-03-22,60430,74400
2023-03-23,61170,75300
2023-03-24,60920,75000
2023-03-27,60600,74600
2023-03-28,60430,74400
2023-03-29,60840,74900
2023-03-30,60920,75000
2023-03-31,60430,74400
2023-04-03,60430,74400
2023-04-04,60270,74200
2023-04-05,60520,74500
2023-04-06,60350,74300
2023-04-07,60680,74700
2023-04-10,60430,74400
2023-04-11,60430,74400
2023-04-12,60350,74300
2023-04-13,59700,73500
2023-04-14,59130,72800
2023-04-17,58240,71700
2023-04-18,59300,73000
2023-04-19,58490,72000
2023-04-20,58400,71900
2023-04-21,57590,70900
2023-04-24,57270,70500
2023-04-25,56780,69900
2023-04-26,57670,71000
2023-04-27,56450,69500
2023-04-28,56860,70000
2023-05-04,55720,68600
2023-05-05,55890,68800
2023-05-08,57190,70400
2023-05-09,57430,70700
2023-05-10,57270,70500
2023-05-11,56860,70000
2023-05-12,56540,69600
2023-05-15,56050,69000
2023-05-16,56620,69700
2023-05-17,56050,69000
2023-05-18,56210,69200
2023-05-19,55720,68600
2023-05-22,55400,68200
2023-05-23,54420,67000
2023-05-24,53860,66300
2023-05-25,54500,67100
2023-05-26,54500,67100
2023-05-29,54500,67100
2023-05-30,54020,66500
2023-05-31,53690,66100
2023-06-01,53690,66100
2023-06-02,53530,65900
2023-06-05,54020,66500
2023-06-06,53940,66400
2023-06-07,53770,66200
2023-06-08,53210,65500
2023-06-09,53450,65800
2023-06-12,55150,67900
2023-06-13,54910,67600
2023-06-14,54500,67100
2023-06-15,53860,66300
2023-06-16,53690,66100
2023-06-19,53450,65800
2023-06-20,53210,65500
2023-06-21,53860,66300
2023-06-22,54340,66900
2023-06-23,56130,69100
2023-06-26,57350,70600
2023-06-27,57270,70500
2023-06-28,57350,70600
2023-06-29,58400,71900
2023-06-30,57670,71000
2023-07-03,57430,70700
2023-07-04,57350,70600
2023-07-05,56700,69800
2023-07-06,57270,70500
2023-07-07,57590,70900
2023-07-10,58570,72100
2023-07-11,59130,72800
2023-07-12,59700,73500
2023-07-13,59380,73100
2023-07-14,59540,73300
2023-07-17,58730,72300
2023-07-18,58810,72400
2023-07-19,58970,72600
2023-07-20,58970,72600
2023-07-21,59700,73500
2023-07-24,59780,73600
2023-07-25,60520,74500
2023-07-26,60920,75000
2023-07-27,61490,75700
2023-07-28,62870,77400
2023-07-31,63360,78000
2023-08-01,61730,76000
2023-08-02,61820,76100
2023-08-03,60930,72600
2023-08-04,61270,73000
2023-08-07,62860,74900
2023-08-08,62530,74500
2023-08-09,61350,73100
2023-08-10,61350,73100
2023-08-11,61690,73500
2023-08-14,61610,73400
2023-08-15,61100,72800
2023-08-16,61350,73100
2023-08-17,61770,73600
2023-08-18,61520,73300
2023-08-21,61190,72900
2023-08-22,61020,72700
2023-08-23,61690,73500
2023-08-24,62700,74700
2023-08-25,62860,74900
2023-08-28,65380,77900
2023-08-29,64960,77400
2023-08-30,65300,77800
2023-08-31,65300,77800
2023-09-05,67230,80100
2023-09-06,67150,80000
2023-09-07,66730,79500
2023-09-08,67150,80000
2023-09-11,66730,79500
2023-09-12,67400,80300
2023-09-13,66390,79100
2023-09-14,66640,79400
2023-09-15,66730,79500
2023-09-18,66220,78900
2023-09-19,66220,78900
2023-09-20,65720,78300
2023-09-21,65470,78000
2023-09-22,65050,77500
2023-09-25,65130,77600
2023-09-26,63870,76100
2023-09-27,64290,76600
2023-09-28,62780,74800
2023-09-29,62280,74200
2023-10-02,63450,75600
2023-10-03,62110,74000
2023-10-04,62450,74400
2023-10-05,61020,72700
2023-10-06,62280,74200
2023-10-09,61860,73700
2023-10-10,62450,74400
2023-10-11,62450,74400
2023-10-12,63370,75500
2023-10-13,63620,75800
2023-10-16,63120,75200
2023-10-17,62780,74800
2023-10-18,62030,73900
2023-10-19,59930,71400
2023-10-20,60680,72300
2023-10-23,58920,70200
2023-10-24,59000,70300
2023-10-25,57910,69000
2023-10-26,56230,67000
2023-10-27,57070,68000
2023-10-30,56740,67600
2023-10-31,57070,68000
2023-11-01,59090,70400
2023-11-02,59510,70900
2023-11-03,58750,70000
2023-11-06,59590,71000
2023-11-07,59420,70800
2023-11-08,59930,71400
2023-11-09,59340,70700
2023-11-10,58420,69600
2023-11-13,57660,68700
2023-11-14,57830,68900
2023-11-15,59340,70700
2023-11-16,59000,70300
2023-11-17,58750,70000
2023-11-20,58160,69300
2023-11-21,58330,69500
2023-11-22,58250,69400
2023-11-23,57660,68700
2023-11-24,57330,68300
2023-11-27,57160,68100
2023-11-28,57490,68500
2023-11-29,57410,68400
2023-11-30,56570,67400
2023-12-01,57410,68400
2023-12-04,57750,68800
2023-12-05,57160,68100
2023-12-06,57490,68500
2023-12-07,57410,68400
2023-12-08,57910,69000
2023-12-11,58750,70000
2023-12-12,58250,69400
2023-12-13,57240,68200
2023-12-14,57410,68400
2023-12-15,57160,68100
2023-12-18,56230,67000
2023-12-19,56230,67000
2023-12-20,57160,68100
2023-12-21,56910,67800
2023-12-22,56740,67600
2023-12-25,56990,67900
2023-12-26,57070,68000
2023-12-27,57080,67500
2023-12-28,57920,68500
2023-12-29,57160,67600
2024-01-02,57750,68300
2024-01-03,58340,69000
2024-01-04,58340,69000
2024-01-05,58180,68800
2024-01-08,57670,68200
2024-01-09,57580,68100
2024-01-10,57080,67500
2024-01-11,57410,67900
2024-01-12,56820,67200
2024-01-15,56650,67000
2024-01-16,56990,67400
2024-01-17,56740,67100
2024-01-18,56990,67400
2024-01-19,57500,68000
2024-01-22,57750,68300
2024-01-23,57250,67700
2024-01-24,56910,67300
2024-01-25,56570,66900
2024-01-26,56650,67000
2024-01-29,56650,67000
2024-01-30,56570,66900
2024-01-31,56650,67000
2024-02-01,57080,67500
2024-02-02,56990,67400
2024-02-05,57500,68000
2024-02-06,57160,67600
2024-02-07,57160,67600
2024-02-15,57160,67600
2024-02-16,59190,70000
2024-02-19,60800,71900
2024-02-20,60460,71500
2024-02-21,60290,71300
2024-02-22,60540,71600
2024-02-23,60040,71000
2024-02-26,60040,71000
2024-02-27,60880,72000
2024-02-28,61050,72200
2024-02-29,60880,72000
2024-03-01,60460,71500
2024-03-04,60880,72000
2024-03-05,61730,73000
2024-03-06,60970,72100
2024-03-07,60880,72000
2024-03-08,59190,70000
2024-03-11,59440,70300
2024-03-12,59190,70000
2024-03-13,59870,70800
2024-03-14,59610,70500
2024-03-15,58930,68800
2024-03-18,58160,67900
2024-03-19,58070,67800
2024-03-20,58240,68000
2024-03-21,58590,68400
2024-03-22,58070,67800
2024-03-25,57650,67300
2024-03-26,57990,67700
2024-03-27,57990,67700
2024-03-28,57990,67700
2024-03-29,57900,67600
2024-04-01,57390,67000
2024-04-02,57650,67300
2024-04-03,57130,66700
2024-04-04,58420,68200
2024-04-05,58160,67900
2024-04-08,57390,67000
2024-04-09,57390,67000
2024-04-10,57220,66800
2024-04-11,57050,66600
2024-04-12,57130,66700
2024-04-15,55590,64900
2024-04-16,54820,64000
2024-04-17,54990,64200
2024-04-19,54990,64200
2024-04-22,54820,64000
2024-04-23,54390,63500
2024-04-24,54820,64000
2024-04-25,55420,64700
2024-04-26,55680,65000
2024-05-02,56020,65400
2024-05-03,56190,65600
2024-05-06,56360,65800
2024-05-07,58240,68000
2024-05-08,58160,67900
2024-05-09,57050,66600
2024-05-10,56960,66500
2024-05-13,56360,65800
2024-05-14,56960,66500
2024-05-15,57390,67000
2024-05-16,57560,67200
2024-05-17,57390,67000
2024-05-20,56870,66400
2024-05-21,56700,66200
2024-05-22,56360,65800
2024-05-23,57390,67000
2024-05-24,56530,66000
2024-05-27,56620,66100
2024-05-28,57220,66800
2024-05-29,56790,66300
2024-05-30,56270,65700
2024-05-31,56020,65400
2024-06-03,56620,66100
2024-06-04,56530,66000
2024-06-05,58670,68500
2024-06-06,57560,67200
2024-06-07,58070,67800
2024-06-10,57560,67200
2024-06-11,56960,66500
2024-06-12,57390,67000
2024-06-13,57300,66900
2024-06-14,56700,66200
2024-06-17,56530,66000
2024-06-18,56450,65900
2024-06-19,55930,65300
2024-06-20,56530,66000
2024-06-21,56530,66000
2024-06-24,56100,65500
2024-06-25,56100,65500
2024-06-26,55850,65200
2024-06-27,55930,65300
2024-06-28,56100,65500
2024-07-01,56530,66000
2024-07-02,56700,66200
2024-07-03,56700,66200
2024-07-04,56870,66400
2024-07-05,57560,67200
2024-07-08,57900,67600
2024-07-09,57820,67500
2024-07-10,57220,66800
2024-07-11,56790,66300
2024-07-12,56790,66300
2024-07-15,56700,66200
2024-07-16,56620,66100
2024-07-17,56270,65700
2024-07-18,56450,65900
2024-07-19,55930,65300
2024-07-22,56020,65400
2024-07-23,56450,65900
2024-07-24,56190,65600
2024-07-25,56190,65600
2024-07-26,56360,65800
2024-07-29,57560,67200
2024-07-30,57990,67700
2024-07-31,61330,71600
2024-08-01,60210,70300
2024-08-02,61240,71500
2024-08-05,59440,69400
2024-08-06,62270,72700
2024-08-07,63210,73800
2024-08-08,62270,72700
2024-08-09,62780,73300
2024-08-12,62530,73000
2024-08-13,63210,73800
2024-08-14,63380,74000
2024-08-15,63210,73800
2024-08-16,63210,73800
2024-08-19,65100,76000
2024-08-20,64750,75600
2024-08-21,64500,75300
2024-08-22,63560,74200
2024-08-23,64150,74900
2024-08-26,62870,73400
2024-08-27,62960,73500
2024-08-28,63300,73900
2024-08-29,62960,73500
2024-08-30,63300,73900
2024-09-04,63640,74300
2024-09-05,63980,74700
2024-09-06,64580,75400
2024-09-09,64070,74800
2024-09-10,64150,74900
2024-09-11,63900,74600
2024-09-12,63980,74700
2024-09-13,62440,72900
2024-09-16,61590,71900
2024-09-17,62870,73400
2024-09-18,62780,73300
2024-09-19,62780,73300
2024-09-20,62270,72700
2024-09-23,62440,72900
2024-09-24,62310,70300
2024-09-25,61690,69600
2024-09-26,62660,70700
2024-09-27,62930,71000
2024-09-30,62130,70100
2024-10-01,62130,70100
2024-10-02,62130,70100
2024-10-03,62310,70300
2024-10-04,60710,68500
2024-10-07,59470,67100
2024-10-08,60450,68200
2024-10-09,60090,67800
2024-10-10,60000,67700
2024-10-11,60000,67700
2024-10-14,59560,67200
2024-10-15,59210,66800
2024-10-16,59830,67500
2024-10-17,59920,67600
2024-10-18,59740,67400
2024-10-21,59650,67300
2024-10-22,59650,67300
2024-10-23,59650,67300
2024-10-24,60620,68400
2024-10-25,60270,68000
2024-10-28,59560,67200
2024-10-29,59380,67000
2024-10-30,58760,66300
2024-10-31,58590,66100
2024-11-01,58320,65800
2024-11-04,58140,65600
2024-11-05,58050,65500
2024-11-06,58320,65800
2024-11-07,58410,65900
2024-11-08,58230,65700
2024-11-11,57790,65200
2024-11-12,57520,64900
2024-11-13,57610,65000
2024-11-14,57610,65000
2024-11-15,56460,63700
2024-11-18,56020,63200
2024-11-19,55840,63000
2024-11-20,56370,63600
2024-11-21,56640,63900
2024-11-22,56990,64300
2024-11-25,56990,64300
2024-11-26,57430,64800
2024-11-27,57260,64600
2024-11-28,57170,64500
2024-11-29,57260,64600
2024-12-02,57170,64500
2024-12-03,56640,63900
2024-12-04,56100,63300
2024-12-05,56990,64300
2024-12-06,56810,64100
2024-12-09,56810,64100
2024-12-10,56640,63900
2024-12-11,56900,64200
2024-12-12,57260,64600
2024-12-13,56900,64200
2024-12-16,57610,65000
2024-12-17,57260,64600
2024-12-18,57340,64700
2024-12-19,56640,63900
2024-12-20,57610,65000
2024-12-23,57080,64400
2024-12-24,56990,64300
2024-12-25,57080,64400
2024-12-26,56990,63800
2024-12-27,56990,63800
2024-12-30,56550,63300
2024-12-31,56630,63400
2025-01-02,56370,63100
2025-01-03,56280,63000
2025-01-06,55830,62500
2025-01-07,55120,61700
2025-01-08,55120,61700
2025-01-09,55210,61800
2025-01-10,54760,61300
2025-01-13,54850,61400
2025-01-14,55030,61600
2025-01-15,55120,61700
2025-01-16,55290,61900
2025-01-17,55380,62000
2025-01-20,55290,61900
2025-01-21,55210,61800
2025-01-22,55030,61600
2025-01-23,55380,62000
2025-01-24,55560,62200
2025-02-04,53780,60200
2025-02-05,54940,61500
2025-02-06,54220,60700
2025-02-07,54310,60800
2025-02-10,54130,60600
2025-02-11,53950,60400
2025-02-12,54490,61000
2025-02-13,54220,60700
2025-02-14,53870,60300
2025-02-17,53600,60000
2025-02-18,53870,60300
2025-02-19,54310,60800
2025-02-20,54220,60700
2025-02-21,54850,61400
2025-02-24,56990,63800
2025-02-25,56190,62900
2025-02-26,56370,63100
2025-02-27,55560,62200
2025-02-28,55560,62200
2025-03-03,56460,63200
2025-03-04,56720,63500
2025-03-05,56010,62700
2025-03-06,56190,62900
2025-03-07,56010,62700
2025-03-10,55830,62500
2025-03-11,55740,62400
2025-03-12,55560,62200
2025-03-13,55380,62000
2025-03-14,55470,62100
2025-03-17,56280,63000
2025-03-18,55830,62500
2025-03-19,55650,62300
2025-03-20,55210,61800
2025-03-21,54760,61300
2025-03-24,54850,61400
2025-03-25,54850,61400
2025-03-26,54670,61200
2025-03-27,54580,61100
2025-03-28,53870,60300
2025-03-31,54130,60600
2025-04-01,54310,60800
2025-04-02,54040,60500
2025-04-03,50470,56500
2025-04-04,52260,58500
2025-04-08,48680,54500
2025-04-09,46450,52000
2025-04-10,49670,55600
2025-04-11,51360,57500
2025-04-14,50830,56900
2025-04-15,50290,56300
2025-04-16,50020,56000
2025-04-17,50020,56000
2025-04-18,50560,56600
2025-04-21,50650,56700
2025-04-22,50020,56000
2025-04-23,50380,56400
2025-04-24,50290,56300
2025-04-25,52080,58300
2025-04-28,51360,57500
2025-04-29,51450,57600
2025-05-05,50830,56900
2025-05-06,50830,56900
2025-05-07,51100,57200
2025-05-08,51270,57400
2025-05-09,51540,57700
2025-05-12,52350,58600
2025-05-13,52260,58500
2025-05-14,51980,56200
2025-05-15,52540,56800
2025-05-16,51980,56200
2025-05-19,51800,56000
2025-05-20,51700,55900
2025-05-21,51240,55400
2025-05-22,50870,55000
2025-05-23,51150,55300
2025-05-26,51520,55700
2025-05-27,51240,55400
2025-05-28,51060,55200
2025-05-29,50960,55100
2025-05-30,50780,54900
2025-06-02,50500,54600
2025-06-03,51330,55500
2025-06-04,52630,56900
2025-06-05,52070,56300
2025-06-06,51150,55300
2025-06-09,51150,55300
2025-06-10,51150,55300
2025-06-11,51060,55200
2025-06-12,51700,55900
2025-06-13,51330,55500
2025-06-16,52070,56300
2025-06-17,51980,56200
2025-06-18,51800,56000
2025-06-19,51890,56100
2025-06-20,52350,56600
2025-06-23,51700,55900
2025-06-24,52170,56400
2025-06-25,52540,56800
2025-06-26,52170,56400
2025-06-27,53460,57800
2025-06-30,53650,58000
2025-07-01,53180,57500
2025-07-02,53370,57700
2025-07-03,53180,57500
2025-07-04,53460,57800
2025-07-07,53550,57900
2025-07-08,54570,59000
2025-07-09,55680,60200
2025-07-10,55220,59700
2025-07-11,55310,59800
2025-07-14,55770,60300
2025-07-15,55590,60100
2025-07-16,55590,60100
2025-07-17,55590,60100
2025-07-18,55680,60200
2025-07-21,55500,60000
2025-07-22,55680,60200
2025-07-23,57070,61700
2025-07-24,58920,63700
2025-07-25,58460,63200
2025-07-28,58550,63300
2025-07-29,58460,63200
2025-07-30,58180,62900
2025-07-31,56610,61200
2025-08-01,55500,60000
2025-08-04,55870,60400
2025-08-05,55590,60100
2025-08-06,56700,61300
2025-08-07,56330,60900
2025-08-08,56240,60800
2025-08-11,56880,61500
2025-08-12,57160,61800
2025-08-13,56510,61100
2025-08-15,56420,61000
2025-08-18,56140,60700
2025-08-19,55960,60500
2025-08-20,55500,60000
2025-08-21,55590,60100
2025-08-22,54290,58700
2025-08-25,54290,58700
2025-08-26,55220,59700
2025-08-27,55960,60500
2025-08-28,56420,61000
2025-08-29,55770,60300
2025-09-03,56880,61500
2025-09-04,57160,61800
2025-09-05,56330,60900
2025-09-08,56050,60600
2025-09-09,55770,60300
2025-09-10,55310,59800
2025-09-11,56610,61200
2025-09-12,58460,63200
2025-09-15,58360,63100
2025-09-16,59840,64700
2025-09-17,60210,65100
2025-09-18,58820,63600
2025-09-19,57340,62000
2025-09-22,56790,61400
2025-09-23,56980,61600
2025-09-24,57340,62000
2025-09-25,56880,61500
2025-09-26,56510,61100
2025-09-29,55770,60300
2025-09-30,55500,60000
2025-10-01,57440,62100
2025-10-02,56610,61200
2025-10-03,56700,61300
2025-10-06,57720,62400
2025-10-07,56790,61400
2025-10-08,58640,63400
2025-10-09,58180,62900
2025-10-10,57720,62400
2025-10-13,59190,64000
2025-10-14,58730,63500
2025-10-15,58820,63600
2025-10-16,59260,61200
2025-10-17,56940,58800
2025-10-20,53260,55000
2025-10-21,54710,56500
2025-10-22,54520,56300
2025-10-23,54810,56600
2025-10-24,56260,58100
2025-10-27,55190,57000
2025-10-28,55580,57400
2025-10-29,55680,57500
2025-10-30,55290,57100
2025-10-31,55770,57600
2025-11-03,55480,57300
2025-11-04,55480,57300
2025-11-05,56160,58000
2025-11-06,56160,58000
2025-11-07,55770,57600
2025-11-10,55190,57000
2025-11-11,57030,58900
2025-11-12,57900,59800
2025-11-13,59840,61800
2025-11-14,60810,62800
2025-11-17,60130,62100
2025-11-18,58780,60700
2025-11-19,58970,60900
2025-11-20,58780,60700
2025-11-21,58000,59900
2025-11-24,61000,63000
2025-11-25,59940,61900
2025-11-26,60810,62800
2025-11-27,60030,62000
2025-11-28,61970,64000
2025-12-01,62840,64900
2025-12-02,62940,65000
2025-12-03,62550,64600
2025-12-04,61390,63400
2025-12-05,61390,63400
2025-12-08,61490,63500
2025-12-09,60520,62500
2025-12-10,61100,63100
2025-12-11,59550,61500
2025-12-12,58290,60200
2025-12-15,60030,62000
2025-12-16,62160,64200
2025-12-17,60910,62900
2025-12-18,61870,63900
2025-12-19,61970,64000
2025-12-22,61200,63200
2025-12-23,60620,62600
2025-12-24,59550,61500
2025-12-25,59360,61300
2025-12-26,59550,61500
2025-12-29,60130,62100
2025-12-30,59840,61800
2025-12-31,59260,61200
2026-01-05,58390,60300
2026-01-06,58870,60800
2026-01-07,58970,60900
2026-01-08,60230,62200
2026-01-09,59070,61000
2026-01-12,60710,62700
2026-01-13,61290,63300
2026-01-14,65550,67700
2026-01-15,68750,71000
2026-01-16,67390,69600
2026-01-19,68360,70600
2026-01-20,71070,73400
2026-01-21,68070,70300
2026-01-22,68650,70900
2026-01-23,65070,67200
2026-01-26,66720,68900
2026-01-27,65550,67700
2026-01-28,65550,67700
2026-02-02,70300,72600
2026-02-03,69330,71600
2026-02-04,69720,72000
2026-02-05,66910,69100
2026-02-06,66910,69100
2026-02-09,67390,69600
2026-02-10,66230,68400
2026-02-11,66910,69100
2026-02-12,66810,69000
2026-02-13,67300,69500
2026-02-23,68360,70600
2026-02-24,67970,70200
2026-02-25,70010,72300
2026-02-26,68360,70600
2026-02-27,66040,68200
2026-03-02,64490,66600
2026-03-03,61390,63400
2026-03-04,62840,64900
2026-03-05,61200,63200
2026-03-06,60420,62400
2026-03-09,56260,58100
2026-03-10,60130,62100
2026-03-11,61000,63000
2026-03-12,59650,61600
2026-03-13,61100,63100
2026-03-16,59840,61800
2026-03-17,59550,61500
2026-03-18,59740,61700
2026-03-19,59070,61000
2026-03-20,58100,60000
2026-03-23,58870,60800
2026-03-24,59260,61200
2026-03-25,60130,62100
2026-03-26,59070,61000
2026-03-27,59550,61500
2026-03-30,58680,60600
2026-03-31,58580,60500
2026-04-01,59360,61300
2026-04-02,58870,60800
2026-04-03,58100,60000
2026-04-06,58970,60900
2026-04-07,59070,61000
2026-04-08,60620,62600
2026-04-09,59840,61800
2026-04-10,60810,62800
2026-04-13,60810,62800
2026-04-14,60030,62000
2026-04-15,59360,61300
2026-04-16,59160,61100
2026-04-17,59360,61300
2026-04-20,59550,61500
2026-04-21,59650,61600
2026-04-22,59840,61800
2026-04-23,60030,62000
2026-04-24,59450,61400
2026-04-28,59260,61200
2026-04-29,58970,60900
2026-05-04,58970,60900
2026-05-05,59160,61100
2026-05-06,59550,61500
2026-05-07,59550,61500
2026-05-08,58970,60900
2026-05-11,58680,60600
2026-05-12,58190,60100
2026-05-13,57420,59300
2026-05-14,58190,60100
2026-05-15,57900,59800
2026-05-18,58580,60500
2026-05-19,57900,59800
2026-05-20,57230,59100
2026-05-21,57130,59000
2026-05-22,57610,59500
2026-05-25,57230,59100
2026-05-26,57230,59100
2026-05-27,56940,58800
2026-05-28,57130,59000
2026-05-29,57320,59200
2026-06-01,57230,59100
2026-06-02,56740,58600
2026-06-03,56450,58300
2026-06-04,56740,58600
2026-06-05,56550,58400
2026-06-08,56160,58000
2026-06-09,56450,58300
2026-06-10,57030,58900
2026-06-11,57320,59200
2026-06-12,57130,59000
2026-06-15,57810,59700
2026-06-16,57230,59100
2026-06-17,57130,59000
2026-06-18,57320,59200
2026-06-19,57130,59000
2026-06-22,56740,58600
2026-06-23,56550,58400
2026-06-24,56450,58300
2026-06-25,56450,58300
2026-06-26,56300,56300
2026-06-29,56100,56100
2026-06-30,54800,54800
2026-07-01,55200,55200
2026-07-02,55500,55500
2026-07-03,54900,54900
2026-07-06,55300,55300
2026-07-07,55100,55100
2026-07-08,55700,55700
2026-07-09,55700,55700
2026-07-10,56600,56600
2026-07-13,55400,55400
2026-07-14,56000,56000
2026-07-15,56200,56200
2026-07-16,56200,56200
2026-07-17,59000,59000
2026-07-20,58500,58500
2026-07-21,58400,58400
2026-07-22,59100,59100
2026-07-23,57800,57800
2026-07-24,58900,58900
2026-07-27,57900,57900
2026-07-28,59600,59600
2026-07-29,60000,60000
2026-07-30,61200,61200
2026-07-31,60900,60900
2026-08-03,60300,60300
2026-08-04,59500,59500
2026-08-05,58600,58600
2026-08-06,59000,59000
2026-08-07,62000,62000
2026-08-10,62100,62100
2026-08-11,62000,62000
2026-08-12,61800,61800
2026-08-13,61600,61600
2026-08-14,61600,61600
2026-08-17,62200,62200
2026-08-18,62100,62100
2026-08-19,63100,63100
2026-08-20,64000,64000
2026-08-21,63800,63800
2026-08-24,63200,63200
2026-08-25,62600,62600
2026-08-26,62800,62800
2026-08-27,62500,62500
2026-08-28,62300,62300
2026-09-03,61200,61200
2026-09-04,61900,61900
2026-09-07,60700,60700
2026-09-08,61000,61000
2026-09-09,61300,61300
